{
  "basic": {
    "file_name": "UntilJapan - NeverForget.wav",
    "file_path": "/Volumes/POLLY/tracks/UntilJapan/UntilJapan - NeverForget.wav",
    "sample_rate": 48000,
    "duration_seconds": 107.46195833333333,
    "bpm": 140.0,
    "key": "C Minor",
    "key_note": "C",
    "key_mode": "Minor",
    "key_confidence": 43.930391866370414
  },
  "loudness": {
    "peak_db": 0.00010561410865473841,
    "rms_db": -7.892705126237132,
    "dynamic_range_db": 7.892810740345787,
    "clipping_detected": true,
    "clipping_samples": 1101,
    "clipping_percent": 0.021344762700909275,
    "headroom_db": -0.00010561410865473841
  },
  "frequency": {
    "band_percentages": {
      "Sub": 16.24987690450133,
      "Bass / 808": 15.294950410233007,
      "Mud": 14.233765087492237,
      "Low Mids": 13.910972938432858,
      "Mids / Melody": 14.06228196832869,
      "Harsh Zone": 13.607743288027931,
      "Highs": 13.742798121240508,
      "Air": 12.50535456800956,
      "Vocal Range": 14.852982101286994
    },
    "brightness_centroid_hz": 3025.460395780791,
    "brightness_label": "Medium",
    "spectral_rolloff_hz": 6762.9807692307695,
    "dominant_band": "Sub",
    "low_end_total_percent": 31.544827314734338,
    "mid_total_percent": 42.207019994253784,
    "top_total_percent": 26.24815268925007
  },
  "fingerprint": {
    "mfcc_1": -103.3318862915039,
    "mfcc_2": -23.64216423034668,
    "mfcc_3": 4.700420379638672,
    "mfcc_4": 8.704391479492188,
    "mfcc_5": 4.844142436981201,
    "mfcc_6": 2.7793967723846436,
    "mfcc_7": 1.5452390909194946,
    "mfcc_8": 11.753142356872559,
    "mfcc_9": -5.218253135681152,
    "mfcc_10": 11.562891960144043,
    "mfcc_11": -0.9058206677436829,
    "mfcc_12": 6.222147464752197,
    "mfcc_13": -0.8913122415542603,
    "chroma_1": 0.6989299654960632,
    "chroma_2": 0.5767300724983215,
    "chroma_3": 0.5988714098930359,
    "chroma_4": 0.6675971150398254,
    "chroma_5": 0.47426697611808777,
    "chroma_6": 0.48837313055992126,
    "chroma_7": 0.49892929196357727,
    "chroma_8": 0.6083469390869141,
    "chroma_9": 0.6398783922195435,
    "chroma_10": 0.5361793041229248,
    "chroma_11": 0.47210896015167236,
    "chroma_12": 0.3666899800300598,
    "spectral_contrast": 21.349313663269022,
    "spectral_flatness": 0.016843128949403763,
    "zero_crossing_rate": 0.07014435994545258,
    "embed_mfcc_1_mean": -103.3318862915039,
    "embed_mfcc_1_std": 52.71504211425781,
    "embed_mfcc_2_mean": -23.64216423034668,
    "embed_mfcc_2_std": 31.026466369628906,
    "embed_mfcc_3_mean": 4.700420379638672,
    "embed_mfcc_3_std": 23.66659927368164,
    "embed_mfcc_4_mean": 8.704391479492188,
    "embed_mfcc_4_std": 15.372787475585938,
    "embed_mfcc_5_mean": 4.844142436981201,
    "embed_mfcc_5_std": 12.079180717468262,
    "embed_mfcc_6_mean": 2.7793967723846436,
    "embed_mfcc_6_std": 11.734458923339844,
    "embed_mfcc_7_mean": 1.5452390909194946,
    "embed_mfcc_7_std": 8.76334285736084,
    "embed_mfcc_8_mean": 11.753142356872559,
    "embed_mfcc_8_std": 8.997695922851562,
    "embed_mfcc_9_mean": -5.218253135681152,
    "embed_mfcc_9_std": 9.160022735595703,
    "embed_mfcc_10_mean": 11.562891960144043,
    "embed_mfcc_10_std": 8.505607604980469,
    "embed_mfcc_11_mean": -0.9058206677436829,
    "embed_mfcc_11_std": 8.581063270568848,
    "embed_mfcc_12_mean": 6.222147464752197,
    "embed_mfcc_12_std": 7.725505352020264,
    "embed_mfcc_13_mean": -0.8913122415542603,
    "embed_mfcc_13_std": 7.403014659881592,
    "embed_mfcc_14_mean": 3.5571541786193848,
    "embed_mfcc_14_std": 6.8709869384765625,
    "embed_mfcc_15_mean": 1.2458170652389526,
    "embed_mfcc_15_std": 6.648160457611084,
    "embed_mfcc_16_mean": 7.600672245025635,
    "embed_mfcc_16_std": 6.54007625579834,
    "embed_mfcc_17_mean": 4.093770503997803,
    "embed_mfcc_17_std": 6.383481025695801,
    "embed_mfcc_18_mean": 8.40050983428955,
    "embed_mfcc_18_std": 6.397403717041016,
    "embed_mfcc_19_mean": 2.6611177921295166,
    "embed_mfcc_19_std": 6.762757778167725,
    "embed_mfcc_20_mean": 4.045717716217041,
    "embed_mfcc_20_std": 7.245548725128174,
    "embed_chroma_1_mean": 0.6989299654960632,
    "embed_chroma_1_std": 0.18639004230499268,
    "embed_chroma_2_mean": 0.5767300724983215,
    "embed_chroma_2_std": 0.1908896118402481,
    "embed_chroma_3_mean": 0.5988714098930359,
    "embed_chroma_3_std": 0.21531470119953156,
    "embed_chroma_4_mean": 0.6675971150398254,
    "embed_chroma_4_std": 0.2593381404876709,
    "embed_chroma_5_mean": 0.47426697611808777,
    "embed_chroma_5_std": 0.16676290333271027,
    "embed_chroma_6_mean": 0.48837313055992126,
    "embed_chroma_6_std": 0.16792617738246918,
    "embed_chroma_7_mean": 0.49892929196357727,
    "embed_chroma_7_std": 0.21378318965435028,
    "embed_chroma_8_mean": 0.6083469390869141,
    "embed_chroma_8_std": 0.24238015711307526,
    "embed_chroma_9_mean": 0.6398783922195435,
    "embed_chroma_9_std": 0.2583783268928528,
    "embed_chroma_10_mean": 0.5361793041229248,
    "embed_chroma_10_std": 0.22780601680278778,
    "embed_chroma_11_mean": 0.47210896015167236,
    "embed_chroma_11_std": 0.1989404857158661,
    "embed_chroma_12_mean": 0.3666899800300598,
    "embed_chroma_12_std": 0.15631279349327087,
    "embed_contrast_1_mean": 18.588703155517578,
    "embed_contrast_1_std": 4.954220771789551,
    "embed_contrast_2_mean": 14.207685470581055,
    "embed_contrast_2_std": 4.111052989959717,
    "embed_contrast_3_mean": 17.819021224975586,
    "embed_contrast_3_std": 3.8826122283935547,
    "embed_contrast_4_mean": 17.155797958374023,
    "embed_contrast_4_std": 3.431915521621704,
    "embed_contrast_5_mean": 16.502119064331055,
    "embed_contrast_5_std": 2.836136817932129,
    "embed_contrast_6_mean": 16.965269088745117,
    "embed_contrast_6_std": 2.8859200477600098,
    "embed_contrast_7_mean": 48.20659637451172,
    "embed_contrast_7_std": 2.6532087326049805,
    "embed_chroma_entropy": 2.470554828643799,
    "embed_centroid_mean": 2543.68784129658,
    "embed_centroid_std": 929.3174099867866,
    "embed_rolloff_mean": 5927.80612987585,
    "embed_rolloff_std": 2010.9759977582723,
    "embed_flatness_mean": 0.016843128949403763,
    "embed_flatness_std": 0.018687793985009193,
    "embed_zcr_mean": 0.07014435994545258,
    "embed_zcr_std": 0.03700679184993376,
    "embed_rms_mean": 0.35493385791778564,
    "embed_rms_std": 0.049384091049432755,
    "embed_onset_mean": 1.7159481048583984,
    "embed_onset_std": 1.6298741102218628,
    "fingerprint_version": 2.0,
    "fingerprint_duration_seconds": 107.4619954648526,
    "embed_mfcc_delta_mean": -0.0024143431801348925,
    "embed_mfcc_delta_std": 2.8622748851776123,
    "embed_chroma_delta_mean": -3.338949318276718e-05,
    "embed_chroma_delta_std": 0.02711634896695614,
    "embed_onset_peak": 14.371794700622559,
    "embed_onset_p95": 4.921813488006592,
    "embed_rms_p10": 0.29506298899650574,
    "embed_rms_p50": 0.36020374298095703,
    "embed_rms_p90": 0.40873801708221436,
    "embedding_nonzero_count": 100.0
  },
  "rhythm": {
    "onset_count": 560,
    "onset_density": 5.211146425072129,
    "drum_activity": "High",
    "estimated_bars": 63,
    "seconds_per_bar": 1.7142857142857142
  },
  "sections": [
    {
      "name": "Intro",
      "start": 0.0,
      "end": 16.0,
      "avg_energy": 0.4133671224117279,
      "energy_label": "Medium"
    },
    {
      "name": "Chorus / Hook",
      "start": 16.0,
      "end": 32.0,
      "avg_energy": 0.40470069646835327,
      "energy_label": "Medium"
    },
    {
      "name": "Verse",
      "start": 32.0,
      "end": 48.0,
      "avg_energy": 0.40769147872924805,
      "energy_label": "Medium"
    },
    {
      "name": "Chorus / Hook",
      "start": 48.0,
      "end": 64.0,
      "avg_energy": 0.41200146079063416,
      "energy_label": "Medium"
    },
    {
      "name": "Verse",
      "start": 64.0,
      "end": 80.0,
      "avg_energy": 0.4007839858531952,