{
  "basic": {
    "file_name": "UntilJapan - WOLF IN SHEEP SKIN.wav",
    "file_path": "/Users/jayden/SoundLens/tracks/UntilJapan/UntilJapan - WOLF IN SHEEP SKIN.wav",
    "sample_rate": 48000,
    "duration_seconds": 171.60966666666667,
    "bpm": 136.09,
    "key": "C# Minor",
    "key_note": "C#",
    "key_mode": "Minor",
    "key_confidence": 47.67554388449216
  },
  "loudness": {
    "peak_db": 0.00024228928418073192,
    "rms_db": -7.8539724943971345,
    "dynamic_range_db": 7.854214783681315,
    "clipping_detected": true,
    "clipping_samples": 30889,
    "clipping_percent": 0.3749910164345831,
    "headroom_db": -0.00024228928418073192
  },
  "frequency": {
    "band_percentages": {
      "Sub": 16.011597018078962,
      "Bass / 808": 15.647666557328971,
      "Mud": 13.951421913627971,
      "Low Mids": 13.940302838791471,
      "Mids / Melody": 14.419979007345079,
      "Harsh Zone": 13.99993124997691,
      "Highs": 13.843223629635535,
      "Air": 12.18580903347642,
      "Vocal Range": 14.891026276444933
    },
    "brightness_centroid_hz": 3440.474224094141,
    "brightness_label": "Medium",
    "spectral_rolloff_hz": 7348.863159612158,
    "dominant_band": "Sub",
    "low_end_total_percent": 31.659263575407934,
    "mid_total_percent": 42.31170375976452,
    "top_total_percent": 26.029032663111956
  },
  "fingerprint": {
    "mfcc_1": -67.46286010742188,
    "mfcc_2": 119.7827377319336,
    "mfcc_3": -26.83180046081543,
    "mfcc_4": 43.93534469604492,
    "mfcc_5": -3.663073778152466,
    "mfcc_6": 28.10071563720703,
    "mfcc_7": 0.5680857300758362,
    "mfcc_8": 14.92341423034668,
    "mfcc_9": -3.383681535720825,
    "mfcc_10": 11.692811965942383,
    "mfcc_11": -1.0839388370513916,
    "mfcc_12": 8.396224021911621,
    "mfcc_13": -1.8184398412704468,
    "chroma_1": 0.3489783704280853,
    "chroma_2": 0.588868260383606,
    "chroma_3": 0.4082275629043579,
    "chroma_4": 0.4819999635219574,
    "chroma_5": 0.5268087387084961,
    "chroma_6": 0.3961864709854126,
    "chroma_7": 0.4237931966781616,
    "chroma_8": 0.314710795879364,
    "chroma_9": 0.42261719703674316,
    "chroma_10": 0.5280536413192749,
    "chroma_11": 0.41122275590896606,
    "chroma_12": 0.3409203290939331,
    "spectral_contrast": 17.878133693882464,
    "spectral_flatness": 0.002659271936863661,
    "zero_crossing_rate": 0.05765469857122879
  },
  "rhythm": {
    "onset_count": 577,
    "onset_density": 3.3622814565613046,
    "drum_activity": "High",
    "estimated_bars": 97,
    "seconds_per_bar": 1.7635388345947534
  },
  "sections": [
    {
      "name": "Intro",
      "start": 0.0,
      "end": 16.0,
      "avg_energy": 0.29189714789390564,
      "energy_label": "Low"
    },
    {
      "name": "Chorus / Hook",
      "start": 16.0,
      "end": 32.0,
      "avg_energy": 0.4461873471736908,
      "energy_label": "Medium"
    },
    {
      "name": "Verse",
      "start": 32.0,
      "end": 48.0,
      "avg_energy": 0.49110305309295654,
      "energy_label": "High"
    },
    {
      "name": "Chorus / Hook",
      "start": 48.0,
      "end": 64.0,
      "avg_energy": 0.4918554127216339,
      "energy_label": "High"
    },
    {
      "name": "Verse",
      "start": 64.0,
      "end": 80.0,
      "avg_energy": 0.4017055928707123,
      "energy_label": "Medium"
    },
    {
      "name": "Verse",
      "start": 80.0,
      "end": 96.0,
      "avg_energy": 0.3880845308303833,
      "energy_label": "Medium"
    },
    {
      "name": "Hook / Drop",
      "start": 96.0,
      "end": 112.0,
      "avg_energy": 0.48943477869033813,
      "energy_label": "High"
    },
    {
      "name": "Bridge / Breakdown",
      "start": 112.0,
      "end": 128.0,
      "avg_energy": 0.34119248390197754,
      "energy_label": "Low"
    },
    {
      "name": "Verse",
      "start": 128.0,
      "end": 144.0,
      "avg_energy": 0.4163392186164856,
      "energy_label": "Medium"
    },
    {
      "name": "Outro",
      "start": 144.0,
      "end": 171.60966666666667,
      "avg_energy": 0.2942003905773163,
      "energy_label": "Low"
    }
  ],
  "scores": {
    "mix": 81,
    "master": 81,
    "arrangement": 81,
    "release": 81,
    "energy": 8.573013752801433,
    "bass_strength": 6.331852715081586,
    "darkness": 3.119051551811718,
    "brightness": 6.880948448188282,
    "drum_bounce": 8.405703641403262,
    "vocal_space": 2.4279594004357445
  },
  "stem_balance": null,
  "top_problems": [
    "Clipping detected: 30889 samples are near/over the limit.",
    "Mud range is elevated around 250-500 Hz.",
    "Intro may be long for short-form listener retention.",
    "Drum movement is very active; the beat could become overcrowded."
  ],
  "suggested_fixes": [
    "Lower the master/output, then use a soft clipper or limiter with safer ceiling.",
    "Gently cut 250-500 Hz on melodies, pads, or the master if the mix feels cloudy.",
    "Mute extra percussion in some sections so the hook/drop feels bigger.",
    "Consider bringing drums, 808, or a strong tag/moment in earlier."
  ],
  "artist_notes": [
    "Autotune/key starting point: C# Minor. Confidence: 47.7%.",
    "Beat energy: 8.6/10. Darkness: 3.1/10.",
    "Vocal space estimate: 2.4/10. Higher means easier space for vocals."
  ],
  "producer_notes": [
    "Low-end presence looks usable for the selected style.",
    "Selected style preset: rage_trap.",
    "Dominant frequency area: Sub.",
    "Drum activity is high at 3.36 hits/sec.",
    "Estimated length: 97 bars at 136 BPM."
  ],
  "master_notes": [
    "Clipping is the first thing to fix before judging the rest of the mix.",
    "Loudness is in a usable range for the selected style.",
    "Peak: 0.00 dB. RMS: -7.85 dB. Dynamic range: 7.85 dB."
  ],
  "next_steps": [
    "Lower the master/output, then use a soft clipper or limiter with safer ceiling.",
    "Gently cut 250-500 Hz on melodies, pads, or the master if the mix feels cloudy.",
    "Mute extra percussion in some sections so the hook/drop feels bigger.",
    "Fix the top 1-2 issues, export again, then re-run SoundLens."
  ]
}