{
  "basic": {
    "file_name": "Southsidesilhouette - it's not over.wav",
    "file_path": "/Users/jayden/SoundLens/tracks/Southsidesilhouette/Southsidesilhouette - it's not over.wav",
    "sample_rate": 48000,
    "duration_seconds": 182.61333333333334,
    "bpm": 140.62,
    "key": "G# Major",
    "key_note": "G#",
    "key_mode": "Major",
    "key_confidence": 45.05571590402151
  },
  "loudness": {
    "peak_db": -9.577861086009851e-05,
    "rms_db": -8.509919335201733,
    "dynamic_range_db": 8.509823556590874,
    "clipping_detected": true,
    "clipping_samples": 1524,
    "clipping_percent": 0.01738646320093458,
    "headroom_db": 9.577861086009851e-05
  },
  "frequency": {
    "band_percentages": {
      "Sub": 16.444507814145418,
      "Bass / 808": 15.229257248819227,
      "Mud": 14.063529127672329,
      "Low Mids": 14.189578108455317,
      "Mids / Melody": 13.96310631009254,
      "Harsh Zone": 13.15439715992861,
      "Highs": 13.330095586801036,
      "Air": 12.779925802273336,
      "Vocal Range": 14.879562054654794
    },
    "brightness_centroid_hz": 3118.946663130275,
    "brightness_label": "Medium",
    "spectral_rolloff_hz": 7103.818501401787,
    "dominant_band": "Sub",
    "low_end_total_percent": 31.673765062964645,
    "mid_total_percent": 42.21621354622019,
    "top_total_percent": 26.110021389074372
  },
  "fingerprint": {
    "mfcc_1": -122.95026397705078,
    "mfcc_2": 136.2674102783203,
    "mfcc_3": -18.361434936523438,
    "mfcc_4": 34.70249938964844,
    "mfcc_5": -15.973424911499023,
    "mfcc_6": 28.729793548583984,
    "mfcc_7": -1.0363223552703857,
    "mfcc_8": 8.856971740722656,
    "mfcc_9": -2.222856044769287,
    "mfcc_10": 9.506429672241211,
    "mfcc_11": -3.6142399311065674,
    "mfcc_12": 8.109771728515625,
    "mfcc_13": 3.8530428409576416,
    "chroma_1": 0.4057466983795166,
    "chroma_2": 0.27751925587654114,
    "chroma_3": 0.2808213233947754,
    "chroma_4": 0.34463050961494446,
    "chroma_5": 0.3435021638870239,
    "chroma_6": 0.46367010474205017,
    "chroma_7": 0.2885971963405609,
    "chroma_8": 0.36765578389167786,
    "chroma_9": 0.5771767497062683,
    "chroma_10": 0.40381887555122375,
    "chroma_11": 0.5113298892974854,
    "chroma_12": 0.3032025396823883,
    "spectral_contrast": 18.975984494255233,
    "spectral_flatness": 0.0011615698458626866,
    "zero_crossing_rate": 0.05015268164826821
  },
  "rhythm": {
    "onset_count": 886,
    "onset_density": 4.851781542056075,
    "drum_activity": "High",
    "estimated_bars": 107,
    "seconds_per_bar": 1.7067273503057887
  },
  "sections": [
    {
      "name": "Intro",
      "start": 0.0,
      "end": 16.0,
      "avg_energy": 0.11179894953966141,
      "energy_label": "Low"
    },
    {
      "name": "Chorus / Hook",
      "start": 16.0,
      "end": 32.0,
      "avg_energy": 0.43367764353752136,
      "energy_label": "High"
    },
    {
      "name": "Verse",
      "start": 32.0,
      "end": 48.0,
      "avg_energy": 0.4640521705150604,
      "energy_label": "High"
    },
    {
      "name": "Chorus / Hook",
      "start": 48.0,
      "end": 64.0,
      "avg_energy": 0.45903319120407104,
      "energy_label": "High"
    },
    {
      "name": "Verse",
      "start": 64.0,
      "end": 80.0,
      "avg_energy": 0.41449829936027527,
      "energy_label": "High"
    },
    {
      "name": "Verse",
      "start": 80.0,
      "end": 96.0,
      "avg_energy": 0.3721563220024109,
      "energy_label": "Medium"
    },
    {
      "name": "Hook / Drop",
      "start": 96.0,
      "end": 112.0,
      "avg_energy": 0.46597346663475037,
      "energy_label": "High"
    },
    {
      "name": "Hook / Drop",
      "start": 112.0,
      "end": 128.0,
      "avg_energy": 0.4477706849575043,
      "energy_label": "High"
    },
    {
      "name": "Hook / Drop",
      "start": 128.0,
      "end": 144.0,
      "avg_energy": 0.4339301288127899,
      "energy_label": "High"
    },
    {
      "name": "Bridge / Breakdown",
      "start": 144.0,
      "end": 160.0,
      "avg_energy": 0.23774628341197968,
      "energy_label": "Low"
    },
    {
      "name": "Outro",
      "start": 160.0,
      "end": 182.61333333333334,
      "avg_energy": 0.08028249442577362,
      "energy_label": "Low"
    }
  ],
  "scores": {
    "mix": 86,
    "master": 86,
    "arrangement": 81,
    "release": 84,
    "energy": 8.245040332399133,
    "bass_strength": 6.334753012592929,
    "darkness": 3.76210667373945,
    "brightness": 6.23789332626055,
    "drum_bounce": 10,
    "vocal_space": 2.34750576200888
  },
  "stem_balance": null,
  "top_problems": [
    "Clipping detected: 1524 samples are near/over the limit.",
    "Mud range is elevated around 250-500 Hz.",
    "Intro may be long for short-form listener retention.",
    "Drum movement is very active; the beat could become overcrowded."
  ],
  "suggested_fixes": [
    "Lower the master/output, then use a soft clipper or limiter with safer ceiling.",
    "Gently cut 250-500 Hz on melodies, pads, or the master if the mix feels cloudy.",
    "Mute extra percussion in some sections so the hook/drop feels bigger.",
    "Consider bringing drums, 808, or a strong tag/moment in earlier."
  ],
  "artist_notes": [
    "Autotune/key starting point: G# Major. Confidence: 45.1%.",
    "Beat energy: 8.2/10. Darkness: 3.8/10.",
    "Vocal space estimate: 2.3/10. Higher means easier space for vocals."
  ],
  "producer_notes": [
    "Low-end presence looks usable for the selected style.",
    "Selected style preset: rage_trap.",
    "Dominant frequency area: Sub.",
    "Drum activity is high at 4.85 hits/sec.",
    "Estimated length: 107 bars at 141 BPM."
  ],
  "master_notes": [
    "Clipping is the first thing to fix before judging the rest of the mix.",
    "Loudness is in a usable range for the selected style.",
    "Peak: -0.00 dB. RMS: -8.51 dB. Dynamic range: 8.51 dB."
  ],
  "next_steps": [
    "Lower the master/output, then use a soft clipper or limiter with safer ceiling.",
    "Gently cut 250-500 Hz on melodies, pads, or the master if the mix feels cloudy.",
    "Mute extra percussion in some sections so the hook/drop feels bigger.",
    "Fix the top 1-2 issues, export again, then re-run SoundLens."
  ]
}