{
  "basic": {
    "file_name": "Southsidesilhouette - focused.wav",
    "file_path": "/Users/jayden/SoundLens/tracks/Southsidesilhouette/Southsidesilhouette - focused.wav",
    "sample_rate": 48000,
    "duration_seconds": 145.62395833333332,
    "bpm": 125.0,
    "key": "G# Minor",
    "key_note": "G#",
    "key_mode": "Minor",
    "key_confidence": 46.45239851120774
  },
  "loudness": {
    "peak_db": 0.00022572271077981796,
    "rms_db": -6.634117381967992,
    "dynamic_range_db": 6.634343104678772,
    "clipping_detected": true,
    "clipping_samples": 32783,
    "clipping_percent": 0.4690019241911602,
    "headroom_db": -0.00022572271077981796
  },
  "frequency": {
    "band_percentages": {
      "Sub": 16.288158711957458,
      "Bass / 808": 14.60395594117642,
      "Mud": 14.157307586438789,
      "Low Mids": 13.932625938820989,
      "Mids / Melody": 13.869171113960688,
      "Harsh Zone": 13.048104014577932,
      "Highs": 13.96846803053279,
      "Air": 13.180312675408192,
      "Vocal Range": 14.773130874170187
    },
    "brightness_centroid_hz": 3765.180147104276,
    "brightness_label": "High",
    "spectral_rolloff_hz": 8441.479207866403,
    "dominant_band": "Sub",
    "low_end_total_percent": 30.892114653133877,
    "mid_total_percent": 41.95910463922046,
    "top_total_percent": 27.148780705940982
  },
  "fingerprint": {
    "mfcc_1": -103.26777648925781,
    "mfcc_2": 118.49649047851562,
    "mfcc_3": -14.16362476348877,
    "mfcc_4": 52.258705139160156,
    "mfcc_5": -27.317264556884766,
    "mfcc_6": 42.381805419921875,
    "mfcc_7": -13.825549125671387,
    "mfcc_8": 11.028325080871582,
    "mfcc_9": -0.7975067496299744,
    "mfcc_10": 5.903844833374023,
    "mfcc_11": -0.2713480293750763,
    "mfcc_12": 3.677903652191162,
    "mfcc_13": 4.4986467361450195,
    "chroma_1": 0.19106191396713257,
    "chroma_2": 0.21969369053840637,
    "chroma_3": 0.2037031501531601,
    "chroma_4": 0.482698529958725,
    "chroma_5": 0.20075365900993347,
    "chroma_6": 0.19994176924228668,
    "chroma_7": 0.40228694677352905,
    "chroma_8": 0.2304181456565857,
    "chroma_9": 0.5131586790084839,
    "chroma_10": 0.23461416363716125,
    "chroma_11": 0.2787707448005676,
    "chroma_12": 0.28211501240730286,
    "spectral_contrast": 17.96694021337798,
    "spectral_flatness": 0.0018213739385828376,
    "zero_crossing_rate": 0.04700653874148539
  },
  "rhythm": {
    "onset_count": 894,
    "onset_density": 6.139099707437107,
    "drum_activity": "High",
    "estimated_bars": 76,
    "seconds_per_bar": 1.92
  },
  "sections": [
    {
      "name": "Intro",
      "start": 0.0,
      "end": 16.0,
      "avg_energy": 0.18747051060199738,
      "energy_label": "Low"
    },
    {
      "name": "Chorus / Hook",
      "start": 16.0,
      "end": 32.0,
      "avg_energy": 0.5401265025138855,
      "energy_label": "High"
    },
    {
      "name": "Verse",
      "start": 32.0,
      "end": 48.0,
      "avg_energy": 0.5606652498245239,
      "energy_label": "High"
    },
    {
      "name": "Chorus / Hook",
      "start": 48.0,
      "end": 64.0,
      "avg_energy": 0.5591996908187866,
      "energy_label": "High"
    },
    {
      "name": "Verse",
      "start": 64.0,
      "end": 80.0,
      "avg_energy": 0.5179360508918762,
      "energy_label": "High"
    },
    {
      "name": "Hook / Drop",
      "start": 80.0,
      "end": 96.0,
      "avg_energy": 0.5550031661987305,
      "energy_label": "High"
    },
    {
      "name": "Verse",
      "start": 96.0,
      "end": 112.0,
      "avg_energy": 0.48672810196876526,
      "energy_label": "Medium"
    },
    {
      "name": "Bridge / Breakdown",
      "start": 112.0,
      "end": 128.0,
      "avg_energy": 0.3291100561618805,
      "energy_label": "Low"
    },
    {
      "name": "Outro",
      "start": 128.0,
      "end": 145.62395833333332,
      "avg_energy": 0.30156823992729187,
      "energy_label": "Low"
    }
  ],
  "scores": {
    "mix": 81,
    "master": 81,
    "arrangement": 81,
    "release": 81,
    "energy": 9.182941309016003,
    "bass_strength": 6.178422930626775,
    "darkness": 2.4696397057914483,
    "brightness": 7.530360294208552,
    "drum_bounce": 10,
    "vocal_space": 2.3467018313072003
  },
  "stem_balance": null,
  "top_problems": [
    "Clipping detected: 32783 samples are near/over the limit.",
    "Mud range is elevated around 250-500 Hz.",
    "Drum movement is very active; the beat could become overcrowded."
  ],
  "suggested_fixes": [
    "Lower the master/output, then use a soft clipper or limiter with safer ceiling.",
    "Gently cut 250-500 Hz on melodies, pads, or the master if the mix feels cloudy.",
    "Mute extra percussion in some sections so the hook/drop feels bigger."
  ],
  "artist_notes": [
    "Autotune/key starting point: G# Minor. Confidence: 46.5%.",
    "Beat energy: 9.2/10. Darkness: 2.5/10.",
    "Vocal space estimate: 2.3/10. Higher means easier space for vocals."
  ],
  "producer_notes": [
    "Low-end presence looks usable for the selected style.",
    "Selected style preset: rage_trap.",
    "Dominant frequency area: Sub.",
    "Drum activity is high at 6.14 hits/sec.",
    "Estimated length: 76 bars at 125 BPM."
  ],
  "master_notes": [
    "Clipping is the first thing to fix before judging the rest of the mix.",
    "Loudness is in a usable range for the selected style.",
    "Peak: 0.00 dB. RMS: -6.63 dB. Dynamic range: 6.63 dB."
  ],
  "next_steps": [
    "Lower the master/output, then use a soft clipper or limiter with safer ceiling.",
    "Gently cut 250-500 Hz on melodies, pads, or the master if the mix feels cloudy.",
    "Mute extra percussion in some sections so the hook/drop feels bigger.",
    "Fix the top 1-2 issues, export again, then re-run SoundLens."
  ]
}