{
  "basic": {
    "file_name": "Southsidesilhouette - Down the Road.wav",
    "file_path": "/Volumes/POLLY/tracks/Southsidesilhouette/Southsidesilhouette - Down the Road.wav",
    "sample_rate": 48000,
    "duration_seconds": 96.06095833333333,
    "bpm": 140.0,
    "key": "A Minor",
    "key_note": "A",
    "key_mode": "Minor",
    "key_confidence": 44.481332093866094
  },
  "loudness": {
    "peak_db": -9.888496186746351e-05,
    "rms_db": -7.497146450469369,
    "dynamic_range_db": 7.4970475655075015,
    "clipping_detected": true,
    "clipping_samples": 18412,
    "clipping_percent": 0.399312415770715,
    "headroom_db": 9.888496186746351e-05
  },
  "frequency": {
    "band_percentages": {
      "Sub": 16.800201754616676,
      "Bass / 808": 14.840654694995742,
      "Mud": 13.974402670808525,
      "Low Mids": 13.899599367853119,
      "Mids / Melody": 13.69018310852787,
      "Harsh Zone": 12.893951848649717,
      "Highs": 14.18404916551319,
      "Air": 12.610909235883252,
      "Vocal Range": 14.662229148644817
    },
    "brightness_centroid_hz": 3942.0603913459245,
    "brightness_label": "High",
    "spectral_rolloff_hz": 8369.766509826783,
    "dominant_band": "Sub",
    "low_end_total_percent": 31.640856449612418,
    "mid_total_percent": 41.56418514718951,
    "top_total_percent": 26.794958401396443
  },
  "fingerprint": {
    "mfcc_1": -161.6686248779297,
    "mfcc_2": -38.31138229370117,
    "mfcc_3": 15.245845794677734,
    "mfcc_4": -17.479694366455078,
    "mfcc_5": -2.2354276180267334,
    "mfcc_6": 4.517582416534424,
    "mfcc_7": -16.979679107666016,
    "mfcc_8": 9.283122062683105,
    "mfcc_9": -16.245521545410156,
    "mfcc_10": 6.648074626922607,
    "mfcc_11": 1.0014997720718384,
    "mfcc_12": 3.365091323852539,
    "mfcc_13": 0.28779199719429016,
    "chroma_1": 0.35914096236228943,
    "chroma_2": 0.2141827940940857,
    "chroma_3": 0.21002347767353058,
    "chroma_4": 0.18245700001716614,
    "chroma_5": 0.44612717628479004,
    "chroma_6": 0.27145829796791077,
    "chroma_7": 0.1695885956287384,
    "chroma_8": 0.17437878251075745,
    "chroma_9": 0.18083073198795319,
    "chroma_10": 0.6502613425254822,
    "chroma_11": 0.30840539932250977,
    "chroma_12": 0.26919668912887573,
    "spectral_contrast": 23.360463691032795,
    "spectral_flatness": 0.019132008776068687,
    "zero_crossing_rate": 0.12587024509877962,
    "embed_mfcc_1_mean": -161.6686248779297,
    "embed_mfcc_1_std": 75.59561920166016,
    "embed_mfcc_2_mean": -38.31138229370117,
    "embed_mfcc_2_std": 31.14965057373047,
    "embed_mfcc_3_mean": 15.245845794677734,
    "embed_mfcc_3_std": 31.110422134399414,
    "embed_mfcc_4_mean": -17.479694366455078,
    "embed_mfcc_4_std": 16.410907745361328,
    "embed_mfcc_5_mean": -2.2354276180267334,
    "embed_mfcc_5_std": 21.598020553588867,
    "embed_mfcc_6_mean": 4.517582416534424,
    "embed_mfcc_6_std": 12.084012031555176,
    "embed_mfcc_7_mean": -16.979679107666016,
    "embed_mfcc_7_std": 14.233963966369629,
    "embed_mfcc_8_mean": 9.283122062683105,
    "embed_mfcc_8_std": 10.40852165222168,
    "embed_mfcc_9_mean": -16.245521545410156,
    "embed_mfcc_9_std": 11.614599227905273,
    "embed_mfcc_10_mean": 6.648074626922607,
    "embed_mfcc_10_std": 11.96667766571045,
    "embed_mfcc_11_mean": 1.0014997720718384,
    "embed_mfcc_11_std": 10.160029411315918,
    "embed_mfcc_12_mean": 3.365091323852539,
    "embed_mfcc_12_std": 11.695444107055664,
    "embed_mfcc_13_mean": 0.28779199719429016,
    "embed_mfcc_13_std": 8.346782684326172,
    "embed_mfcc_14_mean": 1.7606831789016724,
    "embed_mfcc_14_std": 13.873957633972168,
    "embed_mfcc_15_mean": 4.497865676879883,
    "embed_mfcc_15_std": 8.842388153076172,
    "embed_mfcc_16_mean": 5.732534408569336,
    "embed_mfcc_16_std": 10.098225593566895,
    "embed_mfcc_17_mean": 0.12852369248867035,
    "embed_mfcc_17_std": 7.398593902587891,
    "embed_mfcc_18_mean": 8.823956489562988,
    "embed_mfcc_18_std": 8.451359748840332,
    "embed_mfcc_19_mean": -4.349062442779541,
    "embed_mfcc_19_std": 8.10046672821045,
    "embed_mfcc_20_mean": 4.169625282287598,
    "embed_mfcc_20_std": 8.013641357421875,
    "embed_chroma_1_mean": 0.35914096236228943,
    "embed_chroma_1_std": 0.32830336689949036,
    "embed_chroma_2_mean": 0.2141827940940857,
    "embed_chroma_2_std": 0.18081805109977722,
    "embed_chroma_3_mean": 0.21002347767353058,
    "embed_chroma_3_std": 0.17307187616825104,
    "embed_chroma_4_mean": 0.18245700001716614,
    "embed_chroma_4_std": 0.12103530019521713,
    "embed_chroma_5_mean": 0.44612717628479004,
    "embed_chroma_5_std": 0.3500124514102936,
    "embed_chroma_6_mean": 0.27145829796791077,
    "embed_chroma_6_std": 0.2412349283695221,
    "embed_chroma_7_mean": 0.1695885956287384,
    "embed_chroma_7_std": 0.12579813599586487,
    "embed_chroma_8_mean": 0.17437878251075745,
    "embed_chroma_8_std": 0.13365909457206726,
    "embed_chroma_9_mean": 0.18083073198795319,
    "embed_chroma_9_std": 0.1135583445429802,
    "embed_chroma_10_mean": 0.6502613425254822,
    "embed_chroma_10_std": 0.39653006196022034,
    "embed_chroma_11_mean": 0.30840539932250977,
    "embed_chroma_11_std": 0.24352464079856873,
    "embed_chroma_12_mean": 0.26919668912887573,
    "embed_chroma_12_std": 0.20038267970085144,
    "embed_contrast_1_mean": 21.834911346435547,
    "embed_contrast_1_std": 5.837866306304932,
    "embed_contrast_2_mean": 15.260167121887207,
    "embed_contrast_2_std": 4.178246974945068,
    "embed_contrast_3_mean": 18.14065933227539,
    "embed_contrast_3_std": 4.164599418640137,
    "embed_contrast_4_mean": 17.68505859375,
    "embed_contrast_4_std": 3.6374754905700684,
    "embed_contrast_5_mean": 18.864856719970703,
    "embed_contrast_5_std": 3.7567548751831055,
    "embed_contrast_6_mean": 19.92513084411621,
    "embed_contrast_6_std": 3.7773396968841553,
    "embed_contrast_7_mean": 51.81246566772461,
    "embed_contrast_7_std": 4.650103569030762,
    "embed_chroma_entropy": 2.3870046138763428,
    "embed_centroid_mean": 3407.9815290062174,
    "embed_centroid_std": 1121.5545203638815,
    "embed_rolloff_mean": 7367.134282299722,
    "embed_rolloff_std": 1308.0991725270692,
    "embed_flatness_mean": 0.019132008776068687,
    "embed_flatness_std": 0.02688581682741642,
    "embed_zcr_mean": 0.12587024509877962,
    "embed_zcr_std": 0.1195542613424189,
    "embed_rms_mean": 0.3045525848865509,
    "embed_rms_std": 0.18298739194869995,
    "embed_onset_mean": 1.6326135396957397,
    "embed_onset_std": 1.6967159509658813,
    "fingerprint_version": 2.0,
    "fingerprint_duration_seconds": 96.0609977324263,
    "embed_mfcc_delta_mean": 0.00548306480050087,
    "embed_mfcc_delta_std": 2.975097179412842,
    "embed_chroma_delta_mean": -0.00017914734780788422,
    "embed_chroma_delta_std": 0.026038842275738716,
    "embed_onset_peak": 18.731182098388672,
    "embed_onset_p95": 5.190161228179932,
    "embed_rms_p10": 0.045137595385313034,
    "embed_rms_p50": 0.31788817048072815,
    "embed_rms_p90": 0.548559844493866,
    "embedding_nonzero_count": 100.0
  },
  "rhythm": {
    "onset_count": 578,
    "onset_density": 6.017012634772278,
    "drum_activity": "High",
    "estimated_bars": 56,
    "seconds_per_bar": 1.7142857142857142
  },
  "sections": [
    {
      "name": "Intro",
      "start": 0.0,
      "end": 16.0,
      "avg_energy": 0.20652924478054047,
      "energy_label": "Low"
    },
    {
      "name": "Chorus / Hook",
      "start": 16.0,
      "end": 32.0,
      "avg_energy": 0.44674229621887207,
      "energy_label": "Medium"
    },
    {
      "name": "Verse",
      "start": 32.0,
      "end": 48.0,
      "avg_energy": 0.45807719230651855,
      "energy_label": "Medium"
    },
    {
      "name": "Chorus / Hook",
      "start": 48.0,
      "end": 64.0,
      "avg_energy": 0.4816986620426178,
      "energy_label": "High"
    },
    {
      "name": "Verse",
      "start": 64.0,
      "end": 80.0,