{
  "basic": {
    "file_name": "Southsidesilhouette - Triple Double.wav",
    "file_path": "/Volumes/POLLY/tracks/Southsidesilhouette/Southsidesilhouette - Triple Double.wav",
    "sample_rate": 48000,
    "duration_seconds": 126.4210625,
    "bpm": 140.0,
    "key": "D# Minor",
    "key_note": "D#",
    "key_mode": "Minor",
    "key_confidence": 42.58685311418546
  },
  "loudness": {
    "peak_db": 0.0003965639817660177,
    "rms_db": -8.32748733204522,
    "dynamic_range_db": 8.327883896026986,
    "clipping_detected": true,
    "clipping_samples": 586,
    "clipping_percent": 0.009656882399112358,
    "headroom_db": -0.0003965639817660177
  },
  "frequency": {
    "band_percentages": {
      "Sub": 16.80036411407892,
      "Bass / 808": 14.434866674436222,
      "Mud": 13.360978117627722,
      "Low Mids": 14.161941557275576,
      "Mids / Melody": 14.125463117359729,
      "Harsh Zone": 13.523985056860893,
      "Highs": 13.692927305934182,
      "Air": 13.42345911149539,
      "Vocal Range": 14.780919594678096
    },
    "brightness_centroid_hz": 3751.418831584653,
    "brightness_label": "High",
    "spectral_rolloff_hz": 9004.538395418494,
    "dominant_band": "Sub",
    "low_end_total_percent": 31.235230788515143,
    "mid_total_percent": 41.64838279226303,
    "top_total_percent": 27.116386417429574
  },
  "fingerprint": {
    "mfcc_1": -120.63442993164062,
    "mfcc_2": -33.727088928222656,
    "mfcc_3": -7.516575336456299,
    "mfcc_4": -10.368675231933594,
    "mfcc_5": -4.580628871917725,
    "mfcc_6": 4.139025688171387,
    "mfcc_7": 1.0055351257324219,
    "mfcc_8": 10.429743766784668,
    "mfcc_9": 9.715350151062012,
    "mfcc_10": 8.667037963867188,
    "mfcc_11": 6.864374160766602,
    "mfcc_12": 4.923725128173828,
    "mfcc_13": 2.3217382431030273,
    "chroma_1": 0.15242668986320496,
    "chroma_2": 0.20032109320163727,
    "chroma_3": 0.2234276384115219,
    "chroma_4": 0.7913157343864441,
    "chroma_5": 0.8219861388206482,
    "chroma_6": 0.43031707406044006,
    "chroma_7": 0.3708849847316742,
    "chroma_8": 0.22762233018875122,
    "chroma_9": 0.21833392977714539,
    "chroma_10": 0.1531803160905838,
    "chroma_11": 0.20685605704784393,
    "chroma_12": 0.17566373944282532,
    "spectral_contrast": 21.412129996185662,
    "spectral_flatness": 0.017016785219311714,
    "zero_crossing_rate": 0.06001995074859714,
    "embed_mfcc_1_mean": -120.63442993164062,
    "embed_mfcc_1_std": 34.001338958740234,
    "embed_mfcc_2_mean": -33.727088928222656,
    "embed_mfcc_2_std": 24.183002471923828,
    "embed_mfcc_3_mean": -7.516575336456299,
    "embed_mfcc_3_std": 21.997234344482422,
    "embed_mfcc_4_mean": -10.368675231933594,
    "embed_mfcc_4_std": 15.89246940612793,
    "embed_mfcc_5_mean": -4.580628871917725,
    "embed_mfcc_5_std": 12.763899803161621,
    "embed_mfcc_6_mean": 4.139025688171387,
    "embed_mfcc_6_std": 15.814661026000977,
    "embed_mfcc_7_mean": 1.0055351257324219,
    "embed_mfcc_7_std": 12.270663261413574,
    "embed_mfcc_8_mean": 10.429743766784668,
    "embed_mfcc_8_std": 12.81071662902832,
    "embed_mfcc_9_mean": 9.715350151062012,
    "embed_mfcc_9_std": 9.737380981445312,
    "embed_mfcc_10_mean": 8.667037963867188,
    "embed_mfcc_10_std": 10.810812950134277,
    "embed_mfcc_11_mean": 6.864374160766602,
    "embed_mfcc_11_std": 10.407524108886719,
    "embed_mfcc_12_mean": 4.923725128173828,
    "embed_mfcc_12_std": 8.127076148986816,
    "embed_mfcc_13_mean": 2.3217382431030273,
    "embed_mfcc_13_std": 8.535381317138672,
    "embed_mfcc_14_mean": 6.963164806365967,
    "embed_mfcc_14_std": 8.208261489868164,
    "embed_mfcc_15_mean": 1.4841444492340088,
    "embed_mfcc_15_std": 7.322746753692627,
    "embed_mfcc_16_mean": 8.614105224609375,
    "embed_mfcc_16_std": 6.892711162567139,
    "embed_mfcc_17_mean": 1.9037413597106934,
    "embed_mfcc_17_std": 7.264164924621582,
    "embed_mfcc_18_mean": 4.862161159515381,
    "embed_mfcc_18_std": 7.329340934753418,
    "embed_mfcc_19_mean": 3.697129487991333,
    "embed_mfcc_19_std": 6.984177589416504,
    "embed_mfcc_20_mean": 7.036604404449463,
    "embed_mfcc_20_std": 6.298923969268799,
    "embed_chroma_1_mean": 0.15242668986320496,
    "embed_chroma_1_std": 0.13075219094753265,
    "embed_chroma_2_mean": 0.20032109320163727,
    "embed_chroma_2_std": 0.16492345929145813,
    "embed_chroma_3_mean": 0.2234276384115219,
    "embed_chroma_3_std": 0.11327796429395676,
    "embed_chroma_4_mean": 0.7913157343864441,
    "embed_chroma_4_std": 0.22145311534404755,
    "embed_chroma_5_mean": 0.8219861388206482,
    "embed_chroma_5_std": 0.2520259618759155,
    "embed_chroma_6_mean": 0.43031707406044006,
    "embed_chroma_6_std": 0.1903296709060669,
    "embed_chroma_7_mean": 0.3708849847316742,
    "embed_chroma_7_std": 0.2611328959465027,
    "embed_chroma_8_mean": 0.22762233018875122,
    "embed_chroma_8_std": 0.1074744239449501,
    "embed_chroma_9_mean": 0.21833392977714539,
    "embed_chroma_9_std": 0.1594914346933365,
    "embed_chroma_10_mean": 0.1531803160905838,
    "embed_chroma_10_std": 0.10484078526496887,
    "embed_chroma_11_mean": 0.20685605704784393,
    "embed_chroma_11_std": 0.19290411472320557,
    "embed_chroma_12_mean": 0.17566373944282532,
    "embed_chroma_12_std": 0.1625647246837616,
    "embed_contrast_1_mean": 22.067750930786133,
    "embed_contrast_1_std": 4.489500522613525,
    "embed_contrast_2_mean": 13.832496643066406,
    "embed_contrast_2_std": 3.7297780513763428,
    "embed_contrast_3_mean": 16.655378341674805,
    "embed_contrast_3_std": 3.9066102504730225,
    "embed_contrast_4_mean": 16.7409610748291,
    "embed_contrast_4_std": 3.228668212890625,
    "embed_contrast_5_mean": 17.52352523803711,
    "embed_contrast_5_std": 3.033724069595337,
    "embed_contrast_6_mean": 16.813501358032227,
    "embed_contrast_6_std": 2.1896421909332275,
    "embed_contrast_7_mean": 46.25129318237305,
    "embed_contrast_7_std": 2.8983805179595947,
    "embed_chroma_entropy": 2.287815809249878,
    "embed_centroid_mean": 2715.4903619379384,
    "embed_centroid_std": 822.2384326898529,
    "embed_rolloff_mean": 6370.836476423423,
    "embed_rolloff_std": 1467.7399483967267,
    "embed_flatness_mean": 0.017016785219311714,
    "embed_flatness_std": 0.03060479648411274,
    "embed_zcr_mean": 0.06001995074859714,
    "embed_zcr_std": 0.06363030752226612,
    "embed_rms_mean": 0.33222711086273193,
    "embed_rms_std": 0.09312394261360168,
    "embed_onset_mean": 1.5621007680892944,
    "embed_onset_std": 1.2648037672042847,
    "fingerprint_version": 2.0,
    "fingerprint_duration_seconds": 126.42108843537414,
    "embed_mfcc_delta_mean": -0.00038238236447796226,
    "embed_mfcc_delta_std": 2.288485527038574,
    "embed_chroma_delta_mean": -3.013602690771222e-05,
    "embed_chroma_delta_std": 0.020692095160484314,
    "embed_onset_peak": 7.9588775634765625,
    "embed_onset_p95": 4.229660511016846,
    "embed_rms_p10": 0.11443759500980377,
    "embed_rms_p50": 0.36519283056259155,
    "embed_rms_p90": 0.38919344544410706,
    "embedding_nonzero_count": 100.0
  },
  "rhythm": {
    "onset_count": 656,
    "onset_density": 5.1890087539803735,
    "drum_activity": "High",
    "estimated_bars": 74,
    "seconds_per_bar": 1.7142857142857142
  },
  "sections": [
    {
      "name": "Intro",
      "start": 0.0,
      "end": 16.0,
      "avg_energy": 0.3778232932090759,
      "energy_label": "Medium"
    },
    {
      "name": "Chorus / Hook",
      "start": 16.0,
      "end": 32.0,
      "avg_energy": 0.41328519582748413,
      "energy_label": "Medium"
    },
    {
      "name": "Verse",
      "start": 32.0,
      "end": 48.0,
      "avg_energy": 0.3856620192527771,
      "energy_label": "Medium"
    },
    {
      "name": "Chorus / Hook",
      "start": 48.0,
      "end": 64.0,
      "avg_energy": 0.41041070222854614,
      "energy_label": "Medium"
    },
    {
      "name": "Verse",
      "start": 64.0,
      "end": 80.0,