{
  "basic": {
    "file_name": "Lil Tony - Avianne.wav",
    "file_path": "/Volumes/POLLY/tracks/Lil Tony/Lil Tony - Avianne.wav",
    "sample_rate": 48000,
    "duration_seconds": 173.11202083333333,
    "bpm": 140.0,
    "key": "C# Minor",
    "key_note": "C#",
    "key_mode": "Minor",
    "key_confidence": 44.227546888963595
  },
  "loudness": {
    "peak_db": 0.00035100663805956965,
    "rms_db": -7.233974150285983,
    "dynamic_range_db": 7.234325156924042,
    "clipping_detected": true,
    "clipping_samples": 1410,
    "clipping_percent": 0.016968781173365945,
    "headroom_db": -0.00035100663805956965
  },
  "frequency": {
    "band_percentages": {
      "Sub": 17.312979166378774,
      "Bass / 808": 14.317673035125383,
      "Mud": 13.690698244001009,
      "Low Mids": 14.237390877900452,
      "Mids / Melody": 13.924474285634952,
      "Harsh Zone": 13.369116053261331,
      "Highs": 13.998077102933856,
      "Air": 12.518707286230882,
      "Vocal Range": 14.791147951401351
    },
    "brightness_centroid_hz": 2547.4444991086757,
    "brightness_label": "Medium",
    "spectral_rolloff_hz": 5673.515480591497,
    "dominant_band": "Sub",
    "low_end_total_percent": 31.630652201504155,
    "mid_total_percent": 41.852563407536415,
    "top_total_percent": 26.516784389164737
  },
  "fingerprint": {
    "mfcc_1": -154.04359436035156,
    "mfcc_2": -28.51082992553711,
    "mfcc_3": 17.51358413696289,
    "mfcc_4": -3.457923650741577,
    "mfcc_5": 8.135757446289062,
    "mfcc_6": 3.7384161949157715,
    "mfcc_7": -3.8785438537597656,
    "mfcc_8": 17.136903762817383,
    "mfcc_9": 0.5574770569801331,
    "mfcc_10": 13.518745422363281,
    "mfcc_11": 0.5202615261077881,
    "mfcc_12": 10.649992942810059,
    "mfcc_13": 5.39995002746582,
    "chroma_1": 0.5236609578132629,
    "chroma_2": 0.8736838698387146,
    "chroma_3": 0.5491448640823364,
    "chroma_4": 0.32338768243789673,
    "chroma_5": 0.3696654140949249,
    "chroma_6": 0.1844920814037323,
    "chroma_7": 0.12742845714092255,
    "chroma_8": 0.11105469614267349,
    "chroma_9": 0.10371948033571243,
    "chroma_10": 0.08741122484207153,
    "chroma_11": 0.07403440773487091,
    "chroma_12": 0.06560169905424118,
    "spectral_contrast": 22.367412901280446,
    "spectral_flatness": 0.006837995257228613,
    "zero_crossing_rate": 0.038858325119727165,
    "embed_mfcc_1_mean": -154.04359436035156,
    "embed_mfcc_1_std": 55.44178009033203,
    "embed_mfcc_2_mean": -28.51082992553711,
    "embed_mfcc_2_std": 41.15096664428711,
    "embed_mfcc_3_mean": 17.51358413696289,
    "embed_mfcc_3_std": 27.493545532226562,
    "embed_mfcc_4_mean": -3.457923650741577,
    "embed_mfcc_4_std": 22.2612247467041,
    "embed_mfcc_5_mean": 8.135757446289062,
    "embed_mfcc_5_std": 17.192649841308594,
    "embed_mfcc_6_mean": 3.7384161949157715,
    "embed_mfcc_6_std": 14.225221633911133,
    "embed_mfcc_7_mean": -3.8785438537597656,
    "embed_mfcc_7_std": 12.710901260375977,
    "embed_mfcc_8_mean": 17.136903762817383,
    "embed_mfcc_8_std": 11.553933143615723,
    "embed_mfcc_9_mean": 0.5574770569801331,
    "embed_mfcc_9_std": 11.6905517578125,
    "embed_mfcc_10_mean": 13.518745422363281,
    "embed_mfcc_10_std": 9.581925392150879,
    "embed_mfcc_11_mean": 0.5202615261077881,
    "embed_mfcc_11_std": 9.779128074645996,
    "embed_mfcc_12_mean": 10.649992942810059,
    "embed_mfcc_12_std": 8.526678085327148,
    "embed_mfcc_13_mean": 5.39995002746582,
    "embed_mfcc_13_std": 8.76407241821289,
    "embed_mfcc_14_mean": 5.4884538650512695,
    "embed_mfcc_14_std": 9.109619140625,
    "embed_mfcc_15_mean": 4.163870334625244,
    "embed_mfcc_15_std": 7.6909990310668945,
    "embed_mfcc_16_mean": 10.636709213256836,
    "embed_mfcc_16_std": 7.448345184326172,
    "embed_mfcc_17_mean": 1.8658220767974854,
    "embed_mfcc_17_std": 7.474509239196777,
    "embed_mfcc_18_mean": 5.260155200958252,
    "embed_mfcc_18_std": 6.999045372009277,
    "embed_mfcc_19_mean": 5.1944756507873535,
    "embed_mfcc_19_std": 6.916096210479736,
    "embed_mfcc_20_mean": 9.383649826049805,
    "embed_mfcc_20_std": 6.556334495544434,
    "embed_chroma_1_mean": 0.5236609578132629,
    "embed_chroma_1_std": 0.240115225315094,
    "embed_chroma_2_mean": 0.8736838698387146,
    "embed_chroma_2_std": 0.161689892411232,
    "embed_chroma_3_mean": 0.5491448640823364,
    "embed_chroma_3_std": 0.27183884382247925,
    "embed_chroma_4_mean": 0.32338768243789673,
    "embed_chroma_4_std": 0.2058534175157547,
    "embed_chroma_5_mean": 0.3696654140949249,
    "embed_chroma_5_std": 0.3479049801826477,
    "embed_chroma_6_mean": 0.1844920814037323,
    "embed_chroma_6_std": 0.14323997497558594,
    "embed_chroma_7_mean": 0.12742845714092255,
    "embed_chroma_7_std": 0.07613354176282883,
    "embed_chroma_8_mean": 0.11105469614267349,
    "embed_chroma_8_std": 0.05357992649078369,
    "embed_chroma_9_mean": 0.10371948033571243,
    "embed_chroma_9_std": 0.029474401846528053,
    "embed_chroma_10_mean": 0.08741122484207153,
    "embed_chroma_10_std": 0.04394734650850296,
    "embed_chroma_11_mean": 0.07403440773487091,
    "embed_chroma_11_std": 0.04395604506134987,
    "embed_chroma_12_mean": 0.06560169905424118,
    "embed_chroma_12_std": 0.03686730936169624,
    "embed_contrast_1_mean": 23.154443740844727,
    "embed_contrast_1_std": 3.9565412998199463,
    "embed_contrast_2_mean": 13.313496589660645,
    "embed_contrast_2_std": 3.7875051498413086,
    "embed_contrast_3_mean": 18.365102767944336,
    "embed_contrast_3_std": 4.188033103942871,
    "embed_contrast_4_mean": 17.51361656188965,
    "embed_contrast_4_std": 4.015678405761719,
    "embed_contrast_5_mean": 17.542224884033203,
    "embed_contrast_5_std": 3.2893948554992676,
    "embed_contrast_6_mean": 17.574827194213867,
    "embed_contrast_6_std": 2.866002321243286,
    "embed_contrast_7_mean": 49.10818099975586,
    "embed_contrast_7_std": 3.684431791305542,
    "embed_chroma_entropy": 2.1520957946777344,
    "embed_centroid_mean": 2600.6918735633567,
    "embed_centroid_std": 1133.731768510368,
    "embed_rolloff_mean": 6105.327665252214,
    "embed_rolloff_std": 2383.731401300071,
    "embed_flatness_mean": 0.006837995257228613,
    "embed_flatness_std": 0.01126118190586567,
    "embed_zcr_mean": 0.038858325119727165,
    "embed_zcr_std": 0.02759692876360824,
    "embed_rms_mean": 0.41096779704093933,
    "embed_rms_std": 0.04603845626115799,
    "embed_onset_mean": 2.0088014602661133,
    "embed_onset_std": 1.793074369430542,
    "fingerprint_version": 2.0,
    "fingerprint_duration_seconds": 173.1120634920635,
    "embed_mfcc_delta_mean": 0.00026618543779477477,
    "embed_mfcc_delta_std": 3.6317503452301025,
    "embed_chroma_delta_mean": -3.0296614568214864e-06,
    "embed_chroma_delta_std": 0.01601826213300228,
    "embed_onset_peak": 15.921963691711426,
    "embed_onset_p95": 5.722229480743408,
    "embed_rms_p10": 0.34633731842041016,
    "embed_rms_p50": 0.42179012298583984,
    "embed_rms_p90": 0.46195805072784424,
    "embedding_nonzero_count": 100.0
  },
  "rhythm": {
    "onset_count": 988,
    "onset_density": 5.707287080607848,
    "drum_activity": "High",
    "estimated_bars": 101,
    "seconds_per_bar": 1.7142857142857142
  },
  "sections": [
    {
      "name": "Intro",
      "start": 0.0,
      "end": 16.0,
      "avg_energy": 0.20475561916828156,
      "energy_label": "Low"
    },
    {
      "name": "Chorus / Hook",
      "start": 16.0,
      "end": 32.0,
      "avg_energy": 0.4617787003517151,
      "energy_label": "Medium"
    },
    {
      "name": "Verse",
      "start": 32.0,
      "end": 48.0,
      "avg_energy": 0.46310436725616455,
      "energy_label": "Medium"
    },
    {
      "name": "Chorus / Hook",
      "start": 48.0,
      "end": 64.0,
      "avg_energy": 0.4610494077205658,
      "energy_label": "Medium"
    },
    {
      "name": "Verse",
      "start": 64.0,
      "end": 80.0,
      "avg_energy": 0.46194177865982056,