{
  "basic": {
    "file_name": "Lil Tony - kamehameha.wav",
    "file_path": "/Volumes/POLLY/tracks/Lil Tony/Lil Tony - kamehameha.wav",
    "sample_rate": 48000,
    "duration_seconds": 51.941604166666664,
    "bpm": 140.0,
    "key": "C Minor",
    "key_note": "C",
    "key_mode": "Minor",
    "key_confidence": 43.71362243727849
  },
  "loudness": {
    "peak_db": -0.0006067882918054627,
    "rms_db": -6.753924362512979,
    "dynamic_range_db": 6.753317574221174,
    "clipping_detected": true,
    "clipping_samples": 3170,
    "clipping_percent": 0.12714598966708207,
    "headroom_db": 0.0006067882918054627
  },
  "frequency": {
    "band_percentages": {
      "Sub": 17.52357772677766,
      "Bass / 808": 15.470950173685727,
      "Mud": 14.600604946129081,
      "Low Mids": 14.603932767913788,
      "Mids / Melody": 13.796437452172322,
      "Harsh Zone": 13.012500333858926,
      "Highs": 12.944411709740008,
      "Air": 11.060085221663076,
      "Vocal Range": 15.228786649723586
    },
    "brightness_centroid_hz": 1355.6878354828123,
    "brightness_label": "Low",
    "spectral_rolloff_hz": 2928.4987808008214,
    "dominant_band": "Sub",
    "low_end_total_percent": 32.99452790046339,
    "mid_total_percent": 43.00097516621519,
    "top_total_percent": 24.004496931403082
  },
  "fingerprint": {
    "mfcc_1": -203.32244873046875,
    "mfcc_2": 30.09256935119629,
    "mfcc_3": -2.862262010574341,
    "mfcc_4": 16.063304901123047,
    "mfcc_5": -1.852769136428833,
    "mfcc_6": 11.020367622375488,
    "mfcc_7": -5.0636796951293945,
    "mfcc_8": 3.530154228210449,
    "mfcc_9": -3.0019140243530273,
    "mfcc_10": 14.22386360168457,
    "mfcc_11": 8.437152862548828,
    "mfcc_12": 9.8952054977417,
    "mfcc_13": -0.17104855179786682,
    "chroma_1": 0.6989201903343201,
    "chroma_2": 0.6106134653091431,
    "chroma_3": 0.5534558892250061,
    "chroma_4": 0.5658606290817261,
    "chroma_5": 0.4498763978481293,
    "chroma_6": 0.4515644311904907,
    "chroma_7": 0.3467836081981659,
    "chroma_8": 0.29229727387428284,
    "chroma_9": 0.3218313455581665,
    "chroma_10": 0.302099347114563,
    "chroma_11": 0.2752417027950287,
    "chroma_12": 0.2003127932548523,
    "spectral_contrast": 22.304759641932673,
    "spectral_flatness": 0.0018964210757985711,
    "zero_crossing_rate": 0.033092023007934734,
    "embed_mfcc_1_mean": -203.32244873046875,
    "embed_mfcc_1_std": 104.74526977539062,
    "embed_mfcc_2_mean": 30.09256935119629,
    "embed_mfcc_2_std": 51.51280975341797,
    "embed_mfcc_3_mean": -2.862262010574341,
    "embed_mfcc_3_std": 27.762178421020508,
    "embed_mfcc_4_mean": 16.063304901123047,
    "embed_mfcc_4_std": 26.461666107177734,
    "embed_mfcc_5_mean": -1.852769136428833,
    "embed_mfcc_5_std": 24.13191032409668,
    "embed_mfcc_6_mean": 11.020367622375488,
    "embed_mfcc_6_std": 22.31616973876953,
    "embed_mfcc_7_mean": -5.0636796951293945,
    "embed_mfcc_7_std": 13.392975807189941,
    "embed_mfcc_8_mean": 3.530154228210449,
    "embed_mfcc_8_std": 11.262556076049805,
    "embed_mfcc_9_mean": -3.0019140243530273,
    "embed_mfcc_9_std": 13.471198081970215,
    "embed_mfcc_10_mean": 14.22386360168457,
    "embed_mfcc_10_std": 11.963476181030273,
    "embed_mfcc_11_mean": 8.437152862548828,
    "embed_mfcc_11_std": 10.89962100982666,
    "embed_mfcc_12_mean": 9.8952054977417,
    "embed_mfcc_12_std": 8.555938720703125,
    "embed_mfcc_13_mean": -0.17104855179786682,
    "embed_mfcc_13_std": 8.621854782104492,
    "embed_mfcc_14_mean": 11.14622688293457,
    "embed_mfcc_14_std": 8.249382019042969,
    "embed_mfcc_15_mean": 7.6128315925598145,
    "embed_mfcc_15_std": 7.955848693847656,
    "embed_mfcc_16_mean": 8.768105506896973,
    "embed_mfcc_16_std": 7.5391645431518555,
    "embed_mfcc_17_mean": 0.07651159167289734,
    "embed_mfcc_17_std": 7.573679447174072,
    "embed_mfcc_18_mean": 7.530116558074951,
    "embed_mfcc_18_std": 7.036067008972168,
    "embed_mfcc_19_mean": 2.0745859146118164,
    "embed_mfcc_19_std": 7.377626895904541,
    "embed_mfcc_20_mean": 11.268754959106445,
    "embed_mfcc_20_std": 7.289922714233398,
    "embed_chroma_1_mean": 0.6989201903343201,
    "embed_chroma_1_std": 0.3228251338005066,
    "embed_chroma_2_mean": 0.6106134653091431,
    "embed_chroma_2_std": 0.29904410243034363,
    "embed_chroma_3_mean": 0.5534558892250061,
    "embed_chroma_3_std": 0.24483276903629303,
    "embed_chroma_4_mean": 0.5658606290817261,
    "embed_chroma_4_std": 0.29777899384498596,
    "embed_chroma_5_mean": 0.4498763978481293,
    "embed_chroma_5_std": 0.29936039447784424,
    "embed_chroma_6_mean": 0.4515644311904907,
    "embed_chroma_6_std": 0.2767159640789032,
    "embed_chroma_7_mean": 0.3467836081981659,
    "embed_chroma_7_std": 0.21725288033485413,
    "embed_chroma_8_mean": 0.29229727387428284,
    "embed_chroma_8_std": 0.14649681746959686,
    "embed_chroma_9_mean": 0.3218313455581665,
    "embed_chroma_9_std": 0.20491419732570648,
    "embed_chroma_10_mean": 0.302099347114563,
    "embed_chroma_10_std": 0.1997217983007431,
    "embed_chroma_11_mean": 0.2752417027950287,
    "embed_chroma_11_std": 0.17010031640529633,
    "embed_chroma_12_mean": 0.2003127932548523,
    "embed_chroma_12_std": 0.11834771186113358,
    "embed_contrast_1_mean": 22.502323150634766,
    "embed_contrast_1_std": 4.43621301651001,
    "embed_contrast_2_mean": 13.954256057739258,
    "embed_contrast_2_std": 4.144972801208496,
    "embed_contrast_3_mean": 17.28146743774414,
    "embed_contrast_3_std": 4.211843967437744,
    "embed_contrast_4_mean": 17.10483169555664,
    "embed_contrast_4_std": 3.543027639389038,
    "embed_contrast_5_mean": 17.703527450561523,
    "embed_contrast_5_std": 2.8862931728363037,
    "embed_contrast_6_mean": 17.82620620727539,
    "embed_contrast_6_std": 3.8339526653289795,
    "embed_contrast_7_mean": 49.76070785522461,
    "embed_contrast_7_std": 4.849508762359619,
    "embed_chroma_entropy": 2.4221103191375732,
    "embed_centroid_mean": 1339.944216898075,
    "embed_centroid_std": 843.5021315087773,
    "embed_rolloff_mean": 3099.058208712841,
    "embed_rolloff_std": 2257.6734146144177,
    "embed_flatness_mean": 0.0018964210757985711,
    "embed_flatness_std": 0.003581440541893244,
    "embed_zcr_mean": 0.033092023007934734,
    "embed_zcr_std": 0.026519084088652695,
    "embed_rms_mean": 0.4177248775959015,
    "embed_rms_std": 0.08874969929456711,
    "embed_onset_mean": 1.699175238609314,
    "embed_onset_std": 1.8208175897598267,
    "fingerprint_version": 2.0,
    "fingerprint_duration_seconds": 51.94163265306123,
    "embed_mfcc_delta_mean": -0.00792530458420515,
    "embed_mfcc_delta_std": 3.8437516689300537,
    "embed_chroma_delta_mean": -0.00015499402070418,
    "embed_chroma_delta_std": 0.019760603085160255,
    "embed_onset_peak": 25.442197799682617,
    "embed_onset_p95": 5.103708744049072,
    "embed_rms_p10": 0.3260490894317627,
    "embed_rms_p50": 0.4349464476108551,
    "embed_rms_p90": 0.5007750391960144,
    "embedding_nonzero_count": 100.0
  },
  "rhythm": {
    "onset_count": 320,
    "onset_density": 6.160764672827699,
    "drum_activity": "High",
    "estimated_bars": 30,
    "seconds_per_bar": 1.7142857142857142
  },
  "sections": [
    {
      "name": "Intro",
      "start": 0.0,
      "end": 16.0,
      "avg_energy": 0.4853164553642273,
      "energy_label": "Medium"
    },
    {
      "name": "Chorus / Hook",
      "start": 16.0,
      "end": 32.0,
      "avg_energy": 0.47172465920448303,
      "energy_label": "Medium"
    },
    {
      "name": "Outro",
      "start": 32.0,
      "end": 51.941604166666664,
      "avg_energy": 0.42717933654785156,
      "energy_label": "Medium"
    }
  ],
  "scores": {
    "mix": 81,
    "master": 81,
    "arrangement": 50,
    "release": 72,
    "energy": 9.12303781874351,
    "bass_strength": 6.598905580092678,
    "darkness": 7.288624329034375,
    "brightness": 2.7113756709656247,
    "drum_bounce": 10,