{
  "basic": {
    "file_name": "Lil Tony - Get Thru Da Race.wav",
    "file_path": "/Volumes/POLLY/tracks/Lil Tony/Lil Tony - Get Thru Da Race.wav",
    "sample_rate": 48000,
    "duration_seconds": 142.70985416666667,
    "bpm": 140.0,
    "key": "A# Major",
    "key_note": "A#",
    "key_mode": "Major",
    "key_confidence": 42.353748223259664
  },
  "loudness": {
    "peak_db": -0.00010302676493873113,
    "rms_db": -10.30452712616987,
    "dynamic_range_db": 10.304424099404931,
    "clipping_detected": true,
    "clipping_samples": 171,
    "clipping_percent": 0.002496323761805166,
    "headroom_db": 0.00010302676493873113
  },
  "frequency": {
    "band_percentages": {
      "Sub": 16.65541299527442,
      "Bass / 808": 15.113954358370524,
      "Mud": 14.522315669932306,
      "Low Mids": 14.556456185928896,
      "Mids / Melody": 13.977361882197393,
      "Harsh Zone": 13.37530159828657,
      "Highs": 13.148932553028573,
      "Air": 12.025566353450824,
      "Vocal Range": 15.19957641229492
    },
    "brightness_centroid_hz": 2287.643502837564,
    "brightness_label": "Medium",
    "spectral_rolloff_hz": 4986.942965246637,
    "dominant_band": "Sub",
    "low_end_total_percent": 31.769367353644945,
    "mid_total_percent": 43.05613373805859,
    "top_total_percent": 25.174498906479396
  },
  "fingerprint": {
    "mfcc_1": -170.46017456054688,
    "mfcc_2": -0.6804194450378418,
    "mfcc_3": 7.7771382331848145,
    "mfcc_4": -3.454833507537842,
    "mfcc_5": 11.328948974609375,
    "mfcc_6": -10.083548545837402,
    "mfcc_7": -15.421835899353027,
    "mfcc_8": 10.004971504211426,
    "mfcc_9": -19.448169708251953,
    "mfcc_10": 13.345845222473145,
    "mfcc_11": 1.4846271276474,
    "mfcc_12": 5.218510627746582,
    "mfcc_13": -2.7709169387817383,
    "chroma_1": 0.1937061995267868,
    "chroma_2": 0.21222051978111267,
    "chroma_3": 0.2560567259788513,
    "chroma_4": 0.4052341878414154,
    "chroma_5": 0.2706868648529053,
    "chroma_6": 0.2385355532169342,
    "chroma_7": 0.16697196662425995,
    "chroma_8": 0.1622072160243988,
    "chroma_9": 0.29854294657707214,
    "chroma_10": 0.20560547709465027,
    "chroma_11": 0.47048506140708923,
    "chroma_12": 0.26664602756500244,
    "spectral_contrast": 22.465656652548542,
    "spectral_flatness": 0.011553986929357052,
    "zero_crossing_rate": 0.05606305857560952,
    "embed_mfcc_1_mean": -170.46017456054688,
    "embed_mfcc_1_std": 58.24179458618164,
    "embed_mfcc_2_mean": -0.6804194450378418,
    "embed_mfcc_2_std": 36.863468170166016,
    "embed_mfcc_3_mean": 7.7771382331848145,
    "embed_mfcc_3_std": 32.6447868347168,
    "embed_mfcc_4_mean": -3.454833507537842,
    "embed_mfcc_4_std": 23.404563903808594,
    "embed_mfcc_5_mean": 11.328948974609375,
    "embed_mfcc_5_std": 22.021638870239258,
    "embed_mfcc_6_mean": -10.083548545837402,
    "embed_mfcc_6_std": 19.77241325378418,
    "embed_mfcc_7_mean": -15.421835899353027,
    "embed_mfcc_7_std": 15.744317054748535,
    "embed_mfcc_8_mean": 10.004971504211426,
    "embed_mfcc_8_std": 16.606002807617188,
    "embed_mfcc_9_mean": -19.448169708251953,
    "embed_mfcc_9_std": 16.252628326416016,
    "embed_mfcc_10_mean": 13.345845222473145,
    "embed_mfcc_10_std": 13.176901817321777,
    "embed_mfcc_11_mean": 1.4846271276474,
    "embed_mfcc_11_std": 13.2182035446167,
    "embed_mfcc_12_mean": 5.218510627746582,
    "embed_mfcc_12_std": 11.291069984436035,
    "embed_mfcc_13_mean": -2.7709169387817383,
    "embed_mfcc_13_std": 10.559269905090332,
    "embed_mfcc_14_mean": 4.348741054534912,
    "embed_mfcc_14_std": 11.263446807861328,
    "embed_mfcc_15_mean": 5.102453708648682,
    "embed_mfcc_15_std": 9.88532829284668,
    "embed_mfcc_16_mean": 5.694338321685791,
    "embed_mfcc_16_std": 8.911839485168457,
    "embed_mfcc_17_mean": -1.684038519859314,
    "embed_mfcc_17_std": 8.867319107055664,
    "embed_mfcc_18_mean": 2.733229875564575,
    "embed_mfcc_18_std": 8.24628734588623,
    "embed_mfcc_19_mean": -1.1096426248550415,
    "embed_mfcc_19_std": 8.270035743713379,
    "embed_mfcc_20_mean": -0.2654728293418884,
    "embed_mfcc_20_std": 8.036253929138184,
    "embed_chroma_1_mean": 0.1937061995267868,
    "embed_chroma_1_std": 0.20193228125572205,
    "embed_chroma_2_mean": 0.21222051978111267,
    "embed_chroma_2_std": 0.2121271938085556,
    "embed_chroma_3_mean": 0.2560567259788513,
    "embed_chroma_3_std": 0.2549651861190796,
    "embed_chroma_4_mean": 0.4052341878414154,
    "embed_chroma_4_std": 0.36187320947647095,
    "embed_chroma_5_mean": 0.2706868648529053,
    "embed_chroma_5_std": 0.28278449177742004,
    "embed_chroma_6_mean": 0.2385355532169342,
    "embed_chroma_6_std": 0.19377760589122772,
    "embed_chroma_7_mean": 0.16697196662425995,
    "embed_chroma_7_std": 0.1651761531829834,
    "embed_chroma_8_mean": 0.1622072160243988,
    "embed_chroma_8_std": 0.16196958720684052,
    "embed_chroma_9_mean": 0.29854294657707214,
    "embed_chroma_9_std": 0.33442118763923645,
    "embed_chroma_10_mean": 0.20560547709465027,
    "embed_chroma_10_std": 0.22517704963684082,
    "embed_chroma_11_mean": 0.47048506140708923,
    "embed_chroma_11_std": 0.4067218601703644,
    "embed_chroma_12_mean": 0.26664602756500244,
    "embed_chroma_12_std": 0.2885036766529083,
    "embed_contrast_1_mean": 20.34305191040039,
    "embed_contrast_1_std": 4.2188401222229,
    "embed_contrast_2_mean": 14.130694389343262,
    "embed_contrast_2_std": 4.323277473449707,
    "embed_contrast_3_mean": 18.161828994750977,
    "embed_contrast_3_std": 4.370275974273682,
    "embed_contrast_4_mean": 16.831859588623047,
    "embed_contrast_4_std": 3.5812039375305176,
    "embed_contrast_5_mean": 17.782684326171875,
    "embed_contrast_5_std": 2.933110237121582,
    "embed_contrast_6_mean": 19.481176376342773,
    "embed_contrast_6_std": 3.906522035598755,
    "embed_contrast_7_mean": 50.52830505371094,
    "embed_contrast_7_std": 3.93328857421875,
    "embed_chroma_entropy": 2.4316956996917725,
    "embed_centroid_mean": 2062.0512380846417,
    "embed_centroid_std": 973.1154925312321,
    "embed_rolloff_mean": 4701.784068954988,
    "embed_rolloff_std": 2255.8503050360246,
    "embed_flatness_mean": 0.011553986929357052,
    "embed_flatness_std": 0.026871800422668457,
    "embed_zcr_mean": 0.05606305857560952,
    "embed_zcr_std": 0.07298841422891915,
    "embed_rms_mean": 0.27848514914512634,
    "embed_rms_std": 0.09534284472465515,
    "embed_onset_mean": 2.0229709148406982,
    "embed_onset_std": 1.9091695547103882,
    "fingerprint_version": 2.0,
    "fingerprint_duration_seconds": 142.7098866213152,
    "embed_mfcc_delta_mean": -0.00021979244775138795,
    "embed_mfcc_delta_std": 3.79355788230896,
    "embed_chroma_delta_mean": -3.213805757695809e-05,
    "embed_chroma_delta_std": 0.026170922443270683,
    "embed_onset_peak": 16.30400276184082,
    "embed_onset_p95": 5.918554782867432,
    "embed_rms_p10": 0.12397006154060364,
    "embed_rms_p50": 0.3295680284500122,
    "embed_rms_p90": 0.35544973611831665,
    "embedding_nonzero_count": 100.0
  },
  "rhythm": {
    "onset_count": 963,
    "onset_density": 6.747957284542807,
    "drum_activity": "High",
    "estimated_bars": 83,
    "seconds_per_bar": 1.7142857142857142
  },
  "sections": [
    {
      "name": "Intro",
      "start": 0.0,
      "end": 16.0,
      "avg_energy": 0.3558564782142639,
      "energy_label": "High"
    },
    {
      "name": "Chorus / Hook",
      "start": 16.0,
      "end": 32.0,
      "avg_energy": 0.35392528772354126,
      "energy_label": "Medium"
    },
    {
      "name": "Verse",
      "start": 32.0,
      "end": 48.0,
      "avg_energy": 0.36266347765922546,
      "energy_label": "High"
    },
    {
      "name": "Chorus / Hook",
      "start": 48.0,
      "end": 64.0,
      "avg_energy": 0.33884844183921814,
      "energy_label": "Medium"
    },
    {
      "name": "Verse",
      "start": 64.0,
      "end": 80.0,
      "avg_energy": 0.2205796092748642,