{
  "basic": {
    "file_name": "Lil Tony - Fly Nigga Freestyle.wav",
    "file_path": "/Volumes/POLLY/tracks/Lil Tony/Lil Tony - Fly Nigga Freestyle.wav",
    "sample_rate": 48000,
    "duration_seconds": 127.91729166666667,
    "bpm": 140.0,
    "key": "F Minor",
    "key_note": "F",
    "key_mode": "Minor",
    "key_confidence": 43.7347850927237
  },
  "loudness": {
    "peak_db": -0.19139374130507703,
    "rms_db": -12.078849612841982,
    "dynamic_range_db": 11.887455871536904,
    "clipping_detected": false,
    "clipping_samples": 0,
    "clipping_percent": 0.0,
    "headroom_db": 0.19139374130507703
  },
  "frequency": {
    "band_percentages": {
      "Sub": 17.532351962057163,
      "Bass / 808": 14.750149226845066,
      "Mud": 14.572676043788743,
      "Low Mids": 13.867388807111439,
      "Mids / Melody": 13.45151154041787,
      "Harsh Zone": 13.050570415328563,
      "Highs": 13.333593073268363,
      "Air": 12.49232934456919,
      "Vocal Range": 14.956729734468718
    },
    "brightness_centroid_hz": 2140.7256707331735,
    "brightness_label": "Medium",
    "spectral_rolloff_hz": 4737.075794213291,
    "dominant_band": "Sub",
    "low_end_total_percent": 32.28250118890223,
    "mid_total_percent": 41.891576391318054,
    "top_total_percent": 25.825922417837553
  },
  "fingerprint": {
    "mfcc_1": -248.8773193359375,
    "mfcc_2": -4.724151134490967,
    "mfcc_3": 28.78537368774414,
    "mfcc_4": 8.943115234375,
    "mfcc_5": 24.786392211914062,
    "mfcc_6": 2.2740790843963623,
    "mfcc_7": -12.784915924072266,
    "mfcc_8": 15.399380683898926,
    "mfcc_9": -9.444382667541504,
    "mfcc_10": 7.420217990875244,
    "mfcc_11": 7.38823938369751,
    "mfcc_12": 0.21231059730052948,
    "mfcc_13": 2.81929087638855,
    "chroma_1": 0.15386377274990082,
    "chroma_2": 0.18692396581172943,
    "chroma_3": 0.20338647067546844,
    "chroma_4": 0.2989710867404938,
    "chroma_5": 0.34913507103919983,
    "chroma_6": 0.4673386812210083,
    "chroma_7": 0.5155839920043945,
    "chroma_8": 0.21895186603069305,
    "chroma_9": 0.3348918855190277,
    "chroma_10": 0.3347986042499542,
    "chroma_11": 0.20464178919792175,
    "chroma_12": 0.20381225645542145,
    "spectral_contrast": 23.25181136221006,
    "spectral_flatness": 0.0030835275538265705,
    "zero_crossing_rate": 0.02112553363244969,
    "embed_mfcc_1_mean": -248.8773193359375,
    "embed_mfcc_1_std": 83.5137939453125,
    "embed_mfcc_2_mean": -4.724151134490967,
    "embed_mfcc_2_std": 44.46281433105469,
    "embed_mfcc_3_mean": 28.78537368774414,
    "embed_mfcc_3_std": 28.56871223449707,
    "embed_mfcc_4_mean": 8.943115234375,
    "embed_mfcc_4_std": 20.486778259277344,
    "embed_mfcc_5_mean": 24.786392211914062,
    "embed_mfcc_5_std": 18.393112182617188,
    "embed_mfcc_6_mean": 2.2740790843963623,
    "embed_mfcc_6_std": 17.284133911132812,
    "embed_mfcc_7_mean": -12.784915924072266,
    "embed_mfcc_7_std": 14.595413208007812,
    "embed_mfcc_8_mean": 15.399380683898926,
    "embed_mfcc_8_std": 13.938300132751465,
    "embed_mfcc_9_mean": -9.444382667541504,
    "embed_mfcc_9_std": 11.743829727172852,
    "embed_mfcc_10_mean": 7.420217990875244,
    "embed_mfcc_10_std": 10.524867057800293,
    "embed_mfcc_11_mean": 7.38823938369751,
    "embed_mfcc_11_std": 11.312500953674316,
    "embed_mfcc_12_mean": 0.21231059730052948,
    "embed_mfcc_12_std": 9.244490623474121,
    "embed_mfcc_13_mean": 2.81929087638855,
    "embed_mfcc_13_std": 10.462886810302734,
    "embed_mfcc_14_mean": 8.688401222229004,
    "embed_mfcc_14_std": 9.038555145263672,
    "embed_mfcc_15_mean": 8.984834671020508,
    "embed_mfcc_15_std": 7.865846633911133,
    "embed_mfcc_16_mean": 10.667896270751953,
    "embed_mfcc_16_std": 7.507184982299805,
    "embed_mfcc_17_mean": 5.785273551940918,
    "embed_mfcc_17_std": 8.052577018737793,
    "embed_mfcc_18_mean": 11.014273643493652,
    "embed_mfcc_18_std": 8.213647842407227,
    "embed_mfcc_19_mean": 5.721684455871582,
    "embed_mfcc_19_std": 7.640736103057861,
    "embed_mfcc_20_mean": 3.1208527088165283,
    "embed_mfcc_20_std": 7.603724956512451,
    "embed_chroma_1_mean": 0.15386377274990082,
    "embed_chroma_1_std": 0.08958863466978073,
    "embed_chroma_2_mean": 0.18692396581172943,
    "embed_chroma_2_std": 0.1376798003911972,
    "embed_chroma_3_mean": 0.20338647067546844,
    "embed_chroma_3_std": 0.22621586918830872,
    "embed_chroma_4_mean": 0.2989710867404938,
    "embed_chroma_4_std": 0.2709476947784424,
    "embed_chroma_5_mean": 0.34913507103919983,
    "embed_chroma_5_std": 0.326249361038208,
    "embed_chroma_6_mean": 0.4673386812210083,
    "embed_chroma_6_std": 0.3329254984855652,
    "embed_chroma_7_mean": 0.5155839920043945,
    "embed_chroma_7_std": 0.4134846031665802,
    "embed_chroma_8_mean": 0.21895186603069305,
    "embed_chroma_8_std": 0.12800943851470947,
    "embed_chroma_9_mean": 0.3348918855190277,
    "embed_chroma_9_std": 0.31552571058273315,
    "embed_chroma_10_mean": 0.3347986042499542,
    "embed_chroma_10_std": 0.36315348744392395,
    "embed_chroma_11_mean": 0.20464178919792175,
    "embed_chroma_11_std": 0.2287595272064209,
    "embed_chroma_12_mean": 0.20381225645542145,
    "embed_chroma_12_std": 0.27614152431488037,
    "embed_contrast_1_mean": 25.101573944091797,
    "embed_contrast_1_std": 4.818640232086182,
    "embed_contrast_2_mean": 13.991930961608887,
    "embed_contrast_2_std": 3.8961589336395264,
    "embed_contrast_3_mean": 20.190521240234375,
    "embed_contrast_3_std": 4.84050178527832,
    "embed_contrast_4_mean": 17.84442710876465,
    "embed_contrast_4_std": 3.8674473762512207,
    "embed_contrast_5_mean": 18.48112678527832,
    "embed_contrast_5_std": 3.2737910747528076,
    "embed_contrast_6_mean": 18.975269317626953,
    "embed_contrast_6_std": 3.459211587905884,
    "embed_contrast_7_mean": 48.17782974243164,
    "embed_contrast_7_std": 3.199490547180176,
    "embed_chroma_entropy": 2.4154887199401855,
    "embed_centroid_mean": 1847.0208592973095,
    "embed_centroid_std": 1033.7734602714625,
    "embed_rolloff_mean": 4447.866854357646,
    "embed_rolloff_std": 2796.282746216993,
    "embed_flatness_mean": 0.0030835275538265705,
    "embed_flatness_std": 0.007245129439979792,
    "embed_zcr_mean": 0.02112553363244969,
    "embed_zcr_std": 0.020551675746350542,
    "embed_rms_mean": 0.2681947946548462,
    "embed_rms_std": 0.04578806087374687,
    "embed_onset_mean": 2.008582830429077,
    "embed_onset_std": 2.187795877456665,
    "fingerprint_version": 2.0,
    "fingerprint_duration_seconds": 127.91732426303855,
    "embed_mfcc_delta_mean": -0.005340562202036381,
    "embed_mfcc_delta_std": 3.9519505500793457,
    "embed_chroma_delta_mean": -1.0230697625956964e-05,
    "embed_chroma_delta_std": 0.0159741323441267,
    "embed_onset_peak": 21.55550765991211,
    "embed_onset_p95": 6.4621968269348145,
    "embed_rms_p10": 0.24861575663089752,
    "embed_rms_p50": 0.2803668975830078,
    "embed_rms_p90": 0.2956598699092865,
    "embedding_nonzero_count": 100.0
  },
  "rhythm": {
    "onset_count": 734,
    "onset_density": 5.738082712950914,
    "drum_activity": "High",
    "estimated_bars": 75,
    "seconds_per_bar": 1.7142857142857142
  },
  "sections": [
    {
      "name": "Intro",
      "start": 0.0,
      "end": 16.0,
      "avg_energy": 0.16249945759773254,
      "energy_label": "Low"
    },
    {
      "name": "Chorus / Hook",
      "start": 16.0,
      "end": 32.0,
      "avg_energy": 0.2896125614643097,
      "energy_label": "Medium"
    },
    {
      "name": "Verse",
      "start": 32.0,
      "end": 48.0,
      "avg_energy": 0.2974097430706024,
      "energy_label": "High"
    },
    {
      "name": "Chorus / Hook",
      "start": 48.0,
      "end": 64.0,
      "avg_energy": 0.29551851749420166,
      "energy_label": "High"
    },
    {
      "name": "Verse",
      "start": 64.0,
      "end": 80.0,
      "avg_energy": 0.29197847843170166,