{
  "basic": {
    "file_name": "Lil Tony - Leh Do It .wav",
    "file_path": "/Volumes/POLLY/tracks/Lil Tony/Lil Tony - Leh Do It .wav",
    "sample_rate": 48000,
    "duration_seconds": 129.68345833333333,
    "bpm": 140.0,
    "key": "D# Minor",
    "key_note": "D#",
    "key_mode": "Minor",
    "key_confidence": 43.44168819747029
  },
  "loudness": {
    "peak_db": 0.0005415175766149916,
    "rms_db": -6.863100487539803,
    "dynamic_range_db": 6.863642005116418,
    "clipping_detected": true,
    "clipping_samples": 8004,
    "clipping_percent": 0.12858232047713614,
    "headroom_db": -0.0005415175766149916
  },
  "frequency": {
    "band_percentages": {
      "Sub": 16.92234297884068,
      "Bass / 808": 14.750781505729341,
      "Mud": 14.46306297475822,
      "Low Mids": 14.003580390126983,
      "Mids / Melody": 14.076883708457158,
      "Harsh Zone": 13.67216222745174,
      "Highs": 13.736837241981423,
      "Air": 12.046511198330105,
      "Vocal Range": 14.982627789122319
    },
    "brightness_centroid_hz": 2421.167715143414,
    "brightness_label": "Medium",
    "spectral_rolloff_hz": 5264.687474296759,
    "dominant_band": "Sub",
    "low_end_total_percent": 31.673124484570018,
    "mid_total_percent": 42.54352707334236,
    "top_total_percent": 25.783348440311528
  },
  "fingerprint": {
    "mfcc_1": -107.20215606689453,
    "mfcc_2": -19.877132415771484,
    "mfcc_3": -0.2589738667011261,
    "mfcc_4": 6.315687656402588,
    "mfcc_5": 0.8980851769447327,
    "mfcc_6": 7.173700332641602,
    "mfcc_7": -14.101214408874512,
    "mfcc_8": 7.519865989685059,
    "mfcc_9": -11.57773208618164,
    "mfcc_10": 5.440060138702393,
    "mfcc_11": 7.974189758300781,
    "mfcc_12": 1.684151530265808,
    "mfcc_13": -1.7705633640289307,
    "chroma_1": 0.16941410303115845,
    "chroma_2": 0.22142452001571655,
    "chroma_3": 0.5763919949531555,
    "chroma_4": 0.663433313369751,
    "chroma_5": 0.3538511395454407,
    "chroma_6": 0.334954172372818,
    "chroma_7": 0.22610846161842346,
    "chroma_8": 0.20142537355422974,
    "chroma_9": 0.16069215536117554,
    "chroma_10": 0.22617565095424652,
    "chroma_11": 0.2267765998840332,
    "chroma_12": 0.15308326482772827,
    "spectral_contrast": 21.8339699837408,
    "spectral_flatness": 0.01400168240070343,
    "zero_crossing_rate": 0.05885933796318692,
    "embed_mfcc_1_mean": -107.20215606689453,
    "embed_mfcc_1_std": 43.37380599975586,
    "embed_mfcc_2_mean": -19.877132415771484,
    "embed_mfcc_2_std": 36.082191467285156,
    "embed_mfcc_3_mean": -0.2589738667011261,
    "embed_mfcc_3_std": 22.531959533691406,
    "embed_mfcc_4_mean": 6.315687656402588,
    "embed_mfcc_4_std": 20.616825103759766,
    "embed_mfcc_5_mean": 0.8980851769447327,
    "embed_mfcc_5_std": 17.393770217895508,
    "embed_mfcc_6_mean": 7.173700332641602,
    "embed_mfcc_6_std": 14.544183731079102,
    "embed_mfcc_7_mean": -14.101214408874512,
    "embed_mfcc_7_std": 13.725778579711914,
    "embed_mfcc_8_mean": 7.519865989685059,
    "embed_mfcc_8_std": 12.031004905700684,
    "embed_mfcc_9_mean": -11.57773208618164,
    "embed_mfcc_9_std": 11.89167308807373,
    "embed_mfcc_10_mean": 5.440060138702393,
    "embed_mfcc_10_std": 11.441206932067871,
    "embed_mfcc_11_mean": 7.974189758300781,
    "embed_mfcc_11_std": 11.029824256896973,
    "embed_mfcc_12_mean": 1.684151530265808,
    "embed_mfcc_12_std": 9.367433547973633,
    "embed_mfcc_13_mean": -1.7705633640289307,
    "embed_mfcc_13_std": 8.519172668457031,
    "embed_mfcc_14_mean": 0.8957200050354004,
    "embed_mfcc_14_std": 8.416662216186523,
    "embed_mfcc_15_mean": 1.5986812114715576,
    "embed_mfcc_15_std": 7.09033203125,
    "embed_mfcc_16_mean": 8.488131523132324,
    "embed_mfcc_16_std": 7.4021406173706055,
    "embed_mfcc_17_mean": 0.6728406548500061,
    "embed_mfcc_17_std": 7.041446685791016,
    "embed_mfcc_18_mean": 5.593669891357422,
    "embed_mfcc_18_std": 6.59596061706543,
    "embed_mfcc_19_mean": 0.08503000438213348,
    "embed_mfcc_19_std": 7.245640754699707,
    "embed_mfcc_20_mean": 1.057679295539856,
    "embed_mfcc_20_std": 6.630306720733643,
    "embed_chroma_1_mean": 0.16941410303115845,
    "embed_chroma_1_std": 0.11605874449014664,
    "embed_chroma_2_mean": 0.22142452001571655,
    "embed_chroma_2_std": 0.14091968536376953,
    "embed_chroma_3_mean": 0.5763919949531555,
    "embed_chroma_3_std": 0.36787280440330505,
    "embed_chroma_4_mean": 0.663433313369751,
    "embed_chroma_4_std": 0.33046039938926697,
    "embed_chroma_5_mean": 0.3538511395454407,
    "embed_chroma_5_std": 0.20417392253875732,
    "embed_chroma_6_mean": 0.334954172372818,
    "embed_chroma_6_std": 0.2740991711616516,
    "embed_chroma_7_mean": 0.22610846161842346,
    "embed_chroma_7_std": 0.1684323102235794,
    "embed_chroma_8_mean": 0.20142537355422974,
    "embed_chroma_8_std": 0.15051740407943726,
    "embed_chroma_9_mean": 0.16069215536117554,
    "embed_chroma_9_std": 0.1059478223323822,
    "embed_chroma_10_mean": 0.22617565095424652,
    "embed_chroma_10_std": 0.2037649005651474,
    "embed_chroma_11_mean": 0.2267765998840332,
    "embed_chroma_11_std": 0.21351546049118042,
    "embed_chroma_12_mean": 0.15308326482772827,
    "embed_chroma_12_std": 0.12964081764221191,
    "embed_contrast_1_mean": 21.507509231567383,
    "embed_contrast_1_std": 4.618418216705322,
    "embed_contrast_2_mean": 13.422175407409668,
    "embed_contrast_2_std": 3.8904879093170166,
    "embed_contrast_3_mean": 16.52699089050293,
    "embed_contrast_3_std": 3.782208204269409,
    "embed_contrast_4_mean": 16.35057830810547,
    "embed_contrast_4_std": 2.881808042526245,
    "embed_contrast_5_mean": 17.337989807128906,
    "embed_contrast_5_std": 2.6588385105133057,
    "embed_contrast_6_mean": 17.59429359436035,
    "embed_contrast_6_std": 2.7045083045959473,
    "embed_contrast_7_mean": 50.09825134277344,
    "embed_contrast_7_std": 3.635759115219116,
    "embed_chroma_entropy": 2.358377456665039,
    "embed_centroid_mean": 2473.306457591375,
    "embed_centroid_std": 950.2869546422205,
    "embed_rolloff_mean": 5638.053407462388,
    "embed_rolloff_std": 1831.1003272289497,
    "embed_flatness_mean": 0.01400168240070343,
    "embed_flatness_std": 0.024596769362688065,
    "embed_zcr_mean": 0.05885933796318692,
    "embed_zcr_std": 0.05948108364605128,
    "embed_rms_mean": 0.41141584515571594,
    "embed_rms_std": 0.11965364217758179,
    "embed_onset_mean": 1.7126086950302124,
    "embed_onset_std": 1.3254990577697754,
    "fingerprint_version": 2.0,
    "fingerprint_duration_seconds": 129.68349206349205,
    "embed_mfcc_delta_mean": 0.0021698714699596167,
    "embed_mfcc_delta_std": 2.927560806274414,
    "embed_chroma_delta_mean": -7.051269494695589e-05,
    "embed_chroma_delta_std": 0.02100089192390442,
    "embed_onset_peak": 14.958117485046387,
    "embed_onset_p95": 4.343597412109375,
    "embed_rms_p10": 0.20403772592544556,
    "embed_rms_p50": 0.4412442445755005,
    "embed_rms_p90": 0.531960666179657,
    "embedding_nonzero_count": 100.0
  },
  "rhythm": {
    "onset_count": 756,
    "onset_density": 5.829579267209291,
    "drum_activity": "High",
    "estimated_bars": 76,
    "seconds_per_bar": 1.7142857142857142
  },
  "sections": [
    {
      "name": "Intro",
      "start": 0.0,
      "end": 16.0,
      "avg_energy": 0.1574818193912506,
      "energy_label": "Low"
    },
    {
      "name": "Chorus / Hook",
      "start": 16.0,
      "end": 32.0,
      "avg_energy": 0.503283679485321,
      "energy_label": "Medium"
    },
    {
      "name": "Verse",
      "start": 32.0,
      "end": 48.0,
      "avg_energy": 0.49390554428100586,
      "energy_label": "Medium"
    },
    {
      "name": "Chorus / Hook",
      "start": 48.0,
      "end": 64.0,
      "avg_energy": 0.507798433303833,
      "energy_label": "High"
    },
    {
      "name": "Verse",
      "start": 64.0,
      "end": 80.0,
      "avg_energy": 0.45485055446624756,