{
  "basic": {
    "file_name": "Lil Tony - Life Of Key.wav",
    "file_path": "/Users/jayden/SoundLens/tracks/Lil Tony/Lil Tony - Life Of Key.wav",
    "sample_rate": 48000,
    "duration_seconds": 161.088,
    "bpm": 167.91,
    "key": "A Minor",
    "key_note": "A",
    "key_mode": "Minor",
    "key_confidence": 46.029433323524586
  },
  "loudness": {
    "peak_db": -9.008363689859351e-05,
    "rms_db": -14.93697872779398,
    "dynamic_range_db": 14.936888644157081,
    "clipping_detected": true,
    "clipping_samples": 214,
    "clipping_percent": 0.002767638392265925,
    "headroom_db": 9.008363689859351e-05
  },
  "frequency": {
    "band_percentages": {
      "Sub": 14.609015223015884,
      "Bass / 808": 15.206268878191592,
      "Mud": 14.837542790027722,
      "Low Mids": 14.964193378712173,
      "Mids / Melody": 14.566587614504906,
      "Harsh Zone": 13.718678102620308,
      "Highs": 13.382110116465546,
      "Air": 12.434281997260898,
      "Vocal Range": 15.625459277882792
    },
    "brightness_centroid_hz": 2681.059664138272,
    "brightness_label": "Medium",
    "spectral_rolloff_hz": 5620.803813811825,
    "dominant_band": "Bass / 808",
    "low_end_total_percent": 29.815284101207475,
    "mid_total_percent": 44.3683237832448,
    "top_total_percent": 25.816392113726444
  },
  "fingerprint": {
    "mfcc_1": -166.31637573242188,
    "mfcc_2": 143.32594299316406,
    "mfcc_3": -7.416676998138428,
    "mfcc_4": 37.59349822998047,
    "mfcc_5": -5.769958972930908,
    "mfcc_6": 19.865703582763672,
    "mfcc_7": -10.948684692382812,
    "mfcc_8": 1.6398073434829712,
    "mfcc_9": -5.204287528991699,
    "mfcc_10": -1.9958091974258423,
    "mfcc_11": -3.604196071624756,
    "mfcc_12": -5.015676498413086,
    "mfcc_13": -3.2588064670562744,
    "chroma_1": 0.2828125059604645,
    "chroma_2": 0.31121501326560974,
    "chroma_3": 0.29329514503479004,
    "chroma_4": 0.259267121553421,
    "chroma_5": 0.40236979722976685,
    "chroma_6": 0.43382254242897034,
    "chroma_7": 0.3349152207374573,
    "chroma_8": 0.3340442478656769,
    "chroma_9": 0.27603039145469666,
    "chroma_10": 0.6588669419288635,
    "chroma_11": 0.558140754699707,
    "chroma_12": 0.24067813158035278,
    "spectral_contrast": 21.769974978837748,
    "spectral_flatness": 0.0005413629696704447,
    "zero_crossing_rate": 0.051436871761818846
  },
  "rhythm": {
    "onset_count": 779,
    "onset_density": 4.835866110448947,
    "drum_activity": "High",
    "estimated_bars": 113,
    "seconds_per_bar": 1.429337144899053
  },
  "sections": [
    {
      "name": "Intro",
      "start": 0.0,
      "end": 16.0,
      "avg_energy": 0.14816924929618835,
      "energy_label": "Low"
    },
    {
      "name": "Chorus / Hook",
      "start": 16.0,
      "end": 32.0,
      "avg_energy": 0.17289869487285614,
      "energy_label": "Medium"
    },
    {
      "name": "Verse",
      "start": 32.0,
      "end": 48.0,
      "avg_energy": 0.21691358089447021,
      "energy_label": "High"
    },
    {
      "name": "Chorus / Hook",
      "start": 48.0,
      "end": 64.0,
      "avg_energy": 0.22636738419532776,
      "energy_label": "High"
    },
    {
      "name": "Verse",
      "start": 64.0,
      "end": 80.0,
      "avg_energy": 0.20850344002246857,
      "energy_label": "High"
    },
    {
      "name": "Verse",
      "start": 80.0,
      "end": 96.0,
      "avg_energy": 0.185855433344841,
      "energy_label": "Medium"
    },
    {
      "name": "Verse",
      "start": 96.0,
      "end": 112.0,
      "avg_energy": 0.19643369317054749,
      "energy_label": "Medium"
    },
    {
      "name": "Verse",
      "start": 112.0,
      "end": 128.0,
      "avg_energy": 0.1667797863483429,
      "energy_label": "Medium"
    },
    {
      "name": "Bridge / Breakdown",
      "start": 128.0,
      "end": 144.0,
      "avg_energy": 0.13882458209991455,
      "energy_label": "Low"
    },
    {
      "name": "Outro",
      "start": 144.0,
      "end": 161.088,
      "avg_energy": 0.09281373769044876,
      "energy_label": "Low"
    }
  ],
  "scores": {
    "mix": 86,
    "master": 86,
    "arrangement": 81,
    "release": 84,
    "energy": 5.03151063610301,
    "bass_strength": 5.963056820241495,
    "darkness": 4.6378806717234555,
    "brightness": 5.3621193282765445,
    "drum_bounce": 10,
    "vocal_space": 1.9272409727443147
  },
  "stem_balance": null,
  "top_problems": [
    "Clipping detected: 214 samples are near/over the limit.",
    "Mud range is elevated around 250-500 Hz.",
    "Intro may be long for short-form listener retention.",
    "Drum movement is very active; the beat could become overcrowded."
  ],
  "suggested_fixes": [
    "Lower the master/output, then use a soft clipper or limiter with safer ceiling.",
    "Gently cut 250-500 Hz on melodies, pads, or the master if the mix feels cloudy.",
    "Mute extra percussion in some sections so the hook/drop feels bigger.",
    "Consider bringing drums, 808, or a strong tag/moment in earlier."
  ],
  "artist_notes": [
    "Autotune/key starting point: A Minor. Confidence: 46.0%.",
    "Beat energy: 5.0/10. Darkness: 4.6/10.",
    "Vocal space estimate: 1.9/10. Higher means easier space for vocals."
  ],
  "producer_notes": [
    "Low-end presence looks usable for the selected style.",
    "Selected style preset: rage_trap.",
    "Dominant frequency area: Bass / 808.",
    "Drum activity is high at 4.84 hits/sec.",
    "Estimated length: 113 bars at 168 BPM."
  ],
  "master_notes": [
    "Clipping is the first thing to fix before judging the rest of the mix.",
    "Loudness is in a usable range for the selected style.",
    "Peak: -0.00 dB. RMS: -14.94 dB. Dynamic range: 14.94 dB."
  ],
  "next_steps": [
    "Lower the master/output, then use a soft clipper or limiter with safer ceiling.",
    "Gently cut 250-500 Hz on melodies, pads, or the master if the mix feels cloudy.",
    "Mute extra percussion in some sections so the hook/drop feels bigger.",
    "Fix the top 1-2 issues, export again, then re-run SoundLens."
  ]
}