{
  "basic": {
    "file_name": "Lil Tony - OH WHOA !wav.wav",
    "file_path": "/Users/jayden/SoundLens/tracks/Lil Tony/Lil Tony - OH WHOA !wav.wav",
    "sample_rate": 48000,
    "duration_seconds": 123.48,
    "bpm": 140.62,
    "key": "G# Major",
    "key_note": "G#",
    "key_mode": "Major",
    "key_confidence": 45.034400860565334
  },
  "loudness": {
    "peak_db": -9.836673532226796e-06,
    "rms_db": -11.369798791382483,
    "dynamic_range_db": 11.36978895470895,
    "clipping_detected": true,
    "clipping_samples": 90,
    "clipping_percent": 0.0015184645286686102,
    "headroom_db": 9.836673532226796e-06
  },
  "frequency": {
    "band_percentages": {
      "Sub": 16.93593964545231,
      "Bass / 808": 13.882665248123892,
      "Mud": 13.833238747483545,
      "Low Mids": 14.366038778430653,
      "Mids / Melody": 14.2157282091645,
      "Harsh Zone": 13.467050405947065,
      "Highs": 13.866139543086497,
      "Air": 12.900249826389606,
      "Vocal Range": 15.023435299614416
    },
    "brightness_centroid_hz": 3440.1113693517714,
    "brightness_label": "Medium",
    "spectral_rolloff_hz": 7001.909092381446,
    "dominant_band": "Sub",
    "low_end_total_percent": 30.818604893576204,
    "mid_total_percent": 42.415005735078694,
    "top_total_percent": 26.7663893694761
  },
  "fingerprint": {
    "mfcc_1": -197.86790466308594,
    "mfcc_2": 105.10892486572266,
    "mfcc_3": -0.6937224268913269,
    "mfcc_4": 36.96193313598633,
    "mfcc_5": -21.92634391784668,
    "mfcc_6": 24.58633804321289,
    "mfcc_7": -9.845163345336914,
    "mfcc_8": 0.6138590574264526,
    "mfcc_9": -0.8031039237976074,
    "mfcc_10": 9.379822731018066,
    "mfcc_11": -0.1462690234184265,
    "mfcc_12": 2.7431514263153076,
    "mfcc_13": 3.137092351913452,
    "chroma_1": 0.21556393802165985,
    "chroma_2": 0.5379666090011597,
    "chroma_3": 0.34007054567337036,
    "chroma_4": 0.2568972706794739,
    "chroma_5": 0.16373808681964874,
    "chroma_6": 0.18691383302211761,
    "chroma_7": 0.14256009459495544,
    "chroma_8": 0.25097689032554626,
    "chroma_9": 0.5665792226791382,
    "chroma_10": 0.29015442728996277,
    "chroma_11": 0.21827685832977295,
    "chroma_12": 0.14627714455127716,
    "spectral_contrast": 21.631956355300915,
    "spectral_flatness": 0.0011609761277213693,
    "zero_crossing_rate": 0.06289262418210677
  },
  "rhythm": {
    "onset_count": 791,
    "onset_density": 6.405895691609977,
    "drum_activity": "High",
    "estimated_bars": 72,
    "seconds_per_bar": 1.7067273503057887
  },
  "sections": [
    {
      "name": "Intro",
      "start": 0.0,
      "end": 16.0,
      "avg_energy": 0.15492388606071472,
      "energy_label": "Low"
    },
    {
      "name": "Chorus / Hook",
      "start": 16.0,
      "end": 32.0,
      "avg_energy": 0.31397417187690735,
      "energy_label": "High"
    },
    {
      "name": "Verse",
      "start": 32.0,
      "end": 48.0,
      "avg_energy": 0.2987891733646393,
      "energy_label": "Medium"
    },
    {
      "name": "Chorus / Hook",
      "start": 48.0,
      "end": 64.0,
      "avg_energy": 0.31041112542152405,
      "energy_label": "High"
    },
    {
      "name": "Verse",
      "start": 64.0,
      "end": 80.0,
      "avg_energy": 0.2909812033176422,
      "energy_label": "Medium"
    },
    {
      "name": "Verse",
      "start": 80.0,
      "end": 96.0,
      "avg_energy": 0.28569841384887695,
      "energy_label": "Medium"
    },
    {
      "name": "Outro",
      "start": 96.0,
      "end": 123.48,
      "avg_energy": 0.22697307169437408,
      "energy_label": "Low"
    }
  ],
  "scores": {
    "mix": 86,
    "master": 86,
    "arrangement": 75,
    "release": 83,
    "energy": 6.815100604308759,
    "bass_strength": 6.163720978715241,
    "darkness": 3.1197772612964574,
    "brightness": 6.880222738703543,
    "drum_bounce": 10,
    "vocal_space": 2.4144132469450597
  },
  "stem_balance": null,
  "top_problems": [
    "Clipping detected: 90 samples are near/over the limit.",
    "Mud range is elevated around 250-500 Hz.",
    "Intro may be long for short-form listener retention.",
    "Drum movement is very active; the beat could become overcrowded.",
    "Hook/verse contrast looks low, but arrangement detection is still an estimate."
  ],
  "suggested_fixes": [
    "Lower the master/output, then use a soft clipper or limiter with safer ceiling.",
    "Gently cut 250-500 Hz on melodies, pads, or the master if the mix feels cloudy.",
    "Mute extra percussion in some sections so the hook/drop feels bigger.",
    "Check the waveform/sections by ear. If the hook feels flat, add contrast with melody layers, drum changes, or vocal energy.",
    "Consider bringing drums, 808, or a strong tag/moment in earlier."
  ],
  "artist_notes": [
    "Autotune/key starting point: G# Major. Confidence: 45.0%.",
    "Beat energy: 6.8/10. Darkness: 3.1/10.",
    "Vocal space estimate: 2.4/10. Higher means easier space for vocals."
  ],
  "producer_notes": [
    "Low-end presence looks usable for the selected style.",
    "Selected style preset: rage_trap.",
    "Dominant frequency area: Sub.",
    "Drum activity is high at 6.41 hits/sec.",
    "Estimated length: 72 bars at 141 BPM."
  ],
  "master_notes": [
    "Clipping is the first thing to fix before judging the rest of the mix.",
    "Loudness is in a usable range for the selected style.",
    "Peak: -0.00 dB. RMS: -11.37 dB. Dynamic range: 11.37 dB."
  ],
  "next_steps": [
    "Lower the master/output, then use a soft clipper or limiter with safer ceiling.",
    "Gently cut 250-500 Hz on melodies, pads, or the master if the mix feels cloudy.",
    "Mute extra percussion in some sections so the hook/drop feels bigger.",
    "Fix the top 1-2 issues, export again, then re-run SoundLens."
  ]
}