{
  "basic": {
    "file_name": "Lil Tony - Grandma Proud.wav",
    "file_path": "/Volumes/POLLY/tracks/Lil Tony/Lil Tony - Grandma Proud.wav",
    "sample_rate": 48000,
    "duration_seconds": 124.76083333333334,
    "bpm": 140.0,
    "key": "C Minor",
    "key_note": "C",
    "key_mode": "Minor",
    "key_confidence": 42.93507214561918
  },
  "loudness": {
    "peak_db": 0.00015842068141444474,
    "rms_db": -8.873340621573364,
    "dynamic_range_db": 8.873499042254778,
    "clipping_detected": true,
    "clipping_samples": 4482,
    "clipping_percent": 0.07484319998931288,
    "headroom_db": -0.00015842068141444474
  },
  "frequency": {
    "band_percentages": {
      "Sub": 16.601622395936126,
      "Bass / 808": 15.400938046629559,
      "Mud": 13.289058932417472,
      "Low Mids": 13.982257339495439,
      "Mids / Melody": 14.034643510079903,
      "Harsh Zone": 13.6098431834904,
      "Highs": 13.736962617978868,
      "Air": 12.95451715566649,
      "Vocal Range": 14.634607123670513
    },
    "brightness_centroid_hz": 3320.169856282835,
    "brightness_label": "Medium",
    "spectral_rolloff_hz": 7952.634088868941,
    "dominant_band": "Sub",
    "low_end_total_percent": 32.00256044256568,
    "mid_total_percent": 41.30595978199281,
    "top_total_percent": 26.69147977364536
  },
  "fingerprint": {
    "mfcc_1": -138.42918395996094,
    "mfcc_2": -41.894500732421875,
    "mfcc_3": 8.543721199035645,
    "mfcc_4": 3.635540008544922,
    "mfcc_5": 6.277651309967041,
    "mfcc_6": 1.7509905099868774,
    "mfcc_7": 1.8136687278747559,
    "mfcc_8": 24.222946166992188,
    "mfcc_9": 4.743157386779785,
    "mfcc_10": 13.2132568359375,
    "mfcc_11": 4.717325210571289,
    "mfcc_12": 5.894057273864746,
    "mfcc_13": 10.502368927001953,
    "chroma_1": 0.7020328044891357,
    "chroma_2": 0.9009841680526733,
    "chroma_3": 0.7304503321647644,
    "chroma_4": 0.4075091481208801,
    "chroma_5": 0.38569894433021545,
    "chroma_6": 0.29154419898986816,
    "chroma_7": 0.34822022914886475,
    "chroma_8": 0.4106293320655823,
    "chroma_9": 0.3333323895931244,
    "chroma_10": 0.24658316373825073,
    "chroma_11": 0.22872774302959442,
    "chroma_12": 0.24030962586402893,
    "spectral_contrast": 21.586182131248048,
    "spectral_flatness": 0.01137741282582283,
    "zero_crossing_rate": 0.06422958137819272,
    "embed_mfcc_1_mean": -138.42918395996094,
    "embed_mfcc_1_std": 46.70774459838867,
    "embed_mfcc_2_mean": -41.894500732421875,
    "embed_mfcc_2_std": 31.258636474609375,
    "embed_mfcc_3_mean": 8.543721199035645,
    "embed_mfcc_3_std": 25.092601776123047,
    "embed_mfcc_4_mean": 3.635540008544922,
    "embed_mfcc_4_std": 20.836606979370117,
    "embed_mfcc_5_mean": 6.277651309967041,
    "embed_mfcc_5_std": 17.232507705688477,
    "embed_mfcc_6_mean": 1.7509905099868774,
    "embed_mfcc_6_std": 16.054039001464844,
    "embed_mfcc_7_mean": 1.8136687278747559,
    "embed_mfcc_7_std": 11.622832298278809,
    "embed_mfcc_8_mean": 24.222946166992188,
    "embed_mfcc_8_std": 11.74399471282959,
    "embed_mfcc_9_mean": 4.743157386779785,
    "embed_mfcc_9_std": 10.773452758789062,
    "embed_mfcc_10_mean": 13.2132568359375,
    "embed_mfcc_10_std": 10.746485710144043,
    "embed_mfcc_11_mean": 4.717325210571289,
    "embed_mfcc_11_std": 10.483863830566406,
    "embed_mfcc_12_mean": 5.894057273864746,
    "embed_mfcc_12_std": 8.569768905639648,
    "embed_mfcc_13_mean": 10.502368927001953,
    "embed_mfcc_13_std": 8.465133666992188,
    "embed_mfcc_14_mean": 9.24225902557373,
    "embed_mfcc_14_std": 9.713980674743652,
    "embed_mfcc_15_mean": 6.8989577293396,
    "embed_mfcc_15_std": 8.315804481506348,
    "embed_mfcc_16_mean": 12.49171257019043,
    "embed_mfcc_16_std": 7.283520698547363,
    "embed_mfcc_17_mean": 0.8435788154602051,
    "embed_mfcc_17_std": 7.0830159187316895,
    "embed_mfcc_18_mean": 4.206846237182617,
    "embed_mfcc_18_std": 7.476024150848389,
    "embed_mfcc_19_mean": 5.695425987243652,
    "embed_mfcc_19_std": 7.022423267364502,
    "embed_mfcc_20_mean": 9.431777000427246,
    "embed_mfcc_20_std": 6.568753242492676,
    "embed_chroma_1_mean": 0.7020328044891357,
    "embed_chroma_1_std": 0.2199920266866684,
    "embed_chroma_2_mean": 0.9009841680526733,
    "embed_chroma_2_std": 0.14283700287342072,
    "embed_chroma_3_mean": 0.7304503321647644,
    "embed_chroma_3_std": 0.18788860738277435,
    "embed_chroma_4_mean": 0.4075091481208801,
    "embed_chroma_4_std": 0.11628147959709167,
    "embed_chroma_5_mean": 0.38569894433021545,
    "embed_chroma_5_std": 0.12985298037528992,
    "embed_chroma_6_mean": 0.29154419898986816,
    "embed_chroma_6_std": 0.0966682881116867,
    "embed_chroma_7_mean": 0.34822022914886475,
    "embed_chroma_7_std": 0.1372855305671692,
    "embed_chroma_8_mean": 0.4106293320655823,
    "embed_chroma_8_std": 0.12583371996879578,
    "embed_chroma_9_mean": 0.3333323895931244,
    "embed_chroma_9_std": 0.08878088742494583,
    "embed_chroma_10_mean": 0.24658316373825073,
    "embed_chroma_10_std": 0.09152421355247498,
    "embed_chroma_11_mean": 0.22872774302959442,
    "embed_chroma_11_std": 0.07736825197935104,
    "embed_chroma_12_mean": 0.24030962586402893,
    "embed_chroma_12_std": 0.0813915804028511,
    "embed_contrast_1_mean": 21.55023765563965,
    "embed_contrast_1_std": 4.472819805145264,
    "embed_contrast_2_mean": 13.42645263671875,
    "embed_contrast_2_std": 4.004451274871826,
    "embed_contrast_3_mean": 16.65757942199707,
    "embed_contrast_3_std": 4.285600185394287,
    "embed_contrast_4_mean": 17.973100662231445,
    "embed_contrast_4_std": 3.9071264266967773,
    "embed_contrast_5_mean": 16.94635581970215,
    "embed_contrast_5_std": 2.9407472610473633,
    "embed_contrast_6_mean": 17.22895050048828,
    "embed_contrast_6_std": 2.6254935264587402,
    "embed_contrast_7_mean": 47.32059860229492,
    "embed_contrast_7_std": 2.565735340118408,
    "embed_chroma_entropy": 2.378615617752075,
    "embed_centroid_mean": 2727.9654606678605,
    "embed_centroid_std": 855.1346303697361,
    "embed_rolloff_mean": 6531.327172624807,
    "embed_rolloff_std": 1502.5745818944145,
    "embed_flatness_mean": 0.01137741282582283,
    "embed_flatness_std": 0.014374452643096447,
    "embed_zcr_mean": 0.06422958137819272,
    "embed_zcr_std": 0.036863237569281,
    "embed_rms_mean": 0.3206235468387604,
    "embed_rms_std": 0.032134298235177994,
    "embed_onset_mean": 1.865744948387146,
    "embed_onset_std": 1.5003937482833862,
    "fingerprint_version": 2.0,
    "fingerprint_duration_seconds": 124.76086167800453,
    "embed_mfcc_delta_mean": -0.0001315891568083316,
    "embed_mfcc_delta_std": 3.345853567123413,
    "embed_chroma_delta_mean": -7.861669291742146e-05,
    "embed_chroma_delta_std": 0.01689058542251587,
    "embed_onset_peak": 11.790976524353027,
    "embed_onset_p95": 4.84515380859375,
    "embed_rms_p10": 0.278528094291687,
    "embed_rms_p50": 0.3243734836578369,
    "embed_rms_p90": 0.359072208404541,
    "embedding_nonzero_count": 100.0
  },
  "rhythm": {
    "onset_count": 1022,
    "onset_density": 8.191673401775397,
    "drum_activity": "High",
    "estimated_bars": 73,
    "seconds_per_bar": 1.7142857142857142
  },
  "sections": [
    {
      "name": "Intro",
      "start": 0.0,
      "end": 16.0,
      "avg_energy": 0.3709368407726288,
      "energy_label": "Medium"
    },
    {
      "name": "Chorus / Hook",
      "start": 16.0,
      "end": 32.0,
      "avg_energy": 0.3746661841869354,
      "energy_label": "Medium"
    },
    {
      "name": "Verse",
      "start": 32.0,
      "end": 48.0,
      "avg_energy": 0.3709343671798706,
      "energy_label": "Medium"
    },
    {
      "name": "Chorus / Hook",
      "start": 48.0,
      "end": 64.0,
      "avg_energy": 0.3731880486011505,
      "energy_label": "Medium"
    },
    {
      "name": "Verse",
      "start": 64.0,
      "end": 80.0,
      "avg_energy": 0.3707126975059509,