{
  "basic": {
    "file_name": "Lil Tony - One Question.wav",
    "file_path": "/Users/jayden/SoundLens/tracks/Lil Tony/Lil Tony - One Question.wav",
    "sample_rate": 48000,
    "duration_seconds": 180.09397916666666,
    "bpm": 150.67,
    "key": "F# Minor",
    "key_note": "F#",
    "key_mode": "Minor",
    "key_confidence": 47.57569593731576
  },
  "loudness": {
    "peak_db": 7.765755780944816e-05,
    "rms_db": -10.828257988820154,
    "dynamic_range_db": 10.828335646377964,
    "clipping_detected": true,
    "clipping_samples": 28,
    "clipping_percent": 0.00032390496119445044,
    "headroom_db": -7.765755780944816e-05
  },
  "frequency": {
    "band_percentages": {
      "Sub": 17.32696477065595,
      "Bass / 808": 13.814467825624513,
      "Mud": 13.339778640657443,
      "Low Mids": 13.97003586495543,
      "Mids / Melody": 13.869784241651173,
      "Harsh Zone": 13.73709322825637,
      "Highs": 14.66573404799026,
      "Air": 13.013234606602717,
      "Vocal Range": 14.554738863882047
    },
    "brightness_centroid_hz": 3879.3252208630756,
    "brightness_label": "High",
    "spectral_rolloff_hz": 7904.0733830845775,
    "dominant_band": "Sub",
    "low_end_total_percent": 31.141432596280467,
    "mid_total_percent": 41.179598747264045,
    "top_total_percent": 27.67896865459298
  },
  "fingerprint": {
    "mfcc_1": -179.22560119628906,
    "mfcc_2": 91.57487487792969,
    "mfcc_3": -17.624208450317383,
    "mfcc_4": 61.0799560546875,
    "mfcc_5": -24.99931526184082,
    "mfcc_6": 27.497941970825195,
    "mfcc_7": -6.057076454162598,
    "mfcc_8": 17.01728630065918,
    "mfcc_9": 7.035703182220459,
    "mfcc_10": 11.895120620727539,
    "mfcc_11": 8.15781307220459,
    "mfcc_12": 9.63759708404541,
    "mfcc_13": 5.696534156799316,
    "chroma_1": 0.17328527569770813,
    "chroma_2": 0.27906695008277893,
    "chroma_3": 0.24638941884040833,
    "chroma_4": 0.2070664018392563,
    "chroma_5": 0.30803385376930237,
    "chroma_6": 0.49012425541877747,
    "chroma_7": 0.5304818749427795,
    "chroma_8": 0.28383052349090576,
    "chroma_9": 0.2391829788684845,
    "chroma_10": 0.2076738178730011,
    "chroma_11": 0.16092003881931305,
    "chroma_12": 0.17755872011184692,
    "spectral_contrast": 20.976423247909043,
    "spectral_flatness": 0.0011886386200785637,
    "zero_crossing_rate": 0.06143818204365079
  },
  "rhythm": {
    "onset_count": 1088,
    "onset_density": 6.041290247649636,
    "drum_activity": "High",
    "estimated_bars": 113,
    "seconds_per_bar": 1.5928851131612134
  },
  "sections": [
    {
      "name": "Intro",
      "start": 0.0,
      "end": 16.0,
      "avg_energy": 0.16547667980194092,
      "energy_label": "Low"
    },
    {
      "name": "Chorus / Hook",
      "start": 16.0,
      "end": 32.0,
      "avg_energy": 0.3266778886318207,
      "energy_label": "Medium"
    },
    {
      "name": "Verse",
      "start": 32.0,
      "end": 48.0,
      "avg_energy": 0.3139222264289856,
      "energy_label": "Medium"
    },
    {
      "name": "Chorus / Hook",
      "start": 48.0,
      "end": 64.0,
      "avg_energy": 0.2837024927139282,
      "energy_label": "Medium"
    },
    {
      "name": "Verse",
      "start": 64.0,
      "end": 80.0,
      "avg_energy": 0.3277480900287628,
      "energy_label": "High"
    },
    {
      "name": "Verse",
      "start": 80.0,
      "end": 96.0,
      "avg_energy": 0.29477816820144653,
      "energy_label": "Medium"
    },
    {
      "name": "Verse",
      "start": 96.0,
      "end": 112.0,
      "avg_energy": 0.2952796220779419,
      "energy_label": "Medium"
    },
    {
      "name": "Verse",
      "start": 112.0,
      "end": 128.0,
      "avg_energy": 0.3145749568939209,
      "energy_label": "Medium"
    },
    {
      "name": "Verse",
      "start": 128.0,
      "end": 144.0,
      "avg_energy": 0.3016793131828308,
      "energy_label": "Medium"
    },
    {
      "name": "Verse",
      "start": 144.0,
      "end": 160.0,
      "avg_energy": 0.32511621713638306,
      "energy_label": "Medium"
    },
    {
      "name": "Outro",
      "start": 160.0,
      "end": 180.09397916666666,
      "avg_energy": 0.17811885476112366,
      "energy_label": "Low"
    }
  ],
  "scores": {
    "mix": 86,
    "master": 86,
    "arrangement": 75,
    "release": 83,
    "energy": 7.085871005589923,
    "bass_strength": 6.228286519256093,
    "darkness": 2.241349558273849,
    "brightness": 7.758650441726151,
    "drum_bounce": 10,
    "vocal_space": 2.6683691344576754
  },
  "stem_balance": null,
  "top_problems": [
    "Clipping detected: 28 samples are near/over the limit.",
    "Mud range is elevated around 250-500 Hz.",
    "Intro may be long for short-form listener retention.",
    "Drum movement is very active; the beat could become overcrowded.",
    "Hook/verse contrast looks low, but arrangement detection is still an estimate."
  ],
  "suggested_fixes": [
    "Lower the master/output, then use a soft clipper or limiter with safer ceiling.",
    "Gently cut 250-500 Hz on melodies, pads, or the master if the mix feels cloudy.",
    "Mute extra percussion in some sections so the hook/drop feels bigger.",
    "Check the waveform/sections by ear. If the hook feels flat, add contrast with melody layers, drum changes, or vocal energy.",
    "Consider bringing drums, 808, or a strong tag/moment in earlier."
  ],
  "artist_notes": [
    "Autotune/key starting point: F# Minor. Confidence: 47.6%.",
    "Beat energy: 7.1/10. Darkness: 2.2/10.",
    "Vocal space estimate: 2.7/10. Higher means easier space for vocals."
  ],
  "producer_notes": [
    "Low-end presence looks usable for the selected style.",
    "Selected style preset: rage_trap.",
    "Dominant frequency area: Sub.",
    "Drum activity is high at 6.04 hits/sec.",
    "Estimated length: 113 bars at 151 BPM."
  ],
  "master_notes": [
    "Clipping is the first thing to fix before judging the rest of the mix.",
    "Loudness is in a usable range for the selected style.",
    "Peak: 0.00 dB. RMS: -10.83 dB. Dynamic range: 10.83 dB."
  ],
  "next_steps": [
    "Lower the master/output, then use a soft clipper or limiter with safer ceiling.",
    "Gently cut 250-500 Hz on melodies, pads, or the master if the mix feels cloudy.",
    "Mute extra percussion in some sections so the hook/drop feels bigger.",
    "Fix the top 1-2 issues, export again, then re-run SoundLens."
  ]
}