{
  "basic": {
    "file_name": "Izaya Tiji - March Freestyle.wav",
    "file_path": "/Users/jayden/SoundLens/tracks/Izaya Tiji/Izaya Tiji - March Freestyle.wav",
    "sample_rate": 48000,
    "duration_seconds": 133.30577083333333,
    "bpm": 130.81,
    "key": "C# Minor",
    "key_note": "C#",
    "key_mode": "Minor",
    "key_confidence": 49.154803339456215
  },
  "loudness": {
    "peak_db": 1.5531567106754417e-05,
    "rms_db": -13.741873912402582,
    "dynamic_range_db": 13.741889443969688,
    "clipping_detected": true,
    "clipping_samples": 10,
    "clipping_percent": 0.00015628230648304328,
    "headroom_db": -1.5531567106754417e-05
  },
  "frequency": {
    "band_percentages": {
      "Sub": 16.785596681174088,
      "Bass / 808": 15.732898827890754,
      "Mud": 14.170663780802794,
      "Low Mids": 13.82487723151483,
      "Mids / Melody": 14.095772412113947,
      "Harsh Zone": 13.841871670789269,
      "Highs": 13.268084844741962,
      "Air": 12.122106219845815,
      "Vocal Range": 14.74627401709532
    },
    "brightness_centroid_hz": 2185.110856536249,
    "brightness_label": "Medium",
    "spectral_rolloff_hz": 4663.406144983197,
    "dominant_band": "Sub",
    "low_end_total_percent": 32.51849550906484,
    "mid_total_percent": 42.09131342443157,
    "top_total_percent": 25.390191064587775
  },
  "fingerprint": {
    "mfcc_1": -250.2567596435547,
    "mfcc_2": 121.027587890625,
    "mfcc_3": -6.348498344421387,
    "mfcc_4": 51.50836181640625,
    "mfcc_5": 13.066560745239258,
    "mfcc_6": 35.661224365234375,
    "mfcc_7": -0.4784422516822815,
    "mfcc_8": 22.537843704223633,
    "mfcc_9": 3.9635260105133057,
    "mfcc_10": 10.927274703979492,
    "mfcc_11": 8.461511611938477,
    "mfcc_12": 12.243160247802734,
    "mfcc_13": 12.948615074157715,
    "chroma_1": 0.4108968675136566,
    "chroma_2": 0.6825526356697083,
    "chroma_3": 0.6281101703643799,
    "chroma_4": 0.6394165754318237,
    "chroma_5": 0.5221242308616638,
    "chroma_6": 0.3449013829231262,
    "chroma_7": 0.33422011137008667,
    "chroma_8": 0.24991397559642792,
    "chroma_9": 0.4119689166545868,
    "chroma_10": 0.3791428804397583,
    "chroma_11": 0.29849669337272644,
    "chroma_12": 0.25520578026771545,
    "spectral_contrast": 20.260650446712006,
    "spectral_flatness": 0.0002711327688302845,
    "zero_crossing_rate": 0.025399806156485037
  },
  "rhythm": {
    "onset_count": 696,
    "onset_density": 5.22107929498551,
    "drum_activity": "High",
    "estimated_bars": 73,
    "seconds_per_bar": 1.8347221160461737
  },
  "sections": [
    {
      "name": "Intro",
      "start": 0.0,
      "end": 16.0,
      "avg_energy": 0.19658306241035461,
      "energy_label": "Medium"
    },
    {
      "name": "Chorus / Hook",
      "start": 16.0,
      "end": 32.0,
      "avg_energy": 0.20626389980316162,
      "energy_label": "Medium"
    },
    {
      "name": "Verse",
      "start": 32.0,
      "end": 48.0,
      "avg_energy": 0.1858736127614975,
      "energy_label": "Medium"
    },
    {
      "name": "Chorus / Hook",
      "start": 48.0,
      "end": 64.0,
      "avg_energy": 0.22165068984031677,
      "energy_label": "Medium"
    },
    {
      "name": "Verse",
      "start": 64.0,
      "end": 80.0,
      "avg_energy": 0.21139755845069885,
      "energy_label": "Medium"
    },
    {
      "name": "Verse",
      "start": 80.0,
      "end": 96.0,
      "avg_energy": 0.21321220695972443,
      "energy_label": "Medium"
    },
    {
      "name": "Verse",
      "start": 96.0,
      "end": 112.0,
      "avg_energy": 0.20396532118320465,
      "energy_label": "Medium"
    },
    {
      "name": "Outro",
      "start": 112.0,
      "end": 133.30577083333333,
      "avg_energy": 0.20393526554107666,
      "energy_label": "Medium"
    }
  ],
  "scores": {
    "mix": 86,
    "master": 86,
    "arrangement": 75,
    "release": 83,
    "energy": 5.629063043798709,
    "bass_strength": 6.503699101812968,
    "darkness": 5.629778286927502,
    "brightness": 4.370221713072498,
    "drum_bounce": 10,
    "vocal_space": 2.3567520260339068
  },
  "stem_balance": null,
  "top_problems": [
    "Clipping detected: 10 samples are near/over the limit.",
    "Mud range is elevated around 250-500 Hz.",
    "Intro may be long for short-form listener retention.",
    "Drum movement is very active; the beat could become overcrowded.",
    "Hook/verse contrast looks low, but arrangement detection is still an estimate."
  ],
  "suggested_fixes": [
    "Lower the master/output, then use a soft clipper or limiter with safer ceiling.",
    "Gently cut 250-500 Hz on melodies, pads, or the master if the mix feels cloudy.",
    "Mute extra percussion in some sections so the hook/drop feels bigger.",
    "Check the waveform/sections by ear. If the hook feels flat, add contrast with melody layers, drum changes, or vocal energy.",
    "Consider bringing drums, 808, or a strong tag/moment in earlier."
  ],
  "artist_notes": [
    "Autotune/key starting point: C# Minor. Confidence: 49.2%.",
    "Beat energy: 5.6/10. Darkness: 5.6/10.",
    "Vocal space estimate: 2.4/10. Higher means easier space for vocals."
  ],
  "producer_notes": [
    "Low-end presence looks usable for the selected style.",
    "Selected style preset: rage_trap.",
    "Dominant frequency area: Sub.",
    "Drum activity is high at 5.22 hits/sec.",
    "Estimated length: 73 bars at 131 BPM."
  ],
  "master_notes": [
    "Clipping is the first thing to fix before judging the rest of the mix.",
    "Loudness is in a usable range for the selected style.",
    "Peak: 0.00 dB. RMS: -13.74 dB. Dynamic range: 13.74 dB."
  ],
  "next_steps": [
    "Lower the master/output, then use a soft clipper or limiter with safer ceiling.",
    "Gently cut 250-500 Hz on melodies, pads, or the master if the mix feels cloudy.",
    "Mute extra percussion in some sections so the hook/drop feels bigger.",
    "Fix the top 1-2 issues, export again, then re-run SoundLens."
  ]
}