{
  "basic": {
    "file_name": "Izaya Tiji - yes...wav",
    "file_path": "/Volumes/POLLY/tracks/Izaya Tiji/Izaya Tiji - yes...wav",
    "sample_rate": 48000,
    "duration_seconds": 210.00127083333334,
    "bpm": 140.0,
    "key": "C# Major",
    "key_note": "C#",
    "key_mode": "Major",
    "key_confidence": 42.042700022392815
  },
  "loudness": {
    "peak_db": -0.3608152139387394,
    "rms_db": -12.242798813340396,
    "dynamic_range_db": 11.881983599401657,
    "clipping_detected": false,
    "clipping_samples": 0,
    "clipping_percent": 0.0,
    "headroom_db": 0.3608152139387394
  },
  "frequency": {
    "band_percentages": {
      "Sub": 16.99250603942994,
      "Bass / 808": 15.146848630271528,
      "Mud": 15.052077736699593,
      "Low Mids": 14.237578189368078,
      "Mids / Melody": 13.436744700314362,
      "Harsh Zone": 12.527480444347091,
      "Highs": 13.217464856439646,
      "Air": 11.916779845623894,
      "Vocal Range": 15.16781909818162
    },
    "brightness_centroid_hz": 2123.091757057381,
    "brightness_label": "Medium",
    "spectral_rolloff_hz": 4830.0487606663955,
    "dominant_band": "Sub",
    "low_end_total_percent": 32.13935466970147,
    "mid_total_percent": 42.72640062638203,
    "top_total_percent": 25.13424470206354
  },
  "fingerprint": {
    "mfcc_1": -228.08644104003906,
    "mfcc_2": 3.143923282623291,
    "mfcc_3": 24.937803268432617,
    "mfcc_4": 5.5178751945495605,
    "mfcc_5": 3.168952465057373,
    "mfcc_6": 7.640138149261475,
    "mfcc_7": -0.36857783794403076,
    "mfcc_8": -2.29460072517395,
    "mfcc_9": -16.812990188598633,
    "mfcc_10": -1.6521494388580322,
    "mfcc_11": -11.687982559204102,
    "mfcc_12": 4.264268398284912,
    "mfcc_13": 1.7262344360351562,
    "chroma_1": 0.3574971854686737,
    "chroma_2": 0.6688899397850037,
    "chroma_3": 0.32921937108039856,
    "chroma_4": 0.35427382588386536,
    "chroma_5": 0.23150312900543213,
    "chroma_6": 0.4378727376461029,
    "chroma_7": 0.20703844726085663,
    "chroma_8": 0.20290757715702057,
    "chroma_9": 0.22540096938610077,
    "chroma_10": 0.1447249799966812,
    "chroma_11": 0.16781704127788544,
    "chroma_12": 0.11751643568277359,
    "spectral_contrast": 23.13926474155383,
    "spectral_flatness": 0.006813087500631809,
    "zero_crossing_rate": 0.04369295197005611,
    "embed_mfcc_1_mean": -228.08644104003906,
    "embed_mfcc_1_std": 76.14768981933594,
    "embed_mfcc_2_mean": 3.143923282623291,
    "embed_mfcc_2_std": 39.167579650878906,
    "embed_mfcc_3_mean": 24.937803268432617,
    "embed_mfcc_3_std": 28.124099731445312,
    "embed_mfcc_4_mean": 5.5178751945495605,
    "embed_mfcc_4_std": 20.0631103515625,
    "embed_mfcc_5_mean": 3.168952465057373,
    "embed_mfcc_5_std": 15.808399200439453,
    "embed_mfcc_6_mean": 7.640138149261475,
    "embed_mfcc_6_std": 17.6890869140625,
    "embed_mfcc_7_mean": -0.36857783794403076,
    "embed_mfcc_7_std": 13.823039054870605,
    "embed_mfcc_8_mean": -2.29460072517395,
    "embed_mfcc_8_std": 14.130659103393555,
    "embed_mfcc_9_mean": -16.812990188598633,
    "embed_mfcc_9_std": 10.727643013000488,
    "embed_mfcc_10_mean": -1.6521494388580322,
    "embed_mfcc_10_std": 10.784270286560059,
    "embed_mfcc_11_mean": -11.687982559204102,
    "embed_mfcc_11_std": 11.379297256469727,
    "embed_mfcc_12_mean": 4.264268398284912,
    "embed_mfcc_12_std": 10.382065773010254,
    "embed_mfcc_13_mean": 1.7262344360351562,
    "embed_mfcc_13_std": 9.019966125488281,
    "embed_mfcc_14_mean": 5.492266654968262,
    "embed_mfcc_14_std": 9.038898468017578,
    "embed_mfcc_15_mean": 4.096680641174316,
    "embed_mfcc_15_std": 9.807960510253906,
    "embed_mfcc_16_mean": 5.07121467590332,
    "embed_mfcc_16_std": 8.853373527526855,
    "embed_mfcc_17_mean": -8.9207181930542,
    "embed_mfcc_17_std": 8.717198371887207,
    "embed_mfcc_18_mean": 3.1219520568847656,
    "embed_mfcc_18_std": 7.78786039352417,
    "embed_mfcc_19_mean": 0.5655860900878906,
    "embed_mfcc_19_std": 7.554553508758545,
    "embed_mfcc_20_mean": 3.8179006576538086,
    "embed_mfcc_20_std": 7.0428338050842285,
    "embed_chroma_1_mean": 0.3574971854686737,
    "embed_chroma_1_std": 0.243782639503479,
    "embed_chroma_2_mean": 0.6688899397850037,
    "embed_chroma_2_std": 0.3992452621459961,
    "embed_chroma_3_mean": 0.32921937108039856,
    "embed_chroma_3_std": 0.22893010079860687,
    "embed_chroma_4_mean": 0.35427382588386536,
    "embed_chroma_4_std": 0.2974318563938141,
    "embed_chroma_5_mean": 0.23150312900543213,
    "embed_chroma_5_std": 0.16104108095169067,
    "embed_chroma_6_mean": 0.4378727376461029,
    "embed_chroma_6_std": 0.3615679144859314,
    "embed_chroma_7_mean": 0.20703844726085663,
    "embed_chroma_7_std": 0.15817639231681824,
    "embed_chroma_8_mean": 0.20290757715702057,
    "embed_chroma_8_std": 0.13363534212112427,
    "embed_chroma_9_mean": 0.22540096938610077,
    "embed_chroma_9_std": 0.1342233568429947,
    "embed_chroma_10_mean": 0.1447249799966812,
    "embed_chroma_10_std": 0.09790606051683426,
    "embed_chroma_11_mean": 0.16781704127788544,
    "embed_chroma_11_std": 0.144768625497818,
    "embed_chroma_12_mean": 0.11751643568277359,
    "embed_chroma_12_std": 0.08097627758979797,
    "embed_contrast_1_mean": 21.38291358947754,
    "embed_contrast_1_std": 4.932061195373535,
    "embed_contrast_2_mean": 15.471539497375488,
    "embed_contrast_2_std": 4.224937915802002,
    "embed_contrast_3_mean": 20.82516860961914,
    "embed_contrast_3_std": 4.388151168823242,
    "embed_contrast_4_mean": 16.917598724365234,
    "embed_contrast_4_std": 3.5150349140167236,
    "embed_contrast_5_mean": 17.930482864379883,
    "embed_contrast_5_std": 2.8595356941223145,
    "embed_contrast_6_mean": 18.524686813354492,
    "embed_contrast_6_std": 3.182429075241089,
    "embed_contrast_7_mean": 50.92246627807617,
    "embed_contrast_7_std": 4.038261413574219,
    "embed_chroma_entropy": 2.36519718170166,
    "embed_centroid_mean": 1955.0536202475034,
    "embed_centroid_std": 1019.1594599732283,
    "embed_rolloff_mean": 4574.726503921367,
    "embed_rolloff_std": 2581.812851020764,
    "embed_flatness_mean": 0.006813087500631809,
    "embed_flatness_std": 0.015969306230545044,
    "embed_zcr_mean": 0.04369295197005611,
    "embed_zcr_std": 0.04140800802103766,
    "embed_rms_mean": 0.23558275401592255,
    "embed_rms_std": 0.12542493641376495,
    "embed_onset_mean": 1.6787275075912476,
    "embed_onset_std": 1.8042875528335571,
    "fingerprint_version": 2.0,
    "fingerprint_duration_seconds": 210.00131519274376,
    "embed_mfcc_delta_mean": -8.406834967900068e-05,
    "embed_mfcc_delta_std": 3.5001871585845947,
    "embed_chroma_delta_mean": -2.176305315515492e-05,
    "embed_chroma_delta_std": 0.01914459466934204,
    "embed_onset_peak": 17.857454299926758,
    "embed_onset_p95": 5.43000602722168,
    "embed_rms_p10": 0.06020539253950119,
    "embed_rms_p50": 0.23675137758255005,
    "embed_rms_p90": 0.4040474593639374,
    "embedding_nonzero_count": 100.0
  },
  "rhythm": {
    "onset_count": 1121,
    "onset_density": 5.3380629343413695,
    "drum_activity": "High",
    "estimated_bars": 123,
    "seconds_per_bar": 1.7142857142857142
  },
  "sections": [
    {
      "name": "Intro",
      "start": 0.0,
      "end": 16.0,
      "avg_energy": 0.1802385449409485,
      "energy_label": "Low"
    },
    {
      "name": "Chorus / Hook",
      "start": 16.0,
      "end": 32.0,
      "avg_energy": 0.2868792712688446,
      "energy_label": "High"
    },
    {
      "name": "Verse",
      "start": 32.0,
      "end": 48.0,
      "avg_energy": 0.25724005699157715,
      "energy_label": "Medium"
    },
    {
      "name": "Chorus / Hook",
      "start": 48.0,
      "end": 64.0,
      "avg_energy": 0.29850947856903076,
      "energy_label": "High"
    },
    {
      "name": "Verse",
      "start": 64.0,
      "end": 80.0,
      "avg_energy": 0.2173122763633728,