{
  "basic": {
    "file_name": "Izaya Tiji - He Done.wav",
    "file_path": "/Volumes/POLLY/tracks/Izaya Tiji/Izaya Tiji - He Done.wav",
    "sample_rate": 48000,
    "duration_seconds": 160.02135416666667,
    "bpm": 140.0,
    "key": "C# Minor",
    "key_note": "C#",
    "key_mode": "Minor",
    "key_confidence": 42.52858784291242
  },
  "loudness": {
    "peak_db": 0.00012632260682387305,
    "rms_db": -10.383152883404012,
    "dynamic_range_db": 10.383279206010837,
    "clipping_detected": true,
    "clipping_samples": 753,
    "clipping_percent": 0.009803379106304171,
    "headroom_db": -0.00012632260682387305
  },
  "frequency": {
    "band_percentages": {
      "Sub": 16.75285966287002,
      "Bass / 808": 15.303482773976231,
      "Mud": 14.301407989023934,
      "Low Mids": 14.073058996933717,
      "Mids / Melody": 13.768256745919166,
      "Harsh Zone": 13.096944142154868,
      "Highs": 13.875931731887484,
      "Air": 11.925002097573024,
      "Vocal Range": 14.786487629147366
    },
    "brightness_centroid_hz": 2570.083252380671,
    "brightness_label": "Medium",
    "spectral_rolloff_hz": 5955.7260422915415,
    "dominant_band": "Sub",
    "low_end_total_percent": 32.05634243684625,
    "mid_total_percent": 42.14272373187682,
    "top_total_percent": 25.800933829460508
  },
  "fingerprint": {
    "mfcc_1": -154.7457733154297,
    "mfcc_2": -11.260992050170898,
    "mfcc_3": 17.400968551635742,
    "mfcc_4": -13.065550804138184,
    "mfcc_5": -6.483424186706543,
    "mfcc_6": 11.566768646240234,
    "mfcc_7": -1.4389477968215942,
    "mfcc_8": -0.25491583347320557,
    "mfcc_9": -9.231979370117188,
    "mfcc_10": 11.874735832214355,
    "mfcc_11": -5.835093975067139,
    "mfcc_12": 9.450727462768555,
    "mfcc_13": -4.300788402557373,
    "chroma_1": 0.36560001969337463,
    "chroma_2": 0.6385360360145569,
    "chroma_3": 0.42277464270591736,
    "chroma_4": 0.2619844377040863,
    "chroma_5": 0.40144649147987366,
    "chroma_6": 0.3392074704170227,
    "chroma_7": 0.4896280765533447,
    "chroma_8": 0.2810119688510895,
    "chroma_9": 0.2493426501750946,
    "chroma_10": 0.21519498527050018,
    "chroma_11": 0.19926056265830994,
    "chroma_12": 0.3324865698814392,
    "spectral_contrast": 22.858902933992088,
    "spectral_flatness": 0.014486501924693584,
    "zero_crossing_rate": 0.05478746160265093,
    "embed_mfcc_1_mean": -154.7457733154297,
    "embed_mfcc_1_std": 42.26549530029297,
    "embed_mfcc_2_mean": -11.260992050170898,
    "embed_mfcc_2_std": 31.484806060791016,
    "embed_mfcc_3_mean": 17.400968551635742,
    "embed_mfcc_3_std": 22.878448486328125,
    "embed_mfcc_4_mean": -13.065550804138184,
    "embed_mfcc_4_std": 18.198486328125,
    "embed_mfcc_5_mean": -6.483424186706543,
    "embed_mfcc_5_std": 15.610133171081543,
    "embed_mfcc_6_mean": 11.566768646240234,
    "embed_mfcc_6_std": 13.762118339538574,
    "embed_mfcc_7_mean": -1.4389477968215942,
    "embed_mfcc_7_std": 11.840550422668457,
    "embed_mfcc_8_mean": -0.25491583347320557,
    "embed_mfcc_8_std": 12.001486778259277,
    "embed_mfcc_9_mean": -9.231979370117188,
    "embed_mfcc_9_std": 11.861970901489258,
    "embed_mfcc_10_mean": 11.874735832214355,
    "embed_mfcc_10_std": 12.220809936523438,
    "embed_mfcc_11_mean": -5.835093975067139,
    "embed_mfcc_11_std": 9.963210105895996,
    "embed_mfcc_12_mean": 9.450727462768555,
    "embed_mfcc_12_std": 9.493403434753418,
    "embed_mfcc_13_mean": -4.300788402557373,
    "embed_mfcc_13_std": 8.964079856872559,
    "embed_mfcc_14_mean": 3.355714797973633,
    "embed_mfcc_14_std": 9.07108211517334,
    "embed_mfcc_15_mean": 2.0381741523742676,
    "embed_mfcc_15_std": 8.756270408630371,
    "embed_mfcc_16_mean": 5.531748294830322,
    "embed_mfcc_16_std": 8.628796577453613,
    "embed_mfcc_17_mean": -3.0791842937469482,
    "embed_mfcc_17_std": 8.964757919311523,
    "embed_mfcc_18_mean": 8.815764427185059,
    "embed_mfcc_18_std": 8.347888946533203,
    "embed_mfcc_19_mean": -3.4170236587524414,
    "embed_mfcc_19_std": 7.586422443389893,
    "embed_mfcc_20_mean": 3.273050546646118,
    "embed_mfcc_20_std": 7.908030986785889,
    "embed_chroma_1_mean": 0.36560001969337463,
    "embed_chroma_1_std": 0.22346046566963196,
    "embed_chroma_2_mean": 0.6385360360145569,
    "embed_chroma_2_std": 0.32544004917144775,
    "embed_chroma_3_mean": 0.42277464270591736,
    "embed_chroma_3_std": 0.2555161714553833,
    "embed_chroma_4_mean": 0.2619844377040863,
    "embed_chroma_4_std": 0.17214623093605042,
    "embed_chroma_5_mean": 0.40144649147987366,
    "embed_chroma_5_std": 0.3290918171405792,
    "embed_chroma_6_mean": 0.3392074704170227,
    "embed_chroma_6_std": 0.21652959287166595,
    "embed_chroma_7_mean": 0.4896280765533447,
    "embed_chroma_7_std": 0.36154577136039734,
    "embed_chroma_8_mean": 0.2810119688510895,
    "embed_chroma_8_std": 0.1984085887670517,
    "embed_chroma_9_mean": 0.2493426501750946,
    "embed_chroma_9_std": 0.13451619446277618,
    "embed_chroma_10_mean": 0.21519498527050018,
    "embed_chroma_10_std": 0.13479021191596985,
    "embed_chroma_11_mean": 0.19926056265830994,
    "embed_chroma_11_std": 0.13903279602527618,
    "embed_chroma_12_mean": 0.3324865698814392,
    "embed_chroma_12_std": 0.3124578595161438,
    "embed_contrast_1_mean": 22.200868606567383,
    "embed_contrast_1_std": 4.990888595581055,
    "embed_contrast_2_mean": 14.27030086517334,
    "embed_contrast_2_std": 3.8166866302490234,
    "embed_contrast_3_mean": 17.52535057067871,
    "embed_contrast_3_std": 3.753525972366333,
    "embed_contrast_4_mean": 18.13766860961914,
    "embed_contrast_4_std": 3.048220634460449,
    "embed_contrast_5_mean": 17.940462112426758,
    "embed_contrast_5_std": 3.0222465991973877,
    "embed_contrast_6_mean": 17.236572265625,
    "embed_contrast_6_std": 2.628979206085205,
    "embed_contrast_7_mean": 52.70109176635742,
    "embed_contrast_7_std": 4.87443733215332,
    "embed_chroma_entropy": 2.428683280944824,
    "embed_centroid_mean": 2568.4806220212317,
    "embed_centroid_std": 1016.1701380470564,
    "embed_rolloff_mean": 6250.787202344959,
    "embed_rolloff_std": 2003.035548584883,
    "embed_flatness_mean": 0.014486501924693584,
    "embed_flatness_std": 0.02846171148121357,
    "embed_zcr_mean": 0.05478746160265093,
    "embed_zcr_std": 0.05789964605305276,
    "embed_rms_mean": 0.2810334861278534,
    "embed_rms_std": 0.10054232180118561,
    "embed_onset_mean": 1.5942156314849854,
    "embed_onset_std": 1.3397157192230225,
    "fingerprint_version": 2.0,
    "fingerprint_duration_seconds": 160.02136054421769,
    "embed_mfcc_delta_mean": -0.0012060296721756458,
    "embed_mfcc_delta_std": 2.76669979095459,
    "embed_chroma_delta_mean": -3.674800609587692e-05,
    "embed_chroma_delta_std": 0.025071412324905396,
    "embed_onset_peak": 9.618778228759766,
    "embed_onset_p95": 4.283830165863037,
    "embed_rms_p10": 0.1066223531961441,
    "embed_rms_p50": 0.3101149797439575,
    "embed_rms_p90": 0.3842671811580658,
    "embedding_nonzero_count": 100.0
  },
  "rhythm": {
    "onset_count": 755,
    "onset_density": 4.718120302954358,
    "drum_activity": "High",
    "estimated_bars": 93,
    "seconds_per_bar": 1.7142857142857142
  },
  "sections": [
    {
      "name": "Intro",
      "start": 0.0,
      "end": 16.0,
      "avg_energy": 0.11053168773651123,
      "energy_label": "Low"
    },
    {
      "name": "Chorus / Hook",
      "start": 16.0,
      "end": 32.0,
      "avg_energy": 0.35379233956336975,
      "energy_label": "High"
    },
    {
      "name": "Verse",
      "start": 32.0,
      "end": 48.0,
      "avg_energy": 0.36279603838920593,
      "energy_label": "High"
    },
    {
      "name": "Chorus / Hook",
      "start": 48.0,
      "end": 64.0,
      "avg_energy": 0.33696606755256653,
      "energy_label": "High"
    },
    {
      "name": "Verse",
      "start": 64.0,
      "end": 80.0,
      "avg_energy": 0.35790568590164185,