{
  "basic": {
    "file_name": "Izaya Tiji - Still lit.wav",
    "file_path": "/Volumes/POLLY/tracks/Izaya Tiji/Izaya Tiji - Still lit.wav",
    "sample_rate": 48000,
    "duration_seconds": 124.73470833333333,
    "bpm": 140.0,
    "key": "C Major",
    "key_note": "C",
    "key_mode": "Major",
    "key_confidence": 43.2126429558472
  },
  "loudness": {
    "peak_db": 0.00022054565011209425,
    "rms_db": -11.554084524373582,
    "dynamic_range_db": 11.554305070023695,
    "clipping_detected": true,
    "clipping_samples": 2937,
    "clipping_percent": 0.049054109171030646,
    "headroom_db": -0.00022054565011209425
  },
  "frequency": {
    "band_percentages": {
      "Sub": 16.791875923589902,
      "Bass / 808": 15.04578568173022,
      "Mud": 14.797724430854132,
      "Low Mids": 14.650904400816767,
      "Mids / Melody": 13.794367249370037,
      "Harsh Zone": 12.792792041610696,
      "Highs": 12.79037065902319,
      "Air": 12.12897165274816,
      "Vocal Range": 15.274519508444259
    },
    "brightness_centroid_hz": 2401.3950235069365,
    "brightness_label": "Medium",
    "spectral_rolloff_hz": 5424.025541944587,
    "dominant_band": "Sub",
    "low_end_total_percent": 31.837661605320122,
    "mid_total_percent": 43.242996081040936,
    "top_total_percent": 24.91934231177135
  },
  "fingerprint": {
    "mfcc_1": -238.6452178955078,
    "mfcc_2": 11.867029190063477,
    "mfcc_3": 14.901909828186035,
    "mfcc_4": -12.441201210021973,
    "mfcc_5": 6.407885551452637,
    "mfcc_6": -9.901134490966797,
    "mfcc_7": -6.242372035980225,
    "mfcc_8": -1.5108025074005127,
    "mfcc_9": -12.749832153320312,
    "mfcc_10": -0.48986703157424927,
    "mfcc_11": -4.734602451324463,
    "mfcc_12": 1.1012845039367676,
    "mfcc_13": -0.9642482995986938,
    "chroma_1": 0.8884343504905701,
    "chroma_2": 0.6196049451828003,
    "chroma_3": 0.38360902667045593,
    "chroma_4": 0.24469353258609772,
    "chroma_5": 0.39626774191856384,
    "chroma_6": 0.3897632956504822,
    "chroma_7": 0.34483954310417175,
    "chroma_8": 0.46196848154067993,
    "chroma_9": 0.26948028802871704,
    "chroma_10": 0.28416508436203003,
    "chroma_11": 0.17060375213623047,
    "chroma_12": 0.2602717876434326,
    "spectral_contrast": 23.77630738835751,
    "spectral_flatness": 0.009625809267163277,
    "zero_crossing_rate": 0.062316705567917956,
    "embed_mfcc_1_mean": -238.6452178955078,
    "embed_mfcc_1_std": 89.13201904296875,
    "embed_mfcc_2_mean": 11.867029190063477,
    "embed_mfcc_2_std": 45.630680084228516,
    "embed_mfcc_3_mean": 14.901909828186035,
    "embed_mfcc_3_std": 32.57213592529297,
    "embed_mfcc_4_mean": -12.441201210021973,
    "embed_mfcc_4_std": 20.691282272338867,
    "embed_mfcc_5_mean": 6.407885551452637,
    "embed_mfcc_5_std": 17.446868896484375,
    "embed_mfcc_6_mean": -9.901134490966797,
    "embed_mfcc_6_std": 15.499564170837402,
    "embed_mfcc_7_mean": -6.242372035980225,
    "embed_mfcc_7_std": 15.062565803527832,
    "embed_mfcc_8_mean": -1.5108025074005127,
    "embed_mfcc_8_std": 14.056876182556152,
    "embed_mfcc_9_mean": -12.749832153320312,
    "embed_mfcc_9_std": 14.718908309936523,
    "embed_mfcc_10_mean": -0.48986703157424927,
    "embed_mfcc_10_std": 13.03708267211914,
    "embed_mfcc_11_mean": -4.734602451324463,
    "embed_mfcc_11_std": 11.616500854492188,
    "embed_mfcc_12_mean": 1.1012845039367676,
    "embed_mfcc_12_std": 10.8311767578125,
    "embed_mfcc_13_mean": -0.9642482995986938,
    "embed_mfcc_13_std": 11.320267677307129,
    "embed_mfcc_14_mean": 4.753904819488525,
    "embed_mfcc_14_std": 10.807421684265137,
    "embed_mfcc_15_mean": 2.27305269241333,
    "embed_mfcc_15_std": 9.709043502807617,
    "embed_mfcc_16_mean": 2.8809974193573,
    "embed_mfcc_16_std": 9.75900650024414,
    "embed_mfcc_17_mean": -1.3541829586029053,
    "embed_mfcc_17_std": 8.956069946289062,
    "embed_mfcc_18_mean": 2.6792027950286865,
    "embed_mfcc_18_std": 8.831238746643066,
    "embed_mfcc_19_mean": -0.5418902635574341,
    "embed_mfcc_19_std": 8.4109468460083,
    "embed_mfcc_20_mean": 1.0915982723236084,
    "embed_mfcc_20_std": 9.420404434204102,
    "embed_chroma_1_mean": 0.8884343504905701,
    "embed_chroma_1_std": 0.1952323615550995,
    "embed_chroma_2_mean": 0.6196049451828003,
    "embed_chroma_2_std": 0.2835288345813751,
    "embed_chroma_3_mean": 0.38360902667045593,
    "embed_chroma_3_std": 0.18161635100841522,
    "embed_chroma_4_mean": 0.24469353258609772,
    "embed_chroma_4_std": 0.13072046637535095,
    "embed_chroma_5_mean": 0.39626774191856384,
    "embed_chroma_5_std": 0.2639938294887543,
    "embed_chroma_6_mean": 0.3897632956504822,
    "embed_chroma_6_std": 0.2425030618906021,
    "embed_chroma_7_mean": 0.34483954310417175,
    "embed_chroma_7_std": 0.21396176517009735,
    "embed_chroma_8_mean": 0.46196848154067993,
    "embed_chroma_8_std": 0.23094768822193146,
    "embed_chroma_9_mean": 0.26948028802871704,
    "embed_chroma_9_std": 0.15346240997314453,
    "embed_chroma_10_mean": 0.28416508436203003,
    "embed_chroma_10_std": 0.18397051095962524,
    "embed_chroma_11_mean": 0.17060375213623047,
    "embed_chroma_11_std": 0.11579018831253052,
    "embed_chroma_12_mean": 0.2602717876434326,
    "embed_chroma_12_std": 0.21220515668392181,
    "embed_contrast_1_mean": 21.685260772705078,
    "embed_contrast_1_std": 5.326209545135498,
    "embed_contrast_2_mean": 17.45364761352539,
    "embed_contrast_2_std": 4.405910491943359,
    "embed_contrast_3_mean": 21.794218063354492,
    "embed_contrast_3_std": 4.341137409210205,
    "embed_contrast_4_mean": 20.126312255859375,
    "embed_contrast_4_std": 4.18900203704834,
    "embed_contrast_5_mean": 19.639015197753906,
    "embed_contrast_5_std": 3.6710147857666016,
    "embed_contrast_6_mean": 19.13915252685547,
    "embed_contrast_6_std": 3.256943702697754,
    "embed_contrast_7_mean": 46.59654235839844,
    "embed_contrast_7_std": 3.451068878173828,
    "embed_chroma_entropy": 2.3851850032806396,
    "embed_centroid_mean": 1994.3921915140752,
    "embed_centroid_std": 1216.5917833533526,
    "embed_rolloff_mean": 4489.945766578887,
    "embed_rolloff_std": 2945.817617057728,
    "embed_flatness_mean": 0.009625809267163277,
    "embed_flatness_std": 0.022603951394557953,
    "embed_zcr_mean": 0.062316705567917956,
    "embed_zcr_std": 0.06188886006002429,
    "embed_rms_mean": 0.21754136681556702,
    "embed_rms_std": 0.1407489776611328,
    "embed_onset_mean": 1.652480959892273,
    "embed_onset_std": 1.855873465538025,
    "fingerprint_version": 2.0,
    "fingerprint_duration_seconds": 124.73473922902494,
    "embed_mfcc_delta_mean": -0.0019274076912552118,
    "embed_mfcc_delta_std": 3.869234085083008,
    "embed_chroma_delta_mean": 1.893777516670525e-05,
    "embed_chroma_delta_std": 0.025599148124456406,
    "embed_onset_peak": 19.97426986694336,
    "embed_onset_p95": 5.180955410003662,
    "embed_rms_p10": 0.06245548650622368,
    "embed_rms_p50": 0.1654472053050995,
    "embed_rms_p90": 0.43009430170059204,
    "embedding_nonzero_count": 100.0
  },
  "rhythm": {
    "onset_count": 521,
    "onset_density": 4.176864699179893,
    "drum_activity": "High",
    "estimated_bars": 73,
    "seconds_per_bar": 1.7142857142857142
  },
  "sections": [
    {
      "name": "Intro",
      "start": 0.0,
      "end": 16.0,
      "avg_energy": 0.28802263736724854,
      "energy_label": "Medium"
    },
    {
      "name": "Chorus / Hook",
      "start": 16.0,
      "end": 32.0,
      "avg_energy": 0.27264660596847534,
      "energy_label": "Medium"
    },
    {
      "name": "Verse",
      "start": 32.0,
      "end": 48.0,
      "avg_energy": 0.3007579445838928,
      "energy_label": "Medium"
    },
    {
      "name": "Chorus / Hook",
      "start": 48.0,
      "end": 64.0,
      "avg_energy": 0.30925577878952026,
      "energy_label": "High"
    },
    {
      "name": "Verse",
      "start": 64.0,
      "end": 80.0,
      "avg_energy": 0.29852426052093506,