{
  "basic": {
    "file_name": "Izaya Tiji - Know Nun Else.wav",
    "file_path": "/Volumes/POLLY/tracks/Izaya Tiji/Izaya Tiji - Know Nun Else.wav",
    "sample_rate": 48000,
    "duration_seconds": 83.82695833333334,
    "bpm": 140.0,
    "key": "C Minor",
    "key_note": "C",
    "key_mode": "Minor",
    "key_confidence": 42.554777876191864
  },
  "loudness": {
    "peak_db": -1.656703552548491e-05,
    "rms_db": -8.612969257139795,
    "dynamic_range_db": 8.61295269010427,
    "clipping_detected": true,
    "clipping_samples": 1943,
    "clipping_percent": 0.04828896034340584,
    "headroom_db": 1.656703552548491e-05
  },
  "frequency": {
    "band_percentages": {
      "Sub": 17.50509531652237,
      "Bass / 808": 15.518053856354399,
      "Mud": 14.460597254719795,
      "Low Mids": 13.940932883250174,
      "Mids / Melody": 13.887645397534534,
      "Harsh Zone": 13.15030549644422,
      "Highs": 13.157009596981037,
      "Air": 11.530665692726915,
      "Vocal Range": 14.913054795012926
    },
    "brightness_centroid_hz": 1970.2523067747718,
    "brightness_label": "Medium",
    "spectral_rolloff_hz": 4155.365265937142,
    "dominant_band": "Sub",
    "low_end_total_percent": 33.02314917287677,
    "mid_total_percent": 42.289175535504505,
    "top_total_percent": 24.687675289707954
  },
  "fingerprint": {
    "mfcc_1": -285.5440979003906,
    "mfcc_2": 24.128185272216797,
    "mfcc_3": -0.9439265131950378,
    "mfcc_4": -2.807783603668213,
    "mfcc_5": 8.421730995178223,
    "mfcc_6": -5.130266189575195,
    "mfcc_7": 11.572815895080566,
    "mfcc_8": -3.405559778213501,
    "mfcc_9": -15.513731956481934,
    "mfcc_10": 13.308465003967285,
    "mfcc_11": -5.338501453399658,
    "mfcc_12": 1.9859777688980103,
    "mfcc_13": 5.087250709533691,
    "chroma_1": 0.5939273834228516,
    "chroma_2": 0.693652868270874,
    "chroma_3": 0.6495835781097412,
    "chroma_4": 0.4441603422164917,
    "chroma_5": 0.39043453335762024,
    "chroma_6": 0.4211912155151367,
    "chroma_7": 0.49956417083740234,
    "chroma_8": 0.36059895157814026,
    "chroma_9": 0.30730029940605164,
    "chroma_10": 0.2915770709514618,
    "chroma_11": 0.25627776980400085,
    "chroma_12": 0.2377987951040268,
    "spectral_contrast": 22.05537196559061,
    "spectral_flatness": 0.007576650008559227,
    "zero_crossing_rate": 0.048153239450636945,
    "embed_mfcc_1_mean": -285.5440979003906,
    "embed_mfcc_1_std": 152.605224609375,
    "embed_mfcc_2_mean": 24.128185272216797,
    "embed_mfcc_2_std": 49.026824951171875,
    "embed_mfcc_3_mean": -0.9439265131950378,
    "embed_mfcc_3_std": 33.53097152709961,
    "embed_mfcc_4_mean": -2.807783603668213,
    "embed_mfcc_4_std": 24.897897720336914,
    "embed_mfcc_5_mean": 8.421730995178223,
    "embed_mfcc_5_std": 21.31821060180664,
    "embed_mfcc_6_mean": -5.130266189575195,
    "embed_mfcc_6_std": 27.4370174407959,
    "embed_mfcc_7_mean": 11.572815895080566,
    "embed_mfcc_7_std": 14.676087379455566,
    "embed_mfcc_8_mean": -3.405559778213501,
    "embed_mfcc_8_std": 16.404399871826172,
    "embed_mfcc_9_mean": -15.513731956481934,
    "embed_mfcc_9_std": 17.97736930847168,
    "embed_mfcc_10_mean": 13.308465003967285,
    "embed_mfcc_10_std": 14.027140617370605,
    "embed_mfcc_11_mean": -5.338501453399658,
    "embed_mfcc_11_std": 10.880961418151855,
    "embed_mfcc_12_mean": 1.9859777688980103,
    "embed_mfcc_12_std": 10.562882423400879,
    "embed_mfcc_13_mean": 5.087250709533691,
    "embed_mfcc_13_std": 12.429588317871094,
    "embed_mfcc_14_mean": -1.8888787031173706,
    "embed_mfcc_14_std": 10.826882362365723,
    "embed_mfcc_15_mean": -0.15973977744579315,
    "embed_mfcc_15_std": 9.535030364990234,
    "embed_mfcc_16_mean": 6.1912689208984375,
    "embed_mfcc_16_std": 8.015583038330078,
    "embed_mfcc_17_mean": -0.34961745142936707,
    "embed_mfcc_17_std": 8.037640571594238,
    "embed_mfcc_18_mean": 9.094058990478516,
    "embed_mfcc_18_std": 7.743668556213379,
    "embed_mfcc_19_mean": 1.5375561714172363,
    "embed_mfcc_19_std": 10.416288375854492,
    "embed_mfcc_20_mean": 5.43019437789917,
    "embed_mfcc_20_std": 8.696471214294434,
    "embed_chroma_1_mean": 0.5939273834228516,
    "embed_chroma_1_std": 0.30655166506767273,
    "embed_chroma_2_mean": 0.693652868270874,
    "embed_chroma_2_std": 0.25391051173210144,
    "embed_chroma_3_mean": 0.6495835781097412,
    "embed_chroma_3_std": 0.30720049142837524,
    "embed_chroma_4_mean": 0.4441603422164917,
    "embed_chroma_4_std": 0.23504483699798584,
    "embed_chroma_5_mean": 0.39043453335762024,
    "embed_chroma_5_std": 0.24612952768802643,
    "embed_chroma_6_mean": 0.4211912155151367,
    "embed_chroma_6_std": 0.2353346198797226,
    "embed_chroma_7_mean": 0.49956417083740234,
    "embed_chroma_7_std": 0.27972978353500366,
    "embed_chroma_8_mean": 0.36059895157814026,
    "embed_chroma_8_std": 0.19928686320781708,
    "embed_chroma_9_mean": 0.30730029940605164,
    "embed_chroma_9_std": 0.18716050684452057,
    "embed_chroma_10_mean": 0.2915770709514618,
    "embed_chroma_10_std": 0.18867182731628418,
    "embed_chroma_11_mean": 0.25627776980400085,
    "embed_chroma_11_std": 0.18545344471931458,
    "embed_chroma_12_mean": 0.2377987951040268,
    "embed_chroma_12_std": 0.17202961444854736,
    "embed_contrast_1_mean": 20.4709529876709,
    "embed_contrast_1_std": 5.440598964691162,
    "embed_contrast_2_mean": 14.584661483764648,
    "embed_contrast_2_std": 4.719888687133789,
    "embed_contrast_3_mean": 17.306026458740234,
    "embed_contrast_3_std": 4.747757911682129,
    "embed_contrast_4_mean": 16.359411239624023,
    "embed_contrast_4_std": 4.137548446655273,
    "embed_contrast_5_mean": 16.990982055664062,
    "embed_contrast_5_std": 3.486238718032837,
    "embed_contrast_6_mean": 21.480609893798828,
    "embed_contrast_6_std": 6.844013214111328,
    "embed_contrast_7_mean": 47.19496154785156,
    "embed_contrast_7_std": 4.562626361846924,
    "embed_chroma_entropy": 2.4276134967803955,
    "embed_centroid_mean": 1661.489985818779,
    "embed_centroid_std": 1048.3534193236096,
    "embed_rolloff_mean": 3588.8174939637565,
    "embed_rolloff_std": 2565.165324262378,
    "embed_flatness_mean": 0.007576650008559227,
    "embed_flatness_std": 0.019697915762662888,
    "embed_zcr_mean": 0.048153239450636945,
    "embed_zcr_std": 0.05721060747009417,
    "embed_rms_mean": 0.2519320845603943,
    "embed_rms_std": 0.21393634378910065,
    "embed_onset_mean": 1.5754940509796143,
    "embed_onset_std": 1.8125489950180054,
    "fingerprint_version": 2.0,
    "fingerprint_duration_seconds": 83.82698412698413,
    "embed_mfcc_delta_mean": -0.001158744446001947,
    "embed_mfcc_delta_std": 3.8858015537261963,
    "embed_chroma_delta_mean": 0.000144673787872307,
    "embed_chroma_delta_std": 0.026172904297709465,
    "embed_onset_peak": 15.407137870788574,
    "embed_onset_p95": 5.345804691314697,
    "embed_rms_p10": 0.013165180571377277,
    "embed_rms_p50": 0.1784173995256424,
    "embed_rms_p90": 0.5332011580467224,
    "embedding_nonzero_count": 100.0
  },
  "rhythm": {
    "onset_count": 577,
    "onset_density": 6.883227203659125,
    "drum_activity": "High",
    "estimated_bars": 49,
    "seconds_per_bar": 1.7142857142857142
  },
  "sections": [
    {
      "name": "Intro",
      "start": 0.0,
      "end": 16.0,
      "avg_energy": 0.1549205482006073,
      "energy_label": "Low"
    },
    {
      "name": "Chorus / Hook",
      "start": 16.0,
      "end": 32.0,
      "avg_energy": 0.4638752043247223,
      "energy_label": "High"
    },
    {
      "name": "Verse",
      "start": 32.0,
      "end": 48.0,
      "avg_energy": 0.44655707478523254,
      "energy_label": "High"
    },
    {
      "name": "Chorus / Hook",
      "start": 48.0,
      "end": 64.0,
      "avg_energy": 0.47838884592056274,
      "energy_label": "High"
    },
    {
      "name": "Outro",
      "start": 64.0,
      "end": 83.82695833333334,
      "avg_energy": 0.2079818844795227,