{
  "basic": {
    "file_name": "Izaya Tiji - Ecstasy.wav",
    "file_path": "/Volumes/POLLY/tracks/Izaya Tiji/Izaya Tiji - Ecstasy.wav",
    "sample_rate": 48000,
    "duration_seconds": 115.05489583333333,
    "bpm": 140.0,
    "key": "C Minor",
    "key_note": "C",
    "key_mode": "Minor",
    "key_confidence": 42.77993514196885
  },
  "loudness": {
    "peak_db": -0.4440196634264288,
    "rms_db": -15.064189575634845,
    "dynamic_range_db": 14.620169912208416,
    "clipping_detected": false,
    "clipping_samples": 0,
    "clipping_percent": 0.0,
    "headroom_db": 0.4440196634264288
  },
  "frequency": {
    "band_percentages": {
      "Sub": 17.359649536808956,
      "Bass / 808": 15.22782927671933,
      "Mud": 15.018966906671464,
      "Low Mids": 14.970116990125188,
      "Mids / Melody": 13.927336497263445,
      "Harsh Zone": 12.921802722472295,
      "Highs": 12.615489988578851,
      "Air": 10.880610801820563,
      "Vocal Range": 15.632181505680057
    },
    "brightness_centroid_hz": 1823.4897016647942,
    "brightness_label": "Medium",
    "spectral_rolloff_hz": 3843.8868835171966,
    "dominant_band": "Sub",
    "low_end_total_percent": 32.587478813528286,
    "mid_total_percent": 43.9164203940601,
    "top_total_percent": 23.496100790399414
  },
  "fingerprint": {
    "mfcc_1": -267.6979064941406,
    "mfcc_2": 11.062341690063477,
    "mfcc_3": -12.736326217651367,
    "mfcc_4": 9.151095390319824,
    "mfcc_5": -15.711492538452148,
    "mfcc_6": 0.9676384329795837,
    "mfcc_7": -6.1349992752075195,
    "mfcc_8": 4.6439008712768555,
    "mfcc_9": -8.894845008850098,
    "mfcc_10": 1.3898422718048096,
    "mfcc_11": -12.040651321411133,
    "mfcc_12": 3.0039937496185303,
    "mfcc_13": 3.4117863178253174,
    "chroma_1": 0.791206419467926,
    "chroma_2": 0.626859724521637,
    "chroma_3": 0.42522868514060974,
    "chroma_4": 0.2544855773448944,
    "chroma_5": 0.34290140867233276,
    "chroma_6": 0.19748321175575256,
    "chroma_7": 0.22600214183330536,
    "chroma_8": 0.3850092589855194,
    "chroma_9": 0.21929094195365906,
    "chroma_10": 0.25797903537750244,
    "chroma_11": 0.14822635054588318,
    "chroma_12": 0.32482630014419556,
    "spectral_contrast": 23.9666433762658,
    "spectral_flatness": 0.010518178343772888,
    "zero_crossing_rate": 0.06205378817973164,
    "embed_mfcc_1_mean": -267.6979064941406,
    "embed_mfcc_1_std": 112.51734924316406,
    "embed_mfcc_2_mean": 11.062341690063477,
    "embed_mfcc_2_std": 34.669979095458984,
    "embed_mfcc_3_mean": -12.736326217651367,
    "embed_mfcc_3_std": 21.55058479309082,
    "embed_mfcc_4_mean": 9.151095390319824,
    "embed_mfcc_4_std": 20.60615348815918,
    "embed_mfcc_5_mean": -15.711492538452148,
    "embed_mfcc_5_std": 14.573545455932617,
    "embed_mfcc_6_mean": 0.9676384329795837,
    "embed_mfcc_6_std": 12.421070098876953,
    "embed_mfcc_7_mean": -6.1349992752075195,
    "embed_mfcc_7_std": 12.025287628173828,
    "embed_mfcc_8_mean": 4.6439008712768555,
    "embed_mfcc_8_std": 12.275120735168457,
    "embed_mfcc_9_mean": -8.894845008850098,
    "embed_mfcc_9_std": 10.564338684082031,
    "embed_mfcc_10_mean": 1.3898422718048096,
    "embed_mfcc_10_std": 11.601165771484375,
    "embed_mfcc_11_mean": -12.040651321411133,
    "embed_mfcc_11_std": 10.91272258758545,
    "embed_mfcc_12_mean": 3.0039937496185303,
    "embed_mfcc_12_std": 9.799212455749512,
    "embed_mfcc_13_mean": 3.4117863178253174,
    "embed_mfcc_13_std": 10.205921173095703,
    "embed_mfcc_14_mean": 5.2479352951049805,
    "embed_mfcc_14_std": 9.163346290588379,
    "embed_mfcc_15_mean": -0.40124648809432983,
    "embed_mfcc_15_std": 9.257824897766113,
    "embed_mfcc_16_mean": 10.140159606933594,
    "embed_mfcc_16_std": 10.565030097961426,
    "embed_mfcc_17_mean": 3.837456703186035,
    "embed_mfcc_17_std": 9.256420135498047,
    "embed_mfcc_18_mean": -0.7852222323417664,
    "embed_mfcc_18_std": 8.736462593078613,
    "embed_mfcc_19_mean": -3.035133123397827,
    "embed_mfcc_19_std": 8.112059593200684,
    "embed_mfcc_20_mean": 6.242312431335449,
    "embed_mfcc_20_std": 7.498349666595459,
    "embed_chroma_1_mean": 0.791206419467926,
    "embed_chroma_1_std": 0.2452838122844696,
    "embed_chroma_2_mean": 0.626859724521637,
    "embed_chroma_2_std": 0.3726520836353302,
    "embed_chroma_3_mean": 0.42522868514060974,
    "embed_chroma_3_std": 0.25446617603302,
    "embed_chroma_4_mean": 0.2544855773448944,
    "embed_chroma_4_std": 0.15797477960586548,
    "embed_chroma_5_mean": 0.34290140867233276,
    "embed_chroma_5_std": 0.22417712211608887,
    "embed_chroma_6_mean": 0.19748321175575256,
    "embed_chroma_6_std": 0.1409604847431183,
    "embed_chroma_7_mean": 0.22600214183330536,
    "embed_chroma_7_std": 0.15220724046230316,
    "embed_chroma_8_mean": 0.3850092589855194,
    "embed_chroma_8_std": 0.23646777868270874,
    "embed_chroma_9_mean": 0.21929094195365906,
    "embed_chroma_9_std": 0.16306698322296143,
    "embed_chroma_10_mean": 0.25797903537750244,
    "embed_chroma_10_std": 0.19119666516780853,
    "embed_chroma_11_mean": 0.14822635054588318,
    "embed_chroma_11_std": 0.11339008808135986,
    "embed_chroma_12_mean": 0.32482630014419556,
    "embed_chroma_12_std": 0.2830905020236969,
    "embed_contrast_1_mean": 23.12418556213379,
    "embed_contrast_1_std": 7.412675857543945,
    "embed_contrast_2_mean": 14.927017211914062,
    "embed_contrast_2_std": 3.9434614181518555,
    "embed_contrast_3_mean": 19.721298217773438,
    "embed_contrast_3_std": 4.234932899475098,
    "embed_contrast_4_mean": 20.148427963256836,
    "embed_contrast_4_std": 3.7452666759490967,
    "embed_contrast_5_mean": 20.069427490234375,
    "embed_contrast_5_std": 3.0832056999206543,
    "embed_contrast_6_mean": 20.042078018188477,
    "embed_contrast_6_std": 3.1701009273529053,
    "embed_contrast_7_mean": 49.734073638916016,
    "embed_contrast_7_std": 7.230799198150635,
    "embed_chroma_entropy": 2.366361141204834,
    "embed_centroid_mean": 1797.7099659433302,
    "embed_centroid_std": 931.4927799002361,
    "embed_rolloff_mean": 3993.9268985037074,
    "embed_rolloff_std": 2092.5995616534033,
    "embed_flatness_mean": 0.010518178343772888,
    "embed_flatness_std": 0.039566971361637115,
    "embed_zcr_mean": 0.06205378817973164,
    "embed_zcr_std": 0.0562158023647367,
    "embed_rms_mean": 0.1380375772714615,
    "embed_rms_std": 0.10952745378017426,
    "embed_onset_mean": 1.3524428606033325,
    "embed_onset_std": 1.256952166557312,
    "fingerprint_version": 2.0,
    "fingerprint_duration_seconds": 115.05492063492063,
    "embed_mfcc_delta_mean": -0.00023203797172755003,
    "embed_mfcc_delta_std": 2.5139851570129395,
    "embed_chroma_delta_mean": 3.29862414218951e-05,
    "embed_chroma_delta_std": 0.020399052649736404,
    "embed_onset_peak": 25.805892944335938,
    "embed_onset_p95": 3.990950584411621,
    "embed_rms_p10": 0.02520577795803547,
    "embed_rms_p50": 0.1013982743024826,
    "embed_rms_p90": 0.30693328380584717,
    "embedding_nonzero_count": 100.0
  },
  "rhythm": {
    "onset_count": 641,
    "onset_density": 5.5712535773231435,
    "drum_activity": "High",
    "estimated_bars": 67,
    "seconds_per_bar": 1.7142857142857142
  },
  "sections": [
    {
      "name": "Intro",
      "start": 0.0,
      "end": 16.0,
      "avg_energy": 0.1277184784412384,
      "energy_label": "Low"
    },
    {
      "name": "Chorus / Hook",
      "start": 16.0,
      "end": 32.0,
      "avg_energy": 0.24849094450473785,
      "energy_label": "High"
    },
    {
      "name": "Verse",
      "start": 32.0,
      "end": 48.0,
      "avg_energy": 0.24562110006809235,
      "energy_label": "High"
    },
    {
      "name": "Chorus / Hook",
      "start": 48.0,
      "end": 64.0,
      "avg_energy": 0.23256248235702515,
      "energy_label": "High"
    },
    {
      "name": "Verse",
      "start": 64.0,
      "end": 80.0,
      "avg_energy": 0.14913223683834076,