{
  "basic": {
    "file_name": "Izaya Tiji - yes...wav",
    "file_path": "/Users/jayden/SoundLens/tracks/Izaya Tiji/Izaya Tiji - yes...wav",
    "sample_rate": 48000,
    "duration_seconds": 210.00127083333334,
    "bpm": 127.84,
    "key": "C# Major",
    "key_note": "C#",
    "key_mode": "Major",
    "key_confidence": 50.35181323844799
  },
  "loudness": {
    "peak_db": -0.3608152139387394,
    "rms_db": -12.242798813340396,
    "dynamic_range_db": 11.881983599401657,
    "clipping_detected": false,
    "clipping_samples": 0,
    "clipping_percent": 0.0,
    "headroom_db": 0.3608152139387394
  },
  "frequency": {
    "band_percentages": {
      "Sub": 16.99250603942994,
      "Bass / 808": 15.146848630271528,
      "Mud": 15.052077736699593,
      "Low Mids": 14.237578189368078,
      "Mids / Melody": 13.436744700314362,
      "Harsh Zone": 12.527480444347091,
      "Highs": 13.217464856439646,
      "Air": 11.916779845623894,
      "Vocal Range": 15.16781909818162
    },
    "brightness_centroid_hz": 2123.091757057381,
    "brightness_label": "Medium",
    "spectral_rolloff_hz": 4830.0487606663955,
    "dominant_band": "Sub",
    "low_end_total_percent": 32.13935466970147,
    "mid_total_percent": 42.72640062638203,
    "top_total_percent": 25.13424470206354
  },
  "fingerprint": {
    "mfcc_1": -236.70880126953125,
    "mfcc_2": 129.93524169921875,
    "mfcc_3": 18.38754653930664,
    "mfcc_4": 51.64284896850586,
    "mfcc_5": -4.72413969039917,
    "mfcc_6": 29.16958999633789,
    "mfcc_7": 0.8674728274345398,
    "mfcc_8": 11.736176490783691,
    "mfcc_9": 2.3061704635620117,
    "mfcc_10": -4.693835735321045,
    "mfcc_11": -5.952304363250732,
    "mfcc_12": -3.146634817123413,
    "mfcc_13": -2.9225354194641113,
    "chroma_1": 0.38952869176864624,
    "chroma_2": 0.6490672826766968,
    "chroma_3": 0.32097214460372925,
    "chroma_4": 0.34137246012687683,
    "chroma_5": 0.23382075130939484,
    "chroma_6": 0.4564104378223419,
    "chroma_7": 0.21517781913280487,
    "chroma_8": 0.20951879024505615,
    "chroma_9": 0.25038912892341614,
    "chroma_10": 0.1539113074541092,
    "chroma_11": 0.18058611452579498,
    "chroma_12": 0.12421141564846039,
    "spectral_contrast": 19.762675436229067,
    "spectral_flatness": 0.00018660601926967502,
    "zero_crossing_rate": 0.024583527442160198
  },
  "rhythm": {
    "onset_count": 1121,
    "onset_density": 5.3380629343413695,
    "drum_activity": "High",
    "estimated_bars": 112,
    "seconds_per_bar": 1.8773466833541927
  },
  "sections": [
    {
      "name": "Intro",
      "start": 0.0,
      "end": 16.0,
      "avg_energy": 0.1802385449409485,
      "energy_label": "Low"
    },
    {
      "name": "Chorus / Hook",
      "start": 16.0,
      "end": 32.0,
      "avg_energy": 0.2868792712688446,
      "energy_label": "High"
    },
    {
      "name": "Verse",
      "start": 32.0,
      "end": 48.0,
      "avg_energy": 0.25724005699157715,
      "energy_label": "Medium"
    },
    {
      "name": "Chorus / Hook",
      "start": 48.0,
      "end": 64.0,
      "avg_energy": 0.29850947856903076,
      "energy_label": "High"
    },
    {
      "name": "Verse",
      "start": 64.0,
      "end": 80.0,
      "avg_energy": 0.2173122763633728,
      "energy_label": "Medium"
    },
    {
      "name": "Verse",
      "start": 80.0,
      "end": 96.0,
      "avg_energy": 0.23719413578510284,
      "energy_label": "Medium"
    },
    {
      "name": "Hook / Drop",
      "start": 96.0,
      "end": 112.0,
      "avg_energy": 0.30024805665016174,
      "energy_label": "High"
    },
    {
      "name": "Verse",
      "start": 112.0,
      "end": 128.0,
      "avg_energy": 0.2684307396411896,
      "energy_label": "Medium"
    },
    {
      "name": "Hook / Drop",
      "start": 128.0,
      "end": 144.0,
      "avg_energy": 0.285991370677948,
      "energy_label": "High"
    },
    {
      "name": "Bridge / Breakdown",
      "start": 144.0,
      "end": 160.0,
      "avg_energy": 0.12891152501106262,
      "energy_label": "Low"
    },
    {
      "name": "Hook / Drop",
      "start": 160.0,
      "end": 176.0,
      "avg_energy": 0.28482815623283386,
      "energy_label": "High"
    },
    {
      "name": "Verse",
      "start": 176.0,
      "end": 192.0,
      "avg_energy": 0.25464415550231934,
      "energy_label": "Medium"
    },
    {
      "name": "Outro",
      "start": 192.0,
      "end": 210.00127083333334,
      "avg_energy": 0.0514063723385334,
      "energy_label": "Low"
    }
  ],
  "scores": {
    "mix": 94,
    "master": 94,
    "arrangement": 75,
    "release": 88,
    "energy": 6.378600593329802,
    "bass_strength": 6.4278709339402935,
    "darkness": 5.753816485885237,
    "brightness": 4.246183514114763,
    "drum_bounce": 10,
    "vocal_space": 1.9452291639818675
  },
  "stem_balance": null,
  "top_problems": [
    "Mud range is elevated around 250-500 Hz.",
    "Intro may be long for short-form listener retention.",
    "Drum movement is very active; the beat could become overcrowded.",
    "Hook/verse contrast looks low, but arrangement detection is still an estimate."
  ],
  "suggested_fixes": [
    "Gently cut 250-500 Hz on melodies, pads, or the master if the mix feels cloudy.",
    "Mute extra percussion in some sections so the hook/drop feels bigger.",
    "Check the waveform/sections by ear. If the hook feels flat, add contrast with melody layers, drum changes, or vocal energy.",
    "Consider bringing drums, 808, or a strong tag/moment in earlier."
  ],
  "artist_notes": [
    "Autotune/key starting point: C# Major. Confidence: 50.4%.",
    "Beat energy: 6.4/10. Darkness: 5.8/10.",
    "Vocal space estimate: 1.9/10. Higher means easier space for vocals."
  ],
  "producer_notes": [
    "Low-end presence looks usable for the selected style.",
    "Selected style preset: rage_trap.",
    "Dominant frequency area: Sub.",
    "Drum activity is high at 5.34 hits/sec.",
    "Estimated length: 112 bars at 128 BPM."
  ],
  "master_notes": [
    "No obvious clipping problem detected.",
    "Loudness is in a usable range for the selected style.",
    "Peak: -0.36 dB. RMS: -12.24 dB. Dynamic range: 11.88 dB."
  ],
  "next_steps": [
    "Gently cut 250-500 Hz on melodies, pads, or the master if the mix feels cloudy.",
    "Mute extra percussion in some sections so the hook/drop feels bigger.",
    "Check the waveform/sections by ear. If the hook feels flat, add contrast with melody layers, drum changes, or vocal energy.",
    "This is close. Only make small changes unless you hear a clear problem."
  ]
}