{
  "basic": {
    "file_name": "Homixide Gang - B5.wav",
    "file_path": "/Users/jayden/SoundLens/tracks/Homixide Gang/Homixide Gang - B5.wav",
    "sample_rate": 48000,
    "duration_seconds": 118.16635416666666,
    "bpm": 148.03,
    "key": "C# Minor",
    "key_note": "C#",
    "key_mode": "Minor",
    "key_confidence": 45.51010976724548
  },
  "loudness": {
    "peak_db": 0.0003934578068310991,
    "rms_db": -8.62749712876131,
    "dynamic_range_db": 8.62789058656814,
    "clipping_detected": true,
    "clipping_samples": 9713,
    "clipping_percent": 0.17124516373015797,
    "headroom_db": -0.0003934578068310991
  },
  "frequency": {
    "band_percentages": {
      "Sub": 15.761894495927987,
      "Bass / 808": 14.37571298782375,
      "Mud": 14.182422292192351,
      "Low Mids": 14.190047729714239,
      "Mids / Melody": 14.416746592193583,
      "Harsh Zone": 14.237083323194808,
      "Highs": 14.247600373996136,
      "Air": 12.825575526427228,
      "Vocal Range": 14.945808197964258
    },
    "brightness_centroid_hz": 4047.640496483833,
    "brightness_label": "High",
    "spectral_rolloff_hz": 8227.444658813973,
    "dominant_band": "Sub",
    "low_end_total_percent": 30.137607483751736,
    "mid_total_percent": 42.78921661410017,
    "top_total_percent": 27.073175900423365
  },
  "fingerprint": {
    "mfcc_1": -46.510318756103516,
    "mfcc_2": 107.45687866210938,
    "mfcc_3": -28.977739334106445,
    "mfcc_4": 60.39046859741211,
    "mfcc_5": -17.600292205810547,
    "mfcc_6": 23.271575927734375,
    "mfcc_7": -5.8809003829956055,
    "mfcc_8": 14.673580169677734,
    "mfcc_9": -7.500882625579834,
    "mfcc_10": 8.397598266601562,
    "mfcc_11": -1.64834463596344,
    "mfcc_12": 10.453500747680664,
    "mfcc_13": 0.8091215491294861,
    "chroma_1": 0.6976243853569031,
    "chroma_2": 0.6735233068466187,
    "chroma_3": 0.5095137357711792,
    "chroma_4": 0.5202898979187012,
    "chroma_5": 0.46191656589508057,
    "chroma_6": 0.4414908289909363,
    "chroma_7": 0.5606721043586731,
    "chroma_8": 0.4137931764125824,
    "chroma_9": 0.3838171362876892,
    "chroma_10": 0.5645864605903625,
    "chroma_11": 0.42721477150917053,
    "chroma_12": 0.5582276582717896,
    "spectral_contrast": 17.810562443298846,
    "spectral_flatness": 0.0034798337146639824,
    "zero_crossing_rate": 0.07801918148919126
  },
  "rhythm": {
    "onset_count": 607,
    "onset_density": 5.136825996542656,
    "drum_activity": "High",
    "estimated_bars": 73,
    "seconds_per_bar": 1.621292981152469
  },
  "sections": [
    {
      "name": "Section 1",
      "start": 0.0,
      "end": 12.970343849219752,
      "avg_energy": 0.2898343503475189,
      "energy_label": "Low"
    },
    {
      "name": "Section 2",
      "start": 12.970343849219752,
      "end": 25.940687698439504,
      "avg_energy": 0.3694230318069458,
      "energy_label": "Low"
    },
    {
      "name": "Section 3",
      "start": 25.940687698439504,
      "end": 38.911031547659256,
      "avg_energy": 0.3886614143848419,
      "energy_label": "Medium"
    },
    {
      "name": "Section 4",
      "start": 38.911031547659256,
      "end": 51.88137539687901,
      "avg_energy": 0.3974800109863281,
      "energy_label": "High"
    },
    {
      "name": "Section 5",
      "start": 51.88137539687901,
      "end": 64.85171924609875,
      "avg_energy": 0.4002935290336609,
      "energy_label": "High"
    },
    {
      "name": "Section 6",
      "start": 64.85171924609875,
      "end": 77.8220630953185,
      "avg_energy": 0.40290287137031555,
      "energy_label": "High"
    },
    {
      "name": "Section 7",
      "start": 77.8220630953185,
      "end": 90.79240694453824,
      "avg_energy": 0.3836113214492798,
      "energy_label": "Medium"
    },
    {
      "name": "Section 8",
      "start": 90.79240694453824,
      "end": 103.76275079375799,
      "avg_energy": 0.38040539622306824,
      "energy_label": "Medium"
    },
    {
      "name": "Section 9",
      "start": 103.76275079375799,
      "end": 118.16635416666666,
      "avg_energy": 0.30852365493774414,
      "energy_label": "Low"
    }
  ],
  "scores": {
    "mix": 81,
    "master": 81,
    "arrangement": 81,
    "release": 81,
    "energy": 8.186251435619345,
    "bass_strength": 6.027521496750348,
    "darkness": 1.9047190070323339,
    "brightness": 8.095280992967666,
    "drum_bounce": 10,
    "vocal_space": 2.299881407449597
  },
  "stem_balance": null,
  "top_problems": [
    "Clipping detected: 9713 samples are near/over the limit.",
    "Mud range is elevated around 250-500 Hz.",
    "Drum movement is very active; the beat could become overcrowded."
  ],
  "suggested_fixes": [
    "Lower the master/output, then use a soft clipper or limiter with safer ceiling.",
    "Gently cut 250-500 Hz on melodies, pads, or the master if the mix feels cloudy.",
    "Mute extra percussion in some sections so the hook/drop feels bigger."
  ],
  "artist_notes": [
    "Autotune/key starting point: C# Minor. Confidence: 45.5%.",
    "Beat energy: 8.2/10. Darkness: 1.9/10.",
    "Vocal space estimate: 2.3/10. Higher means easier space for vocals."
  ],
  "producer_notes": [
    "Low-end presence looks usable for the selected style.",
    "Selected style preset: rage_trap.",
    "Dominant frequency area: Sub.",
    "Drum activity is high at 5.14 hits/sec.",
    "Estimated length: 73 bars at 148 BPM."
  ],
  "master_notes": [
    "Clipping is the first thing to fix before judging the rest of the mix.",
    "Loudness is in a usable range for the selected style.",
    "Peak: 0.00 dB. RMS: -8.63 dB. Dynamic range: 8.63 dB."
  ],
  "next_steps": [
    "Lower the master/output, then use a soft clipper or limiter with safer ceiling.",
    "Gently cut 250-500 Hz on melodies, pads, or the master if the mix feels cloudy.",
    "Mute extra percussion in some sections so the hook/drop feels bigger.",
    "Fix the top 1-2 issues, export again, then re-run SoundLens."
  ]
}