{
  "basic": {
    "file_name": "Homixide Gang  - ROAD RAGE.wav",
    "file_path": "/Volumes/POLLY/tracks/Homixide Gang/Homixide Gang  - ROAD RAGE.wav",
    "sample_rate": 48000,
    "duration_seconds": 134.97760416666668,
    "bpm": 140.0,
    "key": "C# Minor",
    "key_note": "C#",
    "key_mode": "Minor",
    "key_confidence": 42.571797108613886
  },
  "loudness": {
    "peak_db": -0.00012632444401427482,
    "rms_db": -8.118337334250697,
    "dynamic_range_db": 8.118211009806682,
    "clipping_detected": true,
    "clipping_samples": 5037,
    "clipping_percent": 0.07774437889001648,
    "headroom_db": 0.00012632444401427482
  },
  "frequency": {
    "band_percentages": {
      "Sub": 16.496911926857237,
      "Bass / 808": 14.634581853184677,
      "Mud": 14.539901001025472,
      "Low Mids": 13.599432370731087,
      "Mids / Melody": 13.815246898406272,
      "Harsh Zone": 13.532246458416756,
      "Highs": 14.147699664261006,
      "Air": 12.766226283776028,
      "Vocal Range": 14.872487908986479
    },
    "brightness_centroid_hz": 3506.018748344105,
    "brightness_label": "High",
    "spectral_rolloff_hz": 7384.781212959305,
    "dominant_band": "Sub",
    "low_end_total_percent": 31.131493780041914,
    "mid_total_percent": 41.95458027016283,
    "top_total_percent": 26.913925948037033
  },
  "fingerprint": {
    "mfcc_1": -119.23017883300781,
    "mfcc_2": -43.197731018066406,
    "mfcc_3": 2.165456771850586,
    "mfcc_4": 7.74493408203125,
    "mfcc_5": -7.285364151000977,
    "mfcc_6": 5.293716907501221,
    "mfcc_7": -11.495137214660645,
    "mfcc_8": -5.942950248718262,
    "mfcc_9": -3.950599431991577,
    "mfcc_10": 5.405493259429932,
    "mfcc_11": -7.79300594329834,
    "mfcc_12": 5.143367290496826,
    "mfcc_13": -4.68256950378418,
    "chroma_1": 0.22885474562644958,
    "chroma_2": 0.4797733724117279,
    "chroma_3": 0.3691710829734802,
    "chroma_4": 0.6561198830604553,
    "chroma_5": 0.5476822853088379,
    "chroma_6": 0.3835386335849762,
    "chroma_7": 0.27888116240501404,
    "chroma_8": 0.26155543327331543,
    "chroma_9": 0.30985644459724426,
    "chroma_10": 0.21503698825836182,
    "chroma_11": 0.24760772287845612,
    "chroma_12": 0.1962367445230484,
    "spectral_contrast": 21.295088652288527,
    "spectral_flatness": 0.027813700959086418,
    "zero_crossing_rate": 0.10287286622605457,
    "embed_mfcc_1_mean": -119.23017883300781,
    "embed_mfcc_1_std": 42.514862060546875,
    "embed_mfcc_2_mean": -43.197731018066406,
    "embed_mfcc_2_std": 31.674001693725586,
    "embed_mfcc_3_mean": 2.165456771850586,
    "embed_mfcc_3_std": 32.21415328979492,
    "embed_mfcc_4_mean": 7.74493408203125,
    "embed_mfcc_4_std": 22.081405639648438,
    "embed_mfcc_5_mean": -7.285364151000977,
    "embed_mfcc_5_std": 22.065324783325195,
    "embed_mfcc_6_mean": 5.293716907501221,
    "embed_mfcc_6_std": 17.66078758239746,
    "embed_mfcc_7_mean": -11.495137214660645,
    "embed_mfcc_7_std": 15.962456703186035,
    "embed_mfcc_8_mean": -5.942950248718262,
    "embed_mfcc_8_std": 17.341157913208008,
    "embed_mfcc_9_mean": -3.950599431991577,
    "embed_mfcc_9_std": 12.390511512756348,
    "embed_mfcc_10_mean": 5.405493259429932,
    "embed_mfcc_10_std": 12.439499855041504,
    "embed_mfcc_11_mean": -7.79300594329834,
    "embed_mfcc_11_std": 11.03064250946045,
    "embed_mfcc_12_mean": 5.143367290496826,
    "embed_mfcc_12_std": 10.72165298461914,
    "embed_mfcc_13_mean": -4.68256950378418,
    "embed_mfcc_13_std": 9.917113304138184,
    "embed_mfcc_14_mean": 1.5625712871551514,
    "embed_mfcc_14_std": 10.32430362701416,
    "embed_mfcc_15_mean": 1.8371975421905518,
    "embed_mfcc_15_std": 8.463848114013672,
    "embed_mfcc_16_mean": 5.874075412750244,
    "embed_mfcc_16_std": 7.871201515197754,
    "embed_mfcc_17_mean": -0.7680186033248901,
    "embed_mfcc_17_std": 8.249409675598145,
    "embed_mfcc_18_mean": 4.6360673904418945,
    "embed_mfcc_18_std": 7.112986087799072,
    "embed_mfcc_19_mean": 5.401146411895752,
    "embed_mfcc_19_std": 6.764846324920654,
    "embed_mfcc_20_mean": 1.4478733539581299,
    "embed_mfcc_20_std": 6.106651306152344,
    "embed_chroma_1_mean": 0.22885474562644958,
    "embed_chroma_1_std": 0.15493857860565186,
    "embed_chroma_2_mean": 0.4797733724117279,
    "embed_chroma_2_std": 0.37570440769195557,
    "embed_chroma_3_mean": 0.3691710829734802,
    "embed_chroma_3_std": 0.24070489406585693,
    "embed_chroma_4_mean": 0.6561198830604553,
    "embed_chroma_4_std": 0.31618115305900574,
    "embed_chroma_5_mean": 0.5476822853088379,
    "embed_chroma_5_std": 0.3394743800163269,
    "embed_chroma_6_mean": 0.3835386335849762,
    "embed_chroma_6_std": 0.23160256445407867,
    "embed_chroma_7_mean": 0.27888116240501404,
    "embed_chroma_7_std": 0.1822151243686676,
    "embed_chroma_8_mean": 0.26155543327331543,
    "embed_chroma_8_std": 0.18219614028930664,
    "embed_chroma_9_mean": 0.30985644459724426,
    "embed_chroma_9_std": 0.252270370721817,
    "embed_chroma_10_mean": 0.21503698825836182,
    "embed_chroma_10_std": 0.17890101671218872,
    "embed_chroma_11_mean": 0.24760772287845612,
    "embed_chroma_11_std": 0.22676905989646912,
    "embed_chroma_12_mean": 0.1962367445230484,
    "embed_chroma_12_std": 0.17527781426906586,
    "embed_contrast_1_mean": 21.098796844482422,
    "embed_contrast_1_std": 4.7732415199279785,
    "embed_contrast_2_mean": 14.164566993713379,
    "embed_contrast_2_std": 3.9208595752716064,
    "embed_contrast_3_mean": 17.735515594482422,
    "embed_contrast_3_std": 4.444641590118408,
    "embed_contrast_4_mean": 15.627497673034668,
    "embed_contrast_4_std": 3.216698408126831,
    "embed_contrast_5_mean": 16.60617446899414,
    "embed_contrast_5_std": 2.7245686054229736,
    "embed_contrast_6_mean": 16.169729232788086,
    "embed_contrast_6_std": 2.419936180114746,
    "embed_contrast_7_mean": 47.6633415222168,
    "embed_contrast_7_std": 2.7144150733947754,
    "embed_chroma_entropy": 2.410464286804199,
    "embed_centroid_mean": 3013.707300313498,
    "embed_centroid_std": 1041.0227834768682,
    "embed_rolloff_mean": 6458.342197288301,
    "embed_rolloff_std": 1667.3269768228442,
    "embed_flatness_mean": 0.027813700959086418,
    "embed_flatness_std": 0.037445127964019775,
    "embed_zcr_mean": 0.10287286622605457,
    "embed_zcr_std": 0.07492622017174796,
    "embed_rms_mean": 0.30268046259880066,
    "embed_rms_std": 0.10340724140405655,
    "embed_onset_mean": 1.5060195922851562,
    "embed_onset_std": 1.2666594982147217,
    "fingerprint_version": 2.0,
    "fingerprint_duration_seconds": 134.97764172335602,
    "embed_mfcc_delta_mean": 0.00036356199416331947,
    "embed_mfcc_delta_std": 2.5435831546783447,
    "embed_chroma_delta_mean": 1.2288339348742738e-05,
    "embed_chroma_delta_std": 0.026997512206435204,
    "embed_onset_peak": 9.017210960388184,
    "embed_onset_p95": 4.225471019744873,
    "embed_rms_p10": 0.11653516441583633,
    "embed_rms_p50": 0.34946775436401367,
    "embed_rms_p90": 0.3863880932331085,
    "embedding_nonzero_count": 100.0
  },
  "rhythm": {
    "onset_count": 769,
    "onset_density": 5.697241440516752,
    "drum_activity": "High",
    "estimated_bars": 79,
    "seconds_per_bar": 1.7142857142857142
  },
  "sections": [
    {
      "name": "Intro",
      "start": 0.0,
      "end": 16.0,
      "avg_energy": 0.19873175024986267,
      "energy_label": "Low"
    },
    {
      "name": "Chorus / Hook",
      "start": 16.0,
      "end": 32.0,
      "avg_energy": 0.4437049329280853,
      "energy_label": "High"
    },
    {
      "name": "Verse",
      "start": 32.0,
      "end": 48.0,
      "avg_energy": 0.44930049777030945,
      "energy_label": "High"
    },
    {
      "name": "Chorus / Hook",
      "start": 48.0,
      "end": 64.0,
      "avg_energy": 0.41309961676597595,
      "energy_label": "Medium"
    },
    {
      "name": "Verse",
      "start": 64.0,
      "end": 80.0,
      "avg_energy": 0.23416943848133087,