{
  "basic": {
    "file_name": "Homixide Gang - HI-VOLTAGE.wav",
    "file_path": "/Volumes/POLLY/tracks/Homixide Gang/Homixide Gang - HI-VOLTAGE.wav",
    "sample_rate": 48000,
    "duration_seconds": 118.03864583333333,
    "bpm": 140.0,
    "key": "C# Minor",
    "key_note": "C#",
    "key_mode": "Minor",
    "key_confidence": 43.72685523165645
  },
  "loudness": {
    "peak_db": 0.0001791290536851126,
    "rms_db": -10.925768600230057,
    "dynamic_range_db": 10.925947729283742,
    "clipping_detected": true,
    "clipping_samples": 2169,
    "clipping_percent": 0.03828195391516373,
    "headroom_db": -0.0001791290536851126
  },
  "frequency": {
    "band_percentages": {
      "Sub": 16.394344223867012,
      "Bass / 808": 14.362992182184767,
      "Mud": 14.299830953581202,
      "Low Mids": 14.466883524525882,
      "Mids / Melody": 14.694361674081566,
      "Harsh Zone": 13.789064617312007,
      "Highs": 13.399460149780476,
      "Air": 12.382127290158964,
      "Vocal Range": 15.277320702730519
    },
    "brightness_centroid_hz": 3087.4529160197617,
    "brightness_label": "Medium",
    "spectral_rolloff_hz": 6859.690549606939,
    "dominant_band": "Sub",
    "low_end_total_percent": 30.757336406051778,
    "mid_total_percent": 43.46107615218865,
    "top_total_percent": 25.78158743993944
  },
  "fingerprint": {
    "mfcc_1": -146.25350952148438,
    "mfcc_2": -16.451868057250977,
    "mfcc_3": -15.325346946716309,
    "mfcc_4": -4.150436878204346,
    "mfcc_5": -4.571053504943848,
    "mfcc_6": 7.512686252593994,
    "mfcc_7": -0.9266613721847534,
    "mfcc_8": 3.010636568069458,
    "mfcc_9": -5.462813854217529,
    "mfcc_10": 8.9708833694458,
    "mfcc_11": -0.5103647112846375,
    "mfcc_12": 12.888842582702637,
    "mfcc_13": 6.796257019042969,
    "chroma_1": 0.19072028994560242,
    "chroma_2": 0.8582754731178284,
    "chroma_3": 0.36181640625,
    "chroma_4": 0.39647194743156433,
    "chroma_5": 0.23388446867465973,
    "chroma_6": 0.20749180018901825,
    "chroma_7": 0.18610161542892456,
    "chroma_8": 0.15779444575309753,
    "chroma_9": 0.2022412121295929,
    "chroma_10": 0.15577268600463867,
    "chroma_11": 0.17528684437274933,
    "chroma_12": 0.18579833209514618,
    "spectral_contrast": 22.50676197688829,
    "spectral_flatness": 0.015083091333508492,
    "zero_crossing_rate": 0.061644931556107396,
    "embed_mfcc_1_mean": -146.25350952148438,
    "embed_mfcc_1_std": 74.28932189941406,
    "embed_mfcc_2_mean": -16.451868057250977,
    "embed_mfcc_2_std": 34.90134048461914,
    "embed_mfcc_3_mean": -15.325346946716309,
    "embed_mfcc_3_std": 20.92539405822754,
    "embed_mfcc_4_mean": -4.150436878204346,
    "embed_mfcc_4_std": 17.92645835876465,
    "embed_mfcc_5_mean": -4.571053504943848,
    "embed_mfcc_5_std": 15.541053771972656,
    "embed_mfcc_6_mean": 7.512686252593994,
    "embed_mfcc_6_std": 10.058839797973633,
    "embed_mfcc_7_mean": -0.9266613721847534,
    "embed_mfcc_7_std": 10.54261589050293,
    "embed_mfcc_8_mean": 3.010636568069458,
    "embed_mfcc_8_std": 11.854375839233398,
    "embed_mfcc_9_mean": -5.462813854217529,
    "embed_mfcc_9_std": 10.069232940673828,
    "embed_mfcc_10_mean": 8.9708833694458,
    "embed_mfcc_10_std": 9.032431602478027,
    "embed_mfcc_11_mean": -0.5103647112846375,
    "embed_mfcc_11_std": 9.0601224899292,
    "embed_mfcc_12_mean": 12.888842582702637,
    "embed_mfcc_12_std": 8.11460018157959,
    "embed_mfcc_13_mean": 6.796257019042969,
    "embed_mfcc_13_std": 8.600568771362305,
    "embed_mfcc_14_mean": 4.028548717498779,
    "embed_mfcc_14_std": 7.654506206512451,
    "embed_mfcc_15_mean": 0.39670905470848083,
    "embed_mfcc_15_std": 8.199353218078613,
    "embed_mfcc_16_mean": 9.231894493103027,
    "embed_mfcc_16_std": 8.164100646972656,
    "embed_mfcc_17_mean": -3.1827688217163086,
    "embed_mfcc_17_std": 6.978741645812988,
    "embed_mfcc_18_mean": 4.099865913391113,
    "embed_mfcc_18_std": 6.547558784484863,
    "embed_mfcc_19_mean": -1.1373733282089233,
    "embed_mfcc_19_std": 6.466294765472412,
    "embed_mfcc_20_mean": 2.6157054901123047,
    "embed_mfcc_20_std": 7.035086631774902,
    "embed_chroma_1_mean": 0.19072028994560242,
    "embed_chroma_1_std": 0.15467022359371185,
    "embed_chroma_2_mean": 0.8582754731178284,
    "embed_chroma_2_std": 0.28305351734161377,
    "embed_chroma_3_mean": 0.36181640625,
    "embed_chroma_3_std": 0.21674790978431702,
    "embed_chroma_4_mean": 0.39647194743156433,
    "embed_chroma_4_std": 0.32865670323371887,
    "embed_chroma_5_mean": 0.23388446867465973,
    "embed_chroma_5_std": 0.18270061910152435,
    "embed_chroma_6_mean": 0.20749180018901825,
    "embed_chroma_6_std": 0.15542516112327576,
    "embed_chroma_7_mean": 0.18610161542892456,
    "embed_chroma_7_std": 0.16709043085575104,
    "embed_chroma_8_mean": 0.15779444575309753,
    "embed_chroma_8_std": 0.13626565039157867,
    "embed_chroma_9_mean": 0.2022412121295929,
    "embed_chroma_9_std": 0.13338755071163177,
    "embed_chroma_10_mean": 0.15577268600463867,
    "embed_chroma_10_std": 0.14166678488254547,
    "embed_chroma_11_mean": 0.17528684437274933,
    "embed_chroma_11_std": 0.15696032345294952,
    "embed_chroma_12_mean": 0.18579833209514618,
    "embed_chroma_12_std": 0.18481820821762085,
    "embed_contrast_1_mean": 21.90729331970215,
    "embed_contrast_1_std": 5.068050384521484,
    "embed_contrast_2_mean": 15.011073112487793,
    "embed_contrast_2_std": 4.32783842086792,
    "embed_contrast_3_mean": 18.269567489624023,
    "embed_contrast_3_std": 4.455990791320801,
    "embed_contrast_4_mean": 17.375396728515625,
    "embed_contrast_4_std": 3.7407467365264893,
    "embed_contrast_5_mean": 18.381380081176758,
    "embed_contrast_5_std": 3.26412034034729,
    "embed_contrast_6_mean": 18.02705192565918,
    "embed_contrast_6_std": 3.1048591136932373,
    "embed_contrast_7_mean": 48.57556915283203,
    "embed_contrast_7_std": 3.571850299835205,
    "embed_chroma_entropy": 2.309596538543701,
    "embed_centroid_mean": 2393.3024399779565,
    "embed_centroid_std": 832.2776364177628,
    "embed_rolloff_mean": 5402.133863015404,
    "embed_rolloff_std": 1911.101140639549,
    "embed_flatness_mean": 0.015083091333508492,
    "embed_flatness_std": 0.023570097982883453,
    "embed_zcr_mean": 0.061644931556107396,
    "embed_zcr_std": 0.05006931581646911,
    "embed_rms_mean": 0.2439061850309372,
    "embed_rms_std": 0.07117770612239838,
    "embed_onset_mean": 1.5980372428894043,
    "embed_onset_std": 1.3250526189804077,
    "fingerprint_version": 2.0,
    "fingerprint_duration_seconds": 118.03868480725623,
    "embed_mfcc_delta_mean": 0.0025470249820500612,
    "embed_mfcc_delta_std": 2.811269760131836,
    "embed_chroma_delta_mean": -2.7298563509248197e-05,
    "embed_chroma_delta_std": 0.018369147554039955,
    "embed_onset_peak": 10.964714050292969,
    "embed_onset_p95": 4.264893531799316,
    "embed_rms_p10": 0.14751966297626495,
    "embed_rms_p50": 0.2674615681171417,
    "embed_rms_p90": 0.3000088632106781,
    "embedding_nonzero_count": 100.0
  },
  "rhythm": {
    "onset_count": 747,
    "onset_density": 6.32843586713744,
    "drum_activity": "High",
    "estimated_bars": 69,
    "seconds_per_bar": 1.7142857142857142
  },
  "sections": [
    {
      "name": "Intro",
      "start": 0.0,
      "end": 16.0,
      "avg_energy": 0.2882706820964813,
      "energy_label": "Medium"
    },
    {
      "name": "Chorus / Hook",
      "start": 16.0,
      "end": 32.0,
      "avg_energy": 0.298421710729599,
      "energy_label": "Medium"
    },
    {
      "name": "Verse",
      "start": 32.0,
      "end": 48.0,
      "avg_energy": 0.29204148054122925,
      "energy_label": "Medium"
    },
    {
      "name": "Chorus / Hook",
      "start": 48.0,
      "end": 64.0,
      "avg_energy": 0.28381240367889404,
      "energy_label": "Medium"
    },
    {
      "name": "Verse",
      "start": 64.0,
      "end": 80.0,
      "avg_energy": 0.273515909910202,