{
  "basic": {
    "file_name": "Homixide Gang - AddXcts.wav",
    "file_path": "/Volumes/POLLY/tracks/Homixide Gang/Homixide Gang - AddXcts.wav",
    "sample_rate": 48000,
    "duration_seconds": 134.31466666666665,
    "bpm": 140.0,
    "key": "A# Minor",
    "key_note": "A#",
    "key_mode": "Minor",
    "key_confidence": 44.68413941173375
  },
  "loudness": {
    "peak_db": -9.31895359490919e-06,
    "rms_db": -6.361716008451072,
    "dynamic_range_db": 6.361706689497478,
    "clipping_detected": true,
    "clipping_samples": 4551,
    "clipping_percent": 0.07058983382306226,
    "headroom_db": 9.31895359490919e-06
  },
  "frequency": {
    "band_percentages": {
      "Sub": 16.812043551816824,
      "Bass / 808": 14.952107530934377,
      "Mud": 14.1882240274439,
      "Low Mids": 14.015027814912806,
      "Mids / Melody": 13.789135386414774,
      "Harsh Zone": 13.038326814696404,
      "Highs": 14.059579279381756,
      "Air": 12.183882407341354,
      "Vocal Range": 14.735455635434011
    },
    "brightness_centroid_hz": 2641.2160335254794,
    "brightness_label": "Medium",
    "spectral_rolloff_hz": 5569.435276542524,
    "dominant_band": "Sub",
    "low_end_total_percent": 31.7641510827512,
    "mid_total_percent": 41.99238722877148,
    "top_total_percent": 26.24346168672311
  },
  "fingerprint": {
    "mfcc_1": -131.8514404296875,
    "mfcc_2": -9.865165710449219,
    "mfcc_3": 3.2086730003356934,
    "mfcc_4": -4.805236339569092,
    "mfcc_5": -4.347728729248047,
    "mfcc_6": 2.71403431892395,
    "mfcc_7": -3.46030855178833,
    "mfcc_8": -0.24847950041294098,
    "mfcc_9": -4.5478596687316895,
    "mfcc_10": 12.177685737609863,
    "mfcc_11": -3.861952543258667,
    "mfcc_12": 7.375532150268555,
    "mfcc_13": -0.6987522840499878,
    "chroma_1": 0.29172447323799133,
    "chroma_2": 0.5807546377182007,
    "chroma_3": 0.25675490498542786,
    "chroma_4": 0.1864614337682724,
    "chroma_5": 0.20768241584300995,
    "chroma_6": 0.39437347650527954,
    "chroma_7": 0.19794230163097382,
    "chroma_8": 0.21104377508163452,
    "chroma_9": 0.21250391006469727,
    "chroma_10": 0.18506783246994019,
    "chroma_11": 0.46589428186416626,
    "chroma_12": 0.20826108753681183,
    "spectral_contrast": 22.448325081337387,
    "spectral_flatness": 0.01078762300312519,
    "zero_crossing_rate": 0.05508451196062306,
    "embed_mfcc_1_mean": -131.8514404296875,
    "embed_mfcc_1_std": 45.90085983276367,
    "embed_mfcc_2_mean": -9.865165710449219,
    "embed_mfcc_2_std": 35.37412643432617,
    "embed_mfcc_3_mean": 3.2086730003356934,
    "embed_mfcc_3_std": 30.051742553710938,
    "embed_mfcc_4_mean": -4.805236339569092,
    "embed_mfcc_4_std": 16.751813888549805,
    "embed_mfcc_5_mean": -4.347728729248047,
    "embed_mfcc_5_std": 17.246891021728516,
    "embed_mfcc_6_mean": 2.71403431892395,
    "embed_mfcc_6_std": 13.459397315979004,
    "embed_mfcc_7_mean": -3.46030855178833,
    "embed_mfcc_7_std": 11.261347770690918,
    "embed_mfcc_8_mean": -0.24847950041294098,
    "embed_mfcc_8_std": 16.744991302490234,
    "embed_mfcc_9_mean": -4.5478596687316895,
    "embed_mfcc_9_std": 9.847214698791504,
    "embed_mfcc_10_mean": 12.177685737609863,
    "embed_mfcc_10_std": 12.030632019042969,
    "embed_mfcc_11_mean": -3.861952543258667,
    "embed_mfcc_11_std": 9.090182304382324,
    "embed_mfcc_12_mean": 7.375532150268555,
    "embed_mfcc_12_std": 9.852583885192871,
    "embed_mfcc_13_mean": -0.6987522840499878,
    "embed_mfcc_13_std": 8.13841438293457,
    "embed_mfcc_14_mean": -2.749549627304077,
    "embed_mfcc_14_std": 8.29024600982666,
    "embed_mfcc_15_mean": -0.31513890624046326,
    "embed_mfcc_15_std": 8.42959976196289,
    "embed_mfcc_16_mean": 5.864527702331543,
    "embed_mfcc_16_std": 6.814120769500732,
    "embed_mfcc_17_mean": -3.781327486038208,
    "embed_mfcc_17_std": 8.272436141967773,
    "embed_mfcc_18_mean": 4.920259475708008,
    "embed_mfcc_18_std": 6.3283209800720215,
    "embed_mfcc_19_mean": 2.8986146450042725,
    "embed_mfcc_19_std": 6.797976970672607,
    "embed_mfcc_20_mean": 1.7467070817947388,
    "embed_mfcc_20_std": 7.086306095123291,
    "embed_chroma_1_mean": 0.29172447323799133,
    "embed_chroma_1_std": 0.21226203441619873,
    "embed_chroma_2_mean": 0.5807546377182007,
    "embed_chroma_2_std": 0.40724891424179077,
    "embed_chroma_3_mean": 0.25675490498542786,
    "embed_chroma_3_std": 0.19038933515548706,
    "embed_chroma_4_mean": 0.1864614337682724,
    "embed_chroma_4_std": 0.12692952156066895,
    "embed_chroma_5_mean": 0.20768241584300995,
    "embed_chroma_5_std": 0.13256923854351044,
    "embed_chroma_6_mean": 0.39437347650527954,
    "embed_chroma_6_std": 0.34311842918395996,
    "embed_chroma_7_mean": 0.19794230163097382,
    "embed_chroma_7_std": 0.15333998203277588,
    "embed_chroma_8_mean": 0.21104377508163452,
    "embed_chroma_8_std": 0.1677449643611908,
    "embed_chroma_9_mean": 0.21250391006469727,
    "embed_chroma_9_std": 0.1476374864578247,
    "embed_chroma_10_mean": 0.18506783246994019,
    "embed_chroma_10_std": 0.1534377634525299,
    "embed_chroma_11_mean": 0.46589428186416626,
    "embed_chroma_11_std": 0.4042983055114746,
    "embed_chroma_12_mean": 0.20826108753681183,
    "embed_chroma_12_std": 0.1951444000005722,
    "embed_contrast_1_mean": 22.827669143676758,
    "embed_contrast_1_std": 5.226016998291016,
    "embed_contrast_2_mean": 14.234512329101562,
    "embed_contrast_2_std": 3.884603977203369,
    "embed_contrast_3_mean": 17.757190704345703,
    "embed_contrast_3_std": 4.177736759185791,
    "embed_contrast_4_mean": 17.087892532348633,
    "embed_contrast_4_std": 3.4273979663848877,
    "embed_contrast_5_mean": 17.943147659301758,
    "embed_contrast_5_std": 3.121457576751709,
    "embed_contrast_6_mean": 18.360567092895508,
    "embed_contrast_6_std": 3.0783703327178955,
    "embed_contrast_7_mean": 48.92729949951172,
    "embed_contrast_7_std": 3.8672056198120117,
    "embed_chroma_entropy": 2.4013559818267822,
    "embed_centroid_mean": 2428.5436866305504,
    "embed_centroid_std": 1098.273733302173,
    "embed_rolloff_mean": 5383.1486988362885,
    "embed_rolloff_std": 2267.296858249845,
    "embed_flatness_mean": 0.01078762300312519,
    "embed_flatness_std": 0.02128351293504238,
    "embed_zcr_mean": 0.05508451196062306,
    "embed_zcr_std": 0.05336644143932679,
    "embed_rms_mean": 0.36794278025627136,
    "embed_rms_std": 0.12666019797325134,
    "embed_onset_mean": 1.56683349609375,
    "embed_onset_std": 1.4232606887817383,
    "fingerprint_version": 2.0,
    "fingerprint_duration_seconds": 134.314693877551,
    "embed_mfcc_delta_mean": -0.000239287328440696,
    "embed_mfcc_delta_std": 2.9132392406463623,
    "embed_chroma_delta_mean": 1.6338119166903198e-05,
    "embed_chroma_delta_std": 0.023649191483855247,
    "embed_onset_peak": 9.787870407104492,
    "embed_onset_p95": 4.734724044799805,
    "embed_rms_p10": 0.13521361351013184,
    "embed_rms_p50": 0.4323503375053406,
    "embed_rms_p90": 0.4537903368473053,
    "embedding_nonzero_count": 100.0
  },
  "rhythm": {
    "onset_count": 695,
    "onset_density": 5.174416296060992,
    "drum_activity": "High",
    "estimated_bars": 78,
    "seconds_per_bar": 1.7142857142857142
  },
  "sections": [
    {
      "name": "Intro",
      "start": 0.0,
      "end": 16.0,
      "avg_energy": 0.4697367548942566,
      "energy_label": "Medium"
    },
    {
      "name": "Chorus / Hook",
      "start": 16.0,
      "end": 32.0,
      "avg_energy": 0.5357146859169006,
      "energy_label": "Medium"
    },
    {
      "name": "Verse",
      "start": 32.0,
      "end": 48.0,
      "avg_energy": 0.5153619647026062,
      "energy_label": "Medium"
    },
    {
      "name": "Chorus / Hook",
      "start": 48.0,
      "end": 64.0,
      "avg_energy": 0.4311436414718628,
      "energy_label": "Medium"
    },
    {
      "name": "Verse",
      "start": 64.0,
      "end": 80.0,
      "avg_energy": 0.32866010069847107,