{
  "basic": {
    "file_name": "Homixide Gang - FACET!ME.wav",
    "file_path": "/Users/jayden/SoundLens/tracks/Homixide Gang/Homixide Gang - FACET!ME.wav",
    "sample_rate": 48000,
    "duration_seconds": 182.69866666666667,
    "bpm": 140.62,
    "key": "F# Minor",
    "key_note": "F#",
    "key_mode": "Minor",
    "key_confidence": 47.200231970468536
  },
  "loudness": {
    "peak_db": 1.3460693097157829e-05,
    "rms_db": -6.156461752086907,
    "dynamic_range_db": 6.156475212780004,
    "clipping_detected": true,
    "clipping_samples": 12140,
    "clipping_percent": 0.13843377802428772,
    "headroom_db": -1.3460693097157829e-05
  },
  "frequency": {
    "band_percentages": {
      "Sub": 16.45763077447226,
      "Bass / 808": 14.698553304412615,
      "Mud": 13.79935918256508,
      "Low Mids": 14.19114723359054,
      "Mids / Melody": 14.529028726553877,
      "Harsh Zone": 13.887009900412576,
      "Highs": 13.962265926642761,
      "Air": 12.362014850067048,
      "Vocal Range": 14.970502283303096
    },
    "brightness_centroid_hz": 3333.6034228111675,
    "brightness_label": "Medium",
    "spectral_rolloff_hz": 7055.3853297040105,
    "dominant_band": "Sub",
    "low_end_total_percent": 31.156184078884877,
    "mid_total_percent": 42.51953514270949,
    "top_total_percent": 26.32428077670981
  },
  "fingerprint": {
    "mfcc_1": -56.12846755981445,
    "mfcc_2": 124.67826843261719,
    "mfcc_3": -36.455631256103516,
    "mfcc_4": 51.92220687866211,
    "mfcc_5": -13.91517162322998,
    "mfcc_6": 30.223466873168945,
    "mfcc_7": -0.4836357831954956,
    "mfcc_8": 16.867313385009766,
    "mfcc_9": 0.4467788636684418,
    "mfcc_10": 9.225269317626953,
    "mfcc_11": 3.5958969593048096,
    "mfcc_12": 11.986997604370117,
    "mfcc_13": 4.485446929931641,
    "chroma_1": 0.3978705108165741,
    "chroma_2": 0.47734954953193665,
    "chroma_3": 0.37964266538619995,
    "chroma_4": 0.36577391624450684,
    "chroma_5": 0.38531628251075745,
    "chroma_6": 0.4373180568218231,
    "chroma_7": 0.826781153678894,
    "chroma_8": 0.49200552701950073,
    "chroma_9": 0.4525918662548065,
    "chroma_10": 0.4166215658187866,
    "chroma_11": 0.30730676651000977,
    "chroma_12": 0.2979743778705597,
    "spectral_contrast": 18.470811914135368,
    "spectral_flatness": 0.0013571109157055616,
    "zero_crossing_rate": 0.04483364857296106
  },
  "rhythm": {
    "onset_count": 939,
    "onset_density": 5.139610579168613,
    "drum_activity": "High",
    "estimated_bars": 107,
    "seconds_per_bar": 1.7067273503057887
  },
  "sections": [
    {
      "name": "Section 1",
      "start": 0.0,
      "end": 13.65381880244631,
      "avg_energy": 0.1627206802368164,
      "energy_label": "Low"
    },
    {
      "name": "Section 2",
      "start": 13.65381880244631,
      "end": 27.30763760489262,
      "avg_energy": 0.5266778469085693,
      "energy_label": "Medium"
    },
    {
      "name": "Section 3",
      "start": 27.30763760489262,
      "end": 40.96145640733893,
      "avg_energy": 0.550594687461853,
      "energy_label": "High"
    },
    {
      "name": "Section 4",
      "start": 40.96145640733893,
      "end": 54.61527520978524,
      "avg_energy": 0.5372031927108765,
      "energy_label": "Medium"
    },
    {
      "name": "Section 5",
      "start": 54.61527520978524,
      "end": 68.26909401223155,
      "avg_energy": 0.5418976545333862,
      "energy_label": "High"
    },
    {
      "name": "Section 6",
      "start": 68.26909401223155,
      "end": 81.92291281467786,
      "avg_energy": 0.46483114361763,
      "energy_label": "Low"
    },
    {
      "name": "Section 7",
      "start": 81.92291281467786,
      "end": 95.57673161712417,
      "avg_energy": 0.4972518980503082,
      "energy_label": "Low"
    },
    {
      "name": "Section 8",
      "start": 95.57673161712417,
      "end": 109.23055041957048,
      "avg_energy": 0.5393342971801758,
      "energy_label": "Medium"
    },
    {
      "name": "Section 9",
      "start": 109.23055041957048,
      "end": 122.88436922201679,
      "avg_energy": 0.5108795762062073,
      "energy_label": "Medium"
    },
    {
      "name": "Section 10",
      "start": 122.88436922201679,
      "end": 136.5381880244631,
      "avg_energy": 0.5371923446655273,
      "energy_label": "Medium"
    },
    {
      "name": "Section 11",
      "start": 136.5381880244631,
      "end": 150.1920068269094,
      "avg_energy": 0.5395246148109436,
      "energy_label": "High"
    },
    {
      "name": "Section 12",
      "start": 150.1920068269094,
      "end": 163.84582562935572,
      "avg_energy": 0.5457606911659241,
      "energy_label": "High"
    },
    {
      "name": "Section 13",
      "start": 163.84582562935572,
      "end": 182.69866666666667,
      "avg_energy": 0.3405970633029938,
      "energy_label": "Low"
    }
  ],
  "scores": {
    "mix": 81,
    "master": 81,
    "arrangement": 81,
    "release": 81,
    "energy": 9.421769123956548,
    "bass_strength": 6.231236815776976,
    "darkness": 3.332793154377665,
    "brightness": 6.667206845622335,
    "drum_bounce": 10,
    "vocal_space": 2.452949579318176
  },
  "stem_balance": null,
  "top_problems": [
    "Clipping detected: 12140 samples are near/over the limit.",
    "Mud range is elevated around 250-500 Hz.",
    "Drum movement is very active; the beat could become overcrowded."
  ],
  "suggested_fixes": [
    "Lower the master/output, then use a soft clipper or limiter with safer ceiling.",
    "Gently cut 250-500 Hz on melodies, pads, or the master if the mix feels cloudy.",
    "Mute extra percussion in some sections so the hook/drop feels bigger."
  ],
  "artist_notes": [
    "Autotune/key starting point: F# Minor. Confidence: 47.2%.",
    "Beat energy: 9.4/10. Darkness: 3.3/10.",
    "Vocal space estimate: 2.5/10. Higher means easier space for vocals."
  ],
  "producer_notes": [
    "Low-end presence looks usable for the selected style.",
    "Selected style preset: rage_trap.",
    "Dominant frequency area: Sub.",
    "Drum activity is high at 5.14 hits/sec.",
    "Estimated length: 107 bars at 141 BPM."
  ],
  "master_notes": [
    "Clipping is the first thing to fix before judging the rest of the mix.",
    "Loudness is in a usable range for the selected style.",
    "Peak: 0.00 dB. RMS: -6.16 dB. Dynamic range: 6.16 dB."
  ],
  "next_steps": [
    "Lower the master/output, then use a soft clipper or limiter with safer ceiling.",
    "Gently cut 250-500 Hz on melodies, pads, or the master if the mix feels cloudy.",
    "Mute extra percussion in some sections so the hook/drop feels bigger.",
    "Fix the top 1-2 issues, export again, then re-run SoundLens."
  ]
}