{
  "basic": {
    "file_name": "Molly Santana - glory.wav",
    "file_path": "/Volumes/POLLY/tracks/Molly Santana/Molly Santana - glory.wav",
    "sample_rate": 48000,
    "duration_seconds": 150.99791666666667,
    "bpm": 140.0,
    "key": "F Minor",
    "key_note": "F",
    "key_mode": "Minor",
    "key_confidence": 43.044736516737466
  },
  "loudness": {
    "peak_db": -1.980406684066246,
    "rms_db": -13.075881636222382,
    "dynamic_range_db": 11.095474952156136,
    "clipping_detected": false,
    "clipping_samples": 0,
    "clipping_percent": 0.0,
    "headroom_db": 1.980406684066246
  },
  "frequency": {
    "band_percentages": {
      "Sub": 16.515608638906535,
      "Bass / 808": 15.133209802784059,
      "Mud": 14.461383064203307,
      "Low Mids": 14.876545762575171,
      "Mids / Melody": 14.02796861791518,
      "Harsh Zone": 13.489904604301481,
      "Highs": 13.0036137837194,
      "Air": 11.981670328035099,
      "Vocal Range": 15.347203892284552
    },
    "brightness_centroid_hz": 2516.1936458029113,
    "brightness_label": "Medium",
    "spectral_rolloff_hz": 5755.294421487603,
    "dominant_band": "Sub",
    "low_end_total_percent": 31.648818441690594,
    "mid_total_percent": 43.36589744469366,
    "top_total_percent": 24.9852841117545
  },
  "fingerprint": {
    "mfcc_1": -149.26132202148438,
    "mfcc_2": 10.146135330200195,
    "mfcc_3": -0.1447177529335022,
    "mfcc_4": 2.6977059841156006,
    "mfcc_5": -19.226530075073242,
    "mfcc_6": -5.425833225250244,
    "mfcc_7": -0.19127298891544342,
    "mfcc_8": -2.517913818359375,
    "mfcc_9": 3.2675483226776123,
    "mfcc_10": 0.8415623903274536,
    "mfcc_11": 3.7395753860473633,
    "mfcc_12": 5.018014907836914,
    "mfcc_13": -3.3057265281677246,
    "chroma_1": 0.6253127455711365,
    "chroma_2": 0.6005661487579346,
    "chroma_3": 0.41144034266471863,
    "chroma_4": 0.4525088965892792,
    "chroma_5": 0.2893148958683014,
    "chroma_6": 0.6442922353744507,
    "chroma_7": 0.6807602643966675,
    "chroma_8": 0.5654299259185791,
    "chroma_9": 0.56180739402771,
    "chroma_10": 0.4299444854259491,
    "chroma_11": 0.5638588070869446,
    "chroma_12": 0.3251761198043823,
    "spectral_contrast": 22.11132965164274,
    "spectral_flatness": 0.008869718760251999,
    "zero_crossing_rate": 0.06475518288627129,
    "embed_mfcc_1_mean": -149.26132202148438,
    "embed_mfcc_1_std": 44.46787643432617,
    "embed_mfcc_2_mean": 10.146135330200195,
    "embed_mfcc_2_std": 29.817411422729492,
    "embed_mfcc_3_mean": -0.1447177529335022,
    "embed_mfcc_3_std": 24.30865478515625,
    "embed_mfcc_4_mean": 2.6977059841156006,
    "embed_mfcc_4_std": 18.1092529296875,
    "embed_mfcc_5_mean": -19.226530075073242,
    "embed_mfcc_5_std": 15.452873229980469,
    "embed_mfcc_6_mean": -5.425833225250244,
    "embed_mfcc_6_std": 13.580327987670898,
    "embed_mfcc_7_mean": -0.19127298891544342,
    "embed_mfcc_7_std": 11.644783020019531,
    "embed_mfcc_8_mean": -2.517913818359375,
    "embed_mfcc_8_std": 13.325250625610352,
    "embed_mfcc_9_mean": 3.2675483226776123,
    "embed_mfcc_9_std": 10.611374855041504,
    "embed_mfcc_10_mean": 0.8415623903274536,
    "embed_mfcc_10_std": 10.522022247314453,
    "embed_mfcc_11_mean": 3.7395753860473633,
    "embed_mfcc_11_std": 9.599221229553223,
    "embed_mfcc_12_mean": 5.018014907836914,
    "embed_mfcc_12_std": 8.951723098754883,
    "embed_mfcc_13_mean": -3.3057265281677246,
    "embed_mfcc_13_std": 9.391822814941406,
    "embed_mfcc_14_mean": 7.486759185791016,
    "embed_mfcc_14_std": 7.637026786804199,
    "embed_mfcc_15_mean": -3.578641653060913,
    "embed_mfcc_15_std": 9.032867431640625,
    "embed_mfcc_16_mean": 0.632525622844696,
    "embed_mfcc_16_std": 6.338603973388672,
    "embed_mfcc_17_mean": -2.260019302368164,
    "embed_mfcc_17_std": 7.882044315338135,
    "embed_mfcc_18_mean": 1.1325416564941406,
    "embed_mfcc_18_std": 7.353213787078857,
    "embed_mfcc_19_mean": 0.9903301000595093,
    "embed_mfcc_19_std": 6.370335578918457,
    "embed_mfcc_20_mean": 3.8539419174194336,
    "embed_mfcc_20_std": 7.690011024475098,
    "embed_chroma_1_mean": 0.6253127455711365,
    "embed_chroma_1_std": 0.29837486147880554,
    "embed_chroma_2_mean": 0.6005661487579346,
    "embed_chroma_2_std": 0.22247208654880524,
    "embed_chroma_3_mean": 0.41144034266471863,
    "embed_chroma_3_std": 0.1846148818731308,
    "embed_chroma_4_mean": 0.4525088965892792,
    "embed_chroma_4_std": 0.215215265750885,
    "embed_chroma_5_mean": 0.2893148958683014,
    "embed_chroma_5_std": 0.12604302167892456,
    "embed_chroma_6_mean": 0.6442922353744507,
    "embed_chroma_6_std": 0.27647727727890015,
    "embed_chroma_7_mean": 0.6807602643966675,
    "embed_chroma_7_std": 0.2622157633304596,
    "embed_chroma_8_mean": 0.5654299259185791,
    "embed_chroma_8_std": 0.29194897413253784,
    "embed_chroma_9_mean": 0.56180739402771,
    "embed_chroma_9_std": 0.3171202838420868,
    "embed_chroma_10_mean": 0.4299444854259491,
    "embed_chroma_10_std": 0.2537825107574463,
    "embed_chroma_11_mean": 0.5638588070869446,
    "embed_chroma_11_std": 0.2304990440607071,
    "embed_chroma_12_mean": 0.3251761198043823,
    "embed_chroma_12_std": 0.17852210998535156,
    "embed_contrast_1_mean": 18.837068557739258,
    "embed_contrast_1_std": 4.832479953765869,
    "embed_contrast_2_mean": 13.382339477539062,
    "embed_contrast_2_std": 3.4350390434265137,
    "embed_contrast_3_mean": 17.820608139038086,
    "embed_contrast_3_std": 3.8132336139678955,
    "embed_contrast_4_mean": 18.936405181884766,
    "embed_contrast_4_std": 3.226778507232666,
    "embed_contrast_5_mean": 18.200651168823242,
    "embed_contrast_5_std": 2.733957052230835,
    "embed_contrast_6_mean": 19.472217559814453,
    "embed_contrast_6_std": 3.9338772296905518,
    "embed_contrast_7_mean": 48.13002014160156,
    "embed_contrast_7_std": 3.7098701000213623,
    "embed_chroma_entropy": 2.4547619819641113,
    "embed_centroid_mean": 1934.8377340601392,
    "embed_centroid_std": 638.8977297479485,
    "embed_rolloff_mean": 4477.137510695325,
    "embed_rolloff_std": 1631.4526703859444,
    "embed_flatness_mean": 0.008869718760251999,
    "embed_flatness_std": 0.014179343357682228,
    "embed_zcr_mean": 0.06475518288627129,
    "embed_zcr_std": 0.03636468828150498,
    "embed_rms_mean": 0.24887193739414215,
    "embed_rms_std": 0.11772532016038895,
    "embed_onset_mean": 1.2802773714065552,
    "embed_onset_std": 0.8991376757621765,
    "fingerprint_version": 2.0,
    "fingerprint_duration_seconds": 150.99795918367346,
    "embed_mfcc_delta_mean": 0.0024524880573153496,
    "embed_mfcc_delta_std": 2.078695297241211,
    "embed_chroma_delta_mean": -3.293973713880405e-05,
    "embed_chroma_delta_std": 0.025962751358747482,
    "embed_onset_peak": 8.333375930786133,
    "embed_onset_p95": 3.031815528869629,
    "embed_rms_p10": 0.07271657139062881,
    "embed_rms_p50": 0.2719550132751465,
    "embed_rms_p90": 0.42007485032081604,
    "embedding_nonzero_count": 100.0
  },
  "rhythm": {
    "onset_count": 863,
    "onset_density": 5.715310641703114,
    "drum_activity": "High",
    "estimated_bars": 88,
    "seconds_per_bar": 1.7142857142857142
  },
  "sections": [
    {
      "name": "Intro",
      "start": 0.0,
      "end": 16.0,
      "avg_energy": 0.043537743389606476,
      "energy_label": "Low"
    },
    {
      "name": "Chorus / Hook",
      "start": 16.0,
      "end": 32.0,
      "avg_energy": 0.15085072815418243,
      "energy_label": "Low"
    },
    {
      "name": "Verse",
      "start": 32.0,
      "end": 48.0,
      "avg_energy": 0.2723340094089508,
      "energy_label": "High"
    },
    {
      "name": "Chorus / Hook",
      "start": 48.0,
      "end": 64.0,
      "avg_energy": 0.245443195104599,
      "energy_label": "High"
    },
    {
      "name": "Verse",
      "start": 64.0,
      "end": 80.0,
      "avg_energy": 0.25752145051956177,