{
  "basic": {
    "file_name": "Molly Santana - So Right.wav",
    "file_path": "/Volumes/POLLY/tracks/Molly Santana/Molly Santana - So Right.wav",
    "sample_rate": 48000,
    "duration_seconds": 167.97339583333334,
    "bpm": 140.0,
    "key": "C# Minor",
    "key_note": "C#",
    "key_mode": "Minor",
    "key_confidence": 42.882811980264336
  },
  "loudness": {
    "peak_db": 0.00010043697639803184,
    "rms_db": -9.655188374312608,
    "dynamic_range_db": 9.655288811289006,
    "clipping_detected": true,
    "clipping_samples": 1300,
    "clipping_percent": 0.016123585046888007,
    "headroom_db": -0.00010043697639803184
  },
  "frequency": {
    "band_percentages": {
      "Sub": 16.15704547918796,
      "Bass / 808": 14.757563796931997,
      "Mud": 13.959852869748774,
      "Low Mids": 14.650814796296007,
      "Mids / Melody": 14.67926541464676,
      "Harsh Zone": 13.662041612699852,
      "Highs": 13.524511396944424,
      "Air": 12.270946244496006,
      "Vocal Range": 15.292429086970708
    },
    "brightness_centroid_hz": 2730.035997325395,
    "brightness_label": "Medium",
    "spectral_rolloff_hz": 5686.177411417323,
    "dominant_band": "Sub",
    "low_end_total_percent": 30.914609276119958,
    "mid_total_percent": 43.28993308069154,
    "top_total_percent": 25.79545764144043
  },
  "fingerprint": {
    "mfcc_1": -114.3648910522461,
    "mfcc_2": 2.1679346561431885,
    "mfcc_3": -17.658863067626953,
    "mfcc_4": -5.457102298736572,
    "mfcc_5": -6.826622486114502,
    "mfcc_6": -2.1297078132629395,
    "mfcc_7": 6.877704620361328,
    "mfcc_8": -0.9656204581260681,
    "mfcc_9": 7.492724895477295,
    "mfcc_10": 6.09375524520874,
    "mfcc_11": 2.611835241317749,
    "mfcc_12": 8.237360954284668,
    "mfcc_13": -3.4186320304870605,
    "chroma_1": 0.4491358995437622,
    "chroma_2": 0.5708485841751099,
    "chroma_3": 0.29961535334587097,
    "chroma_4": 0.4787481427192688,
    "chroma_5": 0.21470306813716888,
    "chroma_6": 0.22479239106178284,
    "chroma_7": 0.15098796784877777,
    "chroma_8": 0.21334151923656464,
    "chroma_9": 0.2258691042661667,
    "chroma_10": 0.13922818005084991,
    "chroma_11": 0.2432985156774521,
    "chroma_12": 0.12961575388908386,
    "spectral_contrast": 22.896115718603305,
    "spectral_flatness": 0.013818953186273575,
    "zero_crossing_rate": 0.06808566161353521,
    "embed_mfcc_1_mean": -114.3648910522461,
    "embed_mfcc_1_std": 47.08523178100586,
    "embed_mfcc_2_mean": 2.1679346561431885,
    "embed_mfcc_2_std": 34.80693054199219,
    "embed_mfcc_3_mean": -17.658863067626953,
    "embed_mfcc_3_std": 28.22250747680664,
    "embed_mfcc_4_mean": -5.457102298736572,
    "embed_mfcc_4_std": 16.774776458740234,
    "embed_mfcc_5_mean": -6.826622486114502,
    "embed_mfcc_5_std": 12.964664459228516,
    "embed_mfcc_6_mean": -2.1297078132629395,
    "embed_mfcc_6_std": 16.309457778930664,
    "embed_mfcc_7_mean": 6.877704620361328,
    "embed_mfcc_7_std": 13.977129936218262,
    "embed_mfcc_8_mean": -0.9656204581260681,
    "embed_mfcc_8_std": 15.225564956665039,
    "embed_mfcc_9_mean": 7.492724895477295,
    "embed_mfcc_9_std": 10.458514213562012,
    "embed_mfcc_10_mean": 6.09375524520874,
    "embed_mfcc_10_std": 9.938375473022461,
    "embed_mfcc_11_mean": 2.611835241317749,
    "embed_mfcc_11_std": 8.90379810333252,
    "embed_mfcc_12_mean": 8.237360954284668,
    "embed_mfcc_12_std": 9.240262031555176,
    "embed_mfcc_13_mean": -3.4186320304870605,
    "embed_mfcc_13_std": 9.952329635620117,
    "embed_mfcc_14_mean": 10.754944801330566,
    "embed_mfcc_14_std": 8.272046089172363,
    "embed_mfcc_15_mean": 0.1495690643787384,
    "embed_mfcc_15_std": 8.162151336669922,
    "embed_mfcc_16_mean": 2.7062933444976807,
    "embed_mfcc_16_std": 7.4636383056640625,
    "embed_mfcc_17_mean": -0.5194747447967529,
    "embed_mfcc_17_std": 7.310645580291748,
    "embed_mfcc_18_mean": 6.511191368103027,
    "embed_mfcc_18_std": 6.650637149810791,
    "embed_mfcc_19_mean": 0.26235508918762207,
    "embed_mfcc_19_std": 6.519981384277344,
    "embed_mfcc_20_mean": 0.5873304009437561,
    "embed_mfcc_20_std": 7.058380126953125,
    "embed_chroma_1_mean": 0.4491358995437622,
    "embed_chroma_1_std": 0.3458963632583618,
    "embed_chroma_2_mean": 0.5708485841751099,
    "embed_chroma_2_std": 0.38669633865356445,
    "embed_chroma_3_mean": 0.29961535334587097,
    "embed_chroma_3_std": 0.2284637838602066,
    "embed_chroma_4_mean": 0.4787481427192688,
    "embed_chroma_4_std": 0.3669288754463196,
    "embed_chroma_5_mean": 0.21470306813716888,
    "embed_chroma_5_std": 0.1554698795080185,
    "embed_chroma_6_mean": 0.22479239106178284,
    "embed_chroma_6_std": 0.1627630889415741,
    "embed_chroma_7_mean": 0.15098796784877777,
    "embed_chroma_7_std": 0.11711613088846207,
    "embed_chroma_8_mean": 0.21334151923656464,
    "embed_chroma_8_std": 0.14606128633022308,
    "embed_chroma_9_mean": 0.2258691042661667,
    "embed_chroma_9_std": 0.16608142852783203,
    "embed_chroma_10_mean": 0.13922818005084991,
    "embed_chroma_10_std": 0.10689157992601395,
    "embed_chroma_11_mean": 0.2432985156774521,
    "embed_chroma_11_std": 0.2443506419658661,
    "embed_chroma_12_mean": 0.12961575388908386,
    "embed_chroma_12_std": 0.09634597599506378,
    "embed_contrast_1_mean": 21.249170303344727,
    "embed_contrast_1_std": 4.562821865081787,
    "embed_contrast_2_mean": 14.39932918548584,
    "embed_contrast_2_std": 3.8585944175720215,
    "embed_contrast_3_mean": 18.56844139099121,
    "embed_contrast_3_std": 3.904573440551758,
    "embed_contrast_4_mean": 19.38945770263672,
    "embed_contrast_4_std": 3.393031120300293,
    "embed_contrast_5_mean": 19.310819625854492,
    "embed_contrast_5_std": 3.4307172298431396,
    "embed_contrast_6_mean": 19.864315032958984,
    "embed_contrast_6_std": 4.57182502746582,
    "embed_contrast_7_mean": 47.49127960205078,
    "embed_contrast_7_std": 3.6184632778167725,
    "embed_chroma_entropy": 2.3716626167297363,
    "embed_centroid_mean": 2189.298615810129,
    "embed_centroid_std": 867.2721329493953,
    "embed_rolloff_mean": 4776.846115065064,
    "embed_rolloff_std": 2081.705851934651,
    "embed_flatness_mean": 0.013818953186273575,
    "embed_flatness_std": 0.024094680324196815,
    "embed_zcr_mean": 0.06808566161353521,
    "embed_zcr_std": 0.04561152112470486,
    "embed_rms_mean": 0.3072691857814789,
    "embed_rms_std": 0.09074190258979797,
    "embed_onset_mean": 1.5734198093414307,
    "embed_onset_std": 1.572829246520996,
    "fingerprint_version": 2.0,
    "fingerprint_duration_seconds": 167.9734240362812,
    "embed_mfcc_delta_mean": 0.002112261950969696,
    "embed_mfcc_delta_std": 3.234078884124756,
    "embed_chroma_delta_mean": -3.055293927900493e-05,
    "embed_chroma_delta_std": 0.01979018747806549,
    "embed_onset_peak": 13.836045265197754,
    "embed_onset_p95": 4.994632244110107,
    "embed_rms_p10": 0.17202496528625488,
    "embed_rms_p50": 0.3376924395561218,
    "embed_rms_p90": 0.4077454209327698,
    "embedding_nonzero_count": 100.0
  },
  "rhythm": {
    "onset_count": 621,
    "onset_density": 3.697014023674136,
    "drum_activity": "High",
    "estimated_bars": 98,
    "seconds_per_bar": 1.7142857142857142
  },
  "sections": [
    {
      "name": "Intro",
      "start": 0.0,
      "end": 16.0,
      "avg_energy": 0.18535278737545013,
      "energy_label": "Low"
    },
    {
      "name": "Chorus / Hook",
      "start": 16.0,
      "end": 32.0,
      "avg_energy": 0.3331391513347626,
      "energy_label": "Medium"
    },
    {
      "name": "Verse",
      "start": 32.0,
      "end": 48.0,
      "avg_energy": 0.39000195264816284,
      "energy_label": "High"
    },
    {
      "name": "Chorus / Hook",
      "start": 48.0,
      "end": 64.0,
      "avg_energy": 0.3770579695701599,
      "energy_label": "High"
    },
    {
      "name": "Verse",
      "start": 64.0,
      "end": 80.0,
      "avg_energy": 0.33224305510520935,