{
  "basic": {
    "file_name": "Molly Santana - Wherever You Go.wav",
    "file_path": "/Volumes/POLLY/tracks/Molly Santana/Molly Santana - Wherever You Go.wav",
    "sample_rate": 48000,
    "duration_seconds": 127.34697916666667,
    "bpm": 140.0,
    "key": "C Minor",
    "key_note": "C",
    "key_mode": "Minor",
    "key_confidence": 42.82937840534633
  },
  "loudness": {
    "peak_db": -9.836673532226796e-06,
    "rms_db": -10.881145777272422,
    "dynamic_range_db": 10.88113594059889,
    "clipping_detected": true,
    "clipping_samples": 718,
    "clipping_percent": 0.011746123411185482,
    "headroom_db": 9.836673532226796e-06
  },
  "frequency": {
    "band_percentages": {
      "Sub": 16.276453585804337,
      "Bass / 808": 14.97254663348567,
      "Mud": 14.402093609382819,
      "Low Mids": 14.678420219508817,
      "Mids / Melody": 14.886611359003012,
      "Harsh Zone": 13.8544250257993,
      "Highs": 13.209292358400686,
      "Air": 11.574582232601703,
      "Vocal Range": 15.47684732197536
    },
    "brightness_centroid_hz": 2232.1669657473417,
    "brightness_label": "Medium",
    "spectral_rolloff_hz": 4486.521327163079,
    "dominant_band": "Sub",
    "low_end_total_percent": 31.249000219290007,
    "mid_total_percent": 43.96712518789465,
    "top_total_percent": 24.783874591002387
  },
  "fingerprint": {
    "mfcc_1": -134.81832885742188,
    "mfcc_2": 0.28738701343536377,
    "mfcc_3": -23.82281494140625,
    "mfcc_4": -3.6204135417938232,
    "mfcc_5": -4.830494403839111,
    "mfcc_6": -5.283613681793213,
    "mfcc_7": 3.29079270362854,
    "mfcc_8": -6.177298069000244,
    "mfcc_9": -4.582513332366943,
    "mfcc_10": 7.259495258331299,
    "mfcc_11": -5.860293388366699,
    "mfcc_12": 8.854716300964355,
    "mfcc_13": -11.204259872436523,
    "chroma_1": 0.7214986681938171,
    "chroma_2": 0.8832376599311829,
    "chroma_3": 0.5963835120201111,
    "chroma_4": 0.5310126543045044,
    "chroma_5": 0.3598234951496124,
    "chroma_6": 0.44342777132987976,
    "chroma_7": 0.3085944950580597,
    "chroma_8": 0.3543134033679962,
    "chroma_9": 0.35683107376098633,
    "chroma_10": 0.24637624621391296,
    "chroma_11": 0.37404555082321167,
    "chroma_12": 0.2734719514846802,
    "spectral_contrast": 23.640949254866534,
    "spectral_flatness": 0.014453953132033348,
    "zero_crossing_rate": 0.08076642393696788,
    "embed_mfcc_1_mean": -134.81832885742188,
    "embed_mfcc_1_std": 50.385921478271484,
    "embed_mfcc_2_mean": 0.28738701343536377,
    "embed_mfcc_2_std": 31.270828247070312,
    "embed_mfcc_3_mean": -23.82281494140625,
    "embed_mfcc_3_std": 27.736835479736328,
    "embed_mfcc_4_mean": -3.6204135417938232,
    "embed_mfcc_4_std": 15.144875526428223,
    "embed_mfcc_5_mean": -4.830494403839111,
    "embed_mfcc_5_std": 14.078901290893555,
    "embed_mfcc_6_mean": -5.283613681793213,
    "embed_mfcc_6_std": 16.82768440246582,
    "embed_mfcc_7_mean": 3.29079270362854,
    "embed_mfcc_7_std": 16.44643211364746,
    "embed_mfcc_8_mean": -6.177298069000244,
    "embed_mfcc_8_std": 14.971166610717773,
    "embed_mfcc_9_mean": -4.582513332366943,
    "embed_mfcc_9_std": 12.262738227844238,
    "embed_mfcc_10_mean": 7.259495258331299,
    "embed_mfcc_10_std": 12.35784912109375,
    "embed_mfcc_11_mean": -5.860293388366699,
    "embed_mfcc_11_std": 11.553194999694824,
    "embed_mfcc_12_mean": 8.854716300964355,
    "embed_mfcc_12_std": 11.424209594726562,
    "embed_mfcc_13_mean": -11.204259872436523,
    "embed_mfcc_13_std": 11.563179969787598,
    "embed_mfcc_14_mean": 4.735963821411133,
    "embed_mfcc_14_std": 9.014169692993164,
    "embed_mfcc_15_mean": 1.8290021419525146,
    "embed_mfcc_15_std": 9.730779647827148,
    "embed_mfcc_16_mean": -3.9217207431793213,
    "embed_mfcc_16_std": 11.293058395385742,
    "embed_mfcc_17_mean": -0.058871716260910034,
    "embed_mfcc_17_std": 8.595793724060059,
    "embed_mfcc_18_mean": 3.2129604816436768,
    "embed_mfcc_18_std": 8.187891960144043,
    "embed_mfcc_19_mean": -3.2782492637634277,
    "embed_mfcc_19_std": 8.677010536193848,
    "embed_mfcc_20_mean": -1.4655377864837646,
    "embed_mfcc_20_std": 7.70147705078125,
    "embed_chroma_1_mean": 0.7214986681938171,
    "embed_chroma_1_std": 0.26052623987197876,
    "embed_chroma_2_mean": 0.8832376599311829,
    "embed_chroma_2_std": 0.1723698526620865,
    "embed_chroma_3_mean": 0.5963835120201111,
    "embed_chroma_3_std": 0.21541157364845276,
    "embed_chroma_4_mean": 0.5310126543045044,
    "embed_chroma_4_std": 0.25206276774406433,
    "embed_chroma_5_mean": 0.3598234951496124,
    "embed_chroma_5_std": 0.1985432654619217,
    "embed_chroma_6_mean": 0.44342777132987976,
    "embed_chroma_6_std": 0.23238436877727509,
    "embed_chroma_7_mean": 0.3085944950580597,
    "embed_chroma_7_std": 0.18530426919460297,
    "embed_chroma_8_mean": 0.3543134033679962,
    "embed_chroma_8_std": 0.18045452237129211,
    "embed_chroma_9_mean": 0.35683107376098633,
    "embed_chroma_9_std": 0.18639910221099854,
    "embed_chroma_10_mean": 0.24637624621391296,
    "embed_chroma_10_std": 0.13342447578907013,
    "embed_chroma_11_mean": 0.37404555082321167,
    "embed_chroma_11_std": 0.23551934957504272,
    "embed_chroma_12_mean": 0.2734719514846802,
    "embed_chroma_12_std": 0.13157907128334045,
    "embed_contrast_1_mean": 20.478174209594727,
    "embed_contrast_1_std": 4.947742938995361,
    "embed_contrast_2_mean": 16.184484481811523,
    "embed_contrast_2_std": 4.274894714355469,
    "embed_contrast_3_mean": 19.92847442626953,
    "embed_contrast_3_std": 4.181543350219727,
    "embed_contrast_4_mean": 19.55411148071289,
    "embed_contrast_4_std": 3.49448561668396,
    "embed_contrast_5_mean": 20.143173217773438,
    "embed_contrast_5_std": 3.5420634746551514,
    "embed_contrast_6_mean": 21.079158782958984,
    "embed_contrast_6_std": 4.8188581466674805,
    "embed_contrast_7_mean": 48.11906814575195,
    "embed_contrast_7_std": 3.322817325592041,
    "embed_chroma_entropy": 2.40816068649292,
    "embed_centroid_mean": 2127.3853228611215,
    "embed_centroid_std": 820.8227550889867,
    "embed_rolloff_mean": 4421.217015505576,
    "embed_rolloff_std": 1723.1234366584845,
    "embed_flatness_mean": 0.014453953132033348,
    "embed_flatness_std": 0.024992840364575386,
    "embed_zcr_mean": 0.08076642393696788,
    "embed_zcr_std": 0.057377574499062306,
    "embed_rms_mean": 0.2579447627067566,
    "embed_rms_std": 0.10923430323600769,
    "embed_onset_mean": 1.6331192255020142,
    "embed_onset_std": 1.726582407951355,
    "fingerprint_version": 2.0,
    "fingerprint_duration_seconds": 127.34698412698413,
    "embed_mfcc_delta_mean": 0.0005692527047358453,
    "embed_mfcc_delta_std": 3.1353695392608643,
    "embed_chroma_delta_mean": -3.958661181968637e-05,
    "embed_chroma_delta_std": 0.024343596771359444,
    "embed_onset_peak": 15.861531257629395,
    "embed_onset_p95": 5.317111492156982,
    "embed_rms_p10": 0.12749211490154266,
    "embed_rms_p50": 0.23954498767852783,
    "embed_rms_p90": 0.41584354639053345,
    "embedding_nonzero_count": 100.0
  },
  "rhythm": {
    "onset_count": 448,
    "onset_density": 3.5179476021466938,
    "drum_activity": "High",
    "estimated_bars": 74,
    "seconds_per_bar": 1.7142857142857142
  },
  "sections": [
    {
      "name": "Intro",
      "start": 0.0,
      "end": 16.0,
      "avg_energy": 0.22014640271663666,
      "energy_label": "Low"
    },
    {
      "name": "Chorus / Hook",
      "start": 16.0,
      "end": 32.0,
      "avg_energy": 0.3487035036087036,
      "energy_label": "High"
    },
    {
      "name": "Verse",
      "start": 32.0,
      "end": 48.0,
      "avg_energy": 0.3411279320716858,
      "energy_label": "High"
    },
    {
      "name": "Chorus / Hook",
      "start": 48.0,
      "end": 64.0,
      "avg_energy": 0.3356974422931671,
      "energy_label": "High"
    },
    {
      "name": "Verse",
      "start": 64.0,
      "end": 80.0,