{
  "basic": {
    "file_name": "Destroy Lonely - which one.wav",
    "file_path": "/Users/jayden/SoundLens/tracks/Destroy Lonely/Destroy Lonely - which one.wav",
    "sample_rate": 48000,
    "duration_seconds": 208.50358333333332,
    "bpm": 127.84,
    "key": "C Minor / Try F Minor",
    "key_note": "C",
    "key_mode": "Minor",
    "key_confidence": 65.99137333620561
  },
  "loudness": {
    "peak_db": 0.00021433317323771306,
    "rms_db": -7.038424522155367,
    "dynamic_range_db": 7.038638855328605,
    "clipping_detected": true,
    "clipping_samples": 55104,
    "clipping_percent": 0.550590057804762,
    "headroom_db": -0.00021433317323771306
  },
  "frequency": {
    "band_percentages": {
      "Sub": 16.46066670604041,
      "Bass / 808": 15.409770390765281,
      "Mud": 14.558447382227047,
      "Low Mids": 14.115555970300008,
      "Mids / Melody": 14.08465876973682,
      "Harsh Zone": 13.461224025296536,
      "Highs": 13.378832849822913,
      "Air": 11.992067929397058,
      "Vocal Range": 15.009158929284222
    },
    "brightness_centroid_hz": 2344.0976287451567,
    "brightness_label": "Medium",
    "spectral_rolloff_hz": 5216.326878069368,
    "dominant_band": "Sub",
    "low_end_total_percent": 31.87043709680569,
    "mid_total_percent": 42.75866212226387,
    "top_total_percent": 25.370900779219973
  },
  "fingerprint": {
    "mfcc_1": -117.97723388671875,
    "mfcc_2": 145.24880981445312,
    "mfcc_3": 0.741929829120636,
    "mfcc_4": 47.728614807128906,
    "mfcc_5": -6.054699897766113,
    "mfcc_6": 31.451196670532227,
    "mfcc_7": 1.604081392288208,
    "mfcc_8": 7.4652299880981445,
    "mfcc_9": -2.9530887603759766,
    "mfcc_10": 6.866499900817871,
    "mfcc_11": -3.1123225688934326,
    "mfcc_12": -1.235221028327942,
    "mfcc_13": 1.1394821405410767,
    "chroma_1": 0.7236013412475586,
    "chroma_2": 0.5271571278572083,
    "chroma_3": 0.46169406175613403,
    "chroma_4": 0.6814846992492676,
    "chroma_5": 0.41963711380958557,
    "chroma_6": 0.3919639587402344,
    "chroma_7": 0.34656214714050293,
    "chroma_8": 0.48231396079063416,
    "chroma_9": 0.5114695429801941,
    "chroma_10": 0.24712109565734863,
    "chroma_11": 0.2694593667984009,
    "chroma_12": 0.2325228452682495,
    "spectral_contrast": 18.356595831185878,
    "spectral_flatness": 0.000610408082138747,
    "zero_crossing_rate": 0.028803048505601597
  },
  "rhythm": {
    "onset_count": 1177,
    "onset_density": 5.64498691669168,
    "drum_activity": "High",
    "estimated_bars": 111,
    "seconds_per_bar": 1.8773466833541927
  },
  "sections": [
    {
      "name": "Intro",
      "start": 0.0,
      "end": 16.0,
      "avg_energy": 0.17731060087680817,
      "energy_label": "Low"
    },
    {
      "name": "Chorus / Hook",
      "start": 16.0,
      "end": 32.0,
      "avg_energy": 0.502993643283844,
      "energy_label": "High"
    },
    {
      "name": "Verse",
      "start": 32.0,
      "end": 48.0,
      "avg_energy": 0.4991611838340759,
      "energy_label": "Medium"
    },
    {
      "name": "Chorus / Hook",
      "start": 48.0,
      "end": 64.0,
      "avg_energy": 0.44447389245033264,
      "energy_label": "Medium"
    },
    {
      "name": "Verse",
      "start": 64.0,
      "end": 80.0,
      "avg_energy": 0.4313236176967621,
      "energy_label": "Medium"
    },
    {
      "name": "Bridge / Breakdown",
      "start": 80.0,
      "end": 96.0,
      "avg_energy": 0.36744117736816406,
      "energy_label": "Low"
    },
    {
      "name": "Hook / Drop",
      "start": 96.0,
      "end": 112.0,
      "avg_energy": 0.5022746324539185,
      "energy_label": "High"
    },
    {
      "name": "Verse",
      "start": 112.0,
      "end": 128.0,
      "avg_energy": 0.4960932433605194,
      "energy_label": "Medium"
    },
    {
      "name": "Verse",
      "start": 128.0,
      "end": 144.0,
      "avg_energy": 0.4194052815437317,
      "energy_label": "Medium"
    },
    {
      "name": "Bridge / Breakdown",
      "start": 144.0,
      "end": 160.0,
      "avg_energy": 0.32508960366249084,
      "energy_label": "Low"
    },
    {
      "name": "Verse",
      "start": 160.0,
      "end": 176.0,
      "avg_energy": 0.451830118894577,
      "energy_label": "Medium"
    },
    {
      "name": "Hook / Drop",
      "start": 176.0,
      "end": 192.0,
      "avg_energy": 0.5011160969734192,
      "energy_label": "High"
    },
    {
      "name": "Outro",
      "start": 192.0,
      "end": 208.50358333333332,
      "avg_energy": 0.5300208330154419,
      "energy_label": "High"
    }
  ],
  "scores": {
    "mix": 81,
    "master": 81,
    "arrangement": 75,
    "release": 79,
    "energy": 8.980787738922317,
    "bass_strength": 6.374087419361138,
    "darkness": 5.311804742509686,
    "brightness": 4.688195257490314,
    "drum_bounce": 10,
    "vocal_space": 2.1601130513520372
  },
  "top_problems": [
    "Clipping detected: 55104 samples are near/over the limit.",
    "Mud range is elevated around 250-500 Hz.",
    "Intro may be long for short-form listener retention.",
    "Drum movement is very active; the beat could become overcrowded.",
    "Hook/verse contrast looks low, but arrangement detection is still an estimate."
  ],
  "suggested_fixes": [
    "Lower the master/output, then use a soft clipper or limiter with safer ceiling.",
    "Gently cut 250-500 Hz on melodies, pads, or the master if the mix feels cloudy.",
    "Mute extra percussion in some sections so the hook/drop feels bigger.",
    "Check the waveform/sections by ear. If the hook feels flat, add contrast with melody layers, drum changes, or vocal energy.",
    "Consider bringing drums, 808, or a strong tag/moment in earlier."
  ],
  "artist_notes": [
    "Autotune/key starting point: C Minor / Try F Minor. Confidence: 66.0%.",
    "Beat energy: 9.0/10. Darkness: 5.3/10.",
    "Vocal space estimate: 2.2/10. Higher means easier space for vocals."
  ],
  "producer_notes": [
    "Low-end presence looks usable for the selected style.",
    "Selected style preset: rage_trap.",
    "Dominant frequency area: Sub.",
    "Drum activity is high at 5.64 hits/sec.",
    "Estimated length: 111 bars at 128 BPM."
  ],
  "master_notes": [
    "Clipping is the first thing to fix before judging the rest of the mix.",
    "Loudness is in a usable range for the selected style.",
    "Peak: 0.00 dB. RMS: -7.04 dB. Dynamic range: 7.04 dB."
  ],
  "next_steps": [
    "Lower the master/output, then use a soft clipper or limiter with safer ceiling.",
    "Gently cut 250-500 Hz on melodies, pads, or the master if the mix feels cloudy.",
    "Mute extra percussion in some sections so the hook/drop feels bigger.",
    "Fix the top 1-2 issues, export again, then re-run SoundLens."
  ]
}