{
  "basic": {
    "file_name": "Destroy Lonely - new new.wav",
    "file_path": "/Volumes/POLLY/tracks/Destroy Lonely/Destroy Lonely - new new.wav",
    "sample_rate": 48000,
    "duration_seconds": 203.91764583333332,
    "bpm": 140.0,
    "key": "C# Minor",
    "key_note": "C#",
    "key_mode": "Minor",
    "key_confidence": 42.19963374133777
  },
  "loudness": {
    "peak_db": -0.00010613311853826863,
    "rms_db": -7.066543899398109,
    "dynamic_range_db": 7.066437766279571,
    "clipping_detected": true,
    "clipping_samples": 3942,
    "clipping_percent": 0.04027361127301493,
    "headroom_db": 0.00010613311853826863
  },
  "frequency": {
    "band_percentages": {
      "Sub": 17.359132502389542,
      "Bass / 808": 14.931647377943506,
      "Mud": 13.78970802353853,
      "Low Mids": 13.541939935779132,
      "Mids / Melody": 13.992114231115508,
      "Harsh Zone": 13.480358860026417,
      "Highs": 13.843338930033983,
      "Air": 12.542118997416631,
      "Vocal Range": 14.592017847844275
    },
    "brightness_centroid_hz": 3199.597023528594,
    "brightness_label": "Medium",
    "spectral_rolloff_hz": 7067.450749947693,
    "dominant_band": "Sub",
    "low_end_total_percent": 32.29077988033305,
    "mid_total_percent": 41.32376219043317,
    "top_total_percent": 26.385457927450616
  },
  "fingerprint": {
    "mfcc_1": -169.07801818847656,
    "mfcc_2": -40.15128707885742,
    "mfcc_3": 2.2182140350341797,
    "mfcc_4": 4.0578227043151855,
    "mfcc_5": -5.3108696937561035,
    "mfcc_6": 10.297049522399902,
    "mfcc_7": -6.017022609710693,
    "mfcc_8": 6.374245643615723,
    "mfcc_9": -1.2288278341293335,
    "mfcc_10": -3.861629009246826,
    "mfcc_11": -2.9520699977874756,
    "mfcc_12": 6.114699363708496,
    "mfcc_13": -0.17656904458999634,
    "chroma_1": 0.2923707067966461,
    "chroma_2": 0.47582733631134033,
    "chroma_3": 0.41276612877845764,
    "chroma_4": 0.5872323513031006,
    "chroma_5": 0.38137468695640564,
    "chroma_6": 0.2301868200302124,
    "chroma_7": 0.2987799644470215,
    "chroma_8": 0.20549213886260986,
    "chroma_9": 0.27023839950561523,
    "chroma_10": 0.15633605420589447,
    "chroma_11": 0.17947745323181152,
    "chroma_12": 0.21064983308315277,
    "spectral_contrast": 22.785200544894366,
    "spectral_flatness": 0.023531712591648102,
    "zero_crossing_rate": 0.0914180035192531,
    "embed_mfcc_1_mean": -169.07801818847656,
    "embed_mfcc_1_std": 60.91932678222656,
    "embed_mfcc_2_mean": -40.15128707885742,
    "embed_mfcc_2_std": 32.41975402832031,
    "embed_mfcc_3_mean": 2.2182140350341797,
    "embed_mfcc_3_std": 26.544761657714844,
    "embed_mfcc_4_mean": 4.0578227043151855,
    "embed_mfcc_4_std": 20.445873260498047,
    "embed_mfcc_5_mean": -5.3108696937561035,
    "embed_mfcc_5_std": 16.70884132385254,
    "embed_mfcc_6_mean": 10.297049522399902,
    "embed_mfcc_6_std": 16.0820369720459,
    "embed_mfcc_7_mean": -6.017022609710693,
    "embed_mfcc_7_std": 15.52399730682373,
    "embed_mfcc_8_mean": 6.374245643615723,
    "embed_mfcc_8_std": 16.194032669067383,
    "embed_mfcc_9_mean": -1.2288278341293335,
    "embed_mfcc_9_std": 13.382132530212402,
    "embed_mfcc_10_mean": -3.861629009246826,
    "embed_mfcc_10_std": 14.462419509887695,
    "embed_mfcc_11_mean": -2.9520699977874756,
    "embed_mfcc_11_std": 12.697576522827148,
    "embed_mfcc_12_mean": 6.114699363708496,
    "embed_mfcc_12_std": 11.517416000366211,
    "embed_mfcc_13_mean": -0.17656904458999634,
    "embed_mfcc_13_std": 11.064933776855469,
    "embed_mfcc_14_mean": 0.5324177145957947,
    "embed_mfcc_14_std": 10.692103385925293,
    "embed_mfcc_15_mean": 2.032951593399048,
    "embed_mfcc_15_std": 10.498541831970215,
    "embed_mfcc_16_mean": 0.07620612531900406,
    "embed_mfcc_16_std": 9.874130249023438,
    "embed_mfcc_17_mean": -1.0536420345306396,
    "embed_mfcc_17_std": 9.508183479309082,
    "embed_mfcc_18_mean": 8.548018455505371,
    "embed_mfcc_18_std": 8.582438468933105,
    "embed_mfcc_19_mean": -7.614601135253906,
    "embed_mfcc_19_std": 10.199224472045898,
    "embed_mfcc_20_mean": 4.417703628540039,
    "embed_mfcc_20_std": 8.720169067382812,
    "embed_chroma_1_mean": 0.2923707067966461,
    "embed_chroma_1_std": 0.2917006313800812,
    "embed_chroma_2_mean": 0.47582733631134033,
    "embed_chroma_2_std": 0.33074551820755005,
    "embed_chroma_3_mean": 0.41276612877845764,
    "embed_chroma_3_std": 0.3033905327320099,
    "embed_chroma_4_mean": 0.5872323513031006,
    "embed_chroma_4_std": 0.34333544969558716,
    "embed_chroma_5_mean": 0.38137468695640564,
    "embed_chroma_5_std": 0.29104888439178467,
    "embed_chroma_6_mean": 0.2301868200302124,
    "embed_chroma_6_std": 0.16871455311775208,
    "embed_chroma_7_mean": 0.2987799644470215,
    "embed_chroma_7_std": 0.2872571349143982,
    "embed_chroma_8_mean": 0.20549213886260986,
    "embed_chroma_8_std": 0.16429664194583893,
    "embed_chroma_9_mean": 0.27023839950561523,
    "embed_chroma_9_std": 0.24846480786800385,
    "embed_chroma_10_mean": 0.15633605420589447,
    "embed_chroma_10_std": 0.1337832659482956,
    "embed_chroma_11_mean": 0.17947745323181152,
    "embed_chroma_11_std": 0.17048503458499908,
    "embed_chroma_12_mean": 0.21064983308315277,
    "embed_chroma_12_std": 0.24852879345417023,
    "embed_contrast_1_mean": 22.79007339477539,
    "embed_contrast_1_std": 4.556467533111572,
    "embed_contrast_2_mean": 14.79432487487793,
    "embed_contrast_2_std": 4.273819446563721,
    "embed_contrast_3_mean": 18.084064483642578,
    "embed_contrast_3_std": 4.1716156005859375,
    "embed_contrast_4_mean": 18.17827606201172,
    "embed_contrast_4_std": 3.8557615280151367,
    "embed_contrast_5_mean": 18.103490829467773,
    "embed_contrast_5_std": 3.024461030960083,
    "embed_contrast_6_mean": 17.9027042388916,
    "embed_contrast_6_std": 2.4453516006469727,
    "embed_contrast_7_mean": 49.64346694946289,
    "embed_contrast_7_std": 3.2472875118255615,
    "embed_chroma_entropy": 2.4063503742218018,
    "embed_centroid_mean": 2743.474074392249,
    "embed_centroid_std": 1150.1973382874664,
    "embed_rolloff_mean": 6052.192569886199,
    "embed_rolloff_std": 1820.2382441676218,
    "embed_flatness_mean": 0.023531712591648102,
    "embed_flatness_std": 0.038570620119571686,
    "embed_zcr_mean": 0.0914180035192531,
    "embed_zcr_std": 0.10609387131858639,
    "embed_rms_mean": 0.3052653670310974,
    "embed_rms_std": 0.1884945034980774,
    "embed_onset_mean": 1.688381552696228,
    "embed_onset_std": 1.7928075790405273,
    "fingerprint_version": 2.0,
    "fingerprint_duration_seconds": 203.91768707482993,
    "embed_mfcc_delta_mean": 0.00023009127471596003,
    "embed_mfcc_delta_std": 3.667382001876831,
    "embed_chroma_delta_mean": -1.720212458167225e-05,
    "embed_chroma_delta_std": 0.02954213134944439,
    "embed_onset_peak": 14.299483299255371,
    "embed_onset_p95": 5.476278305053711,
    "embed_rms_p10": 0.06649642437696457,
    "embed_rms_p50": 0.36959415674209595,
    "embed_rms_p90": 0.5219603776931763,
    "embedding_nonzero_count": 100.0
  },
  "rhythm": {
    "onset_count": 771,
    "onset_density": 3.780938117685786,
    "drum_activity": "High",
    "estimated_bars": 119,
    "seconds_per_bar": 1.7142857142857142
  },
  "sections": [
    {
      "name": "Intro",
      "start": 0.0,
      "end": 16.0,
      "avg_energy": 0.5053415894508362,
      "energy_label": "High"
    },
    {
      "name": "Chorus / Hook",
      "start": 16.0,
      "end": 32.0,
      "avg_energy": 0.4511547088623047,
      "energy_label": "Medium"
    },
    {
      "name": "Verse",
      "start": 32.0,
      "end": 48.0,
      "avg_energy": 0.2754463851451874,
      "energy_label": "Low"
    },
    {
      "name": "Chorus / Hook",
      "start": 48.0,
      "end": 64.0,
      "avg_energy": 0.4811123013496399,
      "energy_label": "Medium"
    },
    {
      "name": "Verse",
      "start": 64.0,
      "end": 80.0,