{
  "basic": {
    "file_name": "Destroy Lonely - Pop Shit \u29f8 Xtra.wav",
    "file_path": "/Volumes/POLLY/tracks/Destroy Lonely/Destroy Lonely - Pop Shit \u29f8 Xtra.wav",
    "sample_rate": 48000,
    "duration_seconds": 103.73516666666667,
    "bpm": 140.0,
    "key": "G Minor",
    "key_note": "G",
    "key_mode": "Minor",
    "key_confidence": 43.316219251072454
  },
  "loudness": {
    "peak_db": -9.888496186746351e-05,
    "rms_db": -11.942829019423753,
    "dynamic_range_db": 11.942730134461886,
    "clipping_detected": true,
    "clipping_samples": 1303,
    "clipping_percent": 0.026168399980077476,
    "headroom_db": 9.888496186746351e-05
  },
  "frequency": {
    "band_percentages": {
      "Sub": 16.06418208643291,
      "Bass / 808": 14.985022707233664,
      "Mud": 14.23553222847942,
      "Low Mids": 14.645561851362917,
      "Mids / Melody": 13.861147488085257,
      "Harsh Zone": 12.978373639587979,
      "Highs": 13.34916997485153,
      "Air": 12.859383661723744,
      "Vocal Range": 15.102477291124472
    },
    "brightness_centroid_hz": 3187.6775975023556,
    "brightness_label": "Medium",
    "spectral_rolloff_hz": 7179.024811073412,
    "dominant_band": "Sub",
    "low_end_total_percent": 31.049204793666576,
    "mid_total_percent": 42.74224156792759,
    "top_total_percent": 26.208553636575274
  },
  "fingerprint": {
    "mfcc_1": -187.2982635498047,
    "mfcc_2": -1.06622314453125,
    "mfcc_3": 2.070627212524414,
    "mfcc_4": -8.097062110900879,
    "mfcc_5": -4.707324028015137,
    "mfcc_6": -6.32863712310791,
    "mfcc_7": -9.575545310974121,
    "mfcc_8": -3.2376163005828857,
    "mfcc_9": -9.114360809326172,
    "mfcc_10": 1.0164107084274292,
    "mfcc_11": -5.182327747344971,
    "mfcc_12": 1.1012239456176758,
    "mfcc_13": -6.150596618652344,
    "chroma_1": 0.37344634532928467,
    "chroma_2": 0.2913208603858948,
    "chroma_3": 0.4908798635005951,
    "chroma_4": 0.30580785870552063,
    "chroma_5": 0.20577222108840942,
    "chroma_6": 0.29030942916870117,
    "chroma_7": 0.20924417674541473,
    "chroma_8": 0.7435113191604614,
    "chroma_9": 0.526068925857544,
    "chroma_10": 0.35639330744743347,
    "chroma_11": 0.3952992856502533,
    "chroma_12": 0.24826456606388092,
    "spectral_contrast": 21.842946917791206,
    "spectral_flatness": 0.019012311473488808,
    "zero_crossing_rate": 0.07558654949082363,
    "embed_mfcc_1_mean": -187.2982635498047,
    "embed_mfcc_1_std": 86.20095825195312,
    "embed_mfcc_2_mean": -1.06622314453125,
    "embed_mfcc_2_std": 36.73468017578125,
    "embed_mfcc_3_mean": 2.070627212524414,
    "embed_mfcc_3_std": 24.130573272705078,
    "embed_mfcc_4_mean": -8.097062110900879,
    "embed_mfcc_4_std": 20.145553588867188,
    "embed_mfcc_5_mean": -4.707324028015137,
    "embed_mfcc_5_std": 16.38765525817871,
    "embed_mfcc_6_mean": -6.32863712310791,
    "embed_mfcc_6_std": 13.018817901611328,
    "embed_mfcc_7_mean": -9.575545310974121,
    "embed_mfcc_7_std": 13.791333198547363,
    "embed_mfcc_8_mean": -3.2376163005828857,
    "embed_mfcc_8_std": 11.988265991210938,
    "embed_mfcc_9_mean": -9.114360809326172,
    "embed_mfcc_9_std": 12.610767364501953,
    "embed_mfcc_10_mean": 1.0164107084274292,
    "embed_mfcc_10_std": 11.974479675292969,
    "embed_mfcc_11_mean": -5.182327747344971,
    "embed_mfcc_11_std": 11.301352500915527,
    "embed_mfcc_12_mean": 1.1012239456176758,
    "embed_mfcc_12_std": 10.00039291381836,
    "embed_mfcc_13_mean": -6.150596618652344,
    "embed_mfcc_13_std": 9.506412506103516,
    "embed_mfcc_14_mean": 2.970475912094116,
    "embed_mfcc_14_std": 9.184151649475098,
    "embed_mfcc_15_mean": -0.0012601000489667058,
    "embed_mfcc_15_std": 8.246188163757324,
    "embed_mfcc_16_mean": -3.1976566314697266,
    "embed_mfcc_16_std": 7.757864475250244,
    "embed_mfcc_17_mean": -4.079595565795898,
    "embed_mfcc_17_std": 7.05379056930542,
    "embed_mfcc_18_mean": -0.9499122500419617,
    "embed_mfcc_18_std": 7.13126802444458,
    "embed_mfcc_19_mean": -7.111335277557373,
    "embed_mfcc_19_std": 6.864596366882324,
    "embed_mfcc_20_mean": -1.1150050163269043,
    "embed_mfcc_20_std": 6.514330863952637,
    "embed_chroma_1_mean": 0.37344634532928467,
    "embed_chroma_1_std": 0.2930230498313904,
    "embed_chroma_2_mean": 0.2913208603858948,
    "embed_chroma_2_std": 0.2602216899394989,
    "embed_chroma_3_mean": 0.4908798635005951,
    "embed_chroma_3_std": 0.28357985615730286,
    "embed_chroma_4_mean": 0.30580785870552063,
    "embed_chroma_4_std": 0.21211814880371094,
    "embed_chroma_5_mean": 0.20577222108840942,
    "embed_chroma_5_std": 0.14533688127994537,
    "embed_chroma_6_mean": 0.29030942916870117,
    "embed_chroma_6_std": 0.22216640412807465,
    "embed_chroma_7_mean": 0.20924417674541473,
    "embed_chroma_7_std": 0.13371628522872925,
    "embed_chroma_8_mean": 0.7435113191604614,
    "embed_chroma_8_std": 0.2741328477859497,
    "embed_chroma_9_mean": 0.526068925857544,
    "embed_chroma_9_std": 0.31226861476898193,
    "embed_chroma_10_mean": 0.35639330744743347,
    "embed_chroma_10_std": 0.21653418242931366,
    "embed_chroma_11_mean": 0.3952992856502533,
    "embed_chroma_11_std": 0.26019638776779175,
    "embed_chroma_12_mean": 0.24826456606388092,
    "embed_chroma_12_std": 0.15465380251407623,
    "embed_contrast_1_mean": 21.823183059692383,
    "embed_contrast_1_std": 5.418918609619141,
    "embed_contrast_2_mean": 13.92709732055664,
    "embed_contrast_2_std": 3.630929946899414,
    "embed_contrast_3_mean": 18.14081573486328,
    "embed_contrast_3_std": 3.829582929611206,
    "embed_contrast_4_mean": 16.789342880249023,
    "embed_contrast_4_std": 3.0866599082946777,
    "embed_contrast_5_mean": 17.411300659179688,
    "embed_contrast_5_std": 2.9000601768493652,
    "embed_contrast_6_mean": 16.967138290405273,
    "embed_contrast_6_std": 2.21256685256958,
    "embed_contrast_7_mean": 47.84175109863281,
    "embed_contrast_7_std": 3.1129238605499268,
    "embed_chroma_entropy": 2.4115734100341797,
    "embed_centroid_mean": 2306.0308897031828,
    "embed_centroid_std": 1092.618325294116,
    "embed_rolloff_mean": 5285.249523958567,
    "embed_rolloff_std": 2369.3709147308587,
    "embed_flatness_mean": 0.019012311473488808,
    "embed_flatness_std": 0.03587900102138519,
    "embed_zcr_mean": 0.07558654949082363,
    "embed_zcr_std": 0.07137072111496812,
    "embed_rms_mean": 0.18906250596046448,
    "embed_rms_std": 0.1053103357553482,
    "embed_onset_mean": 1.4718003273010254,
    "embed_onset_std": 1.26422119140625,
    "fingerprint_version": 2.0,
    "fingerprint_duration_seconds": 103.73519274376417,
    "embed_mfcc_delta_mean": 0.004928931128233671,
    "embed_mfcc_delta_std": 2.8643815517425537,
    "embed_chroma_delta_mean": -0.00012950118980370462,
    "embed_chroma_delta_std": 0.029036030173301697,
    "embed_onset_peak": 11.945743560791016,
    "embed_onset_p95": 3.949418783187866,
    "embed_rms_p10": 0.05269314721226692,
    "embed_rms_p50": 0.18517673015594482,
    "embed_rms_p90": 0.33505725860595703,
    "embedding_nonzero_count": 100.0
  },
  "rhythm": {
    "onset_count": 560,
    "onset_density": 5.3983621754756905,
    "drum_activity": "High",
    "estimated_bars": 61,
    "seconds_per_bar": 1.7142857142857142
  },
  "sections": [
    {
      "name": "Intro",
      "start": 0.0,
      "end": 16.0,
      "avg_energy": 0.10396678000688553,
      "energy_label": "Low"
    },
    {
      "name": "Chorus / Hook",
      "start": 16.0,
      "end": 32.0,
      "avg_energy": 0.23789043724536896,
      "energy_label": "Medium"
    },
    {
      "name": "Verse",
      "start": 32.0,
      "end": 48.0,
      "avg_energy": 0.27800309658050537,
      "energy_label": "Medium"
    },
    {
      "name": "Chorus / Hook",
      "start": 48.0,
      "end": 64.0,
      "avg_energy": 0.2807122468948364,
      "energy_label": "High"
    },
    {
      "name": "Verse",
      "start": 64.0,
      "end": 80.0,