{
  "basic": {
    "file_name": "Destroy Lonely - Blitz.wav",
    "file_path": "/Users/jayden/SoundLens/tracks/Destroy Lonely/Destroy Lonely - Blitz.wav",
    "sample_rate": 48000,
    "duration_seconds": 143.36,
    "bpm": 133.93,
    "key": "F Minor / Try A# Minor",
    "key_note": "F",
    "key_mode": "Minor",
    "key_confidence": 51.205787310816866
  },
  "loudness": {
    "peak_db": 8.697641808915137e-05,
    "rms_db": -10.757881773359992,
    "dynamic_range_db": 10.757968749778081,
    "clipping_detected": true,
    "clipping_samples": 1325,
    "clipping_percent": 0.019255138578869048,
    "headroom_db": -8.697641808915137e-05
  },
  "frequency": {
    "band_percentages": {
      "Sub": 16.060225258936125,
      "Bass / 808": 14.908317335831844,
      "Mud": 14.462016869088393,
      "Low Mids": 14.506284075373848,
      "Mids / Melody": 14.393343640199385,
      "Harsh Zone": 13.846340540172452,
      "Highs": 13.998131032327695,
      "Air": 11.671681786463177,
      "Vocal Range": 15.270297294053107
    },
    "brightness_centroid_hz": 2868.339118842151,
    "brightness_label": "Medium",
    "spectral_rolloff_hz": 6133.071153560003,
    "dominant_band": "Sub",
    "low_end_total_percent": 30.968542594767968,
    "mid_total_percent": 43.361644584661626,
    "top_total_percent": 25.669812818790874
  },
  "fingerprint": {
    "mfcc_1": -134.9405059814453,
    "mfcc_2": 129.77073669433594,
    "mfcc_3": -28.838037490844727,
    "mfcc_4": 62.781394958496094,
    "mfcc_5": -13.152502059936523,
    "mfcc_6": 32.21189498901367,
    "mfcc_7": 3.711743116378784,
    "mfcc_8": 7.520564556121826,
    "mfcc_9": -1.5491598844528198,
    "mfcc_10": 12.831345558166504,
    "mfcc_11": 9.660359382629395,
    "mfcc_12": 8.912671089172363,
    "mfcc_13": 6.155004024505615,
    "chroma_1": 0.47177720069885254,
    "chroma_2": 0.7598798871040344,
    "chroma_3": 0.5526690483093262,
    "chroma_4": 0.31543323397636414,
    "chroma_5": 0.3004499673843384,
    "chroma_6": 0.6388649940490723,
    "chroma_7": 0.4769231975078583,
    "chroma_8": 0.3983131945133209,
    "chroma_9": 0.36026060581207275,
    "chroma_10": 0.3184323310852051,
    "chroma_11": 0.2829658091068268,
    "chroma_12": 0.22281569242477417,
    "spectral_contrast": 20.612169910227227,
    "spectral_flatness": 0.0004117669886909425,
    "zero_crossing_rate": 0.04164947153299606
  },
  "rhythm": {
    "onset_count": 836,
    "onset_density": 5.8314732142857135,
    "drum_activity": "High",
    "estimated_bars": 80,
    "seconds_per_bar": 1.7919808855372208
  },
  "sections": [
    {
      "name": "Intro",
      "start": 0.0,
      "end": 16.0,
      "avg_energy": 0.2908605635166168,
      "energy_label": "Medium"
    },
    {
      "name": "Chorus / Hook",
      "start": 16.0,
      "end": 32.0,
      "avg_energy": 0.3084658086299896,
      "energy_label": "Medium"
    },
    {
      "name": "Verse",
      "start": 32.0,
      "end": 48.0,
      "avg_energy": 0.3005615770816803,
      "energy_label": "Medium"
    },
    {
      "name": "Chorus / Hook",
      "start": 48.0,
      "end": 64.0,
      "avg_energy": 0.2998304069042206,
      "energy_label": "Medium"
    },
    {
      "name": "Verse",
      "start": 64.0,
      "end": 80.0,
      "avg_energy": 0.30580759048461914,
      "energy_label": "Medium"
    },
    {
      "name": "Verse",
      "start": 80.0,
      "end": 96.0,
      "avg_energy": 0.3026036024093628,
      "energy_label": "Medium"
    },
    {
      "name": "Verse",
      "start": 96.0,
      "end": 112.0,
      "avg_energy": 0.30604109168052673,
      "energy_label": "Medium"
    },
    {
      "name": "Outro",
      "start": 112.0,
      "end": 143.36,
      "avg_energy": 0.240946426987648,
      "energy_label": "Low"
    }
  ],
  "scores": {
    "mix": 86,
    "master": 86,
    "arrangement": 75,
    "release": 83,
    "energy": 7.121059113320004,
    "bass_strength": 6.193708518953594,
    "darkness": 4.263321762315698,
    "brightness": 5.736678237684302,
    "drum_bounce": 10,
    "vocal_space": 2.142866955882665
  },
  "top_problems": [
    "Clipping detected: 1325 samples are near/over the limit.",
    "Mud range is elevated around 250-500 Hz.",
    "Intro may be long for short-form listener retention.",
    "Drum movement is very active; the beat could become overcrowded.",
    "Hook/verse contrast looks low, but arrangement detection is still an estimate."
  ],
  "suggested_fixes": [
    "Lower the master/output, then use a soft clipper or limiter with safer ceiling.",
    "Gently cut 250-500 Hz on melodies, pads, or the master if the mix feels cloudy.",
    "Mute extra percussion in some sections so the hook/drop feels bigger.",
    "Check the waveform/sections by ear. If the hook feels flat, add contrast with melody layers, drum changes, or vocal energy.",
    "Consider bringing drums, 808, or a strong tag/moment in earlier."
  ],
  "artist_notes": [
    "Autotune/key starting point: F Minor / Try A# Minor. Confidence: 51.2%.",
    "Beat energy: 7.1/10. Darkness: 4.3/10.",
    "Vocal space estimate: 2.1/10. Higher means easier space for vocals."
  ],
  "producer_notes": [
    "Low-end presence looks usable for the selected style.",
    "Selected style preset: rage_trap.",
    "Dominant frequency area: Sub.",
    "Drum activity is high at 5.83 hits/sec.",
    "Estimated length: 80 bars at 134 BPM."
  ],
  "master_notes": [
    "Clipping is the first thing to fix before judging the rest of the mix.",
    "Loudness is in a usable range for the selected style.",
    "Peak: 0.00 dB. RMS: -10.76 dB. Dynamic range: 10.76 dB."
  ],
  "next_steps": [
    "Lower the master/output, then use a soft clipper or limiter with safer ceiling.",
    "Gently cut 250-500 Hz on melodies, pads, or the master if the mix feels cloudy.",
    "Mute extra percussion in some sections so the hook/drop feels bigger.",
    "Fix the top 1-2 issues, export again, then re-run SoundLens."
  ]
}