{
  "basic": {
    "file_name": "Destroy Lonely - your eyes.wav",
    "file_path": "/Volumes/POLLY/tracks/Destroy Lonely/Destroy Lonely - your eyes.wav",
    "sample_rate": 48000,
    "duration_seconds": 182.6365625,
    "bpm": 140.0,
    "key": "C Major",
    "key_note": "C",
    "key_mode": "Major",
    "key_confidence": 42.108434737403314
  },
  "loudness": {
    "peak_db": -5.436070358376169e-05,
    "rms_db": -6.840541602600906,
    "dynamic_range_db": 6.840487241897322,
    "clipping_detected": true,
    "clipping_samples": 3044,
    "clipping_percent": 0.03472287574765686,
    "headroom_db": 5.436070358376169e-05
  },
  "frequency": {
    "band_percentages": {
      "Sub": 16.722000922830627,
      "Bass / 808": 14.769012229143783,
      "Mud": 13.974971955870144,
      "Low Mids": 13.904324095019902,
      "Mids / Melody": 14.117797801380208,
      "Harsh Zone": 13.47662151343637,
      "Highs": 13.829310105023362,
      "Air": 12.682582889003044,
      "Vocal Range": 14.787132984173171
    },
    "brightness_centroid_hz": 3184.592496674114,
    "brightness_label": "Medium",
    "spectral_rolloff_hz": 7087.340948577936,
    "dominant_band": "Sub",
    "low_end_total_percent": 31.49101315197441,
    "mid_total_percent": 41.997093852270254,
    "top_total_percent": 26.511892994026404
  },
  "fingerprint": {
    "mfcc_1": -123.71566772460938,
    "mfcc_2": -30.1951847076416,
    "mfcc_3": 8.870230674743652,
    "mfcc_4": -2.1419475078582764,
    "mfcc_5": 3.9672927856445312,
    "mfcc_6": 8.606916427612305,
    "mfcc_7": -8.98401927947998,
    "mfcc_8": 7.264491081237793,
    "mfcc_9": 1.9488340616226196,
    "mfcc_10": 1.38471257686615,
    "mfcc_11": 0.8721663355827332,
    "mfcc_12": 6.225820064544678,
    "mfcc_13": 7.0721025466918945,
    "chroma_1": 0.5259862542152405,
    "chroma_2": 0.42471662163734436,
    "chroma_3": 0.3120679557323456,
    "chroma_4": 0.27752378582954407,
    "chroma_5": 0.2989004850387573,
    "chroma_6": 0.29839229583740234,
    "chroma_7": 0.4490699768066406,
    "chroma_8": 0.638320803642273,
    "chroma_9": 0.28990569710731506,
    "chroma_10": 0.18528325855731964,
    "chroma_11": 0.18167832493782043,
    "chroma_12": 0.42585140466690063,
    "spectral_contrast": 22.3536770385302,
    "spectral_flatness": 0.017065592110157013,
    "zero_crossing_rate": 0.07414099158886417,
    "embed_mfcc_1_mean": -123.71566772460938,
    "embed_mfcc_1_std": 50.16433334350586,
    "embed_mfcc_2_mean": -30.1951847076416,
    "embed_mfcc_2_std": 32.33235168457031,
    "embed_mfcc_3_mean": 8.870230674743652,
    "embed_mfcc_3_std": 23.762557983398438,
    "embed_mfcc_4_mean": -2.1419475078582764,
    "embed_mfcc_4_std": 20.04037857055664,
    "embed_mfcc_5_mean": 3.9672927856445312,
    "embed_mfcc_5_std": 14.955516815185547,
    "embed_mfcc_6_mean": 8.606916427612305,
    "embed_mfcc_6_std": 12.81357192993164,
    "embed_mfcc_7_mean": -8.98401927947998,
    "embed_mfcc_7_std": 14.132587432861328,
    "embed_mfcc_8_mean": 7.264491081237793,
    "embed_mfcc_8_std": 13.18114948272705,
    "embed_mfcc_9_mean": 1.9488340616226196,
    "embed_mfcc_9_std": 12.20932388305664,
    "embed_mfcc_10_mean": 1.38471257686615,
    "embed_mfcc_10_std": 13.291581153869629,
    "embed_mfcc_11_mean": 0.8721663355827332,
    "embed_mfcc_11_std": 12.741987228393555,
    "embed_mfcc_12_mean": 6.225820064544678,
    "embed_mfcc_12_std": 10.702659606933594,
    "embed_mfcc_13_mean": 7.0721025466918945,
    "embed_mfcc_13_std": 9.13212776184082,
    "embed_mfcc_14_mean": 3.50233793258667,
    "embed_mfcc_14_std": 10.106083869934082,
    "embed_mfcc_15_mean": 2.532804489135742,
    "embed_mfcc_15_std": 9.108869552612305,
    "embed_mfcc_16_mean": 6.902177333831787,
    "embed_mfcc_16_std": 8.05759334564209,
    "embed_mfcc_17_mean": -2.494676351547241,
    "embed_mfcc_17_std": 9.125507354736328,
    "embed_mfcc_18_mean": 7.636377334594727,
    "embed_mfcc_18_std": 9.2236967086792,
    "embed_mfcc_19_mean": -3.261868476867676,
    "embed_mfcc_19_std": 8.172896385192871,
    "embed_mfcc_20_mean": 6.290407657623291,
    "embed_mfcc_20_std": 7.425958633422852,
    "embed_chroma_1_mean": 0.5259862542152405,
    "embed_chroma_1_std": 0.39195773005485535,
    "embed_chroma_2_mean": 0.42471662163734436,
    "embed_chroma_2_std": 0.3113102316856384,
    "embed_chroma_3_mean": 0.3120679557323456,
    "embed_chroma_3_std": 0.16800184547901154,
    "embed_chroma_4_mean": 0.27752378582954407,
    "embed_chroma_4_std": 0.17330561578273773,
    "embed_chroma_5_mean": 0.2989004850387573,
    "embed_chroma_5_std": 0.21543461084365845,
    "embed_chroma_6_mean": 0.29839229583740234,
    "embed_chroma_6_std": 0.21493662893772125,
    "embed_chroma_7_mean": 0.4490699768066406,
    "embed_chroma_7_std": 0.24927069246768951,
    "embed_chroma_8_mean": 0.638320803642273,
    "embed_chroma_8_std": 0.3511034846305847,
    "embed_chroma_9_mean": 0.28990569710731506,
    "embed_chroma_9_std": 0.1631881594657898,
    "embed_chroma_10_mean": 0.18528325855731964,
    "embed_chroma_10_std": 0.1164800375699997,
    "embed_chroma_11_mean": 0.18167832493782043,
    "embed_chroma_11_std": 0.12453097105026245,
    "embed_chroma_12_mean": 0.42585140466690063,
    "embed_chroma_12_std": 0.33759763836860657,
    "embed_contrast_1_mean": 23.18244743347168,
    "embed_contrast_1_std": 4.771413803100586,
    "embed_contrast_2_mean": 14.266351699829102,
    "embed_contrast_2_std": 4.096597671508789,
    "embed_contrast_3_mean": 17.444259643554688,
    "embed_contrast_3_std": 3.680340051651001,
    "embed_contrast_4_mean": 16.95590591430664,
    "embed_contrast_4_std": 3.46513032913208,
    "embed_contrast_5_mean": 19.35569190979004,
    "embed_contrast_5_std": 3.0653882026672363,
    "embed_contrast_6_mean": 17.880924224853516,
    "embed_contrast_6_std": 2.4616525173187256,
    "embed_contrast_7_mean": 47.39015579223633,
    "embed_contrast_7_std": 3.059478282928467,
    "embed_chroma_entropy": 2.419940710067749,
    "embed_centroid_mean": 2738.907620646283,
    "embed_centroid_std": 1084.5351379071706,
    "embed_rolloff_mean": 6322.238853619932,
    "embed_rolloff_std": 1924.463126181506,
    "embed_flatness_mean": 0.017065592110157013,
    "embed_flatness_std": 0.028664419427514076,
    "embed_zcr_mean": 0.07414099158886417,
    "embed_zcr_std": 0.07550825758562806,
    "embed_rms_mean": 0.38059911131858826,
    "embed_rms_std": 0.11981946229934692,
    "embed_onset_mean": 1.6069966554641724,
    "embed_onset_std": 1.4707423448562622,
    "fingerprint_version": 2.0,
    "fingerprint_duration_seconds": 182.63659863945577,
    "embed_mfcc_delta_mean": -0.0033126110211014748,
    "embed_mfcc_delta_std": 3.302396535873413,
    "embed_chroma_delta_mean": 1.4730540897289757e-05,
    "embed_chroma_delta_std": 0.021952567622065544,
    "embed_onset_peak": 11.298225402832031,
    "embed_onset_p95": 4.556520938873291,
    "embed_rms_p10": 0.1613140106201172,
    "embed_rms_p50": 0.43601709604263306,
    "embed_rms_p90": 0.47337740659713745,
    "embedding_nonzero_count": 100.0
  },
  "rhythm": {
    "onset_count": 860,
    "onset_density": 4.708805226226266,
    "drum_activity": "High",
    "estimated_bars": 107,
    "seconds_per_bar": 1.7142857142857142
  },
  "sections": [
    {
      "name": "Intro",
      "start": 0.0,
      "end": 16.0,
      "avg_energy": 0.40421631932258606,
      "energy_label": "Medium"
    },
    {
      "name": "Chorus / Hook",
      "start": 16.0,
      "end": 32.0,
      "avg_energy": 0.45615658164024353,
      "energy_label": "Medium"
    },
    {
      "name": "Verse",
      "start": 32.0,
      "end": 48.0,
      "avg_energy": 0.480526328086853,
      "energy_label": "Medium"
    },
    {
      "name": "Chorus / Hook",
      "start": 48.0,
      "end": 64.0,
      "avg_energy": 0.4089593291282654,
      "energy_label": "Medium"
    },
    {
      "name": "Verse",
      "start": 64.0,
      "end": 80.0,
      "avg_energy": 0.479461669921875,