{
  "basic": {
    "file_name": "Destroy Lonely - Lights Off.wav",
    "file_path": "/Volumes/POLLY/tracks/Destroy Lonely/Destroy Lonely - Lights Off.wav",
    "sample_rate": 48000,
    "duration_seconds": 160.128,
    "bpm": 140.0,
    "key": "A# Minor",
    "key_note": "A#",
    "key_mode": "Minor",
    "key_confidence": 42.550112076890215
  },
  "loudness": {
    "peak_db": 7.765755780944816e-05,
    "rms_db": -9.992560659469,
    "dynamic_range_db": 9.99263831702681,
    "clipping_detected": true,
    "clipping_samples": 103,
    "clipping_percent": 0.0013400737743138821,
    "headroom_db": -7.765755780944816e-05
  },
  "frequency": {
    "band_percentages": {
      "Sub": 16.893000727299697,
      "Bass / 808": 14.414263712739617,
      "Mud": 14.535887801349897,
      "Low Mids": 14.305538702737033,
      "Mids / Melody": 13.563329649709516,
      "Harsh Zone": 12.091466092815441,
      "Highs": 13.582650999586965,
      "Air": 12.705328404761879,
      "Vocal Range": 15.061277894590026
    },
    "brightness_centroid_hz": 2968.6803136275244,
    "brightness_label": "Medium",
    "spectral_rolloff_hz": 6954.586753979884,
    "dominant_band": "Sub",
    "low_end_total_percent": 31.30726444003931,
    "mid_total_percent": 42.40475615379645,
    "top_total_percent": 26.287979404348846
  },
  "fingerprint": {
    "mfcc_1": -189.90916442871094,
    "mfcc_2": -11.201058387756348,
    "mfcc_3": 28.70624542236328,
    "mfcc_4": -22.946550369262695,
    "mfcc_5": 7.37352991104126,
    "mfcc_6": -1.8378621339797974,
    "mfcc_7": -10.578713417053223,
    "mfcc_8": 4.9039201736450195,
    "mfcc_9": -9.142160415649414,
    "mfcc_10": 8.868342399597168,
    "mfcc_11": -1.8857063055038452,
    "mfcc_12": 8.663357734680176,
    "mfcc_13": -0.5810168385505676,
    "chroma_1": 0.27142736315727234,
    "chroma_2": 0.3119913637638092,
    "chroma_3": 0.27310577034950256,
    "chroma_4": 0.40057435631752014,
    "chroma_5": 0.2932741940021515,
    "chroma_6": 0.5171013474464417,
    "chroma_7": 0.45773419737815857,
    "chroma_8": 0.23650437593460083,
    "chroma_9": 0.2623216509819031,
    "chroma_10": 0.2085411101579666,
    "chroma_11": 0.3527646064758301,
    "chroma_12": 0.16966207325458527,
    "spectral_contrast": 23.42583264201927,
    "spectral_flatness": 0.008051125332713127,
    "zero_crossing_rate": 0.0531367724155863,
    "embed_mfcc_1_mean": -189.90916442871094,
    "embed_mfcc_1_std": 40.684593200683594,
    "embed_mfcc_2_mean": -11.201058387756348,
    "embed_mfcc_2_std": 33.774105072021484,
    "embed_mfcc_3_mean": 28.70624542236328,
    "embed_mfcc_3_std": 27.06783103942871,
    "embed_mfcc_4_mean": -22.946550369262695,
    "embed_mfcc_4_std": 21.923667907714844,
    "embed_mfcc_5_mean": 7.37352991104126,
    "embed_mfcc_5_std": 16.57584571838379,
    "embed_mfcc_6_mean": -1.8378621339797974,
    "embed_mfcc_6_std": 12.997244834899902,
    "embed_mfcc_7_mean": -10.578713417053223,
    "embed_mfcc_7_std": 14.281547546386719,
    "embed_mfcc_8_mean": 4.9039201736450195,
    "embed_mfcc_8_std": 11.260909080505371,
    "embed_mfcc_9_mean": -9.142160415649414,
    "embed_mfcc_9_std": 10.707365989685059,
    "embed_mfcc_10_mean": 8.868342399597168,
    "embed_mfcc_10_std": 12.864922523498535,
    "embed_mfcc_11_mean": -1.8857063055038452,
    "embed_mfcc_11_std": 10.73025131225586,
    "embed_mfcc_12_mean": 8.663357734680176,
    "embed_mfcc_12_std": 10.049838066101074,
    "embed_mfcc_13_mean": -0.5810168385505676,
    "embed_mfcc_13_std": 9.444448471069336,
    "embed_mfcc_14_mean": 3.1448943614959717,
    "embed_mfcc_14_std": 8.207036018371582,
    "embed_mfcc_15_mean": 8.146602630615234,
    "embed_mfcc_15_std": 8.913037300109863,
    "embed_mfcc_16_mean": 1.6508982181549072,
    "embed_mfcc_16_std": 9.370500564575195,
    "embed_mfcc_17_mean": 3.9081296920776367,
    "embed_mfcc_17_std": 8.760826110839844,
    "embed_mfcc_18_mean": 8.07225513458252,
    "embed_mfcc_18_std": 7.487016201019287,
    "embed_mfcc_19_mean": 0.31788474321365356,
    "embed_mfcc_19_std": 8.94839096069336,
    "embed_mfcc_20_mean": 10.263331413269043,
    "embed_mfcc_20_std": 9.368158340454102,
    "embed_chroma_1_mean": 0.27142736315727234,
    "embed_chroma_1_std": 0.25770294666290283,
    "embed_chroma_2_mean": 0.3119913637638092,
    "embed_chroma_2_std": 0.31026068329811096,
    "embed_chroma_3_mean": 0.27310577034950256,
    "embed_chroma_3_std": 0.26733607053756714,
    "embed_chroma_4_mean": 0.40057435631752014,
    "embed_chroma_4_std": 0.34708499908447266,
    "embed_chroma_5_mean": 0.2932741940021515,
    "embed_chroma_5_std": 0.22758734226226807,
    "embed_chroma_6_mean": 0.5171013474464417,
    "embed_chroma_6_std": 0.3631868362426758,
    "embed_chroma_7_mean": 0.45773419737815857,
    "embed_chroma_7_std": 0.3488435745239258,
    "embed_chroma_8_mean": 0.23650437593460083,
    "embed_chroma_8_std": 0.16180512309074402,
    "embed_chroma_9_mean": 0.2623216509819031,
    "embed_chroma_9_std": 0.2319866120815277,
    "embed_chroma_10_mean": 0.2085411101579666,
    "embed_chroma_10_std": 0.15945389866828918,
    "embed_chroma_11_mean": 0.3527646064758301,
    "embed_chroma_11_std": 0.3191528618335724,
    "embed_chroma_12_mean": 0.16966207325458527,
    "embed_chroma_12_std": 0.14163179695606232,
    "embed_contrast_1_mean": 25.10809326171875,
    "embed_contrast_1_std": 5.220099925994873,
    "embed_contrast_2_mean": 17.221942901611328,
    "embed_contrast_2_std": 4.113292694091797,
    "embed_contrast_3_mean": 18.86585807800293,
    "embed_contrast_3_std": 4.196918964385986,
    "embed_contrast_4_mean": 18.068885803222656,
    "embed_contrast_4_std": 3.6553738117218018,
    "embed_contrast_5_mean": 18.840478897094727,
    "embed_contrast_5_std": 3.3556313514709473,
    "embed_contrast_6_mean": 18.025772094726562,
    "embed_contrast_6_std": 2.4002983570098877,
    "embed_contrast_7_mean": 47.84980392456055,
    "embed_contrast_7_std": 3.0248537063598633,
    "embed_chroma_entropy": 2.43740177154541,
    "embed_centroid_mean": 2497.882466688085,
    "embed_centroid_std": 1245.3111295625276,
    "embed_rolloff_mean": 6138.883712343387,
    "embed_rolloff_std": 2340.845165836291,
    "embed_flatness_mean": 0.008051125332713127,
    "embed_flatness_std": 0.019621560350060463,
    "embed_zcr_mean": 0.0531367724155863,
    "embed_zcr_std": 0.07766253977638238,
    "embed_rms_mean": 0.2907998859882355,
    "embed_rms_std": 0.09050939977169037,
    "embed_onset_mean": 1.6853234767913818,
    "embed_onset_std": 1.3659825325012207,
    "fingerprint_version": 2.0,
    "fingerprint_duration_seconds": 160.12802721088434,
    "embed_mfcc_delta_mean": -0.00047453201841562986,
    "embed_mfcc_delta_std": 3.124614715576172,
    "embed_chroma_delta_mean": -5.594167305389419e-05,
    "embed_chroma_delta_std": 0.024026064202189445,
    "embed_onset_peak": 12.671552658081055,
    "embed_onset_p95": 4.340320587158203,
    "embed_rms_p10": 0.10603298991918564,
    "embed_rms_p50": 0.3302232325077057,
    "embed_rms_p90": 0.3534746468067169,
    "embedding_nonzero_count": 100.0
  },
  "rhythm": {
    "onset_count": 937,
    "onset_density": 5.8515687450039975,
    "drum_activity": "High",
    "estimated_bars": 93,
    "seconds_per_bar": 1.7142857142857142
  },
  "sections": [
    {
      "name": "Intro",
      "start": 0.0,
      "end": 16.0,
      "avg_energy": 0.32231298089027405,
      "energy_label": "Medium"
    },
    {
      "name": "Chorus / Hook",
      "start": 16.0,
      "end": 32.0,
      "avg_energy": 0.3387676775455475,
      "energy_label": "Medium"
    },
    {
      "name": "Verse",
      "start": 32.0,
      "end": 48.0,
      "avg_energy": 0.367014080286026,
      "energy_label": "High"
    },
    {
      "name": "Chorus / Hook",
      "start": 48.0,
      "end": 64.0,
      "avg_energy": 0.3550667464733124,
      "energy_label": "Medium"
    },
    {
      "name": "Verse",
      "start": 64.0,
      "end": 80.0,
      "avg_energy": 0.34102943539619446,