{
  "basic": {
    "file_name": "Destroy Lonely - which one.wav",
    "file_path": "/Volumes/POLLY/tracks/Destroy Lonely/Destroy Lonely - which one.wav",
    "sample_rate": 48000,
    "duration_seconds": 208.50358333333332,
    "bpm": 140.0,
    "key": "C Minor",
    "key_note": "C",
    "key_mode": "Minor",
    "key_confidence": 42.90229999913824
  },
  "loudness": {
    "peak_db": 0.00021433317323771306,
    "rms_db": -7.038424522155367,
    "dynamic_range_db": 7.038638855328605,
    "clipping_detected": true,
    "clipping_samples": 55104,
    "clipping_percent": 0.550590057804762,
    "headroom_db": -0.00021433317323771306
  },
  "frequency": {
    "band_percentages": {
      "Sub": 16.46066670604041,
      "Bass / 808": 15.409770390765281,
      "Mud": 14.558447382227047,
      "Low Mids": 14.115555970300008,
      "Mids / Melody": 14.08465876973682,
      "Harsh Zone": 13.461224025296536,
      "Highs": 13.378832849822913,
      "Air": 11.992067929397058,
      "Vocal Range": 15.009158929284222
    },
    "brightness_centroid_hz": 2344.0976287451567,
    "brightness_label": "Medium",
    "spectral_rolloff_hz": 5216.326878069368,
    "dominant_band": "Sub",
    "low_end_total_percent": 31.87043709680569,
    "mid_total_percent": 42.75866212226387,
    "top_total_percent": 25.370900779219973
  },
  "fingerprint": {
    "mfcc_1": -123.00963592529297,
    "mfcc_2": -5.770740032196045,
    "mfcc_3": 8.630412101745605,
    "mfcc_4": 4.341891765594482,
    "mfcc_5": 2.962193012237549,
    "mfcc_6": 10.211030006408691,
    "mfcc_7": -12.430724143981934,
    "mfcc_8": 3.635730504989624,
    "mfcc_9": -7.397454261779785,
    "mfcc_10": -1.8126957416534424,
    "mfcc_11": -2.107370376586914,
    "mfcc_12": 6.483118534088135,
    "mfcc_13": -6.283935546875,
    "chroma_1": 0.7228272557258606,
    "chroma_2": 0.5714028477668762,
    "chroma_3": 0.4822749197483063,
    "chroma_4": 0.697202205657959,
    "chroma_5": 0.47146350145339966,
    "chroma_6": 0.44282659888267517,
    "chroma_7": 0.3716157078742981,
    "chroma_8": 0.4947739243507385,
    "chroma_9": 0.5254108309745789,
    "chroma_10": 0.2750733494758606,
    "chroma_11": 0.2780701816082001,
    "chroma_12": 0.24629920721054077,
    "spectral_contrast": 21.755912729123267,
    "spectral_flatness": 0.011953410692512989,
    "zero_crossing_rate": 0.058246907804034444,
    "embed_mfcc_1_mean": -123.00963592529297,
    "embed_mfcc_1_std": 53.72765350341797,
    "embed_mfcc_2_mean": -5.770740032196045,
    "embed_mfcc_2_std": 34.73504638671875,
    "embed_mfcc_3_mean": 8.630412101745605,
    "embed_mfcc_3_std": 26.47374725341797,
    "embed_mfcc_4_mean": 4.341891765594482,
    "embed_mfcc_4_std": 20.47734260559082,
    "embed_mfcc_5_mean": 2.962193012237549,
    "embed_mfcc_5_std": 16.164377212524414,
    "embed_mfcc_6_mean": 10.211030006408691,
    "embed_mfcc_6_std": 12.911727905273438,
    "embed_mfcc_7_mean": -12.430724143981934,
    "embed_mfcc_7_std": 14.759806632995605,
    "embed_mfcc_8_mean": 3.635730504989624,
    "embed_mfcc_8_std": 16.005945205688477,
    "embed_mfcc_9_mean": -7.397454261779785,
    "embed_mfcc_9_std": 13.055462837219238,
    "embed_mfcc_10_mean": -1.8126957416534424,
    "embed_mfcc_10_std": 13.814055442810059,
    "embed_mfcc_11_mean": -2.107370376586914,
    "embed_mfcc_11_std": 12.167810440063477,
    "embed_mfcc_12_mean": 6.483118534088135,
    "embed_mfcc_12_std": 11.538688659667969,
    "embed_mfcc_13_mean": -6.283935546875,
    "embed_mfcc_13_std": 9.73645305633545,
    "embed_mfcc_14_mean": -0.40751972794532776,
    "embed_mfcc_14_std": 10.786276817321777,
    "embed_mfcc_15_mean": 4.38236141204834,
    "embed_mfcc_15_std": 9.188940048217773,
    "embed_mfcc_16_mean": 2.0438780784606934,
    "embed_mfcc_16_std": 8.977596282958984,
    "embed_mfcc_17_mean": -4.220607280731201,
    "embed_mfcc_17_std": 9.789804458618164,
    "embed_mfcc_18_mean": 2.6754488945007324,
    "embed_mfcc_18_std": 8.259902000427246,
    "embed_mfcc_19_mean": -7.725957870483398,
    "embed_mfcc_19_std": 8.272320747375488,
    "embed_mfcc_20_mean": 4.100673675537109,
    "embed_mfcc_20_std": 7.666481971740723,
    "embed_chroma_1_mean": 0.7228272557258606,
    "embed_chroma_1_std": 0.23262077569961548,
    "embed_chroma_2_mean": 0.5714028477668762,
    "embed_chroma_2_std": 0.2766299843788147,
    "embed_chroma_3_mean": 0.4822749197483063,
    "embed_chroma_3_std": 0.20019301772117615,
    "embed_chroma_4_mean": 0.697202205657959,
    "embed_chroma_4_std": 0.3160746991634369,
    "embed_chroma_5_mean": 0.47146350145339966,
    "embed_chroma_5_std": 0.2531484365463257,
    "embed_chroma_6_mean": 0.44282659888267517,
    "embed_chroma_6_std": 0.23230989277362823,
    "embed_chroma_7_mean": 0.3716157078742981,
    "embed_chroma_7_std": 0.2086661010980606,
    "embed_chroma_8_mean": 0.4947739243507385,
    "embed_chroma_8_std": 0.23185887932777405,
    "embed_chroma_9_mean": 0.5254108309745789,
    "embed_chroma_9_std": 0.2595249116420746,
    "embed_chroma_10_mean": 0.2750733494758606,
    "embed_chroma_10_std": 0.14119888842105865,
    "embed_chroma_11_mean": 0.2780701816082001,
    "embed_chroma_11_std": 0.17753033339977264,
    "embed_chroma_12_mean": 0.24629920721054077,
    "embed_chroma_12_std": 0.13866285979747772,
    "embed_contrast_1_mean": 20.11948585510254,
    "embed_contrast_1_std": 4.968209266662598,
    "embed_contrast_2_mean": 14.33503246307373,
    "embed_contrast_2_std": 3.818875312805176,
    "embed_contrast_3_mean": 17.283170700073242,
    "embed_contrast_3_std": 4.018732070922852,
    "embed_contrast_4_mean": 16.792184829711914,
    "embed_contrast_4_std": 3.289306640625,
    "embed_contrast_5_mean": 18.370298385620117,
    "embed_contrast_5_std": 3.507509708404541,
    "embed_contrast_6_mean": 17.092267990112305,
    "embed_contrast_6_std": 2.238994598388672,
    "embed_contrast_7_mean": 48.2989501953125,
    "embed_contrast_7_std": 3.127971887588501,
    "embed_chroma_entropy": 2.432948112487793,
    "embed_centroid_mean": 2120.685249772256,
    "embed_centroid_std": 949.1438185835468,
    "embed_rolloff_mean": 4984.130278312754,
    "embed_rolloff_std": 2175.496032444193,
    "embed_flatness_mean": 0.011953410692512989,
    "embed_flatness_std": 0.02144409343600273,
    "embed_zcr_mean": 0.058246907804034444,
    "embed_zcr_std": 0.055868553539591706,
    "embed_rms_mean": 0.3819672465324402,
    "embed_rms_std": 0.12962926924228668,
    "embed_onset_mean": 1.747650384902954,
    "embed_onset_std": 1.692291021347046,
    "fingerprint_version": 2.0,
    "fingerprint_duration_seconds": 208.50362811791382,
    "embed_mfcc_delta_mean": 0.000402891164412722,
    "embed_mfcc_delta_std": 3.526167869567871,
    "embed_chroma_delta_mean": 5.216557383391773e-06,
    "embed_chroma_delta_std": 0.028536977246403694,
    "embed_onset_peak": 13.733905792236328,
    "embed_onset_p95": 5.332672119140625,
    "embed_rms_p10": 0.16655543446540833,
    "embed_rms_p50": 0.42536312341690063,
    "embed_rms_p90": 0.5121477246284485,
    "embedding_nonzero_count": 100.0
  },
  "rhythm": {
    "onset_count": 1177,
    "onset_density": 5.64498691669168,
    "drum_activity": "High",
    "estimated_bars": 122,
    "seconds_per_bar": 1.7142857142857142
  },
  "sections": [
    {
      "name": "Intro",
      "start": 0.0,
      "end": 16.0,
      "avg_energy": 0.17731060087680817,
      "energy_label": "Low"
    },
    {
      "name": "Chorus / Hook",
      "start": 16.0,
      "end": 32.0,
      "avg_energy": 0.502993643283844,
      "energy_label": "High"
    },
    {
      "name": "Verse",
      "start": 32.0,
      "end": 48.0,
      "avg_energy": 0.4991611838340759,
      "energy_label": "Medium"
    },
    {
      "name": "Chorus / Hook",
      "start": 48.0,
      "end": 64.0,
      "avg_energy": 0.44447389245033264,
      "energy_label": "Medium"
    },
    {
      "name": "Verse",
      "start": 64.0,
      "end": 80.0,
      "avg_energy": 0.4313236176967621,