{
  "basic": {
    "file_name": "Hardrock - SOUTH ATL.wav",
    "file_path": "/Users/jayden/SoundLens/tracks/Hardrock/Hardrock - SOUTH ATL.wav",
    "sample_rate": 48000,
    "duration_seconds": 176.51810416666666,
    "bpm": 133.93,
    "key": "D# Major",
    "key_note": "D#",
    "key_mode": "Major",
    "key_confidence": 47.47884971124167
  },
  "loudness": {
    "peak_db": 2.6921365334048558e-05,
    "rms_db": -8.261610428034968,
    "dynamic_range_db": 8.261637349400303,
    "clipping_detected": true,
    "clipping_samples": 2623,
    "clipping_percent": 0.03095763666356697,
    "headroom_db": -2.6921365334048558e-05
  },
  "frequency": {
    "band_percentages": {
      "Sub": 16.81680355963539,
      "Bass / 808": 15.02794732542146,
      "Mud": 14.507864641069071,
      "Low Mids": 13.99811741757136,
      "Mids / Melody": 13.795024009249165,
      "Harsh Zone": 13.13493606219797,
      "Highs": 13.091827221024197,
      "Air": 12.762415824260556,
      "Vocal Range": 14.950837061574717
    },
    "brightness_centroid_hz": 2347.1330649522492,
    "brightness_label": "Medium",
    "spectral_rolloff_hz": 5202.608069218684,
    "dominant_band": "Sub",
    "low_end_total_percent": 31.844750885056847,
    "mid_total_percent": 42.301006067889595,
    "top_total_percent": 25.854243045284754
  },
  "fingerprint": {
    "mfcc_1": -152.29014587402344,
    "mfcc_2": 144.93589782714844,
    "mfcc_3": -2.464261293411255,
    "mfcc_4": 22.146326065063477,
    "mfcc_5": -4.848351001739502,
    "mfcc_6": 24.26354217529297,
    "mfcc_7": -10.690889358520508,
    "mfcc_8": 13.566839218139648,
    "mfcc_9": -5.099333763122559,
    "mfcc_10": -5.713676929473877,
    "mfcc_11": -2.4561519622802734,
    "mfcc_12": 3.436121702194214,
    "mfcc_13": -0.6260594725608826,
    "chroma_1": 0.18146570026874542,
    "chroma_2": 0.2962898015975952,
    "chroma_3": 0.5625226497650146,
    "chroma_4": 0.5888658165931702,
    "chroma_5": 0.2836831212043762,
    "chroma_6": 0.22967709600925446,
    "chroma_7": 0.21387098729610443,
    "chroma_8": 0.323434978723526,
    "chroma_9": 0.19509366154670715,
    "chroma_10": 0.35279014706611633,
    "chroma_11": 0.24312187731266022,
    "chroma_12": 0.1519622504711151,
    "spectral_contrast": 18.785911687576075,
    "spectral_flatness": 0.00038744788616895676,
    "zero_crossing_rate": 0.02931590584212037
  },
  "rhythm": {
    "onset_count": 1080,
    "onset_density": 6.1183525910762935,
    "drum_activity": "High",
    "estimated_bars": 99,
    "seconds_per_bar": 1.7919808855372208
  },
  "sections": [
    {
      "name": "Section 1",
      "start": 0.0,
      "end": 14.335847084297766,
      "avg_energy": 0.08534614741802216,
      "energy_label": "Low"
    },
    {
      "name": "Section 2",
      "start": 14.335847084297766,
      "end": 28.671694168595533,
      "avg_energy": 0.4417744576931,
      "energy_label": "High"
    },
    {
      "name": "Section 3",
      "start": 28.671694168595533,
      "end": 43.0075412528933,
      "avg_energy": 0.4372759461402893,
      "energy_label": "Medium"
    },
    {
      "name": "Section 4",
      "start": 43.0075412528933,
      "end": 57.343388337191065,
      "avg_energy": 0.44343727827072144,
      "energy_label": "High"
    },
    {
      "name": "Section 5",
      "start": 57.343388337191065,
      "end": 71.67923542148883,
      "avg_energy": 0.4416135549545288,
      "energy_label": "Medium"
    },
    {
      "name": "Section 6",
      "start": 71.67923542148883,
      "end": 86.0150825057866,
      "avg_energy": 0.2076358199119568,
      "energy_label": "Low"
    },
    {
      "name": "Section 7",
      "start": 86.0150825057866,
      "end": 100.35092959008436,
      "avg_energy": 0.44137701392173767,
      "energy_label": "Medium"
    },
    {
      "name": "Section 8",
      "start": 100.35092959008436,
      "end": 114.68677667438213,
      "avg_energy": 0.4384290277957916,
      "energy_label": "Medium"
    },
    {
      "name": "Section 9",
      "start": 114.68677667438213,
      "end": 129.02262375867988,
      "avg_energy": 0.4368625581264496,
      "energy_label": "Low"
    },
    {
      "name": "Section 10",
      "start": 129.02262375867988,
      "end": 143.35847084297765,
      "avg_energy": 0.4448207914829254,
      "energy_label": "High"
    },
    {
      "name": "Section 11",
      "start": 143.35847084297765,
      "end": 157.69431792727542,
      "avg_energy": 0.4653545320034027,
      "energy_label": "High"
    },
    {
      "name": "Section 12",
      "start": 157.69431792727542,
      "end": 176.51810416666666,
      "avg_energy": 0.11267807334661484,
      "energy_label": "Low"
    }
  ],
  "scores": {
    "mix": 86,
    "master": 86,
    "arrangement": 81,
    "release": 84,
    "energy": 8.369194785982515,
    "bass_strength": 6.368950177011369,
    "darkness": 5.3057338700955015,
    "brightness": 4.6942661299044985,
    "drum_bounce": 10,
    "vocal_space": 2.1971230839193208
  },
  "stem_balance": null,
  "top_problems": [
    "Clipping detected: 2623 samples are near/over the limit.",
    "Mud range is elevated around 250-500 Hz.",
    "Drum movement is very active; the beat could become overcrowded.",
    "Hook/verse contrast looks low, but arrangement detection is still an estimate."
  ],
  "suggested_fixes": [
    "Lower the master/output, then use a soft clipper or limiter with safer ceiling.",
    "Gently cut 250-500 Hz on melodies, pads, or the master if the mix feels cloudy.",
    "Mute extra percussion in some sections so the hook/drop feels bigger.",
    "Check the waveform/sections by ear. If the hook feels flat, add contrast with melody layers, drum changes, or vocal energy."
  ],
  "artist_notes": [
    "Autotune/key starting point: D# Major. Confidence: 47.5%.",
    "Beat energy: 8.4/10. Darkness: 5.3/10.",
    "Vocal space estimate: 2.2/10. Higher means easier space for vocals."
  ],
  "producer_notes": [
    "Low-end presence looks usable for the selected style.",
    "Selected style preset: rage_trap.",
    "Dominant frequency area: Sub.",
    "Drum activity is high at 6.12 hits/sec.",
    "Estimated length: 99 bars at 134 BPM."
  ],
  "master_notes": [
    "Clipping is the first thing to fix before judging the rest of the mix.",
    "Loudness is in a usable range for the selected style.",
    "Peak: 0.00 dB. RMS: -8.26 dB. Dynamic range: 8.26 dB."
  ],
  "next_steps": [
    "Lower the master/output, then use a soft clipper or limiter with safer ceiling.",
    "Gently cut 250-500 Hz on melodies, pads, or the master if the mix feels cloudy.",
    "Mute extra percussion in some sections so the hook/drop feels bigger.",
    "Fix the top 1-2 issues, export again, then re-run SoundLens."
  ]
}