{
  "basic": {
    "file_name": "Hardrock - Don't Trip!.wav",
    "file_path": "/Volumes/POLLY/tracks/Hardrock/Hardrock - Don't Trip!.wav",
    "sample_rate": 48000,
    "duration_seconds": 146.759625,
    "bpm": 140.0,
    "key": "E Minor",
    "key_note": "E",
    "key_mode": "Minor",
    "key_confidence": 42.296198405748484
  },
  "loudness": {
    "peak_db": -1.2004721479493183,
    "rms_db": -14.4181104946896,
    "dynamic_range_db": 13.217638346740282,
    "clipping_detected": false,
    "clipping_samples": 0,
    "clipping_percent": 0.0,
    "headroom_db": 1.2004721479493183
  },
  "frequency": {
    "band_percentages": {
      "Sub": 15.51979397698715,
      "Bass / 808": 15.280532726118329,
      "Mud": 14.904693374911664,
      "Low Mids": 14.594510711472243,
      "Mids / Melody": 14.067141511542417,
      "Harsh Zone": 13.42841269844826,
      "Highs": 13.470545383821516,
      "Air": 12.162782313310208,
      "Vocal Range": 15.395959102753517
    },
    "brightness_centroid_hz": 2726.977005694531,
    "brightness_label": "Medium",
    "spectral_rolloff_hz": 6058.339087142961,
    "dominant_band": "Sub",
    "low_end_total_percent": 30.80032670310548,
    "mid_total_percent": 43.56634559792632,
    "top_total_percent": 25.633327697131726
  },
  "fingerprint": {
    "mfcc_1": -161.67544555664062,
    "mfcc_2": -4.848547458648682,
    "mfcc_3": 4.558339595794678,
    "mfcc_4": 5.239995002746582,
    "mfcc_5": -8.484710693359375,
    "mfcc_6": 3.827871084213257,
    "mfcc_7": -3.97621488571167,
    "mfcc_8": 4.4648590087890625,
    "mfcc_9": -5.170332908630371,
    "mfcc_10": 1.9714661836624146,
    "mfcc_11": -0.5238857269287109,
    "mfcc_12": -0.9068223834037781,
    "mfcc_13": -0.9345211982727051,
    "chroma_1": 0.45358535647392273,
    "chroma_2": 0.27046358585357666,
    "chroma_3": 0.3442244529724121,
    "chroma_4": 0.3466956913471222,
    "chroma_5": 0.4517166018486023,
    "chroma_6": 0.24361485242843628,
    "chroma_7": 0.4991690218448639,
    "chroma_8": 0.7455278635025024,
    "chroma_9": 0.25575587153434753,
    "chroma_10": 0.3019924461841583,
    "chroma_11": 0.20061816275119781,
    "chroma_12": 0.4963283836841583,
    "spectral_contrast": 23.325019130535722,
    "spectral_flatness": 0.014238732866942883,
    "zero_crossing_rate": 0.0807996814834075,
    "embed_mfcc_1_mean": -161.67544555664062,
    "embed_mfcc_1_std": 65.11407470703125,
    "embed_mfcc_2_mean": -4.848547458648682,
    "embed_mfcc_2_std": 39.189453125,
    "embed_mfcc_3_mean": 4.558339595794678,
    "embed_mfcc_3_std": 31.02587127685547,
    "embed_mfcc_4_mean": 5.239995002746582,
    "embed_mfcc_4_std": 20.125957489013672,
    "embed_mfcc_5_mean": -8.484710693359375,
    "embed_mfcc_5_std": 17.64313507080078,
    "embed_mfcc_6_mean": 3.827871084213257,
    "embed_mfcc_6_std": 15.80560302734375,
    "embed_mfcc_7_mean": -3.97621488571167,
    "embed_mfcc_7_std": 14.148317337036133,
    "embed_mfcc_8_mean": 4.4648590087890625,
    "embed_mfcc_8_std": 17.04851531982422,
    "embed_mfcc_9_mean": -5.170332908630371,
    "embed_mfcc_9_std": 12.896928787231445,
    "embed_mfcc_10_mean": 1.9714661836624146,
    "embed_mfcc_10_std": 11.738493919372559,
    "embed_mfcc_11_mean": -0.5238857269287109,
    "embed_mfcc_11_std": 10.021923065185547,
    "embed_mfcc_12_mean": -0.9068223834037781,
    "embed_mfcc_12_std": 9.400952339172363,
    "embed_mfcc_13_mean": -0.9345211982727051,
    "embed_mfcc_13_std": 8.184040069580078,
    "embed_mfcc_14_mean": 3.3806703090667725,
    "embed_mfcc_14_std": 8.52978229522705,
    "embed_mfcc_15_mean": 2.8573827743530273,
    "embed_mfcc_15_std": 8.088301658630371,
    "embed_mfcc_16_mean": 0.056187111884355545,
    "embed_mfcc_16_std": 8.00452995300293,
    "embed_mfcc_17_mean": 1.606886863708496,
    "embed_mfcc_17_std": 8.78783130645752,
    "embed_mfcc_18_mean": -1.8200335502624512,
    "embed_mfcc_18_std": 7.331264019012451,
    "embed_mfcc_19_mean": 1.0229359865188599,
    "embed_mfcc_19_std": 6.555585861206055,
    "embed_mfcc_20_mean": -1.5088744163513184,
    "embed_mfcc_20_std": 7.185976982116699,
    "embed_chroma_1_mean": 0.45358535647392273,
    "embed_chroma_1_std": 0.31653547286987305,
    "embed_chroma_2_mean": 0.27046358585357666,
    "embed_chroma_2_std": 0.14633071422576904,
    "embed_chroma_3_mean": 0.3442244529724121,
    "embed_chroma_3_std": 0.21615369617938995,
    "embed_chroma_4_mean": 0.3466956913471222,
    "embed_chroma_4_std": 0.21775102615356445,
    "embed_chroma_5_mean": 0.4517166018486023,
    "embed_chroma_5_std": 0.2690909504890442,
    "embed_chroma_6_mean": 0.24361485242843628,
    "embed_chroma_6_std": 0.15320537984371185,
    "embed_chroma_7_mean": 0.4991690218448639,
    "embed_chroma_7_std": 0.341321736574173,
    "embed_chroma_8_mean": 0.7455278635025024,
    "embed_chroma_8_std": 0.3052716851234436,
    "embed_chroma_9_mean": 0.25575587153434753,
    "embed_chroma_9_std": 0.14154018461704254,
    "embed_chroma_10_mean": 0.3019924461841583,
    "embed_chroma_10_std": 0.20870013535022736,
    "embed_chroma_11_mean": 0.20061816275119781,
    "embed_chroma_11_std": 0.11711393296718597,
    "embed_chroma_12_mean": 0.4963283836841583,
    "embed_chroma_12_std": 0.32040202617645264,
    "embed_contrast_1_mean": 22.368896484375,
    "embed_contrast_1_std": 5.018468856811523,
    "embed_contrast_2_mean": 15.7379150390625,
    "embed_contrast_2_std": 4.263699054718018,
    "embed_contrast_3_mean": 20.331180572509766,
    "embed_contrast_3_std": 4.4213547706604,
    "embed_contrast_4_mean": 19.562955856323242,
    "embed_contrast_4_std": 3.563227653503418,
    "embed_contrast_5_mean": 18.909053802490234,
    "embed_contrast_5_std": 3.0534985065460205,
    "embed_contrast_6_mean": 17.844392776489258,
    "embed_contrast_6_std": 2.6952285766601562,
    "embed_contrast_7_mean": 48.5207405090332,
    "embed_contrast_7_std": 4.251593589782715,
    "embed_chroma_entropy": 2.4166483879089355,
    "embed_centroid_mean": 2337.26532079372,
    "embed_centroid_std": 948.0236227781983,
    "embed_rolloff_mean": 5255.432804450162,
    "embed_rolloff_std": 2220.331935089364,
    "embed_flatness_mean": 0.014238732866942883,
    "embed_flatness_std": 0.020412858575582504,
    "embed_zcr_mean": 0.0807996814834075,
    "embed_zcr_std": 0.04816165476085193,
    "embed_rms_mean": 0.20315596461296082,
    "embed_rms_std": 0.06354784965515137,
    "embed_onset_mean": 1.5779261589050293,
    "embed_onset_std": 1.5323079824447632,
    "fingerprint_version": 2.0,
    "fingerprint_duration_seconds": 146.75963718820861,
    "embed_mfcc_delta_mean": -6.377512363542337e-06,
    "embed_mfcc_delta_std": 3.4176080226898193,
    "embed_chroma_delta_mean": -3.5292410757392645e-05,
    "embed_chroma_delta_std": 0.026514992117881775,
    "embed_onset_peak": 15.837310791015625,
    "embed_onset_p95": 4.6538166999816895,
    "embed_rms_p10": 0.13948339223861694,
    "embed_rms_p50": 0.1967373788356781,
    "embed_rms_p90": 0.30611762404441833,
    "embedding_nonzero_count": 100.0
  },
  "rhythm": {
    "onset_count": 923,
    "onset_density": 6.289195683077004,
    "drum_activity": "High",
    "estimated_bars": 86,
    "seconds_per_bar": 1.7142857142857142
  },
  "sections": [
    {
      "name": "Intro",
      "start": 0.0,
      "end": 16.0,
      "avg_energy": 0.2053784728050232,
      "energy_label": "Medium"
    },
    {
      "name": "Chorus / Hook",
      "start": 16.0,
      "end": 32.0,
      "avg_energy": 0.1606879085302353,
      "energy_label": "Low"
    },
    {
      "name": "Verse",
      "start": 32.0,
      "end": 48.0,
      "avg_energy": 0.19978833198547363,
      "energy_label": "Medium"
    },
    {
      "name": "Chorus / Hook",
      "start": 48.0,
      "end": 64.0,
      "avg_energy": 0.17871497571468353,
      "energy_label": "Medium"
    },
    {
      "name": "Verse",
      "start": 64.0,
      "end": 80.0,
      "avg_energy": 0.20123769342899323,