{
  "basic": {
    "file_name": "Hardrock - #LSD.wav",
    "file_path": "/Users/jayden/SoundLens/tracks/Hardrock/Hardrock - #LSD.wav",
    "sample_rate": 48000,
    "duration_seconds": 113.72116666666666,
    "bpm": 168.75,
    "key": "D Major",
    "key_note": "D",
    "key_mode": "Major",
    "key_confidence": 45.24643748930433
  },
  "loudness": {
    "peak_db": 0.00019673113129680574,
    "rms_db": -6.8697625034949965,
    "dynamic_range_db": 6.869959234626293,
    "clipping_detected": true,
    "clipping_samples": 25,
    "clipping_percent": 0.0004579915495063217,
    "headroom_db": -0.00019673113129680574
  },
  "frequency": {
    "band_percentages": {
      "Sub": 17.113940414238453,
      "Bass / 808": 14.916008482545534,
      "Mud": 13.935067685575827,
      "Low Mids": 14.15558699149482,
      "Mids / Melody": 14.258131911671523,
      "Harsh Zone": 13.838701093181665,
      "Highs": 13.475346905373394,
      "Air": 12.145917607295367,
      "Vocal Range": 14.908378962140906
    },
    "brightness_centroid_hz": 2534.0052668958474,
    "brightness_label": "Medium",
    "spectral_rolloff_hz": 5857.873610720315,
    "dominant_band": "Sub",
    "low_end_total_percent": 32.029948896783985,
    "mid_total_percent": 42.34878658874217,
    "top_total_percent": 25.62126451266876
  },
  "fingerprint": {
    "mfcc_1": -127.71698760986328,
    "mfcc_2": 128.3461151123047,
    "mfcc_3": -16.431671142578125,
    "mfcc_4": 53.1436767578125,
    "mfcc_5": -8.023713111877441,
    "mfcc_6": 25.847408294677734,
    "mfcc_7": -3.2998478412628174,
    "mfcc_8": 17.457786560058594,
    "mfcc_9": 4.203904628753662,
    "mfcc_10": 5.667071342468262,
    "mfcc_11": 6.18523645401001,
    "mfcc_12": 12.480857849121094,
    "mfcc_13": 9.401656150817871,
    "chroma_1": 0.13434350490570068,
    "chroma_2": 0.21350306272506714,
    "chroma_3": 0.46544092893600464,
    "chroma_4": 0.22354461252689362,
    "chroma_5": 0.3819231390953064,
    "chroma_6": 0.2203281968832016,
    "chroma_7": 0.5258913636207581,
    "chroma_8": 0.20356541872024536,
    "chroma_9": 0.14848707616329193,
    "chroma_10": 0.1738014668226242,
    "chroma_11": 0.12870188057422638,
    "chroma_12": 0.14871132373809814,
    "spectral_contrast": 19.97172725146704,
    "spectral_flatness": 0.00019947168766520917,
    "zero_crossing_rate": 0.02564493242649128
  },
  "rhythm": {
    "onset_count": 707,
    "onset_density": 6.216960489618614,
    "drum_activity": "High",
    "estimated_bars": 80,
    "seconds_per_bar": 1.4222222222222223
  },
  "sections": [
    {
      "name": "Section 1",
      "start": 0.0,
      "end": 12.0,
      "avg_energy": 0.33968880772590637,
      "energy_label": "Low"
    },
    {
      "name": "Section 2",
      "start": 12.0,
      "end": 24.0,
      "avg_energy": 0.48250067234039307,
      "energy_label": "High"
    },
    {
      "name": "Section 3",
      "start": 24.0,
      "end": 36.0,
      "avg_energy": 0.46187296509742737,
      "energy_label": "Medium"
    },
    {
      "name": "Section 4",
      "start": 36.0,
      "end": 48.0,
      "avg_energy": 0.47993454337120056,
      "energy_label": "High"
    },
    {
      "name": "Section 5",
      "start": 48.0,
      "end": 60.0,
      "avg_energy": 0.4873077869415283,
      "energy_label": "High"
    },
    {
      "name": "Section 6",
      "start": 60.0,
      "end": 72.0,
      "avg_energy": 0.4445469081401825,
      "energy_label": "Low"
    },
    {
      "name": "Section 7",
      "start": 72.0,
      "end": 84.0,
      "avg_energy": 0.4754379093647003,
      "energy_label": "Medium"
    },
    {
      "name": "Section 8",
      "start": 84.0,
      "end": 96.0,
      "avg_energy": 0.45427945256233215,
      "energy_label": "Medium"
    },
    {
      "name": "Section 9",
      "start": 96.0,
      "end": 113.72116666666666,
      "avg_energy": 0.44242727756500244,
      "energy_label": "Low"
    }
  ],
  "scores": {
    "mix": 86,
    "master": 86,
    "arrangement": 81,
    "release": 84,
    "energy": 9.065118748252502,
    "bass_strength": 6.405989779356797,
    "darkness": 4.9319894662083055,
    "brightness": 5.0680105337916945,
    "drum_bounce": 10,
    "vocal_space": 2.40374621269898
  },
  "stem_balance": null,
  "top_problems": [
    "Clipping detected: 25 samples are near/over the limit.",
    "Mud range is elevated around 250-500 Hz.",
    "Drum movement is very active; the beat could become overcrowded.",
    "Hook/verse contrast looks low, but arrangement detection is still an estimate."
  ],
  "suggested_fixes": [
    "Lower the master/output, then use a soft clipper or limiter with safer ceiling.",
    "Gently cut 250-500 Hz on melodies, pads, or the master if the mix feels cloudy.",
    "Mute extra percussion in some sections so the hook/drop feels bigger.",
    "Check the waveform/sections by ear. If the hook feels flat, add contrast with melody layers, drum changes, or vocal energy."
  ],
  "artist_notes": [
    "Autotune/key starting point: D Major. Confidence: 45.2%.",
    "Beat energy: 9.1/10. Darkness: 4.9/10.",
    "Vocal space estimate: 2.4/10. Higher means easier space for vocals."
  ],
  "producer_notes": [
    "Low-end presence looks usable for the selected style.",
    "Selected style preset: rage_trap.",
    "Dominant frequency area: Sub.",
    "Drum activity is high at 6.22 hits/sec.",
    "Estimated length: 80 bars at 169 BPM."
  ],
  "master_notes": [
    "Clipping is the first thing to fix before judging the rest of the mix.",
    "Loudness is in a usable range for the selected style.",
    "Peak: 0.00 dB. RMS: -6.87 dB. Dynamic range: 6.87 dB."
  ],
  "next_steps": [
    "Lower the master/output, then use a soft clipper or limiter with safer ceiling.",
    "Gently cut 250-500 Hz on melodies, pads, or the master if the mix feels cloudy.",
    "Mute extra percussion in some sections so the hook/drop feels bigger.",
    "Fix the top 1-2 issues, export again, then re-run SoundLens."
  ]
}