{
  "basic": {
    "file_name": "Summrs - FadaPhillipe.wav",
    "file_path": "/Users/jayden/SoundLens/tracks/Summrs/Summrs - FadaPhillipe.wav",
    "sample_rate": 48000,
    "duration_seconds": 166.4,
    "bpm": 150.67,
    "key": "C# Minor",
    "key_note": "C#",
    "key_mode": "Minor",
    "key_confidence": 46.53057983665088
  },
  "loudness": {
    "peak_db": 0.00010457868245025904,
    "rms_db": -8.492631817882856,
    "dynamic_range_db": 8.492736396565306,
    "clipping_detected": true,
    "clipping_samples": 598,
    "clipping_percent": 0.007486979166666666,
    "headroom_db": -0.00010457868245025904
  },
  "frequency": {
    "band_percentages": {
      "Sub": 17.105722742070675,
      "Bass / 808": 15.264181373362682,
      "Mud": 13.941835440481325,
      "Low Mids": 13.55788625948956,
      "Mids / Melody": 14.01483472081851,
      "Harsh Zone": 13.860095015041377,
      "Highs": 13.997204348572431,
      "Air": 12.118335113399299,
      "Vocal Range": 14.554816742615905
    },
    "brightness_centroid_hz": 2385.037221712138,
    "brightness_label": "Medium",
    "spectral_rolloff_hz": 5242.00622155631,
    "dominant_band": "Sub",
    "low_end_total_percent": 32.36990411543336,
    "mid_total_percent": 41.51455642078939,
    "top_total_percent": 26.11553946197173
  },
  "fingerprint": {
    "mfcc_1": -179.61572265625,
    "mfcc_2": 121.87779998779297,
    "mfcc_3": -5.589329242706299,
    "mfcc_4": 61.388084411621094,
    "mfcc_5": -0.13485291600227356,
    "mfcc_6": 22.6726016998291,
    "mfcc_7": 3.149606943130493,
    "mfcc_8": 6.016578674316406,
    "mfcc_9": 15.297513008117676,
    "mfcc_10": 11.748248100280762,
    "mfcc_11": 0.9946691393852234,
    "mfcc_12": 11.185372352600098,
    "mfcc_13": 9.130702018737793,
    "chroma_1": 0.17285962402820587,
    "chroma_2": 0.46938860416412354,
    "chroma_3": 0.41726797819137573,
    "chroma_4": 0.5421522259712219,
    "chroma_5": 0.39815467596054077,
    "chroma_6": 0.2575069069862366,
    "chroma_7": 0.20584478974342346,
    "chroma_8": 0.1721440553665161,
    "chroma_9": 0.21140669286251068,
    "chroma_10": 0.17322321236133575,
    "chroma_11": 0.1758347451686859,
    "chroma_12": 0.15040364861488342,
    "spectral_contrast": 19.534995457138898,
    "spectral_flatness": 0.00041805283399298787,
    "zero_crossing_rate": 0.022074468884206142
  },
  "rhythm": {
    "onset_count": 1114,
    "onset_density": 6.694711538461538,
    "drum_activity": "High",
    "estimated_bars": 104,
    "seconds_per_bar": 1.5928851131612134
  },
  "sections": [
    {
      "name": "Intro",
      "start": 0.0,
      "end": 16.0,
      "avg_energy": 0.23688946664333344,
      "energy_label": "Low"
    },
    {
      "name": "Chorus / Hook",
      "start": 16.0,
      "end": 32.0,
      "avg_energy": 0.41086122393608093,
      "energy_label": "Medium"
    },
    {
      "name": "Verse",
      "start": 32.0,
      "end": 48.0,
      "avg_energy": 0.42153483629226685,
      "energy_label": "Medium"
    },
    {
      "name": "Chorus / Hook",
      "start": 48.0,
      "end": 64.0,
      "avg_energy": 0.42746785283088684,
      "energy_label": "High"
    },
    {
      "name": "Verse",
      "start": 64.0,
      "end": 80.0,
      "avg_energy": 0.4148431420326233,
      "energy_label": "Medium"
    },
    {
      "name": "Verse",
      "start": 80.0,
      "end": 96.0,
      "avg_energy": 0.4110287129878998,
      "energy_label": "Medium"
    },
    {
      "name": "Verse",
      "start": 96.0,
      "end": 112.0,
      "avg_energy": 0.42205098271369934,
      "energy_label": "Medium"
    },
    {
      "name": "Hook / Drop",
      "start": 112.0,
      "end": 128.0,
      "avg_energy": 0.42937135696411133,
      "energy_label": "High"
    },
    {
      "name": "Verse",
      "start": 128.0,
      "end": 144.0,
      "avg_energy": 0.39914870262145996,
      "energy_label": "Medium"
    },
    {
      "name": "Outro",
      "start": 144.0,
      "end": 166.4,
      "avg_energy": 0.12912777066230774,
      "energy_label": "Low"
    }
  ],
  "scores": {
    "mix": 86,
    "master": 86,
    "arrangement": 75,
    "release": 83,
    "energy": 8.253684091058572,
    "bass_strength": 6.473980823086672,
    "darkness": 5.229925556575724,
    "brightness": 4.770074443424276,
    "drum_bounce": 10,
    "vocal_space": 2.4864249295946754
  },
  "stem_balance": null,
  "top_problems": [
    "Clipping detected: 598 samples are near/over the limit.",
    "Mud range is elevated around 250-500 Hz.",
    "Intro may be long for short-form listener retention.",
    "Drum movement is very active; the beat could become overcrowded.",
    "Hook/verse contrast looks low, but arrangement detection is still an estimate."
  ],
  "suggested_fixes": [
    "Lower the master/output, then use a soft clipper or limiter with safer ceiling.",
    "Gently cut 250-500 Hz on melodies, pads, or the master if the mix feels cloudy.",
    "Mute extra percussion in some sections so the hook/drop feels bigger.",
    "Check the waveform/sections by ear. If the hook feels flat, add contrast with melody layers, drum changes, or vocal energy.",
    "Consider bringing drums, 808, or a strong tag/moment in earlier."
  ],
  "artist_notes": [
    "Autotune/key starting point: C# Minor. Confidence: 46.5%.",
    "Beat energy: 8.3/10. Darkness: 5.2/10.",
    "Vocal space estimate: 2.5/10. Higher means easier space for vocals."
  ],
  "producer_notes": [
    "Low-end presence looks usable for the selected style.",
    "Selected style preset: rage_trap.",
    "Dominant frequency area: Sub.",
    "Drum activity is high at 6.69 hits/sec.",
    "Estimated length: 104 bars at 151 BPM."
  ],
  "master_notes": [
    "Clipping is the first thing to fix before judging the rest of the mix.",
    "Loudness is in a usable range for the selected style.",
    "Peak: 0.00 dB. RMS: -8.49 dB. Dynamic range: 8.49 dB."
  ],
  "next_steps": [
    "Lower the master/output, then use a soft clipper or limiter with safer ceiling.",
    "Gently cut 250-500 Hz on melodies, pads, or the master if the mix feels cloudy.",
    "Mute extra percussion in some sections so the hook/drop feels bigger.",
    "Fix the top 1-2 issues, export again, then re-run SoundLens."
  ]
}