{
  "basic": {
    "file_name": "Summrs - bfo2.wav",
    "file_path": "/Volumes/POLLY/tracks/Summrs/Summrs - bfo2.wav",
    "sample_rate": 48000,
    "duration_seconds": 119.4188125,
    "bpm": 140.0,
    "key": "C# Minor",
    "key_note": "C#",
    "key_mode": "Minor",
    "key_confidence": 44.644666424629726
  },
  "loudness": {
    "peak_db": 2.1744186173141743e-05,
    "rms_db": -12.117899006795238,
    "dynamic_range_db": 12.11792075098141,
    "clipping_detected": true,
    "clipping_samples": 654,
    "clipping_percent": 0.011409425127217706,
    "headroom_db": -2.1744186173141743e-05
  },
  "frequency": {
    "band_percentages": {
      "Sub": 15.771883237254855,
      "Bass / 808": 14.99549133646135,
      "Mud": 14.136828270659827,
      "Low Mids": 14.75539931653721,
      "Mids / Melody": 13.94308009441525,
      "Harsh Zone": 12.949217366557237,
      "Highs": 13.804234434407364,
      "Air": 12.59308330845952,
      "Vocal Range": 15.16664929835143
    },
    "brightness_centroid_hz": 2508.7125934706087,
    "brightness_label": "Medium",
    "spectral_rolloff_hz": 4985.99527733119,
    "dominant_band": "Sub",
    "low_end_total_percent": 30.767374573716204,
    "mid_total_percent": 42.835307681612285,
    "top_total_percent": 26.397317742866882
  },
  "fingerprint": {
    "mfcc_1": -184.25111389160156,
    "mfcc_2": 0.9787497520446777,
    "mfcc_3": 21.873750686645508,
    "mfcc_4": 2.3197457790374756,
    "mfcc_5": -4.592474460601807,
    "mfcc_6": 0.8755130767822266,
    "mfcc_7": 2.7468135356903076,
    "mfcc_8": 8.533366203308105,
    "mfcc_9": -13.505459785461426,
    "mfcc_10": 10.137557983398438,
    "mfcc_11": 4.111200332641602,
    "mfcc_12": 2.3625998497009277,
    "mfcc_13": 3.0024476051330566,
    "chroma_1": 0.3046659529209137,
    "chroma_2": 0.7525032162666321,
    "chroma_3": 0.4961084723472595,
    "chroma_4": 0.6203338503837585,
    "chroma_5": 0.41319453716278076,
    "chroma_6": 0.28564760088920593,
    "chroma_7": 0.373035728931427,
    "chroma_8": 0.29532167315483093,
    "chroma_9": 0.37797805666923523,
    "chroma_10": 0.2603003680706024,
    "chroma_11": 0.27576878666877747,
    "chroma_12": 0.24484917521476746,
    "spectral_contrast": 23.386495599544762,
    "spectral_flatness": 0.013702642172574997,
    "zero_crossing_rate": 0.07898355091264826,
    "embed_mfcc_1_mean": -184.25111389160156,
    "embed_mfcc_1_std": 101.36074829101562,
    "embed_mfcc_2_mean": 0.9787497520446777,
    "embed_mfcc_2_std": 41.07392883300781,
    "embed_mfcc_3_mean": 21.873750686645508,
    "embed_mfcc_3_std": 30.525999069213867,
    "embed_mfcc_4_mean": 2.3197457790374756,
    "embed_mfcc_4_std": 17.768007278442383,
    "embed_mfcc_5_mean": -4.592474460601807,
    "embed_mfcc_5_std": 15.171303749084473,
    "embed_mfcc_6_mean": 0.8755130767822266,
    "embed_mfcc_6_std": 11.83798885345459,
    "embed_mfcc_7_mean": 2.7468135356903076,
    "embed_mfcc_7_std": 13.034844398498535,
    "embed_mfcc_8_mean": 8.533366203308105,
    "embed_mfcc_8_std": 11.148666381835938,
    "embed_mfcc_9_mean": -13.505459785461426,
    "embed_mfcc_9_std": 11.265336036682129,
    "embed_mfcc_10_mean": 10.137557983398438,
    "embed_mfcc_10_std": 11.268362045288086,
    "embed_mfcc_11_mean": 4.111200332641602,
    "embed_mfcc_11_std": 10.20723819732666,
    "embed_mfcc_12_mean": 2.3625998497009277,
    "embed_mfcc_12_std": 8.79724407196045,
    "embed_mfcc_13_mean": 3.0024476051330566,
    "embed_mfcc_13_std": 8.121397972106934,
    "embed_mfcc_14_mean": 8.6380033493042,
    "embed_mfcc_14_std": 7.5586395263671875,
    "embed_mfcc_15_mean": 0.09319820255041122,
    "embed_mfcc_15_std": 8.040818214416504,
    "embed_mfcc_16_mean": 2.2569875717163086,
    "embed_mfcc_16_std": 8.702144622802734,
    "embed_mfcc_17_mean": -4.723459243774414,
    "embed_mfcc_17_std": 7.536040306091309,
    "embed_mfcc_18_mean": 2.887589931488037,
    "embed_mfcc_18_std": 7.277178764343262,
    "embed_mfcc_19_mean": -1.598920464515686,
    "embed_mfcc_19_std": 7.201618194580078,
    "embed_mfcc_20_mean": -0.08991877734661102,
    "embed_mfcc_20_std": 6.844305992126465,
    "embed_chroma_1_mean": 0.3046659529209137,
    "embed_chroma_1_std": 0.27811887860298157,
    "embed_chroma_2_mean": 0.7525032162666321,
    "embed_chroma_2_std": 0.3180045485496521,
    "embed_chroma_3_mean": 0.4961084723472595,
    "embed_chroma_3_std": 0.26470717787742615,
    "embed_chroma_4_mean": 0.6203338503837585,
    "embed_chroma_4_std": 0.3062017261981964,
    "embed_chroma_5_mean": 0.41319453716278076,
    "embed_chroma_5_std": 0.22484253346920013,
    "embed_chroma_6_mean": 0.28564760088920593,
    "embed_chroma_6_std": 0.15613967180252075,
    "embed_chroma_7_mean": 0.373035728931427,
    "embed_chroma_7_std": 0.2581183612346649,
    "embed_chroma_8_mean": 0.29532167315483093,
    "embed_chroma_8_std": 0.24413765966892242,
    "embed_chroma_9_mean": 0.37797805666923523,
    "embed_chroma_9_std": 0.228282168507576,
    "embed_chroma_10_mean": 0.2603003680706024,
    "embed_chroma_10_std": 0.20473892986774445,
    "embed_chroma_11_mean": 0.27576878666877747,
    "embed_chroma_11_std": 0.15080851316452026,
    "embed_chroma_12_mean": 0.24484917521476746,
    "embed_chroma_12_std": 0.14668060839176178,
    "embed_contrast_1_mean": 21.472030639648438,
    "embed_contrast_1_std": 4.531330108642578,
    "embed_contrast_2_mean": 14.517234802246094,
    "embed_contrast_2_std": 3.498991012573242,
    "embed_contrast_3_mean": 19.331005096435547,
    "embed_contrast_3_std": 4.29956579208374,
    "embed_contrast_4_mean": 19.673072814941406,
    "embed_contrast_4_std": 3.969630241394043,
    "embed_contrast_5_mean": 20.03150749206543,
    "embed_contrast_5_std": 3.6317169666290283,
    "embed_contrast_6_mean": 19.679319381713867,
    "embed_contrast_6_std": 4.1927595138549805,
    "embed_contrast_7_mean": 49.00129699707031,
    "embed_contrast_7_std": 3.4968197345733643,
    "embed_chroma_entropy": 2.4175667762756348,
    "embed_centroid_mean": 2348.737498894267,
    "embed_centroid_std": 1345.4138591668923,
    "embed_rolloff_mean": 4998.778399683125,
    "embed_rolloff_std": 2768.410138223308,
    "embed_flatness_mean": 0.013702642172574997,
    "embed_flatness_std": 0.021795790642499924,
    "embed_zcr_mean": 0.07898355091264826,
    "embed_zcr_std": 0.045595508775740645,
    "embed_rms_mean": 0.20901080965995789,
    "embed_rms_std": 0.06459902226924896,
    "embed_onset_mean": 1.9126505851745605,
    "embed_onset_std": 2.117187261581421,
    "fingerprint_version": 2.0,
    "fingerprint_duration_seconds": 119.418820861678,
    "embed_mfcc_delta_mean": -0.0022677781525999308,
    "embed_mfcc_delta_std": 3.6785778999328613,
    "embed_chroma_delta_mean": -4.153183908783831e-05,
    "embed_chroma_delta_std": 0.020328057929873466,
    "embed_onset_peak": 15.073826789855957,
    "embed_onset_p95": 6.527888774871826,
    "embed_rms_p10": 0.11115783452987671,
    "embed_rms_p50": 0.22191928327083588,
    "embed_rms_p90": 0.2736317813396454,
    "embedding_nonzero_count": 100.0
  },
  "rhythm": {
    "onset_count": 813,
    "onset_density": 6.807972571323299,
    "drum_activity": "High",
    "estimated_bars": 70,
    "seconds_per_bar": 1.7142857142857142
  },
  "sections": [
    {
      "name": "Intro",
      "start": 0.0,
      "end": 16.0,
      "avg_energy": 0.23758982121944427,
      "energy_label": "Medium"
    },
    {
      "name": "Chorus / Hook",
      "start": 16.0,
      "end": 32.0,
      "avg_energy": 0.2586514353752136,
      "energy_label": "Medium"
    },
    {
      "name": "Verse",
      "start": 32.0,
      "end": 48.0,
      "avg_energy": 0.2633155584335327,
      "energy_label": "Medium"
    },
    {
      "name": "Chorus / Hook",
      "start": 48.0,
      "end": 64.0,
      "avg_energy": 0.2630777657032013,
      "energy_label": "Medium"
    },
    {
      "name": "Verse",
      "start": 64.0,
      "end": 80.0,
      "avg_energy": 0.2607956826686859,