{
  "basic": {
    "file_name": "Summrs - More Motion.wav",
    "file_path": "/Volumes/POLLY/tracks/Summrs/Summrs - More Motion.wav",
    "sample_rate": 48000,
    "duration_seconds": 135.26785416666667,
    "bpm": 140.0,
    "key": "D# Minor",
    "key_note": "D#",
    "key_mode": "Minor",
    "key_confidence": 42.472250470779
  },
  "loudness": {
    "peak_db": -0.00011959399697371554,
    "rms_db": -10.768316383617849,
    "dynamic_range_db": 10.768196789620875,
    "clipping_detected": true,
    "clipping_samples": 1637,
    "clipping_percent": 0.025212321786849765,
    "headroom_db": 0.00011959399697371554
  },
  "frequency": {
    "band_percentages": {
      "Sub": 16.342344183737104,
      "Bass / 808": 15.0803527924907,
      "Mud": 14.130147307447603,
      "Low Mids": 14.219077487113513,
      "Mids / Melody": 13.972008625375706,
      "Harsh Zone": 13.844767839288979,
      "Highs": 14.023341537712,
      "Air": 12.232728064320996,
      "Vocal Range": 14.876865511446391
    },
    "brightness_centroid_hz": 2812.3302463412647,
    "brightness_label": "Medium",
    "spectral_rolloff_hz": 5798.591261236398,
    "dominant_band": "Sub",
    "low_end_total_percent": 31.422696976227805,
    "mid_total_percent": 42.321233419936824,
    "top_total_percent": 26.256069602032994
  },
  "fingerprint": {
    "mfcc_1": -149.33370971679688,
    "mfcc_2": -25.424158096313477,
    "mfcc_3": 16.91377830505371,
    "mfcc_4": 11.672786712646484,
    "mfcc_5": -12.852107048034668,
    "mfcc_6": -4.761260032653809,
    "mfcc_7": -6.486454963684082,
    "mfcc_8": 14.885343551635742,
    "mfcc_9": -12.399347305297852,
    "mfcc_10": 12.203303337097168,
    "mfcc_11": 0.7511966824531555,
    "mfcc_12": 2.9849984645843506,
    "mfcc_13": 2.524014949798584,
    "chroma_1": 0.15209117531776428,
    "chroma_2": 0.1661648005247116,
    "chroma_3": 0.2191341668367386,
    "chroma_4": 0.6430790424346924,
    "chroma_5": 0.6344394683837891,
    "chroma_6": 0.3304910957813263,
    "chroma_7": 0.25261884927749634,
    "chroma_8": 0.1855868101119995,
    "chroma_9": 0.15678247809410095,
    "chroma_10": 0.1332027167081833,
    "chroma_11": 0.3149771988391876,
    "chroma_12": 0.24480438232421875,
    "spectral_contrast": 22.59739537945422,
    "spectral_flatness": 0.022371897473931313,
    "zero_crossing_rate": 0.07488437333712268,
    "embed_mfcc_1_mean": -149.33370971679688,
    "embed_mfcc_1_std": 53.73884582519531,
    "embed_mfcc_2_mean": -25.424158096313477,
    "embed_mfcc_2_std": 36.66722869873047,
    "embed_mfcc_3_mean": 16.91377830505371,
    "embed_mfcc_3_std": 28.124835968017578,
    "embed_mfcc_4_mean": 11.672786712646484,
    "embed_mfcc_4_std": 19.78862953186035,
    "embed_mfcc_5_mean": -12.852107048034668,
    "embed_mfcc_5_std": 17.76654052734375,
    "embed_mfcc_6_mean": -4.761260032653809,
    "embed_mfcc_6_std": 14.808073997497559,
    "embed_mfcc_7_mean": -6.486454963684082,
    "embed_mfcc_7_std": 13.725349426269531,
    "embed_mfcc_8_mean": 14.885343551635742,
    "embed_mfcc_8_std": 14.190532684326172,
    "embed_mfcc_9_mean": -12.399347305297852,
    "embed_mfcc_9_std": 11.671642303466797,
    "embed_mfcc_10_mean": 12.203303337097168,
    "embed_mfcc_10_std": 12.389169692993164,
    "embed_mfcc_11_mean": 0.7511966824531555,
    "embed_mfcc_11_std": 9.972528457641602,
    "embed_mfcc_12_mean": 2.9849984645843506,
    "embed_mfcc_12_std": 9.310443878173828,
    "embed_mfcc_13_mean": 2.524014949798584,
    "embed_mfcc_13_std": 8.838045120239258,
    "embed_mfcc_14_mean": -1.2650654315948486,
    "embed_mfcc_14_std": 9.039694786071777,
    "embed_mfcc_15_mean": -0.26560136675834656,
    "embed_mfcc_15_std": 8.462355613708496,
    "embed_mfcc_16_mean": 2.127577304840088,
    "embed_mfcc_16_std": 7.770374774932861,
    "embed_mfcc_17_mean": -2.320246458053589,
    "embed_mfcc_17_std": 7.677708625793457,
    "embed_mfcc_18_mean": 4.130300998687744,
    "embed_mfcc_18_std": 6.938577175140381,
    "embed_mfcc_19_mean": -4.529896259307861,
    "embed_mfcc_19_std": 7.035645008087158,
    "embed_mfcc_20_mean": 4.986470699310303,
    "embed_mfcc_20_std": 6.738839149475098,
    "embed_chroma_1_mean": 0.15209117531776428,
    "embed_chroma_1_std": 0.12100152671337128,
    "embed_chroma_2_mean": 0.1661648005247116,
    "embed_chroma_2_std": 0.11383628845214844,
    "embed_chroma_3_mean": 0.2191341668367386,
    "embed_chroma_3_std": 0.15654611587524414,
    "embed_chroma_4_mean": 0.6430790424346924,
    "embed_chroma_4_std": 0.3865461051464081,
    "embed_chroma_5_mean": 0.6344394683837891,
    "embed_chroma_5_std": 0.33981698751449585,
    "embed_chroma_6_mean": 0.3304910957813263,
    "embed_chroma_6_std": 0.24440503120422363,
    "embed_chroma_7_mean": 0.25261884927749634,
    "embed_chroma_7_std": 0.23872032761573792,
    "embed_chroma_8_mean": 0.1855868101119995,
    "embed_chroma_8_std": 0.15934094786643982,
    "embed_chroma_9_mean": 0.15678247809410095,
    "embed_chroma_9_std": 0.12351170182228088,
    "embed_chroma_10_mean": 0.1332027167081833,
    "embed_chroma_10_std": 0.10219698399305344,
    "embed_chroma_11_mean": 0.3149771988391876,
    "embed_chroma_11_std": 0.24694395065307617,
    "embed_chroma_12_mean": 0.24480438232421875,
    "embed_chroma_12_std": 0.18594560027122498,
    "embed_contrast_1_mean": 21.43035316467285,
    "embed_contrast_1_std": 4.874291896820068,
    "embed_contrast_2_mean": 15.196783065795898,
    "embed_contrast_2_std": 3.9057817459106445,
    "embed_contrast_3_mean": 17.429100036621094,
    "embed_contrast_3_std": 4.009782791137695,
    "embed_contrast_4_mean": 17.729284286499023,
    "embed_contrast_4_std": 3.440662145614624,
    "embed_contrast_5_mean": 17.871814727783203,
    "embed_contrast_5_std": 3.2355856895446777,
    "embed_contrast_6_mean": 18.334461212158203,
    "embed_contrast_6_std": 3.208549976348877,
    "embed_contrast_7_mean": 50.189971923828125,
    "embed_contrast_7_std": 3.3435556888580322,
    "embed_chroma_entropy": 2.3354852199554443,
    "embed_centroid_mean": 2743.2658794762474,
    "embed_centroid_std": 1141.179174245453,
    "embed_rolloff_mean": 5940.736993842819,
    "embed_rolloff_std": 1961.256696768165,
    "embed_flatness_mean": 0.022371897473931313,
    "embed_flatness_std": 0.034715745598077774,
    "embed_zcr_mean": 0.07488437333712268,
    "embed_zcr_std": 0.07248140644302428,
    "embed_rms_mean": 0.24276851117610931,
    "embed_rms_std": 0.07494432479143143,
    "embed_onset_mean": 1.899280071258545,
    "embed_onset_std": 1.8270941972732544,
    "fingerprint_version": 2.0,
    "fingerprint_duration_seconds": 135.26789115646258,
    "embed_mfcc_delta_mean": -0.003654233645647764,
    "embed_mfcc_delta_std": 3.358539342880249,
    "embed_chroma_delta_mean": 4.217526566208107e-06,
    "embed_chroma_delta_std": 0.021946672350168228,
    "embed_onset_peak": 14.199542045593262,
    "embed_onset_p95": 5.6566081047058105,
    "embed_rms_p10": 0.11784429103136063,
    "embed_rms_p50": 0.2613811790943146,
    "embed_rms_p90": 0.32127052545547485,
    "embedding_nonzero_count": 100.0
  },
  "rhythm": {
    "onset_count": 717,
    "onset_density": 5.300594176030675,
    "drum_activity": "High",
    "estimated_bars": 79,
    "seconds_per_bar": 1.7142857142857142
  },
  "sections": [
    {
      "name": "Intro",
      "start": 0.0,
      "end": 16.0,
      "avg_energy": 0.2584366500377655,
      "energy_label": "Medium"
    },
    {
      "name": "Chorus / Hook",
      "start": 16.0,
      "end": 32.0,
      "avg_energy": 0.3032980263233185,
      "energy_label": "Medium"
    },
    {
      "name": "Verse",
      "start": 32.0,
      "end": 48.0,
      "avg_energy": 0.30063921213150024,
      "energy_label": "Medium"
    },
    {
      "name": "Chorus / Hook",
      "start": 48.0,
      "end": 64.0,
      "avg_energy": 0.28045761585235596,
      "energy_label": "Medium"
    },
    {
      "name": "Verse",
      "start": 64.0,
      "end": 80.0,
      "avg_energy": 0.30209270119667053,