{
  "basic": {
    "file_name": "Fakemink\u29f89090gate - Medicine.wav",
    "file_path": "/Volumes/POLLY/tracks/Fakemink/Fakemink\u29f89090gate - Medicine.wav",
    "sample_rate": 48000,
    "duration_seconds": 91.90402083333333,
    "bpm": 140.0,
    "key": "C Minor",
    "key_note": "C",
    "key_mode": "Minor",
    "key_confidence": 42.15417396800531
  },
  "loudness": {
    "peak_db": -0.004666422484973423,
    "rms_db": -12.830724069463946,
    "dynamic_range_db": 12.826057646978972,
    "clipping_detected": true,
    "clipping_samples": 9,
    "clipping_percent": 0.00020401718912824136,
    "headroom_db": 0.004666422484973423
  },
  "frequency": {
    "band_percentages": {
      "Sub": 16.15592339683288,
      "Bass / 808": 15.359138211192311,
      "Mud": 13.781840181995856,
      "Low Mids": 13.8750011922987,
      "Mids / Melody": 13.44208174716502,
      "Harsh Zone": 13.196851581347813,
      "Highs": 14.168811880741785,
      "Air": 13.217203387901815,
      "Vocal Range": 14.473183125532596
    },
    "brightness_centroid_hz": 4384.344767419491,
    "brightness_label": "High",
    "spectral_rolloff_hz": 8882.570427643032,
    "dominant_band": "Sub",
    "low_end_total_percent": 31.515061608025192,
    "mid_total_percent": 41.09892312145958,
    "top_total_percent": 27.3860152686436
  },
  "fingerprint": {
    "mfcc_1": -170.1837158203125,
    "mfcc_2": -33.33663558959961,
    "mfcc_3": 7.257493495941162,
    "mfcc_4": 7.04193639755249,
    "mfcc_5": -8.316418647766113,
    "mfcc_6": 1.2028276920318604,
    "mfcc_7": -5.191854000091553,
    "mfcc_8": 5.414069175720215,
    "mfcc_9": -9.376241683959961,
    "mfcc_10": 14.922660827636719,
    "mfcc_11": 0.145236536860466,
    "mfcc_12": 7.500833988189697,
    "mfcc_13": -12.202871322631836,
    "chroma_1": 0.7526841163635254,
    "chroma_2": 0.6592447757720947,
    "chroma_3": 0.6179972887039185,
    "chroma_4": 0.5205786228179932,
    "chroma_5": 0.6747247576713562,
    "chroma_6": 0.657520055770874,
    "chroma_7": 0.6206873655319214,
    "chroma_8": 0.697970449924469,
    "chroma_9": 0.6468409299850464,
    "chroma_10": 0.6090977191925049,
    "chroma_11": 0.6320812106132507,
    "chroma_12": 0.5539317727088928,
    "spectral_contrast": 20.97774680826765,
    "spectral_flatness": 0.054529160261154175,
    "zero_crossing_rate": 0.1725229164034866,
    "embed_mfcc_1_mean": -170.1837158203125,
    "embed_mfcc_1_std": 63.89158630371094,
    "embed_mfcc_2_mean": -33.33663558959961,
    "embed_mfcc_2_std": 37.310081481933594,
    "embed_mfcc_3_mean": 7.257493495941162,
    "embed_mfcc_3_std": 22.910709381103516,
    "embed_mfcc_4_mean": 7.04193639755249,
    "embed_mfcc_4_std": 25.30059051513672,
    "embed_mfcc_5_mean": -8.316418647766113,
    "embed_mfcc_5_std": 16.60894775390625,
    "embed_mfcc_6_mean": 1.2028276920318604,
    "embed_mfcc_6_std": 15.66258430480957,
    "embed_mfcc_7_mean": -5.191854000091553,
    "embed_mfcc_7_std": 11.718916893005371,
    "embed_mfcc_8_mean": 5.414069175720215,
    "embed_mfcc_8_std": 12.52558708190918,
    "embed_mfcc_9_mean": -9.376241683959961,
    "embed_mfcc_9_std": 9.022464752197266,
    "embed_mfcc_10_mean": 14.922660827636719,
    "embed_mfcc_10_std": 9.172990798950195,
    "embed_mfcc_11_mean": 0.145236536860466,
    "embed_mfcc_11_std": 10.088594436645508,
    "embed_mfcc_12_mean": 7.500833988189697,
    "embed_mfcc_12_std": 9.728408813476562,
    "embed_mfcc_13_mean": -12.202871322631836,
    "embed_mfcc_13_std": 9.704455375671387,
    "embed_mfcc_14_mean": -0.11358442157506943,
    "embed_mfcc_14_std": 8.10867691040039,
    "embed_mfcc_15_mean": 1.1576341390609741,
    "embed_mfcc_15_std": 9.240155220031738,
    "embed_mfcc_16_mean": -5.987204551696777,
    "embed_mfcc_16_std": 7.535000324249268,
    "embed_mfcc_17_mean": 2.6676247119903564,
    "embed_mfcc_17_std": 8.89288330078125,
    "embed_mfcc_18_mean": 0.451689213514328,
    "embed_mfcc_18_std": 6.9097700119018555,
    "embed_mfcc_19_mean": -0.9853945374488831,
    "embed_mfcc_19_std": 7.335493087768555,
    "embed_mfcc_20_mean": 3.1756441593170166,
    "embed_mfcc_20_std": 7.279088973999023,
    "embed_chroma_1_mean": 0.7526841163635254,
    "embed_chroma_1_std": 0.23241561651229858,
    "embed_chroma_2_mean": 0.6592447757720947,
    "embed_chroma_2_std": 0.23690423369407654,
    "embed_chroma_3_mean": 0.6179972887039185,
    "embed_chroma_3_std": 0.19388225674629211,
    "embed_chroma_4_mean": 0.5205786228179932,
    "embed_chroma_4_std": 0.18709725141525269,
    "embed_chroma_5_mean": 0.6747247576713562,
    "embed_chroma_5_std": 0.2115129977464676,
    "embed_chroma_6_mean": 0.657520055770874,
    "embed_chroma_6_std": 0.24996230006217957,
    "embed_chroma_7_mean": 0.6206873655319214,
    "embed_chroma_7_std": 0.2238660454750061,
    "embed_chroma_8_mean": 0.697970449924469,
    "embed_chroma_8_std": 0.21417632699012756,
    "embed_chroma_9_mean": 0.6468409299850464,
    "embed_chroma_9_std": 0.26268917322158813,
    "embed_chroma_10_mean": 0.6090977191925049,
    "embed_chroma_10_std": 0.25630882382392883,
    "embed_chroma_11_mean": 0.6320812106132507,
    "embed_chroma_11_std": 0.2327791303396225,
    "embed_chroma_12_mean": 0.5539317727088928,
    "embed_chroma_12_std": 0.22212448716163635,
    "embed_contrast_1_mean": 15.82705307006836,
    "embed_contrast_1_std": 4.6488494873046875,
    "embed_contrast_2_mean": 12.802894592285156,
    "embed_contrast_2_std": 4.025931358337402,
    "embed_contrast_3_mean": 16.343656539916992,
    "embed_contrast_3_std": 4.274733543395996,
    "embed_contrast_4_mean": 16.85552215576172,
    "embed_contrast_4_std": 3.6694536209106445,
    "embed_contrast_5_mean": 17.20148277282715,
    "embed_contrast_5_std": 2.671588182449341,
    "embed_contrast_6_mean": 17.629541397094727,
    "embed_contrast_6_std": 2.6392955780029297,
    "embed_contrast_7_mean": 50.18407440185547,
    "embed_contrast_7_std": 4.409557819366455,
    "embed_chroma_entropy": 2.480616807937622,
    "embed_centroid_mean": 3280.1426662323265,
    "embed_centroid_std": 1431.1070692486564,
    "embed_rolloff_mean": 6738.40734203275,
    "embed_rolloff_std": 2123.754235270386,
    "embed_flatness_mean": 0.054529160261154175,
    "embed_flatness_std": 0.060045767575502396,
    "embed_zcr_mean": 0.1725229164034866,
    "embed_zcr_std": 0.135580460619465,
    "embed_rms_mean": 0.1802605539560318,
    "embed_rms_std": 0.11902138590812683,
    "embed_onset_mean": 1.77720308303833,
    "embed_onset_std": 2.074263572692871,
    "fingerprint_version": 2.0,
    "fingerprint_duration_seconds": 91.90403628117915,
    "embed_mfcc_delta_mean": 0.0017654044786468148,
    "embed_mfcc_delta_std": 3.2364821434020996,
    "embed_chroma_delta_mean": 3.124700924672652e-07,
    "embed_chroma_delta_std": 0.02255960926413536,
    "embed_onset_peak": 19.316926956176758,
    "embed_onset_p95": 6.124650001525879,
    "embed_rms_p10": 0.053930897265672684,
    "embed_rms_p50": 0.13453200459480286,
    "embed_rms_p90": 0.35584935545921326,
    "embedding_nonzero_count": 100.0
  },
  "rhythm": {
    "onset_count": 534,
    "onset_density": 5.8104095463723135,
    "drum_activity": "High",
    "estimated_bars": 54,
    "seconds_per_bar": 1.7142857142857142
  },
  "sections": [
    {
      "name": "Intro",
      "start": 0.0,
      "end": 16.0,
      "avg_energy": 0.27264997363090515,
      "energy_label": "High"
    },
    {
      "name": "Chorus / Hook",
      "start": 16.0,
      "end": 32.0,
      "avg_energy": 0.2175910323858261,
      "energy_label": "Medium"
    },
    {
      "name": "Verse",
      "start": 32.0,
      "end": 48.0,
      "avg_energy": 0.16025184094905853,
      "energy_label": "Low"
    },
    {
      "name": "Chorus / Hook",
      "start": 48.0,
      "end": 64.0,
      "avg_energy": 0.29058170318603516,
      "energy_label": "High"
    },
    {
      "name": "Outro",
      "start": 64.0,
      "end": 91.90402083333333,
      "avg_energy": 0.19676584005355835,