{
  "basic": {
    "file_name": "Fakemink - Cats.wav",
    "file_path": "/Volumes/POLLY/tracks/Fakemink/Fakemink - Cats.wav",
    "sample_rate": 48000,
    "duration_seconds": 55.37960416666667,
    "bpm": 140.0,
    "key": "C Minor",
    "key_note": "C",
    "key_mode": "Minor",
    "key_confidence": 42.71477684240546
  },
  "loudness": {
    "peak_db": 0.0002008727914332091,
    "rms_db": -10.102131497943338,
    "dynamic_range_db": 10.102332370734771,
    "clipping_detected": true,
    "clipping_samples": 52,
    "clipping_percent": 0.001956195515722733,
    "headroom_db": -0.0002008727914332091
  },
  "frequency": {
    "band_percentages": {
      "Sub": 16.480051260517374,
      "Bass / 808": 14.950800338312456,
      "Mud": 14.548240530116937,
      "Low Mids": 14.222619437147543,
      "Mids / Melody": 14.227294813662944,
      "Harsh Zone": 13.666196584273676,
      "Highs": 13.776043656392137,
      "Air": 11.794949961965042,
      "Vocal Range": 15.09758378401345
    },
    "brightness_centroid_hz": 2831.174819843046,
    "brightness_label": "Medium",
    "spectral_rolloff_hz": 6340.665326463791,
    "dominant_band": "Sub",
    "low_end_total_percent": 31.430851598829832,
    "mid_total_percent": 42.99815478092742,
    "top_total_percent": 25.57099361835718
  },
  "fingerprint": {
    "mfcc_1": -111.59793853759766,
    "mfcc_2": -19.083675384521484,
    "mfcc_3": -5.139448165893555,
    "mfcc_4": 8.160603523254395,
    "mfcc_5": -8.851442337036133,
    "mfcc_6": 3.979875326156616,
    "mfcc_7": -7.021539211273193,
    "mfcc_8": 3.869213104248047,
    "mfcc_9": -6.919118881225586,
    "mfcc_10": 2.0073037147521973,
    "mfcc_11": -1.459702968597412,
    "mfcc_12": 5.757973670959473,
    "mfcc_13": 0.9024391174316406,
    "chroma_1": 0.9179730415344238,
    "chroma_2": 0.8085229396820068,
    "chroma_3": 0.7019669413566589,
    "chroma_4": 0.5493009090423584,
    "chroma_5": 0.5355720520019531,
    "chroma_6": 0.5202498435974121,
    "chroma_7": 0.5842441320419312,
    "chroma_8": 0.4308214485645294,
    "chroma_9": 0.45434704422950745,
    "chroma_10": 0.5275360345840454,
    "chroma_11": 0.5112156271934509,
    "chroma_12": 0.5489892363548279,
    "spectral_contrast": 20.866015072511072,
    "spectral_flatness": 0.02873334288597107,
    "zero_crossing_rate": 0.09154598111378877,
    "embed_mfcc_1_mean": -111.59793853759766,
    "embed_mfcc_1_std": 56.82326889038086,
    "embed_mfcc_2_mean": -19.083675384521484,
    "embed_mfcc_2_std": 34.31403732299805,
    "embed_mfcc_3_mean": -5.139448165893555,
    "embed_mfcc_3_std": 22.268951416015625,
    "embed_mfcc_4_mean": 8.160603523254395,
    "embed_mfcc_4_std": 12.950657844543457,
    "embed_mfcc_5_mean": -8.851442337036133,
    "embed_mfcc_5_std": 10.421077728271484,
    "embed_mfcc_6_mean": 3.979875326156616,
    "embed_mfcc_6_std": 9.831232070922852,
    "embed_mfcc_7_mean": -7.021539211273193,
    "embed_mfcc_7_std": 8.600881576538086,
    "embed_mfcc_8_mean": 3.869213104248047,
    "embed_mfcc_8_std": 8.3243408203125,
    "embed_mfcc_9_mean": -6.919118881225586,
    "embed_mfcc_9_std": 10.112958908081055,
    "embed_mfcc_10_mean": 2.0073037147521973,
    "embed_mfcc_10_std": 7.633936405181885,
    "embed_mfcc_11_mean": -1.459702968597412,
    "embed_mfcc_11_std": 7.859691143035889,
    "embed_mfcc_12_mean": 5.757973670959473,
    "embed_mfcc_12_std": 8.544554710388184,
    "embed_mfcc_13_mean": 0.9024391174316406,
    "embed_mfcc_13_std": 8.880254745483398,
    "embed_mfcc_14_mean": 0.19799375534057617,
    "embed_mfcc_14_std": 7.269624710083008,
    "embed_mfcc_15_mean": -0.08464519679546356,
    "embed_mfcc_15_std": 6.799609184265137,
    "embed_mfcc_16_mean": 6.501717567443848,
    "embed_mfcc_16_std": 7.186098575592041,
    "embed_mfcc_17_mean": -2.318660259246826,
    "embed_mfcc_17_std": 7.123192310333252,
    "embed_mfcc_18_mean": 4.483632564544678,
    "embed_mfcc_18_std": 7.159619331359863,
    "embed_mfcc_19_mean": -2.968463182449341,
    "embed_mfcc_19_std": 6.170050144195557,
    "embed_mfcc_20_mean": 6.088388442993164,
    "embed_mfcc_20_std": 6.863400459289551,
    "embed_chroma_1_mean": 0.9179730415344238,
    "embed_chroma_1_std": 0.15305089950561523,
    "embed_chroma_2_mean": 0.8085229396820068,
    "embed_chroma_2_std": 0.15592220425605774,
    "embed_chroma_3_mean": 0.7019669413566589,
    "embed_chroma_3_std": 0.16241775453090668,
    "embed_chroma_4_mean": 0.5493009090423584,
    "embed_chroma_4_std": 0.14807654917240143,
    "embed_chroma_5_mean": 0.5355720520019531,
    "embed_chroma_5_std": 0.14568519592285156,
    "embed_chroma_6_mean": 0.5202498435974121,
    "embed_chroma_6_std": 0.13317178189754486,
    "embed_chroma_7_mean": 0.5842441320419312,
    "embed_chroma_7_std": 0.155474454164505,
    "embed_chroma_8_mean": 0.4308214485645294,
    "embed_chroma_8_std": 0.13652145862579346,
    "embed_chroma_9_mean": 0.45434704422950745,
    "embed_chroma_9_std": 0.13871414959430695,
    "embed_chroma_10_mean": 0.5275360345840454,
    "embed_chroma_10_std": 0.17323362827301025,
    "embed_chroma_11_mean": 0.5112156271934509,
    "embed_chroma_11_std": 0.18932414054870605,
    "embed_chroma_12_mean": 0.5489892363548279,
    "embed_chroma_12_std": 0.19282963871955872,
    "embed_contrast_1_mean": 16.590639114379883,
    "embed_contrast_1_std": 4.689748764038086,
    "embed_contrast_2_mean": 13.42633056640625,
    "embed_contrast_2_std": 4.031863689422607,
    "embed_contrast_3_mean": 16.335670471191406,
    "embed_contrast_3_std": 4.2465314865112305,
    "embed_contrast_4_mean": 16.15719985961914,
    "embed_contrast_4_std": 3.6130504608154297,
    "embed_contrast_5_mean": 16.589984893798828,
    "embed_contrast_5_std": 3.1254663467407227,
    "embed_contrast_6_mean": 17.031463623046875,
    "embed_contrast_6_std": 2.567537307739258,
    "embed_contrast_7_mean": 49.930816650390625,
    "embed_contrast_7_std": 3.6651384830474854,
    "embed_chroma_entropy": 2.4590330123901367,
    "embed_centroid_mean": 2578.7535251025447,
    "embed_centroid_std": 909.6277410357844,
    "embed_rolloff_mean": 5788.98416216995,
    "embed_rolloff_std": 1823.743103025157,
    "embed_flatness_mean": 0.02873334288597107,
    "embed_flatness_std": 0.03648793697357178,
    "embed_zcr_mean": 0.09154598111378877,
    "embed_zcr_std": 0.07239413246483731,
    "embed_rms_mean": 0.27122974395751953,
    "embed_rms_std": 0.12044063955545425,
    "embed_onset_mean": 1.2540373802185059,
    "embed_onset_std": 0.8751342296600342,
    "fingerprint_version": 2.0,
    "fingerprint_duration_seconds": 55.37963718820862,
    "embed_mfcc_delta_mean": -0.008795788511633873,
    "embed_mfcc_delta_std": 2.356466054916382,
    "embed_chroma_delta_mean": -0.00013174749619793147,
    "embed_chroma_delta_std": 0.020806066691875458,
    "embed_onset_peak": 5.58489990234375,
    "embed_onset_p95": 3.149324417114258,
    "embed_rms_p10": 0.12222945690155029,
    "embed_rms_p50": 0.2540000379085541,
    "embed_rms_p90": 0.4407065510749817,
    "embedding_nonzero_count": 100.0
  },
  "rhythm": {
    "onset_count": 418,
    "onset_density": 7.5479051591271,
    "drum_activity": "High",
    "estimated_bars": 32,
    "seconds_per_bar": 1.7142857142857142
  },
  "sections": [
    {
      "name": "Intro",
      "start": 0.0,
      "end": 16.0,
      "avg_energy": 0.2239934653043747,
      "energy_label": "Low"
    },
    {
      "name": "Chorus / Hook",
      "start": 16.0,
      "end": 32.0,
      "avg_energy": 0.342770516872406,
      "energy_label": "Medium"
    },
    {
      "name": "Outro",
      "start": 32.0,
      "end": 55.37960416666667,
      "avg_energy": 0.34150180220603943,
      "energy_label": "Medium"
    }
  ],
  "scores": {
    "mix": 86,
    "master": 86,
    "arrangement": 50,
    "release": 75,
    "energy": 7.448934251028331,
    "bass_strength": 6.286170319765967,
    "darkness": 4.3376503603139085,
    "brightness": 5.6623496396860915,
    "drum_bounce": 10,
    "vocal_space": 2.1489010112178626
  },