{
  "basic": {
    "file_name": "Bktharula - NUN.wav",
    "file_path": "/Volumes/POLLY/tracks/Bktharula/Bktharula - NUN.wav",
    "sample_rate": 48000,
    "duration_seconds": 172.80097916666668,
    "bpm": 140.0,
    "key": "C Minor",
    "key_note": "C",
    "key_mode": "Minor",
    "key_confidence": 42.953437065068485
  },
  "loudness": {
    "peak_db": 6.523239521744489e-05,
    "rms_db": -7.345335578005643,
    "dynamic_range_db": 7.34540081040086,
    "clipping_detected": true,
    "clipping_samples": 17867,
    "clipping_percent": 0.21540917676609425,
    "headroom_db": -6.523239521744489e-05
  },
  "frequency": {
    "band_percentages": {
      "Sub": 16.678532325972643,
      "Bass / 808": 14.501516876052955,
      "Mud": 13.87058253019579,
      "Low Mids": 14.701230701216705,
      "Mids / Melody": 14.082309023617073,
      "Harsh Zone": 13.409283456510234,
      "Highs": 13.935138279160885,
      "Air": 12.230690262043787,
      "Vocal Range": 15.088603364706781
    },
    "brightness_centroid_hz": 2925.2664951698234,
    "brightness_label": "Medium",
    "spectral_rolloff_hz": 6335.76631072156,
    "dominant_band": "Sub",
    "low_end_total_percent": 31.1800492020256,
    "mid_total_percent": 42.65412225502957,
    "top_total_percent": 26.16582854120467
  },
  "fingerprint": {
    "mfcc_1": -123.33966064453125,
    "mfcc_2": -34.89589309692383,
    "mfcc_3": 4.583834171295166,
    "mfcc_4": -22.1439266204834,
    "mfcc_5": -24.763914108276367,
    "mfcc_6": 0.5300052762031555,
    "mfcc_7": 7.8480706214904785,
    "mfcc_8": 7.307760238647461,
    "mfcc_9": 4.898167133331299,
    "mfcc_10": 13.58543872833252,
    "mfcc_11": 2.208094835281372,
    "mfcc_12": 6.499178409576416,
    "mfcc_13": 1.3318061828613281,
    "chroma_1": 0.42768603563308716,
    "chroma_2": 0.6439774036407471,
    "chroma_3": 0.4450320899486542,
    "chroma_4": 0.5910254120826721,
    "chroma_5": 0.32281243801116943,
    "chroma_6": 0.43530941009521484,
    "chroma_7": 0.3327791094779968,
    "chroma_8": 0.2183292657136917,
    "chroma_9": 0.26015663146972656,
    "chroma_10": 0.19757071137428284,
    "chroma_11": 0.38284409046173096,
    "chroma_12": 0.25516724586486816,
    "spectral_contrast": 23.027131139667844,
    "spectral_flatness": 0.017027895897626877,
    "zero_crossing_rate": 0.07722440075948142,
    "embed_mfcc_1_mean": -123.33966064453125,
    "embed_mfcc_1_std": 51.345802307128906,
    "embed_mfcc_2_mean": -34.89589309692383,
    "embed_mfcc_2_std": 35.9172477722168,
    "embed_mfcc_3_mean": 4.583834171295166,
    "embed_mfcc_3_std": 31.81378746032715,
    "embed_mfcc_4_mean": -22.1439266204834,
    "embed_mfcc_4_std": 23.807214736938477,
    "embed_mfcc_5_mean": -24.763914108276367,
    "embed_mfcc_5_std": 21.525121688842773,
    "embed_mfcc_6_mean": 0.5300052762031555,
    "embed_mfcc_6_std": 17.463788986206055,
    "embed_mfcc_7_mean": 7.8480706214904785,
    "embed_mfcc_7_std": 14.952414512634277,
    "embed_mfcc_8_mean": 7.307760238647461,
    "embed_mfcc_8_std": 14.880367279052734,
    "embed_mfcc_9_mean": 4.898167133331299,
    "embed_mfcc_9_std": 12.555647850036621,
    "embed_mfcc_10_mean": 13.58543872833252,
    "embed_mfcc_10_std": 12.285968780517578,
    "embed_mfcc_11_mean": 2.208094835281372,
    "embed_mfcc_11_std": 8.55261516571045,
    "embed_mfcc_12_mean": 6.499178409576416,
    "embed_mfcc_12_std": 11.543880462646484,
    "embed_mfcc_13_mean": 1.3318061828613281,
    "embed_mfcc_13_std": 8.632661819458008,
    "embed_mfcc_14_mean": 11.607598304748535,
    "embed_mfcc_14_std": 7.904555797576904,
    "embed_mfcc_15_mean": -1.1243942975997925,
    "embed_mfcc_15_std": 8.114548683166504,
    "embed_mfcc_16_mean": 5.709540367126465,
    "embed_mfcc_16_std": 8.080445289611816,
    "embed_mfcc_17_mean": 0.8084136843681335,
    "embed_mfcc_17_std": 7.110968589782715,
    "embed_mfcc_18_mean": 5.129404067993164,
    "embed_mfcc_18_std": 6.4433441162109375,
    "embed_mfcc_19_mean": -1.3826359510421753,
    "embed_mfcc_19_std": 7.007594585418701,
    "embed_mfcc_20_mean": 4.431818962097168,
    "embed_mfcc_20_std": 6.292876243591309,
    "embed_chroma_1_mean": 0.42768603563308716,
    "embed_chroma_1_std": 0.3419298231601715,
    "embed_chroma_2_mean": 0.6439774036407471,
    "embed_chroma_2_std": 0.36408233642578125,
    "embed_chroma_3_mean": 0.4450320899486542,
    "embed_chroma_3_std": 0.2670559585094452,
    "embed_chroma_4_mean": 0.5910254120826721,
    "embed_chroma_4_std": 0.30835145711898804,
    "embed_chroma_5_mean": 0.32281243801116943,
    "embed_chroma_5_std": 0.208329439163208,
    "embed_chroma_6_mean": 0.43530941009521484,
    "embed_chroma_6_std": 0.31127819418907166,
    "embed_chroma_7_mean": 0.3327791094779968,
    "embed_chroma_7_std": 0.23911163210868835,
    "embed_chroma_8_mean": 0.2183292657136917,
    "embed_chroma_8_std": 0.14040833711624146,
    "embed_chroma_9_mean": 0.26015663146972656,
    "embed_chroma_9_std": 0.19358819723129272,
    "embed_chroma_10_mean": 0.19757071137428284,
    "embed_chroma_10_std": 0.1502688080072403,
    "embed_chroma_11_mean": 0.38284409046173096,
    "embed_chroma_11_std": 0.2895458936691284,
    "embed_chroma_12_mean": 0.25516724586486816,
    "embed_chroma_12_std": 0.18030928075313568,
    "embed_contrast_1_mean": 21.274803161621094,
    "embed_contrast_1_std": 5.803606986999512,
    "embed_contrast_2_mean": 15.8418607711792,
    "embed_contrast_2_std": 4.703269004821777,
    "embed_contrast_3_mean": 20.390541076660156,
    "embed_contrast_3_std": 4.838376045227051,
    "embed_contrast_4_mean": 19.755083084106445,
    "embed_contrast_4_std": 3.6641621589660645,
    "embed_contrast_5_mean": 18.221906661987305,
    "embed_contrast_5_std": 3.083608388900757,
    "embed_contrast_6_mean": 17.406639099121094,
    "embed_contrast_6_std": 2.585369110107422,
    "embed_contrast_7_mean": 48.29908752441406,
    "embed_contrast_7_std": 3.231490135192871,
    "embed_chroma_entropy": 2.4220921993255615,
    "embed_centroid_mean": 2968.5918517430505,
    "embed_centroid_std": 1125.366067435497,
    "embed_rolloff_mean": 6521.877229767318,
    "embed_rolloff_std": 2007.859755771339,
    "embed_flatness_mean": 0.017027895897626877,
    "embed_flatness_std": 0.02401282638311386,
    "embed_zcr_mean": 0.07722440075948142,
    "embed_zcr_std": 0.06640346513601092,
    "embed_rms_mean": 0.36297881603240967,
    "embed_rms_std": 0.12412821501493454,
    "embed_onset_mean": 1.6145936250686646,
    "embed_onset_std": 1.549317717552185,
    "fingerprint_version": 2.0,
    "fingerprint_duration_seconds": 172.8009977324263,
    "embed_mfcc_delta_mean": -0.0006352129275910556,
    "embed_mfcc_delta_std": 3.303443670272827,
    "embed_chroma_delta_mean": 5.3041669161757454e-05,
    "embed_chroma_delta_std": 0.02335621416568756,
    "embed_onset_peak": 16.9567813873291,
    "embed_onset_p95": 4.6962714195251465,
    "embed_rms_p10": 0.17335200309753418,
    "embed_rms_p50": 0.393288254737854,
    "embed_rms_p90": 0.5002403855323792,
    "embedding_nonzero_count": 100.0
  },
  "rhythm": {
    "onset_count": 958,
    "onset_density": 5.543950066833871,
    "drum_activity": "High",
    "estimated_bars": 101,
    "seconds_per_bar": 1.7142857142857142
  },
  "sections": [
    {
      "name": "Intro",
      "start": 0.0,
      "end": 16.0,
      "avg_energy": 0.13921523094177246,
      "energy_label": "Low"
    },
    {
      "name": "Chorus / Hook",
      "start": 16.0,
      "end": 32.0,
      "avg_energy": 0.471781849861145,
      "energy_label": "Medium"
    },
    {
      "name": "Verse",
      "start": 32.0,
      "end": 48.0,
      "avg_energy": 0.46189945936203003,
      "energy_label": "Medium"
    },
    {
      "name": "Chorus / Hook",
      "start": 48.0,
      "end": 64.0,
      "avg_energy": 0.45834293961524963,
      "energy_label": "Medium"
    },
    {
      "name": "Verse",
      "start": 64.0,
      "end": 80.0,
      "avg_energy": 0.4797169268131256,