{
  "basic": {
    "file_name": "Bktharula - JUST MAKE SURE.wav",
    "file_path": "/Users/jayden/SoundLens/tracks/Bktharula/Bktharula - JUST MAKE SURE.wav",
    "sample_rate": 48000,
    "duration_seconds": 129.10347916666666,
    "bpm": 146.1,
    "key": "F# Major",
    "key_note": "F#",
    "key_mode": "Major",
    "key_confidence": 50.119158304986456
  },
  "loudness": {
    "peak_db": 0.0005974276024432251,
    "rms_db": -11.203118059610066,
    "dynamic_range_db": 11.20371548721251,
    "clipping_detected": true,
    "clipping_samples": 341,
    "clipping_percent": 0.005502691881367127,
    "headroom_db": -0.0005974276024432251
  },
  "frequency": {
    "band_percentages": {
      "Sub": 16.31222949145977,
      "Bass / 808": 16.03815293897479,
      "Mud": 15.140380738620712,
      "Low Mids": 14.96569743653022,
      "Mids / Melody": 14.384822884173227,
      "Harsh Zone": 13.201860104214719,
      "Highs": 12.39406129013848,
      "Air": 10.764655218251365,
      "Vocal Range": 15.648650827533142
    },
    "brightness_centroid_hz": 1480.2069986288768,
    "brightness_label": "Low",
    "spectral_rolloff_hz": 3150.341570968275,
    "dominant_band": "Sub",
    "low_end_total_percent": 32.350382430434564,
    "mid_total_percent": 44.49090105932416,
    "top_total_percent": 23.158716508389844
  },
  "fingerprint": {
    "mfcc_1": -186.1490478515625,
    "mfcc_2": 174.6897735595703,
    "mfcc_3": 6.656587600708008,
    "mfcc_4": 19.142438888549805,
    "mfcc_5": 1.421623945236206,
    "mfcc_6": 8.722689628601074,
    "mfcc_7": 0.4463210105895996,
    "mfcc_8": 11.670353889465332,
    "mfcc_9": 1.9410160779953003,
    "mfcc_10": -7.791951656341553,
    "mfcc_11": 0.5705971717834473,
    "mfcc_12": 5.808201789855957,
    "mfcc_13": 1.0580291748046875,
    "chroma_1": 0.1481551080942154,
    "chroma_2": 0.29974350333213806,
    "chroma_3": 0.19092905521392822,
    "chroma_4": 0.3775741755962372,
    "chroma_5": 0.34316256642341614,
    "chroma_6": 0.2622360289096832,
    "chroma_7": 0.6049941182136536,
    "chroma_8": 0.14923781156539917,
    "chroma_9": 0.16519606113433838,
    "chroma_10": 0.12489981204271317,
    "chroma_11": 0.2563783824443817,
    "chroma_12": 0.20951589941978455,
    "spectral_contrast": 19.976985569988344,
    "spectral_flatness": 0.0001545380218885839,
    "zero_crossing_rate": 0.024691968112297586
  },
  "rhythm": {
    "onset_count": 328,
    "onset_density": 2.540597682705104,
    "drum_activity": "Medium",
    "estimated_bars": 79,
    "seconds_per_bar": 1.642710472279261
  },
  "sections": [
    {
      "name": "Section 1",
      "start": 0.0,
      "end": 13.141683778234087,
      "avg_energy": 0.08713048696517944,
      "energy_label": "Low"
    },
    {
      "name": "Section 2",
      "start": 13.141683778234087,
      "end": 26.283367556468175,
      "avg_energy": 0.16818909347057343,
      "energy_label": "Medium"
    },
    {
      "name": "Section 3",
      "start": 26.283367556468175,
      "end": 39.42505133470226,
      "avg_energy": 0.16288204491138458,
      "energy_label": "Low"
    },
    {
      "name": "Section 4",
      "start": 39.42505133470226,
      "end": 52.56673511293635,
      "avg_energy": 0.2870650291442871,
      "energy_label": "Medium"
    },
    {
      "name": "Section 5",
      "start": 52.56673511293635,
      "end": 65.70841889117044,
      "avg_energy": 0.290421724319458,
      "energy_label": "Medium"
    },
    {
      "name": "Section 6",
      "start": 65.70841889117044,
      "end": 78.85010266940452,
      "avg_energy": 0.3429008424282074,
      "energy_label": "Medium"
    },
    {
      "name": "Section 7",
      "start": 78.85010266940452,
      "end": 91.9917864476386,
      "avg_energy": 0.34918323159217834,
      "energy_label": "High"
    },
    {
      "name": "Section 8",
      "start": 91.9917864476386,
      "end": 105.13347022587268,
      "avg_energy": 0.3823804259300232,
      "energy_label": "High"
    },
    {
      "name": "Section 9",
      "start": 105.13347022587268,
      "end": 118.27515400410677,
      "avg_energy": 0.34640607237815857,
      "energy_label": "High"
    },
    {
      "name": "Section 10",
      "start": 118.27515400410677,
      "end": 129.10347916666666,
      "avg_energy": 0.10909391939640045,
      "energy_label": "Low"
    }
  ],
  "scores": {
    "mix": 86,
    "master": 86,
    "arrangement": 85,
    "release": 86,
    "energy": 6.898440970194967,
    "bass_strength": 6.470076486086913,
    "darkness": 7.039586002742246,
    "brightness": 2.9604139972577537,
    "drum_bounce": 6.35149420676276,
    "vocal_space": 1.8058909279045405
  },
  "stem_balance": null,
  "top_problems": [
    "Clipping detected: 341 samples are near/over the limit.",
    "Mud range is elevated around 250-500 Hz.",
    "Hook/verse contrast looks low, but arrangement detection is still an estimate."
  ],
  "suggested_fixes": [
    "Lower the master/output, then use a soft clipper or limiter with safer ceiling.",
    "Gently cut 250-500 Hz on melodies, pads, or the master if the mix feels cloudy.",
    "Check the waveform/sections by ear. If the hook feels flat, add contrast with melody layers, drum changes, or vocal energy."
  ],
  "artist_notes": [
    "Autotune/key starting point: F# Major. Confidence: 50.1%.",
    "Beat energy: 6.9/10. Darkness: 7.0/10.",
    "Vocal space estimate: 1.8/10. Higher means easier space for vocals.",
    "Beat leans dark, so brighter vocals/adlibs may cut through well."
  ],
  "producer_notes": [
    "Low-end presence looks usable for the selected style.",
    "Selected style preset: rage_trap.",
    "Dominant frequency area: Sub.",
    "Drum activity is medium at 2.54 hits/sec.",
    "Estimated length: 79 bars at 146 BPM."
  ],
  "master_notes": [
    "Clipping is the first thing to fix before judging the rest of the mix.",
    "Loudness is in a usable range for the selected style.",
    "Peak: 0.00 dB. RMS: -11.20 dB. Dynamic range: 11.20 dB."
  ],
  "next_steps": [
    "Lower the master/output, then use a soft clipper or limiter with safer ceiling.",
    "Gently cut 250-500 Hz on melodies, pads, or the master if the mix feels cloudy.",
    "Check the waveform/sections by ear. If the hook feels flat, add contrast with melody layers, drum changes, or vocal energy.",
    "This is close. Only make small changes unless you hear a clear problem."
  ]
}