{
  "basic": {
    "file_name": "Bktharula - light.wav",
    "file_path": "/Volumes/POLLY/tracks/Bktharula/Bktharula - light.wav",
    "sample_rate": 48000,
    "duration_seconds": 213.85333333333332,
    "bpm": 140.0,
    "key": "C Minor",
    "key_note": "C",
    "key_mode": "Minor",
    "key_confidence": 43.08839582223652
  },
  "loudness": {
    "peak_db": 0.0003996701555901325,
    "rms_db": -7.419122383151505,
    "dynamic_range_db": 7.419522053307095,
    "clipping_detected": true,
    "clipping_samples": 11158,
    "clipping_percent": 0.10869988777355197,
    "headroom_db": -0.0003996701555901325
  },
  "frequency": {
    "band_percentages": {
      "Sub": 16.328584800880833,
      "Bass / 808": 15.030092603780156,
      "Mud": 13.470245692894503,
      "Low Mids": 14.68745661857948,
      "Mids / Melody": 14.469763267919394,
      "Harsh Zone": 13.497114161710618,
      "Highs": 13.344593967410944,
      "Air": 12.66926304683518,
      "Vocal Range": 15.134302229538015
    },
    "brightness_centroid_hz": 3114.589918983622,
    "brightness_label": "Medium",
    "spectral_rolloff_hz": 7351.297134520425,
    "dominant_band": "Sub",
    "low_end_total_percent": 31.358677404660988,
    "mid_total_percent": 42.62746557939337,
    "top_total_percent": 26.013857014246124
  },
  "fingerprint": {
    "mfcc_1": -86.4491958618164,
    "mfcc_2": -16.30730438232422,
    "mfcc_3": -7.8036580085754395,
    "mfcc_4": -11.305302619934082,
    "mfcc_5": -4.45736837387085,
    "mfcc_6": 1.9026014804840088,
    "mfcc_7": 12.576061248779297,
    "mfcc_8": 9.649663925170898,
    "mfcc_9": 10.419978141784668,
    "mfcc_10": 14.2235689163208,
    "mfcc_11": 4.734157562255859,
    "mfcc_12": 5.2262187004089355,
    "mfcc_13": -4.4455342292785645,
    "chroma_1": 0.5000228881835938,
    "chroma_2": 0.7298323512077332,
    "chroma_3": 0.591561496257782,
    "chroma_4": 0.4330562353134155,
    "chroma_5": 0.28891435265541077,
    "chroma_6": 0.26246172189712524,
    "chroma_7": 0.35575297474861145,
    "chroma_8": 0.3236755132675171,
    "chroma_9": 0.2640184462070465,
    "chroma_10": 0.2181556224822998,
    "chroma_11": 0.22626817226409912,
    "chroma_12": 0.3026399314403534,
    "spectral_contrast": 21.97060207873229,
    "spectral_flatness": 0.011598155833780766,
    "zero_crossing_rate": 0.07241424466065209,
    "embed_mfcc_1_mean": -86.4491958618164,
    "embed_mfcc_1_std": 30.252744674682617,
    "embed_mfcc_2_mean": -16.30730438232422,
    "embed_mfcc_2_std": 24.585004806518555,
    "embed_mfcc_3_mean": -7.8036580085754395,
    "embed_mfcc_3_std": 18.896831512451172,
    "embed_mfcc_4_mean": -11.305302619934082,
    "embed_mfcc_4_std": 15.344673156738281,
    "embed_mfcc_5_mean": -4.45736837387085,
    "embed_mfcc_5_std": 11.31944751739502,
    "embed_mfcc_6_mean": 1.9026014804840088,
    "embed_mfcc_6_std": 11.164271354675293,
    "embed_mfcc_7_mean": 12.576061248779297,
    "embed_mfcc_7_std": 9.058917045593262,
    "embed_mfcc_8_mean": 9.649663925170898,
    "embed_mfcc_8_std": 8.263751983642578,
    "embed_mfcc_9_mean": 10.419978141784668,
    "embed_mfcc_9_std": 7.438491344451904,
    "embed_mfcc_10_mean": 14.2235689163208,
    "embed_mfcc_10_std": 7.5860795974731445,
    "embed_mfcc_11_mean": 4.734157562255859,
    "embed_mfcc_11_std": 6.621646881103516,
    "embed_mfcc_12_mean": 5.2262187004089355,
    "embed_mfcc_12_std": 7.316736221313477,
    "embed_mfcc_13_mean": -4.4455342292785645,
    "embed_mfcc_13_std": 6.850650787353516,
    "embed_mfcc_14_mean": 4.961756229400635,
    "embed_mfcc_14_std": 6.692725658416748,
    "embed_mfcc_15_mean": -0.07685516774654388,
    "embed_mfcc_15_std": 6.663895130157471,
    "embed_mfcc_16_mean": 3.6699230670928955,
    "embed_mfcc_16_std": 6.766761779785156,
    "embed_mfcc_17_mean": 1.1831252574920654,
    "embed_mfcc_17_std": 7.088830471038818,
    "embed_mfcc_18_mean": 4.17343282699585,
    "embed_mfcc_18_std": 6.816959857940674,
    "embed_mfcc_19_mean": 0.5823748707771301,
    "embed_mfcc_19_std": 6.411832809448242,
    "embed_mfcc_20_mean": 8.599053382873535,
    "embed_mfcc_20_std": 7.515352249145508,
    "embed_chroma_1_mean": 0.5000228881835938,
    "embed_chroma_1_std": 0.3506126403808594,
    "embed_chroma_2_mean": 0.7298323512077332,
    "embed_chroma_2_std": 0.2599487006664276,
    "embed_chroma_3_mean": 0.591561496257782,
    "embed_chroma_3_std": 0.29102227091789246,
    "embed_chroma_4_mean": 0.4330562353134155,
    "embed_chroma_4_std": 0.225677028298378,
    "embed_chroma_5_mean": 0.28891435265541077,
    "embed_chroma_5_std": 0.1783113181591034,
    "embed_chroma_6_mean": 0.26246172189712524,
    "embed_chroma_6_std": 0.1210361048579216,
    "embed_chroma_7_mean": 0.35575297474861145,
    "embed_chroma_7_std": 0.27900636196136475,
    "embed_chroma_8_mean": 0.3236755132675171,
    "embed_chroma_8_std": 0.27786824107170105,
    "embed_chroma_9_mean": 0.2640184462070465,
    "embed_chroma_9_std": 0.14597277343273163,
    "embed_chroma_10_mean": 0.2181556224822998,
    "embed_chroma_10_std": 0.10645078867673874,
    "embed_chroma_11_mean": 0.22626817226409912,
    "embed_chroma_11_std": 0.13043290376663208,
    "embed_chroma_12_mean": 0.3026399314403534,
    "embed_chroma_12_std": 0.2623690962791443,
    "embed_contrast_1_mean": 23.083337783813477,
    "embed_contrast_1_std": 4.967037200927734,
    "embed_contrast_2_mean": 13.050455093383789,
    "embed_contrast_2_std": 3.5999701023101807,
    "embed_contrast_3_mean": 17.76820182800293,
    "embed_contrast_3_std": 3.8570046424865723,
    "embed_contrast_4_mean": 18.79576301574707,
    "embed_contrast_4_std": 3.370828628540039,
    "embed_contrast_5_mean": 17.797794342041016,
    "embed_contrast_5_std": 3.223741292953491,
    "embed_contrast_6_mean": 16.844194412231445,
    "embed_contrast_6_std": 2.5848283767700195,
    "embed_contrast_7_mean": 46.4544677734375,
    "embed_contrast_7_std": 2.981818199157715,
    "embed_chroma_entropy": 2.4092702865600586,
    "embed_centroid_mean": 2442.842628114964,
    "embed_centroid_std": 781.0666886969876,
    "embed_rolloff_mean": 5712.040460072803,
    "embed_rolloff_std": 1857.1995922748758,
    "embed_flatness_mean": 0.011598155833780766,
    "embed_flatness_std": 0.01589253731071949,
    "embed_zcr_mean": 0.07241424466065209,
    "embed_zcr_std": 0.037357197277480145,
    "embed_rms_mean": 0.4160192012786865,
    "embed_rms_std": 0.045061223208904266,
    "embed_onset_mean": 1.3144351243972778,
    "embed_onset_std": 0.9173888564109802,
    "fingerprint_version": 2.0,
    "fingerprint_duration_seconds": 213.85333333333332,
    "embed_mfcc_delta_mean": 0.0037865156773477793,
    "embed_mfcc_delta_std": 2.090024948120117,
    "embed_chroma_delta_mean": -1.9331311705172993e-05,
    "embed_chroma_delta_std": 0.01992451772093773,
    "embed_onset_peak": 7.910799503326416,
    "embed_onset_p95": 3.132993698120117,
    "embed_rms_p10": 0.38461214303970337,
    "embed_rms_p50": 0.4204550087451935,
    "embed_rms_p90": 0.45578327775001526,
    "embedding_nonzero_count": 100.0
  },
  "rhythm": {
    "onset_count": 851,
    "onset_density": 3.97936280316728,
    "drum_activity": "High",
    "estimated_bars": 125,
    "seconds_per_bar": 1.7142857142857142
  },
  "sections": [
    {
      "name": "Intro",
      "start": 0.0,
      "end": 16.0,
      "avg_energy": 0.3197101652622223,
      "energy_label": "Low"
    },
    {
      "name": "Chorus / Hook",
      "start": 16.0,
      "end": 32.0,
      "avg_energy": 0.45565536618232727,
      "energy_label": "Medium"
    },
    {
      "name": "Verse",
      "start": 32.0,
      "end": 48.0,
      "avg_energy": 0.47367769479751587,
      "energy_label": "Medium"
    },
    {
      "name": "Chorus / Hook",
      "start": 48.0,
      "end": 64.0,
      "avg_energy": 0.4716550409793854,
      "energy_label": "Medium"
    },
    {
      "name": "Verse",
      "start": 64.0,
      "end": 80.0,
      "avg_energy": 0.4754151701927185,