{
  "basic": {
    "file_name": "Bktharula - MORE.wav",
    "file_path": "/Users/jayden/SoundLens/tracks/Bktharula/Bktharula - MORE.wav",
    "sample_rate": 48000,
    "duration_seconds": 109.96,
    "bpm": 152.03,
    "key": "D# Minor",
    "key_note": "D#",
    "key_mode": "Minor",
    "key_confidence": 45.35518719951517
  },
  "loudness": {
    "peak_db": 0.00018430613903846888,
    "rms_db": -7.9227053289900065,
    "dynamic_range_db": 7.922889635129045,
    "clipping_detected": true,
    "clipping_samples": 30400,
    "clipping_percent": 0.5759670183096883,
    "headroom_db": -0.00018430613903846888
  },
  "frequency": {
    "band_percentages": {
      "Sub": 16.537795160357565,
      "Bass / 808": 14.142776287522679,
      "Mud": 13.778584528950738,
      "Low Mids": 14.649799321421023,
      "Mids / Melody": 14.593883449060971,
      "Harsh Zone": 13.815552902754465,
      "Highs": 13.888504583718152,
      "Air": 12.408656667192577,
      "Vocal Range": 15.218580020148927
    },
    "brightness_centroid_hz": 3091.6886222161497,
    "brightness_label": "Medium",
    "spectral_rolloff_hz": 6375.120495440877,
    "dominant_band": "Sub",
    "low_end_total_percent": 30.680571447880244,
    "mid_total_percent": 43.02226729943273,
    "top_total_percent": 26.29716125091073
  },
  "fingerprint": {
    "mfcc_1": -125.77039337158203,
    "mfcc_2": 124.8403091430664,
    "mfcc_3": -30.601337432861328,
    "mfcc_4": 25.312349319458008,
    "mfcc_5": -25.157724380493164,
    "mfcc_6": 20.048383712768555,
    "mfcc_7": -12.635034561157227,
    "mfcc_8": 12.133268356323242,
    "mfcc_9": 12.062280654907227,
    "mfcc_10": 10.010459899902344,
    "mfcc_11": 8.166987419128418,
    "mfcc_12": 6.289078235626221,
    "mfcc_13": 2.1351640224456787,
    "chroma_1": 0.39216452836990356,
    "chroma_2": 0.3861604332923889,
    "chroma_3": 0.4467533230781555,
    "chroma_4": 0.7485143542289734,
    "chroma_5": 0.620664656162262,
    "chroma_6": 0.39091140031814575,
    "chroma_7": 0.31502705812454224,
    "chroma_8": 0.28398457169532776,
    "chroma_9": 0.313809335231781,
    "chroma_10": 0.35866981744766235,
    "chroma_11": 0.38065290451049805,
    "chroma_12": 0.3029555678367615,
    "spectral_contrast": 19.159220585074937,
    "spectral_flatness": 0.0010606544092297554,
    "zero_crossing_rate": 0.051868692935178
  },
  "rhythm": {
    "onset_count": 690,
    "onset_density": 6.275009094216079,
    "drum_activity": "High",
    "estimated_bars": 70,
    "seconds_per_bar": 1.5786357955666646
  },
  "sections": [
    {
      "name": "Section 1",
      "start": 0.0,
      "end": 12.629086364533316,
      "avg_energy": 0.10783182084560394,
      "energy_label": "Low"
    },
    {
      "name": "Section 2",
      "start": 12.629086364533316,
      "end": 25.258172729066633,
      "avg_energy": 0.5107228755950928,
      "energy_label": "High"
    },
    {
      "name": "Section 3",
      "start": 25.258172729066633,
      "end": 37.88725909359995,
      "avg_energy": 0.449698269367218,
      "energy_label": "Medium"
    },
    {
      "name": "Section 4",
      "start": 37.88725909359995,
      "end": 50.516345458133266,
      "avg_energy": 0.4530477523803711,
      "energy_label": "High"
    },
    {
      "name": "Section 5",
      "start": 50.516345458133266,
      "end": 63.14543182266658,
      "avg_energy": 0.45244184136390686,
      "energy_label": "Medium"
    },
    {
      "name": "Section 6",
      "start": 63.14543182266658,
      "end": 75.7745181871999,
      "avg_energy": 0.3559715449810028,
      "energy_label": "Low"
    },
    {
      "name": "Section 7",
      "start": 75.7745181871999,
      "end": 88.40360455173322,
      "avg_energy": 0.51067715883255,
      "energy_label": "High"
    },
    {
      "name": "Section 8",
      "start": 88.40360455173322,
      "end": 101.03269091626655,
      "avg_energy": 0.36317548155784607,
      "energy_label": "Medium"
    },
    {
      "name": "Section 9",
      "start": 101.03269091626655,
      "end": 109.96,
      "avg_energy": 0.030895370990037918,
      "energy_label": "Low"
    }
  ],
  "scores": {
    "mix": 81,
    "master": 81,
    "arrangement": 81,
    "release": 81,
    "energy": 8.538647335504997,
    "bass_strength": 6.1361142895760485,
    "darkness": 3.8166227555677006,
    "brightness": 6.183377244432299,
    "drum_bounce": 10,
    "vocal_space": 2.3957377139309877
  },
  "stem_balance": null,
  "top_problems": [
    "Clipping detected: 30400 samples are near/over the limit.",
    "Mud range is elevated around 250-500 Hz.",
    "Drum movement is very active; the beat could become overcrowded.",
    "Hook/verse contrast looks low, but arrangement detection is still an estimate."
  ],
  "suggested_fixes": [
    "Lower the master/output, then use a soft clipper or limiter with safer ceiling.",
    "Gently cut 250-500 Hz on melodies, pads, or the master if the mix feels cloudy.",
    "Mute extra percussion in some sections so the hook/drop feels bigger.",
    "Check the waveform/sections by ear. If the hook feels flat, add contrast with melody layers, drum changes, or vocal energy."
  ],
  "artist_notes": [
    "Autotune/key starting point: D# Minor. Confidence: 45.4%.",
    "Beat energy: 8.5/10. Darkness: 3.8/10.",
    "Vocal space estimate: 2.4/10. Higher means easier space for vocals."
  ],
  "producer_notes": [
    "Low-end presence looks usable for the selected style.",
    "Selected style preset: rage_trap.",
    "Dominant frequency area: Sub.",
    "Drum activity is high at 6.28 hits/sec.",
    "Estimated length: 70 bars at 152 BPM."
  ],
  "master_notes": [
    "Clipping is the first thing to fix before judging the rest of the mix.",
    "Loudness is in a usable range for the selected style.",
    "Peak: 0.00 dB. RMS: -7.92 dB. Dynamic range: 7.92 dB."
  ],
  "next_steps": [
    "Lower the master/output, then use a soft clipper or limiter with safer ceiling.",
    "Gently cut 250-500 Hz on melodies, pads, or the master if the mix feels cloudy.",
    "Mute extra percussion in some sections so the hook/drop feels bigger.",
    "Fix the top 1-2 issues, export again, then re-run SoundLens."
  ]
}