{
  "basic": {
    "file_name": "Bktharula - ARE WE DONE.wav",
    "file_path": "/Volumes/POLLY/tracks/Bktharula/Bktharula - ARE WE DONE.wav",
    "sample_rate": 48000,
    "duration_seconds": 126.9225,
    "bpm": 140.0,
    "key": "C# Major",
    "key_note": "C#",
    "key_mode": "Major",
    "key_confidence": 42.08665845898839
  },
  "loudness": {
    "peak_db": 0.00017084571070144223,
    "rms_db": -8.02259805876487,
    "dynamic_range_db": 8.022768904475573,
    "clipping_detected": true,
    "clipping_samples": 58,
    "clipping_percent": 0.0009520245294044266,
    "headroom_db": -0.00017084571070144223
  },
  "frequency": {
    "band_percentages": {
      "Sub": 16.790504951441168,
      "Bass / 808": 14.700097286857453,
      "Mud": 13.482639644410938,
      "Low Mids": 14.52382158536492,
      "Mids / Melody": 14.506841782825845,
      "Harsh Zone": 13.639552263534485,
      "Highs": 13.761467177525116,
      "Air": 12.2346275697857,
      "Vocal Range": 15.107117808245777
    },
    "brightness_centroid_hz": 3004.5528549017395,
    "brightness_label": "Medium",
    "spectral_rolloff_hz": 7139.164136692159,
    "dominant_band": "Sub",
    "low_end_total_percent": 31.49060223829862,
    "mid_total_percent": 42.5133030126017,
    "top_total_percent": 25.996094747310813
  },
  "fingerprint": {
    "mfcc_1": -116.04840850830078,
    "mfcc_2": -33.17338562011719,
    "mfcc_3": -1.468292474746704,
    "mfcc_4": -5.484500408172607,
    "mfcc_5": -6.389424800872803,
    "mfcc_6": 7.020368576049805,
    "mfcc_7": 14.205225944519043,
    "mfcc_8": 8.033503532409668,
    "mfcc_9": 7.641031742095947,
    "mfcc_10": 19.450191497802734,
    "mfcc_11": 2.22017240524292,
    "mfcc_12": 8.011116027832031,
    "mfcc_13": -0.6948279738426208,
    "chroma_1": 0.41823267936706543,
    "chroma_2": 0.6957390904426575,
    "chroma_3": 0.36940500140190125,
    "chroma_4": 0.3954789936542511,
    "chroma_5": 0.26985347270965576,
    "chroma_6": 0.4595009982585907,
    "chroma_7": 0.24987223744392395,
    "chroma_8": 0.22876335680484772,
    "chroma_9": 0.18489688634872437,
    "chroma_10": 0.12889574468135834,
    "chroma_11": 0.1329907327890396,
    "chroma_12": 0.10815760493278503,
    "spectral_contrast": 23.502169747747825,
    "spectral_flatness": 0.009779690764844418,
    "zero_crossing_rate": 0.0462454686592976,
    "embed_mfcc_1_mean": -116.04840850830078,
    "embed_mfcc_1_std": 35.61228561401367,
    "embed_mfcc_2_mean": -33.17338562011719,
    "embed_mfcc_2_std": 18.973297119140625,
    "embed_mfcc_3_mean": -1.468292474746704,
    "embed_mfcc_3_std": 21.069395065307617,
    "embed_mfcc_4_mean": -5.484500408172607,
    "embed_mfcc_4_std": 12.89000129699707,
    "embed_mfcc_5_mean": -6.389424800872803,
    "embed_mfcc_5_std": 11.871047019958496,
    "embed_mfcc_6_mean": 7.020368576049805,
    "embed_mfcc_6_std": 11.465591430664062,
    "embed_mfcc_7_mean": 14.205225944519043,
    "embed_mfcc_7_std": 11.980308532714844,
    "embed_mfcc_8_mean": 8.033503532409668,
    "embed_mfcc_8_std": 12.405172348022461,
    "embed_mfcc_9_mean": 7.641031742095947,
    "embed_mfcc_9_std": 9.797834396362305,
    "embed_mfcc_10_mean": 19.450191497802734,
    "embed_mfcc_10_std": 8.077595710754395,
    "embed_mfcc_11_mean": 2.22017240524292,
    "embed_mfcc_11_std": 6.829723358154297,
    "embed_mfcc_12_mean": 8.011116027832031,
    "embed_mfcc_12_std": 7.20106840133667,
    "embed_mfcc_13_mean": -0.6948279738426208,
    "embed_mfcc_13_std": 6.757444858551025,
    "embed_mfcc_14_mean": 5.839813709259033,
    "embed_mfcc_14_std": 7.254079818725586,
    "embed_mfcc_15_mean": -5.689706802368164,
    "embed_mfcc_15_std": 7.903548717498779,
    "embed_mfcc_16_mean": 4.247076988220215,
    "embed_mfcc_16_std": 7.683716297149658,
    "embed_mfcc_17_mean": 2.229076385498047,
    "embed_mfcc_17_std": 8.643527030944824,
    "embed_mfcc_18_mean": 8.675753593444824,
    "embed_mfcc_18_std": 10.444947242736816,
    "embed_mfcc_19_mean": 8.504870414733887,
    "embed_mfcc_19_std": 10.226356506347656,
    "embed_mfcc_20_mean": 12.40445613861084,
    "embed_mfcc_20_std": 9.442532539367676,
    "embed_chroma_1_mean": 0.41823267936706543,
    "embed_chroma_1_std": 0.30318769812583923,
    "embed_chroma_2_mean": 0.6957390904426575,
    "embed_chroma_2_std": 0.31977760791778564,
    "embed_chroma_3_mean": 0.36940500140190125,
    "embed_chroma_3_std": 0.1360878050327301,
    "embed_chroma_4_mean": 0.3954789936542511,
    "embed_chroma_4_std": 0.3105548620223999,
    "embed_chroma_5_mean": 0.26985347270965576,
    "embed_chroma_5_std": 0.1662243902683258,
    "embed_chroma_6_mean": 0.4595009982585907,
    "embed_chroma_6_std": 0.33166268467903137,
    "embed_chroma_7_mean": 0.24987223744392395,
    "embed_chroma_7_std": 0.16033610701560974,
    "embed_chroma_8_mean": 0.22876335680484772,
    "embed_chroma_8_std": 0.11598152667284012,
    "embed_chroma_9_mean": 0.18489688634872437,
    "embed_chroma_9_std": 0.0763096958398819,
    "embed_chroma_10_mean": 0.12889574468135834,
    "embed_chroma_10_std": 0.07366590201854706,
    "embed_chroma_11_mean": 0.1329907327890396,
    "embed_chroma_11_std": 0.07471798360347748,
    "embed_chroma_12_mean": 0.10815760493278503,
    "embed_chroma_12_std": 0.06565266102552414,
    "embed_contrast_1_mean": 23.305889129638672,
    "embed_contrast_1_std": 4.868708610534668,
    "embed_contrast_2_mean": 13.858262062072754,
    "embed_contrast_2_std": 4.153400421142578,
    "embed_contrast_3_mean": 20.429908752441406,
    "embed_contrast_3_std": 4.58261251449585,
    "embed_contrast_4_mean": 20.185745239257812,
    "embed_contrast_4_std": 3.875725507736206,
    "embed_contrast_5_mean": 19.55809211730957,
    "embed_contrast_5_std": 3.43695068359375,
    "embed_contrast_6_mean": 18.825050354003906,
    "embed_contrast_6_std": 3.2100515365600586,
    "embed_contrast_7_mean": 48.35224151611328,
    "embed_contrast_7_std": 3.5866239070892334,
    "embed_chroma_entropy": 2.344573736190796,
    "embed_centroid_mean": 2652.162398071442,
    "embed_centroid_std": 667.9184566114951,
    "embed_rolloff_mean": 6330.330471357694,
    "embed_rolloff_std": 1458.315434331559,
    "embed_flatness_mean": 0.009779690764844418,
    "embed_flatness_std": 0.01217725407332182,
    "embed_zcr_mean": 0.0462454686592976,
    "embed_zcr_std": 0.02487960453063152,
    "embed_rms_mean": 0.3634060025215149,
    "embed_rms_std": 0.04987424612045288,
    "embed_onset_mean": 1.558112621307373,
    "embed_onset_std": 1.2945679426193237,
    "fingerprint_version": 2.0,
    "fingerprint_duration_seconds": 126.92253968253968,
    "embed_mfcc_delta_mean": -0.0002648501831572503,
    "embed_mfcc_delta_std": 2.4840075969696045,
    "embed_chroma_delta_mean": 6.238459263840923e-06,
    "embed_chroma_delta_std": 0.020938334986567497,
    "embed_onset_peak": 12.268131256103516,
    "embed_onset_p95": 4.274611473083496,
    "embed_rms_p10": 0.31997475028038025,
    "embed_rms_p50": 0.3694504499435425,
    "embed_rms_p90": 0.411249577999115,
    "embedding_nonzero_count": 100.0
  },
  "rhythm": {
    "onset_count": 558,
    "onset_density": 4.396383619925545,
    "drum_activity": "High",
    "estimated_bars": 74,
    "seconds_per_bar": 1.7142857142857142
  },
  "sections": [
    {
      "name": "Intro",
      "start": 0.0,
      "end": 16.0,
      "avg_energy": 0.39916425943374634,
      "energy_label": "Medium"
    },
    {
      "name": "Chorus / Hook",
      "start": 16.0,
      "end": 32.0,
      "avg_energy": 0.40212810039520264,
      "energy_label": "Medium"
    },
    {
      "name": "Verse",
      "start": 32.0,
      "end": 48.0,
      "avg_energy": 0.4003849923610687,
      "energy_label": "Medium"
    },
    {
      "name": "Chorus / Hook",
      "start": 48.0,
      "end": 64.0,
      "avg_energy": 0.41950851678848267,
      "energy_label": "Medium"
    },
    {
      "name": "Verse",
      "start": 64.0,
      "end": 80.0,
      "avg_energy": 0.40956661105155945,