{
  "basic": {
    "file_name": "Bktharula - \uff1f\uff1f\uff1f\uff1f\uff1f..wav",
    "file_path": "/Users/jayden/SoundLens/tracks/Bktharula/Bktharula - \uff1f\uff1f\uff1f\uff1f\uff1f..wav",
    "sample_rate": 48000,
    "duration_seconds": 96.2963125,
    "bpm": 162.26,
    "key": "C# Major",
    "key_note": "C#",
    "key_mode": "Major",
    "key_confidence": 46.7979895445399
  },
  "loudness": {
    "peak_db": 0.00010354325612234875,
    "rms_db": -9.848551275193458,
    "dynamic_range_db": 9.84865481844958,
    "clipping_detected": true,
    "clipping_samples": 452,
    "clipping_percent": 0.009778844508367511,
    "headroom_db": -0.00010354325612234875
  },
  "frequency": {
    "band_percentages": {
      "Sub": 15.898710045323448,
      "Bass / 808": 15.332257518777995,
      "Mud": 13.8873427441589,
      "Low Mids": 14.308631082606382,
      "Mids / Melody": 14.192911727974291,
      "Harsh Zone": 13.372674362471418,
      "Highs": 13.27817697013238,
      "Air": 13.101969909239235,
      "Vocal Range": 14.87561714121591
    },
    "brightness_centroid_hz": 5084.80654981088,
    "brightness_label": "High",
    "spectral_rolloff_hz": 12420.317346034559,
    "dominant_band": "Sub",
    "low_end_total_percent": 31.23096756410144,
    "mid_total_percent": 42.38888555473957,
    "top_total_percent": 26.380146879371615
  },
  "fingerprint": {
    "mfcc_1": -87.531494140625,
    "mfcc_2": 93.6905746459961,
    "mfcc_3": 13.26537036895752,
    "mfcc_4": 29.77558708190918,
    "mfcc_5": -7.793459415435791,
    "mfcc_6": 38.332672119140625,
    "mfcc_7": -9.202117919921875,
    "mfcc_8": 28.854957580566406,
    "mfcc_9": -2.573160171508789,
    "mfcc_10": 20.702409744262695,
    "mfcc_11": -3.0728089809417725,
    "mfcc_12": 21.694013595581055,
    "mfcc_13": -8.052557945251465,
    "chroma_1": 0.6915985941886902,
    "chroma_2": 0.8013357520103455,
    "chroma_3": 0.6681955456733704,
    "chroma_4": 0.4662213623523712,
    "chroma_5": 0.39550814032554626,
    "chroma_6": 0.5638602375984192,
    "chroma_7": 0.4169597029685974,
    "chroma_8": 0.43257856369018555,
    "chroma_9": 0.32054921984672546,
    "chroma_10": 0.22445736825466156,
    "chroma_11": 0.2642138600349426,
    "chroma_12": 0.22816361486911774,
    "spectral_contrast": 19.2705022267977,
    "spectral_flatness": 0.003451714990660548,
    "zero_crossing_rate": 0.06570330456288768
  },
  "rhythm": {
    "onset_count": 338,
    "onset_density": 3.5099994093750992,
    "drum_activity": "High",
    "estimated_bars": 65,
    "seconds_per_bar": 1.4791076050782694
  },
  "sections": [
    {
      "name": "Section 1",
      "start": 0.0,
      "end": 12.0,
      "avg_energy": 0.31453460454940796,
      "energy_label": "Low"
    },
    {
      "name": "Section 2",
      "start": 12.0,
      "end": 24.0,
      "avg_energy": 0.3338504731655121,
      "energy_label": "Medium"
    },
    {
      "name": "Section 3",
      "start": 24.0,
      "end": 36.0,
      "avg_energy": 0.3243270814418793,
      "energy_label": "Medium"
    },
    {
      "name": "Section 4",
      "start": 36.0,
      "end": 48.0,
      "avg_energy": 0.33717814087867737,
      "energy_label": "High"
    },
    {
      "name": "Section 5",
      "start": 48.0,
      "end": 60.0,
      "avg_energy": 0.317106157541275,
      "energy_label": "Low"
    },
    {
      "name": "Section 6",
      "start": 60.0,
      "end": 72.0,
      "avg_energy": 0.33385589718818665,
      "energy_label": "High"
    },
    {
      "name": "Section 7",
      "start": 72.0,
      "end": 84.0,
      "avg_energy": 0.3340927064418793,
      "energy_label": "High"
    },
    {
      "name": "Section 8",
      "start": 84.0,
      "end": 96.2963125,
      "avg_energy": 0.27598339319229126,
      "energy_label": "Low"
    }
  ],
  "scores": {
    "mix": 86,
    "master": 86,
    "arrangement": 71,
    "release": 82,
    "energy": 7.575724362403271,
    "bass_strength": 6.246193512820288,
    "darkness": 0,
    "brightness": 10,
    "drum_bounce": 8.774998523437748,
    "vocal_space": 2.400972747678386
  },
  "stem_balance": null,
  "top_problems": [
    "Clipping detected: 452 samples are near/over the limit.",
    "Mud range is elevated around 250-500 Hz.",
    "Drum movement is very active; the beat could become overcrowded.",
    "Hook/verse contrast looks low, but arrangement detection is still an estimate."
  ],
  "suggested_fixes": [
    "Lower the master/output, then use a soft clipper or limiter with safer ceiling.",
    "Gently cut 250-500 Hz on melodies, pads, or the master if the mix feels cloudy.",
    "Mute extra percussion in some sections so the hook/drop feels bigger.",
    "Check the waveform/sections by ear. If the hook feels flat, add contrast with melody layers, drum changes, or vocal energy."
  ],
  "artist_notes": [
    "Autotune/key starting point: C# Major. Confidence: 46.8%.",
    "Beat energy: 7.6/10. Darkness: 0.0/10.",
    "Vocal space estimate: 2.4/10. Higher means easier space for vocals."
  ],
  "producer_notes": [
    "Low-end presence looks usable for the selected style.",
    "Selected style preset: rage_trap.",
    "Dominant frequency area: Sub.",
    "Drum activity is high at 3.51 hits/sec.",
    "Estimated length: 65 bars at 162 BPM."
  ],
  "master_notes": [
    "Clipping is the first thing to fix before judging the rest of the mix.",
    "Loudness is in a usable range for the selected style.",
    "Peak: 0.00 dB. RMS: -9.85 dB. Dynamic range: 9.85 dB."
  ],
  "next_steps": [
    "Lower the master/output, then use a soft clipper or limiter with safer ceiling.",
    "Gently cut 250-500 Hz on melodies, pads, or the master if the mix feels cloudy.",
    "Mute extra percussion in some sections so the hook/drop feels bigger.",
    "Fix the top 1-2 issues, export again, then re-run SoundLens."
  ]
}