{
  "basic": {
    "file_name": "Bktharula - THROUGH 2 U.wav",
    "file_path": "/Users/jayden/SoundLens/tracks/Bktharula/Bktharula - THROUGH 2 U.wav",
    "sample_rate": 48000,
    "duration_seconds": 129.57058333333333,
    "bpm": 163.04,
    "key": "F Minor",
    "key_note": "F",
    "key_mode": "Minor",
    "key_confidence": 46.37709113679847
  },
  "loudness": {
    "peak_db": 3.106310644097712e-05,
    "rms_db": -7.68597665127742,
    "dynamic_range_db": 7.6860077143838605,
    "clipping_detected": true,
    "clipping_samples": 87724,
    "clipping_percent": 1.4104924793243323,
    "headroom_db": -3.106310644097712e-05
  },
  "frequency": {
    "band_percentages": {
      "Sub": 16.46214706268631,
      "Bass / 808": 14.467734704691932,
      "Mud": 13.51976899191936,
      "Low Mids": 14.374519766547266,
      "Mids / Melody": 14.080421407403376,
      "Harsh Zone": 13.683441832954536,
      "Highs": 14.187714581826352,
      "Air": 12.907693483176342,
      "Vocal Range": 14.810081047763571
    },
    "brightness_centroid_hz": 4355.018173393344,
    "brightness_label": "High",
    "spectral_rolloff_hz": 8742.23187458841,
    "dominant_band": "Sub",
    "low_end_total_percent": 30.92988176737824,
    "mid_total_percent": 41.97471016587,
    "top_total_percent": 27.095408065002694
  },
  "fingerprint": {
    "mfcc_1": -110.83000946044922,
    "mfcc_2": 83.4887466430664,
    "mfcc_3": -33.14211654663086,
    "mfcc_4": 44.22407531738281,
    "mfcc_5": -26.54091453552246,
    "mfcc_6": 28.97161865234375,
    "mfcc_7": -13.273280143737793,
    "mfcc_8": 11.75328254699707,
    "mfcc_9": 9.781007766723633,
    "mfcc_10": 7.689074516296387,
    "mfcc_11": 7.4684529304504395,
    "mfcc_12": 14.203540802001953,
    "mfcc_13": 5.640059471130371,
    "chroma_1": 0.2572311758995056,
    "chroma_2": 0.2704578638076782,
    "chroma_3": 0.23486585915088654,
    "chroma_4": 0.24978399276733398,
    "chroma_5": 0.2455148845911026,
    "chroma_6": 0.9064427614212036,
    "chroma_7": 0.6188161969184875,
    "chroma_8": 0.3997247517108917,
    "chroma_9": 0.28863152861595154,
    "chroma_10": 0.2316097915172577,
    "chroma_11": 0.1937020868062973,
    "chroma_12": 0.1691097617149353,
    "spectral_contrast": 20.08506349166398,
    "spectral_flatness": 0.0024222051724791527,
    "zero_crossing_rate": 0.08303305456659532
  },
  "rhythm": {
    "onset_count": 874,
    "onset_density": 6.745358224957182,
    "drum_activity": "High",
    "estimated_bars": 88,
    "seconds_per_bar": 1.4720314033366046
  },
  "sections": [
    {
      "name": "Section 1",
      "start": 0.0,
      "end": 12.0,
      "avg_energy": 0.4138661324977875,
      "energy_label": "Low"
    },
    {
      "name": "Section 2",
      "start": 12.0,
      "end": 24.0,
      "avg_energy": 0.4482857584953308,
      "energy_label": "Medium"
    },
    {
      "name": "Section 3",
      "start": 24.0,
      "end": 36.0,
      "avg_energy": 0.47773322463035583,
      "energy_label": "High"
    },
    {
      "name": "Section 4",
      "start": 36.0,
      "end": 48.0,
      "avg_energy": 0.47676002979278564,
      "energy_label": "High"
    },
    {
      "name": "Section 5",
      "start": 48.0,
      "end": 60.0,
      "avg_energy": 0.27474120259284973,
      "energy_label": "Low"
    },
    {
      "name": "Section 6",
      "start": 60.0,
      "end": 72.0,
      "avg_energy": 0.4328651428222656,
      "energy_label": "Medium"
    },
    {
      "name": "Section 7",
      "start": 72.0,
      "end": 84.0,
      "avg_energy": 0.479859322309494,
      "energy_label": "High"
    },
    {
      "name": "Section 8",
      "start": 84.0,
      "end": 96.0,
      "avg_energy": 0.45768314599990845,
      "energy_label": "Medium"
    },
    {
      "name": "Section 9",
      "start": 96.0,
      "end": 108.0,
      "avg_energy": 0.47258248925209045,
      "energy_label": "High"
    },
    {
      "name": "Section 10",
      "start": 108.0,
      "end": 120.0,
      "avg_energy": 0.17221075296401978,
      "energy_label": "Low"
    },
    {
      "name": "Section 11",
      "start": 120.0,
      "end": 129.57058333333333,
      "avg_energy": 0.26559215784072876,
      "energy_label": "Low"
    }
  ],
  "scores": {
    "mix": 69,
    "master": 69,
    "arrangement": 81,
    "release": 73,
    "energy": 8.65701167436129,
    "bass_strength": 6.185976353475648,
    "darkness": 1.2899636532133112,
    "brightness": 8.710036346786689,
    "drum_bounce": 10,
    "vocal_space": 2.5385895794397886
  },
  "stem_balance": null,
  "top_problems": [
    "Clipping detected: 87724 samples are near/over the limit.",
    "Mud range is elevated around 250-500 Hz.",
    "Drum movement is very active; the beat could become overcrowded."
  ],
  "suggested_fixes": [
    "Lower the master/output, then use a soft clipper or limiter with safer ceiling.",
    "Gently cut 250-500 Hz on melodies, pads, or the master if the mix feels cloudy.",
    "Mute extra percussion in some sections so the hook/drop feels bigger."
  ],
  "artist_notes": [
    "Autotune/key starting point: F Minor. Confidence: 46.4%.",
    "Beat energy: 8.7/10. Darkness: 1.3/10.",
    "Vocal space estimate: 2.5/10. Higher means easier space for vocals."
  ],
  "producer_notes": [
    "Low-end presence looks usable for the selected style.",
    "Selected style preset: rage_trap.",
    "Dominant frequency area: Sub.",
    "Drum activity is high at 6.75 hits/sec.",
    "Estimated length: 88 bars at 163 BPM."
  ],
  "master_notes": [
    "Clipping is the first thing to fix before judging the rest of the mix.",
    "Loudness is in a usable range for the selected style.",
    "Peak: 0.00 dB. RMS: -7.69 dB. Dynamic range: 7.69 dB."
  ],
  "next_steps": [
    "Lower the master/output, then use a soft clipper or limiter with safer ceiling.",
    "Gently cut 250-500 Hz on melodies, pads, or the master if the mix feels cloudy.",
    "Mute extra percussion in some sections so the hook/drop feels bigger.",
    "Fix the top 1-2 issues, export again, then re-run SoundLens."
  ]
}