{
  "basic": {
    "file_name": "Bktharula - Coupe.wav",
    "file_path": "/Volumes/POLLY/tracks/Bktharula/Bktharula - Coupe.wav",
    "sample_rate": 48000,
    "duration_seconds": 127.63958333333333,
    "bpm": 140.0,
    "key": "D Minor",
    "key_note": "D",
    "key_mode": "Minor",
    "key_confidence": 45.073954272177616
  },
  "loudness": {
    "peak_db": -5.591387154241363e-05,
    "rms_db": -10.146325829620215,
    "dynamic_range_db": 10.146269915748674,
    "clipping_detected": true,
    "clipping_samples": 853,
    "clipping_percent": 0.013922666361989324,
    "headroom_db": 5.591387154241363e-05
  },
  "frequency": {
    "band_percentages": {
      "Sub": 16.78478363741749,
      "Bass / 808": 15.329990734296425,
      "Mud": 14.89916914191227,
      "Low Mids": 14.43054796776515,
      "Mids / Melody": 13.675406805560087,
      "Harsh Zone": 12.600806921587878,
      "Highs": 13.369933543263645,
      "Air": 11.510168167946206,
      "Vocal Range": 15.25000067483738
    },
    "brightness_centroid_hz": 1651.579351989523,
    "brightness_label": "Low",
    "spectral_rolloff_hz": 3559.4447229882176,
    "dominant_band": "Sub",
    "low_end_total_percent": 32.114774371713914,
    "mid_total_percent": 43.005123915237505,
    "top_total_percent": 24.880101711209853
  },
  "fingerprint": {
    "mfcc_1": -225.69451904296875,
    "mfcc_2": 32.49486541748047,
    "mfcc_3": 39.20135498046875,
    "mfcc_4": -3.272345781326294,
    "mfcc_5": -0.7929885983467102,
    "mfcc_6": 2.5858042240142822,
    "mfcc_7": -5.895319938659668,
    "mfcc_8": 4.105489253997803,
    "mfcc_9": -7.002765655517578,
    "mfcc_10": 4.116726398468018,
    "mfcc_11": -6.351627349853516,
    "mfcc_12": 0.007243484258651733,
    "mfcc_13": -7.875749588012695,
    "chroma_1": 0.43991798162460327,
    "chroma_2": 0.41161930561065674,
    "chroma_3": 0.7482938766479492,
    "chroma_4": 0.46359574794769287,
    "chroma_5": 0.45257994532585144,
    "chroma_6": 0.4608653485774994,
    "chroma_7": 0.3117409944534302,
    "chroma_8": 0.36381229758262634,
    "chroma_9": 0.23708145320415497,
    "chroma_10": 0.4871821403503418,
    "chroma_11": 0.41331222653388977,
    "chroma_12": 0.20700602233409882,
    "spectral_contrast": 23.351184340898307,
    "spectral_flatness": 0.00599743751809001,
    "zero_crossing_rate": 0.0408268506312887,
    "embed_mfcc_1_mean": -225.69451904296875,
    "embed_mfcc_1_std": 98.90837097167969,
    "embed_mfcc_2_mean": 32.49486541748047,
    "embed_mfcc_2_std": 71.56517028808594,
    "embed_mfcc_3_mean": 39.20135498046875,
    "embed_mfcc_3_std": 41.900299072265625,
    "embed_mfcc_4_mean": -3.272345781326294,
    "embed_mfcc_4_std": 19.43221664428711,
    "embed_mfcc_5_mean": -0.7929885983467102,
    "embed_mfcc_5_std": 13.24906063079834,
    "embed_mfcc_6_mean": 2.5858042240142822,
    "embed_mfcc_6_std": 14.94046401977539,
    "embed_mfcc_7_mean": -5.895319938659668,
    "embed_mfcc_7_std": 14.533638954162598,
    "embed_mfcc_8_mean": 4.105489253997803,
    "embed_mfcc_8_std": 12.229399681091309,
    "embed_mfcc_9_mean": -7.002765655517578,
    "embed_mfcc_9_std": 13.972702026367188,
    "embed_mfcc_10_mean": 4.116726398468018,
    "embed_mfcc_10_std": 11.981983184814453,
    "embed_mfcc_11_mean": -6.351627349853516,
    "embed_mfcc_11_std": 9.788017272949219,
    "embed_mfcc_12_mean": 0.007243484258651733,
    "embed_mfcc_12_std": 9.950628280639648,
    "embed_mfcc_13_mean": -7.875749588012695,
    "embed_mfcc_13_std": 8.97243881225586,
    "embed_mfcc_14_mean": 1.5575975179672241,
    "embed_mfcc_14_std": 9.216028213500977,
    "embed_mfcc_15_mean": -4.11551570892334,
    "embed_mfcc_15_std": 7.845056056976318,
    "embed_mfcc_16_mean": 0.39574387669563293,
    "embed_mfcc_16_std": 7.558955192565918,
    "embed_mfcc_17_mean": 1.647566795349121,
    "embed_mfcc_17_std": 6.780978202819824,
    "embed_mfcc_18_mean": 4.984594821929932,
    "embed_mfcc_18_std": 6.902027606964111,
    "embed_mfcc_19_mean": 1.2206323146820068,
    "embed_mfcc_19_std": 7.397188663482666,
    "embed_mfcc_20_mean": 0.4071173369884491,
    "embed_mfcc_20_std": 6.680320739746094,
    "embed_chroma_1_mean": 0.43991798162460327,
    "embed_chroma_1_std": 0.35228168964385986,
    "embed_chroma_2_mean": 0.41161930561065674,
    "embed_chroma_2_std": 0.29393693804740906,
    "embed_chroma_3_mean": 0.7482938766479492,
    "embed_chroma_3_std": 0.28555306792259216,
    "embed_chroma_4_mean": 0.46359574794769287,
    "embed_chroma_4_std": 0.24658188223838806,
    "embed_chroma_5_mean": 0.45257994532585144,
    "embed_chroma_5_std": 0.2954046130180359,
    "embed_chroma_6_mean": 0.4608653485774994,
    "embed_chroma_6_std": 0.31290242075920105,
    "embed_chroma_7_mean": 0.3117409944534302,
    "embed_chroma_7_std": 0.23323220014572144,
    "embed_chroma_8_mean": 0.36381229758262634,
    "embed_chroma_8_std": 0.2470378279685974,
    "embed_chroma_9_mean": 0.23708145320415497,
    "embed_chroma_9_std": 0.17532749474048615,
    "embed_chroma_10_mean": 0.4871821403503418,
    "embed_chroma_10_std": 0.3191881775856018,
    "embed_chroma_11_mean": 0.41331222653388977,
    "embed_chroma_11_std": 0.26776033639907837,
    "embed_chroma_12_mean": 0.20700602233409882,
    "embed_chroma_12_std": 0.1603820025920868,
    "embed_contrast_1_mean": 21.0074520111084,
    "embed_contrast_1_std": 4.778892993927002,
    "embed_contrast_2_mean": 16.25493049621582,
    "embed_contrast_2_std": 3.874021530151367,
    "embed_contrast_3_mean": 20.926177978515625,
    "embed_contrast_3_std": 4.330869674682617,
    "embed_contrast_4_mean": 20.51475715637207,
    "embed_contrast_4_std": 4.094702243804932,
    "embed_contrast_5_mean": 18.55645179748535,
    "embed_contrast_5_std": 3.2026171684265137,
    "embed_contrast_6_mean": 18.336923599243164,
    "embed_contrast_6_std": 2.8045177459716797,
    "embed_contrast_7_mean": 47.861595153808594,
    "embed_contrast_7_std": 4.896812915802002,
    "embed_chroma_entropy": 2.4352967739105225,
    "embed_centroid_mean": 1836.9476312646843,
    "embed_centroid_std": 1227.900400081357,
    "embed_rolloff_mean": 4266.870032154001,
    "embed_rolloff_std": 3049.012341096398,
    "embed_flatness_mean": 0.00599743751809001,
    "embed_flatness_std": 0.013919438235461712,
    "embed_zcr_mean": 0.0408268506312887,
    "embed_zcr_std": 0.03547972598172642,
    "embed_rms_mean": 0.29031434655189514,
    "embed_rms_std": 0.10940492153167725,
    "embed_onset_mean": 1.9630420207977295,
    "embed_onset_std": 2.54520320892334,
    "fingerprint_version": 2.0,
    "fingerprint_duration_seconds": 127.6395918367347,
    "embed_mfcc_delta_mean": 0.0019754760432988405,
    "embed_mfcc_delta_std": 6.077672958374023,
    "embed_chroma_delta_mean": -2.2570917280972935e-05,
    "embed_chroma_delta_std": 0.023987406864762306,
    "embed_onset_peak": 22.23607063293457,
    "embed_onset_p95": 7.470107555389404,
    "embed_rms_p10": 0.11743291467428207,
    "embed_rms_p50": 0.29956531524658203,
    "embed_rms_p90": 0.4237026572227478,
    "embedding_nonzero_count": 100.0
  },
  "rhythm": {
    "onset_count": 592,
    "onset_density": 4.6380596405895504,
    "drum_activity": "High",
    "estimated_bars": 74,
    "seconds_per_bar": 1.7142857142857142
  },
  "sections": [
    {
      "name": "Intro",
      "start": 0.0,
      "end": 16.0,
      "avg_energy": 0.11699184775352478,
      "energy_label": "Low"
    },
    {
      "name": "Chorus / Hook",
      "start": 16.0,
      "end": 32.0,
      "avg_energy": 0.30969884991645813,
      "energy_label": "Medium"
    },
    {
      "name": "Verse",
      "start": 32.0,
      "end": 48.0,
      "avg_energy": 0.3810056447982788,
      "energy_label": "High"
    },
    {
      "name": "Chorus / Hook",
      "start": 48.0,
      "end": 64.0,
      "avg_energy": 0.3710423409938812,
      "energy_label": "High"
    },
    {
      "name": "Verse",
      "start": 64.0,
      "end": 80.0,
      "avg_energy": 0.29726746678352356,