{
  "basic": {
    "file_name": "Xaviersobased - 34babyyyy.wav",
    "file_path": "/Users/jayden/SoundLens/tracks/Xaviersobased/Xaviersobased - 34babyyyy.wav",
    "sample_rate": 48000,
    "duration_seconds": 195.57008333333334,
    "bpm": 168.75,
    "key": "D Minor",
    "key_note": "D",
    "key_mode": "Minor",
    "key_confidence": 45.686239066763235
  },
  "loudness": {
    "peak_db": 9.733069556283539e-05,
    "rms_db": -7.348423585553174,
    "dynamic_range_db": 7.348520916248737,
    "clipping_detected": true,
    "clipping_samples": 180,
    "clipping_percent": 0.0019174711878648788,
    "headroom_db": -9.733069556283539e-05
  },
  "frequency": {
    "band_percentages": {
      "Sub": 16.8035355284285,
      "Bass / 808": 14.649227458237302,
      "Mud": 14.14333540162901,
      "Low Mids": 14.452906800457832,
      "Mids / Melody": 14.320210807536224,
      "Harsh Zone": 13.670400639120519,
      "Highs": 13.611672159159788,
      "Air": 12.019111842810116,
      "Vocal Range": 15.088308219898677
    },
    "brightness_centroid_hz": 2717.4697699880076,
    "brightness_label": "Medium",
    "spectral_rolloff_hz": 5820.401128306517,
    "dominant_band": "Sub",
    "low_end_total_percent": 31.452762986665803,
    "mid_total_percent": 42.91645300962307,
    "top_total_percent": 25.630784001969904
  },
  "fingerprint": {
    "mfcc_1": -130.21572875976562,
    "mfcc_2": 131.98455810546875,
    "mfcc_3": -25.550861358642578,
    "mfcc_4": 38.091346740722656,
    "mfcc_5": -11.735240936279297,
    "mfcc_6": 21.036415100097656,
    "mfcc_7": -10.062288284301758,
    "mfcc_8": 9.618949890136719,
    "mfcc_9": -1.5166559219360352,
    "mfcc_10": -0.9765523672103882,
    "mfcc_11": -1.45619797706604,
    "mfcc_12": 4.244553089141846,
    "mfcc_13": 2.6977827548980713,
    "chroma_1": 0.3013780415058136,
    "chroma_2": 0.5395407676696777,
    "chroma_3": 0.7268365621566772,
    "chroma_4": 0.3927747905254364,
    "chroma_5": 0.29403477907180786,
    "chroma_6": 0.24952782690525055,
    "chroma_7": 0.24197131395339966,
    "chroma_8": 0.22889822721481323,
    "chroma_9": 0.22683760523796082,
    "chroma_10": 0.2323661595582962,
    "chroma_11": 0.21388794481754303,
    "chroma_12": 0.23258256912231445,
    "spectral_contrast": 19.54744418304753,
    "spectral_flatness": 0.0005146050825715065,
    "zero_crossing_rate": 0.036228231737455686
  },
  "rhythm": {
    "onset_count": 841,
    "onset_density": 4.3002487173183015,
    "drum_activity": "High",
    "estimated_bars": 138,
    "seconds_per_bar": 1.4222222222222223
  },
  "sections": [
    {
      "name": "Intro",
      "start": 0.0,
      "end": 16.0,
      "avg_energy": 0.07923129945993423,
      "energy_label": "Low"
    },
    {
      "name": "Chorus / Hook",
      "start": 16.0,
      "end": 32.0,
      "avg_energy": 0.12068570405244827,
      "energy_label": "Low"
    },
    {
      "name": "Verse",
      "start": 32.0,
      "end": 48.0,
      "avg_energy": 0.36586397886276245,
      "energy_label": "Medium"
    },
    {
      "name": "Chorus / Hook",
      "start": 48.0,
      "end": 64.0,
      "avg_energy": 0.5290961861610413,
      "energy_label": "High"
    },
    {
      "name": "Verse",
      "start": 64.0,
      "end": 80.0,
      "avg_energy": 0.5304872393608093,
      "energy_label": "High"
    },
    {
      "name": "Hook / Drop",
      "start": 80.0,
      "end": 96.0,
      "avg_energy": 0.5397244691848755,
      "energy_label": "High"
    },
    {
      "name": "Hook / Drop",
      "start": 96.0,
      "end": 112.0,
      "avg_energy": 0.5167398452758789,
      "energy_label": "High"
    },
    {
      "name": "Hook / Drop",
      "start": 112.0,
      "end": 128.0,
      "avg_energy": 0.5255032777786255,
      "energy_label": "High"
    },
    {
      "name": "Hook / Drop",
      "start": 128.0,
      "end": 144.0,
      "avg_energy": 0.49974384903907776,
      "energy_label": "High"
    },
    {
      "name": "Hook / Drop",
      "start": 144.0,
      "end": 160.0,
      "avg_energy": 0.5426872372627258,
      "energy_label": "High"
    },
    {
      "name": "Verse",
      "start": 160.0,
      "end": 176.0,
      "avg_energy": 0.3604799509048462,
      "energy_label": "Medium"
    },
    {
      "name": "Outro",
      "start": 176.0,
      "end": 195.57008333333334,
      "avg_energy": 0.14602859318256378,
      "energy_label": "Low"
    }
  ],
  "scores": {
    "mix": 86,
    "master": 86,
    "arrangement": 81,
    "release": 84,
    "energy": 8.825788207223413,
    "bass_strength": 6.290552597333161,
    "darkness": 4.565060460023985,
    "brightness": 5.434939539976015,
    "drum_bounce": 10,
    "vocal_space": 2.27796486785442
  },
  "stem_balance": null,
  "top_problems": [
    "Clipping detected: 180 samples are near/over the limit.",
    "Mud range is elevated around 250-500 Hz.",
    "Intro may be long for short-form listener retention.",
    "Drum movement is very active; the beat could become overcrowded."
  ],
  "suggested_fixes": [
    "Lower the master/output, then use a soft clipper or limiter with safer ceiling.",
    "Gently cut 250-500 Hz on melodies, pads, or the master if the mix feels cloudy.",
    "Mute extra percussion in some sections so the hook/drop feels bigger.",
    "Consider bringing drums, 808, or a strong tag/moment in earlier."
  ],
  "artist_notes": [
    "Autotune/key starting point: D Minor. Confidence: 45.7%.",
    "Beat energy: 8.8/10. Darkness: 4.6/10.",
    "Vocal space estimate: 2.3/10. Higher means easier space for vocals."
  ],
  "producer_notes": [
    "Low-end presence looks usable for the selected style.",
    "Selected style preset: rage_trap.",
    "Dominant frequency area: Sub.",
    "Drum activity is high at 4.30 hits/sec.",
    "Estimated length: 138 bars at 169 BPM."
  ],
  "master_notes": [
    "Clipping is the first thing to fix before judging the rest of the mix.",
    "Loudness is in a usable range for the selected style.",
    "Peak: 0.00 dB. RMS: -7.35 dB. Dynamic range: 7.35 dB."
  ],
  "next_steps": [
    "Lower the master/output, then use a soft clipper or limiter with safer ceiling.",
    "Gently cut 250-500 Hz on melodies, pads, or the master if the mix feels cloudy.",
    "Mute extra percussion in some sections so the hook/drop feels bigger.",
    "Fix the top 1-2 issues, export again, then re-run SoundLens."
  ]
}