{
  "basic": {
    "file_name": "Xaviersobased - Skrap.wav",
    "file_path": "/Users/jayden/SoundLens/tracks/Xaviersobased/Xaviersobased - Skrap.wav",
    "sample_rate": 48000,
    "duration_seconds": 154.56625,
    "bpm": 117.19,
    "key": "C Minor",
    "key_note": "C",
    "key_mode": "Minor",
    "key_confidence": 47.34843611571331
  },
  "loudness": {
    "peak_db": 0.00018948322130610815,
    "rms_db": -4.526318079706725,
    "dynamic_range_db": 4.526507562928031,
    "clipping_detected": true,
    "clipping_samples": 73869,
    "clipping_percent": 0.9956491148617501,
    "headroom_db": -0.00018948322130610815
  },
  "frequency": {
    "band_percentages": {
      "Sub": 16.849437510776163,
      "Bass / 808": 14.85936171244012,
      "Mud": 13.987498294463496,
      "Low Mids": 14.065047501022715,
      "Mids / Melody": 14.243084687682531,
      "Harsh Zone": 13.629786607414337,
      "Highs": 13.595635633951234,
      "Air": 12.39993465794604,
      "Vocal Range": 14.865886395366298
    },
    "brightness_centroid_hz": 3290.642371966962,
    "brightness_label": "Medium",
    "spectral_rolloff_hz": 7813.439160513422,
    "dominant_band": "Sub",
    "low_end_total_percent": 31.708799223216282,
    "mid_total_percent": 42.29563048316874,
    "top_total_percent": 25.995570291897273
  },
  "fingerprint": {
    "mfcc_1": -51.15537643432617,
    "mfcc_2": 120.38108825683594,
    "mfcc_3": -11.054298400878906,
    "mfcc_4": 35.169403076171875,
    "mfcc_5": -15.794859886169434,
    "mfcc_6": 30.805500030517578,
    "mfcc_7": -5.4181904792785645,
    "mfcc_8": 14.63106632232666,
    "mfcc_9": 2.479278564453125,
    "mfcc_10": 13.310840606689453,
    "mfcc_11": -4.45357608795166,
    "mfcc_12": 14.904714584350586,
    "mfcc_13": -0.9432752728462219,
    "chroma_1": 0.6797292232513428,
    "chroma_2": 0.6683782339096069,
    "chroma_3": 0.7426442503929138,
    "chroma_4": 0.6939197778701782,
    "chroma_5": 0.542232871055603,
    "chroma_6": 0.5404207110404968,
    "chroma_7": 0.5061087608337402,
    "chroma_8": 0.5070507526397705,
    "chroma_9": 0.3873884081840515,
    "chroma_10": 0.37011685967445374,
    "chroma_11": 0.3601246476173401,
    "chroma_12": 0.38627761602401733,
    "spectral_contrast": 16.238843070971352,
    "spectral_flatness": 0.0022464797366410494,
    "zero_crossing_rate": 0.027525773001345663
  },
  "rhythm": {
    "onset_count": 821,
    "onset_density": 5.311638213387464,
    "drum_activity": "High",
    "estimated_bars": 75,
    "seconds_per_bar": 2.047956310265381
  },
  "sections": [
    {
      "name": "Intro",
      "start": 0.0,
      "end": 16.38365048212305,
      "avg_energy": 0.5732915997505188,
      "energy_label": "Medium"
    },
    {
      "name": "Chorus / Hook",
      "start": 16.38365048212305,
      "end": 32.7673009642461,
      "avg_energy": 0.6292590498924255,
      "energy_label": "Medium"
    },
    {
      "name": "Verse",
      "start": 32.7673009642461,
      "end": 49.15095144636915,
      "avg_energy": 0.5784727334976196,
      "energy_label": "Medium"
    },
    {
      "name": "Chorus / Hook",
      "start": 49.15095144636915,
      "end": 65.5346019284922,
      "avg_energy": 0.630394458770752,
      "energy_label": "Medium"
    },
    {
      "name": "Verse",
      "start": 65.5346019284922,
      "end": 81.91825241061524,
      "avg_energy": 0.6230472326278687,
      "energy_label": "Medium"
    },
    {
      "name": "Verse",
      "start": 81.91825241061524,
      "end": 98.30190289273828,
      "avg_energy": 0.5240111351013184,
      "energy_label": "Medium"
    },
    {
      "name": "Verse",
      "start": 98.30190289273828,
      "end": 114.68555337486133,
      "avg_energy": 0.6232341527938843,
      "energy_label": "Medium"
    },
    {
      "name": "Verse",
      "start": 114.68555337486133,
      "end": 131.0692038569844,
      "avg_energy": 0.6333635449409485,
      "energy_label": "Medium"
    },
    {
      "name": "Outro",
      "start": 131.0692038569844,
      "end": 154.56625,
      "avg_energy": 0.539960503578186,
      "energy_label": "Medium"
    }
  ],
  "scores": {
    "mix": 65,
    "master": 65,
    "arrangement": 75,
    "release": 68,
    "energy": 10,
    "bass_strength": 6.341759844643256,
    "darkness": 3.4187152560660765,
    "brightness": 6.5812847439339235,
    "drum_bounce": 10,
    "vocal_space": 2.3957081820685
  },
  "stem_balance": null,
  "top_problems": [
    "Clipping detected: 73869 samples are near/over the limit.",
    "Mud range is elevated around 250-500 Hz.",
    "Track is extremely loud for the selected style and may be crushed.",
    "Dynamic range is tight, which can make the beat feel flattened.",
    "Drum movement is very active; the beat could become overcrowded."
  ],
  "suggested_fixes": [
    "Lower the master/output, then use a soft clipper or limiter with safer ceiling.",
    "Back off limiting/clipping only if the punch or clarity disappears.",
    "Reduce over-compression or clipping on the master and let transients breathe.",
    "Gently cut 250-500 Hz on melodies, pads, or the master if the mix feels cloudy.",
    "Mute extra percussion in some sections so the hook/drop feels bigger.",
    "Check the waveform/sections by ear. If the hook feels flat, add contrast with melody layers, drum changes, or vocal energy."
  ],
  "artist_notes": [
    "Autotune/key starting point: C Minor. Confidence: 47.3%.",
    "Beat energy: 10.0/10. Darkness: 3.4/10.",
    "Vocal space estimate: 2.4/10. Higher means easier space for vocals."
  ],
  "producer_notes": [
    "Low-end presence looks usable for the selected style.",
    "Selected style preset: rage_trap.",
    "Dominant frequency area: Sub.",
    "Drum activity is high at 5.31 hits/sec.",
    "Estimated length: 75 bars at 117 BPM."
  ],
  "master_notes": [
    "Clipping is the first thing to fix before judging the rest of the mix.",
    "Peak: 0.00 dB. RMS: -4.53 dB. Dynamic range: 4.53 dB."
  ],
  "next_steps": [
    "Lower the master/output, then use a soft clipper or limiter with safer ceiling.",
    "Back off limiting/clipping only if the punch or clarity disappears.",
    "Reduce over-compression or clipping on the master and let transients breathe.",
    "Fix the technical problems first before worrying about tiny creative details."
  ]
}