{
  "basic": {
    "file_name": "Xaviersobased - Walk to me.wav",
    "file_path": "/Volumes/POLLY/tracks/Xaviersobased/Xaviersobased - Walk to me.wav",
    "sample_rate": 48000,
    "duration_seconds": 104.153125,
    "bpm": 140.0,
    "key": "C# Minor",
    "key_note": "C#",
    "key_mode": "Minor",
    "key_confidence": 43.67873362080583
  },
  "loudness": {
    "peak_db": -0.4405974446641088,
    "rms_db": -8.25326422085904,
    "dynamic_range_db": 7.812666776194931,
    "clipping_detected": false,
    "clipping_samples": 0,
    "clipping_percent": 0.0,
    "headroom_db": 0.4405974446641088
  },
  "frequency": {
    "band_percentages": {
      "Sub": 17.303572799397237,
      "Bass / 808": 14.860096100007192,
      "Mud": 13.462159336976129,
      "Low Mids": 14.171070419506945,
      "Mids / Melody": 14.221509148553526,
      "Harsh Zone": 13.474919203065433,
      "Highs": 13.491517395652819,
      "Air": 12.490074798047997,
      "Vocal Range": 14.82173764415425
    },
    "brightness_centroid_hz": 2648.424459658087,
    "brightness_label": "Medium",
    "spectral_rolloff_hz": 6270.845334101383,
    "dominant_band": "Sub",
    "low_end_total_percent": 32.16366889940443,
    "mid_total_percent": 41.8547389050366,
    "top_total_percent": 25.981592193700816
  },
  "fingerprint": {
    "mfcc_1": -152.4828643798828,
    "mfcc_2": -23.68865203857422,
    "mfcc_3": -10.114635467529297,
    "mfcc_4": -0.23763667047023773,
    "mfcc_5": -1.132388710975647,
    "mfcc_6": 6.788492679595947,
    "mfcc_7": -1.2165919542312622,
    "mfcc_8": 8.792452812194824,
    "mfcc_9": 2.6245641708374023,
    "mfcc_10": 16.958499908447266,
    "mfcc_11": 1.4945523738861084,
    "mfcc_12": 13.016318321228027,
    "mfcc_13": -0.12832458317279816,
    "chroma_1": 0.4058840572834015,
    "chroma_2": 0.8140952587127686,
    "chroma_3": 0.6137971878051758,
    "chroma_4": 0.317863404750824,
    "chroma_5": 0.27501311898231506,
    "chroma_6": 0.19275008141994476,
    "chroma_7": 0.21197645366191864,
    "chroma_8": 0.16044792532920837,
    "chroma_9": 0.24772752821445465,
    "chroma_10": 0.3103836476802826,
    "chroma_11": 0.17544731497764587,
    "chroma_12": 0.22616350650787354,
    "spectral_contrast": 22.220100790704922,
    "spectral_flatness": 0.008257553912699223,
    "zero_crossing_rate": 0.04105742170084708,
    "embed_mfcc_1_mean": -152.4828643798828,
    "embed_mfcc_1_std": 54.66483688354492,
    "embed_mfcc_2_mean": -23.68865203857422,
    "embed_mfcc_2_std": 27.22696876525879,
    "embed_mfcc_3_mean": -10.114635467529297,
    "embed_mfcc_3_std": 19.19879722595215,
    "embed_mfcc_4_mean": -0.23763667047023773,
    "embed_mfcc_4_std": 13.2919282913208,
    "embed_mfcc_5_mean": -1.132388710975647,
    "embed_mfcc_5_std": 15.065190315246582,
    "embed_mfcc_6_mean": 6.788492679595947,
    "embed_mfcc_6_std": 11.934008598327637,
    "embed_mfcc_7_mean": -1.2165919542312622,
    "embed_mfcc_7_std": 10.860177993774414,
    "embed_mfcc_8_mean": 8.792452812194824,
    "embed_mfcc_8_std": 9.3804292678833,
    "embed_mfcc_9_mean": 2.6245641708374023,
    "embed_mfcc_9_std": 9.344679832458496,
    "embed_mfcc_10_mean": 16.958499908447266,
    "embed_mfcc_10_std": 7.38898229598999,
    "embed_mfcc_11_mean": 1.4945523738861084,
    "embed_mfcc_11_std": 9.15300178527832,
    "embed_mfcc_12_mean": 13.016318321228027,
    "embed_mfcc_12_std": 8.646200180053711,
    "embed_mfcc_13_mean": -0.12832458317279816,
    "embed_mfcc_13_std": 11.728093147277832,
    "embed_mfcc_14_mean": 9.779577255249023,
    "embed_mfcc_14_std": 7.719046592712402,
    "embed_mfcc_15_mean": 10.383798599243164,
    "embed_mfcc_15_std": 6.738119125366211,
    "embed_mfcc_16_mean": 3.6503207683563232,
    "embed_mfcc_16_std": 7.079958438873291,
    "embed_mfcc_17_mean": 11.714394569396973,
    "embed_mfcc_17_std": 7.242202281951904,
    "embed_mfcc_18_mean": 7.168051242828369,
    "embed_mfcc_18_std": 7.411673069000244,
    "embed_mfcc_19_mean": 4.339176177978516,
    "embed_mfcc_19_std": 6.473088264465332,
    "embed_mfcc_20_mean": -3.878277540206909,
    "embed_mfcc_20_std": 7.635653972625732,
    "embed_chroma_1_mean": 0.4058840572834015,
    "embed_chroma_1_std": 0.31603726744651794,
    "embed_chroma_2_mean": 0.8140952587127686,
    "embed_chroma_2_std": 0.2545923888683319,
    "embed_chroma_3_mean": 0.6137971878051758,
    "embed_chroma_3_std": 0.29784461855888367,
    "embed_chroma_4_mean": 0.317863404750824,
    "embed_chroma_4_std": 0.1543782651424408,
    "embed_chroma_5_mean": 0.27501311898231506,
    "embed_chroma_5_std": 0.18939413130283356,
    "embed_chroma_6_mean": 0.19275008141994476,
    "embed_chroma_6_std": 0.1422453224658966,
    "embed_chroma_7_mean": 0.21197645366191864,
    "embed_chroma_7_std": 0.14100228250026703,
    "embed_chroma_8_mean": 0.16044792532920837,
    "embed_chroma_8_std": 0.09284292906522751,
    "embed_chroma_9_mean": 0.24772752821445465,
    "embed_chroma_9_std": 0.18797153234481812,
    "embed_chroma_10_mean": 0.3103836476802826,
    "embed_chroma_10_std": 0.30447977781295776,
    "embed_chroma_11_mean": 0.17544731497764587,
    "embed_chroma_11_std": 0.16894851624965668,
    "embed_chroma_12_mean": 0.22616350650787354,
    "embed_chroma_12_std": 0.24540510773658752,
    "embed_contrast_1_mean": 22.36349105834961,
    "embed_contrast_1_std": 4.905933380126953,
    "embed_contrast_2_mean": 13.266935348510742,
    "embed_contrast_2_std": 3.785977363586426,
    "embed_contrast_3_mean": 16.543859481811523,
    "embed_contrast_3_std": 3.6994593143463135,
    "embed_contrast_4_mean": 17.66658592224121,
    "embed_contrast_4_std": 3.6203346252441406,
    "embed_contrast_5_mean": 18.781078338623047,
    "embed_contrast_5_std": 2.9074268341064453,
    "embed_contrast_6_mean": 18.400249481201172,
    "embed_contrast_6_std": 3.2574069499969482,
    "embed_contrast_7_mean": 48.51850891113281,
    "embed_contrast_7_std": 3.7776970863342285,
    "embed_chroma_entropy": 2.3465025424957275,
    "embed_centroid_mean": 2157.5091987963915,
    "embed_centroid_std": 845.5415948218555,
    "embed_rolloff_mean": 5088.810468070804,
    "embed_rolloff_std": 1899.9624348634998,
    "embed_flatness_mean": 0.008257553912699223,
    "embed_flatness_std": 0.01594773679971695,
    "embed_zcr_mean": 0.04105742170084708,
    "embed_zcr_std": 0.05854404051412388,
    "embed_rms_mean": 0.3716594874858856,
    "embed_rms_std": 0.11029905825853348,
    "embed_onset_mean": 1.4077039957046509,
    "embed_onset_std": 1.111419439315796,
    "fingerprint_version": 2.0,
    "fingerprint_duration_seconds": 104.15315192743765,
    "embed_mfcc_delta_mean": -0.002991962479427457,
    "embed_mfcc_delta_std": 2.358621835708618,
    "embed_chroma_delta_mean": -2.505701377231162e-05,
    "embed_chroma_delta_std": 0.019183320924639702,
    "embed_onset_peak": 15.816676139831543,
    "embed_onset_p95": 3.5597445964813232,
    "embed_rms_p10": 0.15109117329120636,
    "embed_rms_p50": 0.4129956066608429,
    "embed_rms_p90": 0.4633778929710388,
    "embedding_nonzero_count": 100.0
  },
  "rhythm": {
    "onset_count": 667,
    "onset_density": 6.40403252422815,
    "drum_activity": "High",
    "estimated_bars": 61,
    "seconds_per_bar": 1.7142857142857142
  },
  "sections": [
    {
      "name": "Intro",
      "start": 0.0,
      "end": 16.0,
      "avg_energy": 0.4175179600715637,
      "energy_label": "Medium"
    },
    {
      "name": "Chorus / Hook",
      "start": 16.0,
      "end": 32.0,
      "avg_energy": 0.41762951016426086,
      "energy_label": "Medium"
    },
    {
      "name": "Verse",
      "start": 32.0,
      "end": 48.0,
      "avg_energy": 0.41031521558761597,
      "energy_label": "Medium"
    },
    {
      "name": "Chorus / Hook",
      "start": 48.0,
      "end": 64.0,
      "avg_energy": 0.410160094499588,
      "energy_label": "Medium"
    },
    {
      "name": "Verse",
      "start": 64.0,
      "end": 80.0,
      "avg_energy": 0.4125676453113556,