{
  "basic": {
    "file_name": "Xaviersobased - Party At My Place.wav",
    "file_path": "/Volumes/POLLY/tracks/Xaviersobased/Xaviersobased - Party At My Place.wav",
    "sample_rate": 48000,
    "duration_seconds": 141.6,
    "bpm": 140.0,
    "key": "C Minor",
    "key_note": "C",
    "key_mode": "Minor",
    "key_confidence": 42.26623552784376
  },
  "loudness": {
    "peak_db": 7.248068105962326e-06,
    "rms_db": -7.1772461466308,
    "dynamic_range_db": 7.177253394698906,
    "clipping_detected": true,
    "clipping_samples": 9424,
    "clipping_percent": 0.13865348399246705,
    "headroom_db": -7.248068105962326e-06
  },
  "frequency": {
    "band_percentages": {
      "Sub": 16.406617483796165,
      "Bass / 808": 14.723654405383298,
      "Mud": 14.008079071319637,
      "Low Mids": 14.124564318612446,
      "Mids / Melody": 14.489316019728832,
      "Harsh Zone": 13.733231969452431,
      "Highs": 13.605958698265574,
      "Air": 12.641810001163847,
      "Vocal Range": 15.000684522792238
    },
    "brightness_centroid_hz": 3649.0493526013056,
    "brightness_label": "High",
    "spectral_rolloff_hz": 7706.033208421211,
    "dominant_band": "Sub",
    "low_end_total_percent": 31.13027188917946,
    "mid_total_percent": 42.62195940966092,
    "top_total_percent": 26.24776869942942
  },
  "fingerprint": {
    "mfcc_1": -112.09571075439453,
    "mfcc_2": -31.61052703857422,
    "mfcc_3": -8.363568305969238,
    "mfcc_4": 1.6313328742980957,
    "mfcc_5": -0.31480762362480164,
    "mfcc_6": 6.854915618896484,
    "mfcc_7": 1.1476904153823853,
    "mfcc_8": 2.236964464187622,
    "mfcc_9": -2.7752556800842285,
    "mfcc_10": 4.973072052001953,
    "mfcc_11": -0.3930836021900177,
    "mfcc_12": 2.7846274375915527,
    "mfcc_13": 3.042689800262451,
    "chroma_1": 0.876179039478302,
    "chroma_2": 0.6510637402534485,
    "chroma_3": 0.7991011738777161,
    "chroma_4": 0.6717605590820312,
    "chroma_5": 0.638663113117218,
    "chroma_6": 0.6594272255897522,
    "chroma_7": 0.5146230459213257,
    "chroma_8": 0.42985010147094727,
    "chroma_9": 0.44592729210853577,
    "chroma_10": 0.46202564239501953,
    "chroma_11": 0.4311458170413971,
    "chroma_12": 0.3466612696647644,
    "spectral_contrast": 20.74014524415333,
    "spectral_flatness": 0.028414858505129814,
    "zero_crossing_rate": 0.08171794879547213,
    "embed_mfcc_1_mean": -112.09571075439453,
    "embed_mfcc_1_std": 97.59947967529297,
    "embed_mfcc_2_mean": -31.61052703857422,
    "embed_mfcc_2_std": 35.418701171875,
    "embed_mfcc_3_mean": -8.363568305969238,
    "embed_mfcc_3_std": 31.157249450683594,
    "embed_mfcc_4_mean": 1.6313328742980957,
    "embed_mfcc_4_std": 19.068626403808594,
    "embed_mfcc_5_mean": -0.31480762362480164,
    "embed_mfcc_5_std": 15.992506980895996,
    "embed_mfcc_6_mean": 6.854915618896484,
    "embed_mfcc_6_std": 16.364126205444336,
    "embed_mfcc_7_mean": 1.1476904153823853,
    "embed_mfcc_7_std": 14.69478702545166,
    "embed_mfcc_8_mean": 2.236964464187622,
    "embed_mfcc_8_std": 13.530538558959961,
    "embed_mfcc_9_mean": -2.7752556800842285,
    "embed_mfcc_9_std": 11.655219078063965,
    "embed_mfcc_10_mean": 4.973072052001953,
    "embed_mfcc_10_std": 10.244215965270996,
    "embed_mfcc_11_mean": -0.3930836021900177,
    "embed_mfcc_11_std": 11.740962028503418,
    "embed_mfcc_12_mean": 2.7846274375915527,
    "embed_mfcc_12_std": 9.96911334991455,
    "embed_mfcc_13_mean": 3.042689800262451,
    "embed_mfcc_13_std": 9.345968246459961,
    "embed_mfcc_14_mean": 1.3863921165466309,
    "embed_mfcc_14_std": 9.950142860412598,
    "embed_mfcc_15_mean": 4.64692497253418,
    "embed_mfcc_15_std": 8.880868911743164,
    "embed_mfcc_16_mean": 0.8456724286079407,
    "embed_mfcc_16_std": 7.755500316619873,
    "embed_mfcc_17_mean": -2.349116802215576,
    "embed_mfcc_17_std": 8.856355667114258,
    "embed_mfcc_18_mean": 1.8511146306991577,
    "embed_mfcc_18_std": 7.915402889251709,
    "embed_mfcc_19_mean": 0.31194859743118286,
    "embed_mfcc_19_std": 7.29180908203125,
    "embed_mfcc_20_mean": 2.6648950576782227,
    "embed_mfcc_20_std": 7.254939079284668,
    "embed_chroma_1_mean": 0.876179039478302,
    "embed_chroma_1_std": 0.20941178500652313,
    "embed_chroma_2_mean": 0.6510637402534485,
    "embed_chroma_2_std": 0.20942099392414093,
    "embed_chroma_3_mean": 0.7991011738777161,
    "embed_chroma_3_std": 0.17161230742931366,
    "embed_chroma_4_mean": 0.6717605590820312,
    "embed_chroma_4_std": 0.19793036580085754,
    "embed_chroma_5_mean": 0.638663113117218,
    "embed_chroma_5_std": 0.2011973261833191,
    "embed_chroma_6_mean": 0.6594272255897522,
    "embed_chroma_6_std": 0.22674286365509033,
    "embed_chroma_7_mean": 0.5146230459213257,
    "embed_chroma_7_std": 0.1790459007024765,
    "embed_chroma_8_mean": 0.42985010147094727,
    "embed_chroma_8_std": 0.10956652462482452,
    "embed_chroma_9_mean": 0.44592729210853577,
    "embed_chroma_9_std": 0.14361383020877838,
    "embed_chroma_10_mean": 0.46202564239501953,
    "embed_chroma_10_std": 0.21465767920017242,
    "embed_chroma_11_mean": 0.4311458170413971,
    "embed_chroma_11_std": 0.21497616171836853,
    "embed_chroma_12_mean": 0.3466612696647644,
    "embed_chroma_12_std": 0.16752184927463531,
    "embed_contrast_1_mean": 20.858766555786133,
    "embed_contrast_1_std": 5.401780128479004,
    "embed_contrast_2_mean": 13.077747344970703,
    "embed_contrast_2_std": 4.199803352355957,
    "embed_contrast_3_mean": 16.312360763549805,
    "embed_contrast_3_std": 4.670377254486084,
    "embed_contrast_4_mean": 14.95908260345459,
    "embed_contrast_4_std": 3.9175288677215576,
    "embed_contrast_5_mean": 16.15521240234375,
    "embed_contrast_5_std": 3.4356319904327393,
    "embed_contrast_6_mean": 16.220226287841797,
    "embed_contrast_6_std": 3.1040432453155518,
    "embed_contrast_7_mean": 47.597618103027344,
    "embed_contrast_7_std": 3.4416568279266357,
    "embed_chroma_entropy": 2.4484941959381104,
    "embed_centroid_mean": 2606.1304239815654,
    "embed_centroid_std": 1065.761912171764,
    "embed_rolloff_mean": 5752.813130192712,
    "embed_rolloff_std": 2097.1155787626403,
    "embed_flatness_mean": 0.028414858505129814,
    "embed_flatness_std": 0.044236425310373306,
    "embed_zcr_mean": 0.08171794879547213,
    "embed_zcr_std": 0.09205297525424937,
    "embed_rms_mean": 0.364400714635849,
    "embed_rms_std": 0.12850195169448853,
    "embed_onset_mean": 2.0294594764709473,
    "embed_onset_std": 2.8418030738830566,
    "fingerprint_version": 2.0,
    "fingerprint_duration_seconds": 141.6,
    "embed_mfcc_delta_mean": -0.000433812354458496,
    "embed_mfcc_delta_std": 4.24515438079834,
    "embed_chroma_delta_mean": -7.055552123347297e-05,
    "embed_chroma_delta_std": 0.027941811829805374,
    "embed_onset_peak": 28.637344360351562,
    "embed_onset_p95": 6.6226372718811035,
    "embed_rms_p10": 0.17042168974876404,
    "embed_rms_p50": 0.4203963875770569,
    "embed_rms_p90": 0.49129411578178406,
    "embedding_nonzero_count": 100.0
  },
  "rhythm": {
    "onset_count": 689,
    "onset_density": 4.8658192090395485,
    "drum_activity": "High",
    "estimated_bars": 83,
    "seconds_per_bar": 1.7142857142857142
  },
  "sections": [
    {
      "name": "Intro",
      "start": 0.0,
      "end": 16.0,
      "avg_energy": 0.3488616943359375,
      "energy_label": "Low"
    },
    {
      "name": "Chorus / Hook",
      "start": 16.0,
      "end": 32.0,
      "avg_energy": 0.37275275588035583,
      "energy_label": "Medium"
    },
    {
      "name": "Verse",
      "start": 32.0,
      "end": 48.0,
      "avg_energy": 0.3611425459384918,
      "energy_label": "Low"
    },
    {
      "name": "Chorus / Hook",
      "start": 48.0,
      "end": 64.0,
      "avg_energy": 0.4646202623844147,
      "energy_label": "Medium"
    },
    {
      "name": "Verse",
      "start": 64.0,
      "end": 80.0,
      "avg_energy": 0.42019400000572205,