{
  "basic": {
    "file_name": "Xaviersobased - 34babyyyy.wav",
    "file_path": "/Volumes/POLLY/tracks/Xaviersobased/Xaviersobased - 34babyyyy.wav",
    "sample_rate": 48000,
    "duration_seconds": 195.57008333333334,
    "bpm": 140.0,
    "key": "D Minor",
    "key_note": "D",
    "key_mode": "Minor",
    "key_confidence": 44.05759181965472
  },
  "loudness": {
    "peak_db": 9.733069556283539e-05,
    "rms_db": -7.348423585553174,
    "dynamic_range_db": 7.348520916248737,
    "clipping_detected": true,
    "clipping_samples": 180,
    "clipping_percent": 0.0019174711878648788,
    "headroom_db": -9.733069556283539e-05
  },
  "frequency": {
    "band_percentages": {
      "Sub": 16.8035355284285,
      "Bass / 808": 14.649227458237302,
      "Mud": 14.14333540162901,
      "Low Mids": 14.452906800457832,
      "Mids / Melody": 14.320210807536224,
      "Harsh Zone": 13.670400639120519,
      "Highs": 13.611672159159788,
      "Air": 12.019111842810116,
      "Vocal Range": 15.088308219898677
    },
    "brightness_centroid_hz": 2717.4697699880076,
    "brightness_label": "Medium",
    "spectral_rolloff_hz": 5820.401128306517,
    "dominant_band": "Sub",
    "low_end_total_percent": 31.452762986665803,
    "mid_total_percent": 42.91645300962307,
    "top_total_percent": 25.630784001969904
  },
  "fingerprint": {
    "mfcc_1": -116.7730484008789,
    "mfcc_2": -23.20779037475586,
    "mfcc_3": -10.6566162109375,
    "mfcc_4": 0.3582887351512909,
    "mfcc_5": -3.538808822631836,
    "mfcc_6": -0.27133122086524963,
    "mfcc_7": 1.1621568202972412,
    "mfcc_8": 1.135784387588501,
    "mfcc_9": -4.6631879806518555,
    "mfcc_10": 9.576427459716797,
    "mfcc_11": 0.6379075646400452,
    "mfcc_12": 12.256970405578613,
    "mfcc_13": 2.0873773097991943,
    "chroma_1": 0.24980002641677856,
    "chroma_2": 0.5502537488937378,
    "chroma_3": 0.7855541110038757,
    "chroma_4": 0.3556532859802246,
    "chroma_5": 0.2597886621952057,
    "chroma_6": 0.1950666308403015,
    "chroma_7": 0.17434276640415192,
    "chroma_8": 0.16041289269924164,
    "chroma_9": 0.14934591948986053,
    "chroma_10": 0.16569079458713531,
    "chroma_11": 0.13028046488761902,
    "chroma_12": 0.1591925024986267,
    "spectral_contrast": 21.913387517187676,
    "spectral_flatness": 0.011538203805685043,
    "zero_crossing_rate": 0.05956927320167376,
    "embed_mfcc_1_mean": -116.7730484008789,
    "embed_mfcc_1_std": 71.09742736816406,
    "embed_mfcc_2_mean": -23.20779037475586,
    "embed_mfcc_2_std": 33.071128845214844,
    "embed_mfcc_3_mean": -10.6566162109375,
    "embed_mfcc_3_std": 26.148107528686523,
    "embed_mfcc_4_mean": 0.3582887351512909,
    "embed_mfcc_4_std": 18.049766540527344,
    "embed_mfcc_5_mean": -3.538808822631836,
    "embed_mfcc_5_std": 17.28767967224121,
    "embed_mfcc_6_mean": -0.27133122086524963,
    "embed_mfcc_6_std": 13.5414400100708,
    "embed_mfcc_7_mean": 1.1621568202972412,
    "embed_mfcc_7_std": 14.267546653747559,
    "embed_mfcc_8_mean": 1.135784387588501,
    "embed_mfcc_8_std": 13.836934089660645,
    "embed_mfcc_9_mean": -4.6631879806518555,
    "embed_mfcc_9_std": 11.004112243652344,
    "embed_mfcc_10_mean": 9.576427459716797,
    "embed_mfcc_10_std": 12.701092720031738,
    "embed_mfcc_11_mean": 0.6379075646400452,
    "embed_mfcc_11_std": 10.881509780883789,
    "embed_mfcc_12_mean": 12.256970405578613,
    "embed_mfcc_12_std": 9.753473281860352,
    "embed_mfcc_13_mean": 2.0873773097991943,
    "embed_mfcc_13_std": 9.066081047058105,
    "embed_mfcc_14_mean": 5.888607501983643,
    "embed_mfcc_14_std": 8.728333473205566,
    "embed_mfcc_15_mean": 2.9809532165527344,
    "embed_mfcc_15_std": 7.873774528503418,
    "embed_mfcc_16_mean": 6.539875030517578,
    "embed_mfcc_16_std": 7.53589391708374,
    "embed_mfcc_17_mean": -0.3244180679321289,
    "embed_mfcc_17_std": 7.017724514007568,
    "embed_mfcc_18_mean": 7.272809982299805,
    "embed_mfcc_18_std": 7.640087127685547,
    "embed_mfcc_19_mean": -0.5254338383674622,
    "embed_mfcc_19_std": 6.2796244621276855,
    "embed_mfcc_20_mean": 2.2217392921447754,
    "embed_mfcc_20_std": 6.460267543792725,
    "embed_chroma_1_mean": 0.24980002641677856,
    "embed_chroma_1_std": 0.18108581006526947,
    "embed_chroma_2_mean": 0.5502537488937378,
    "embed_chroma_2_std": 0.37069791555404663,
    "embed_chroma_3_mean": 0.7855541110038757,
    "embed_chroma_3_std": 0.2764977812767029,
    "embed_chroma_4_mean": 0.3556532859802246,
    "embed_chroma_4_std": 0.18141120672225952,
    "embed_chroma_5_mean": 0.2597886621952057,
    "embed_chroma_5_std": 0.17292910814285278,
    "embed_chroma_6_mean": 0.1950666308403015,
    "embed_chroma_6_std": 0.1456621289253235,
    "embed_chroma_7_mean": 0.17434276640415192,
    "embed_chroma_7_std": 0.13618864119052887,
    "embed_chroma_8_mean": 0.16041289269924164,
    "embed_chroma_8_std": 0.1870141327381134,
    "embed_chroma_9_mean": 0.14934591948986053,
    "embed_chroma_9_std": 0.15677256882190704,
    "embed_chroma_10_mean": 0.16569079458713531,
    "embed_chroma_10_std": 0.1632952243089676,
    "embed_chroma_11_mean": 0.13028046488761902,
    "embed_chroma_11_std": 0.14191333949565887,
    "embed_chroma_12_mean": 0.1591925024986267,
    "embed_chroma_12_std": 0.2059444636106491,
    "embed_contrast_1_mean": 21.090011596679688,
    "embed_contrast_1_std": 4.803530693054199,
    "embed_contrast_2_mean": 14.393498420715332,
    "embed_contrast_2_std": 4.4058098793029785,
    "embed_contrast_3_mean": 17.51620864868164,
    "embed_contrast_3_std": 4.189558982849121,
    "embed_contrast_4_mean": 16.704757690429688,
    "embed_contrast_4_std": 3.387861728668213,
    "embed_contrast_5_mean": 17.028186798095703,
    "embed_contrast_5_std": 2.8978893756866455,
    "embed_contrast_6_mean": 17.733510971069336,
    "embed_contrast_6_std": 3.018509864807129,
    "embed_contrast_7_mean": 48.92753601074219,
    "embed_contrast_7_std": 3.4244792461395264,
    "embed_chroma_entropy": 2.295750141143799,
    "embed_centroid_mean": 2450.552829942442,
    "embed_centroid_std": 940.3485477837128,
    "embed_rolloff_mean": 5468.739847944986,
    "embed_rolloff_std": 1903.2170769642278,
    "embed_flatness_mean": 0.011538203805685043,
    "embed_flatness_std": 0.020449910312891006,
    "embed_zcr_mean": 0.05956927320167376,
    "embed_zcr_std": 0.0637577787372882,
    "embed_rms_mean": 0.41702866554260254,
    "embed_rms_std": 0.15085811913013458,
    "embed_onset_mean": 1.4350608587265015,
    "embed_onset_std": 1.0896822214126587,
    "fingerprint_version": 2.0,
    "fingerprint_duration_seconds": 195.5701133786848,
    "embed_mfcc_delta_mean": 0.003747672075405717,
    "embed_mfcc_delta_std": 2.752192258834839,
    "embed_chroma_delta_mean": -9.921568562276661e-05,
    "embed_chroma_delta_std": 0.02122548222541809,
    "embed_onset_peak": 11.120776176452637,
    "embed_onset_p95": 3.5600078105926514,
    "embed_rms_p10": 0.11353270709514618,
    "embed_rms_p50": 0.48331815004348755,
    "embed_rms_p90": 0.515493631362915,
    "embedding_nonzero_count": 100.0
  },
  "rhythm": {
    "onset_count": 841,
    "onset_density": 4.3002487173183015,
    "drum_activity": "High",
    "estimated_bars": 114,
    "seconds_per_bar": 1.7142857142857142
  },
  "sections": [
    {
      "name": "Intro",
      "start": 0.0,
      "end": 16.0,
      "avg_energy": 0.07923129945993423,
      "energy_label": "Low"
    },
    {
      "name": "Chorus / Hook",
      "start": 16.0,
      "end": 32.0,
      "avg_energy": 0.12068570405244827,
      "energy_label": "Low"
    },
    {
      "name": "Verse",
      "start": 32.0,
      "end": 48.0,
      "avg_energy": 0.36586397886276245,
      "energy_label": "Medium"
    },
    {
      "name": "Chorus / Hook",
      "start": 48.0,
      "end": 64.0,
      "avg_energy": 0.5290961861610413,
      "energy_label": "High"
    },
    {
      "name": "Verse",
      "start": 64.0,
      "end": 80.0,
      "avg_energy": 0.5304872393608093,