{
  "basic": {
    "file_name": "D Savage - No Pass.wav",
    "file_path": "/Volumes/POLLY/tracks/D Savage/D Savage - No Pass.wav",
    "sample_rate": 48000,
    "duration_seconds": 107.32022916666666,
    "bpm": 140.0,
    "key": "C Minor",
    "key_note": "C",
    "key_mode": "Minor",
    "key_confidence": 44.90789241300981
  },
  "loudness": {
    "peak_db": 0.0011616845707168252,
    "rms_db": -7.26425930753355,
    "dynamic_range_db": 7.265420992104267,
    "clipping_detected": true,
    "clipping_samples": 33729,
    "clipping_percent": 0.6547577334266936,
    "headroom_db": -0.0011616845707168252
  },
  "frequency": {
    "band_percentages": {
      "Sub": 17.53452499824924,
      "Bass / 808": 15.289370811718642,
      "Mud": 14.6992407025896,
      "Low Mids": 14.3731767820989,
      "Mids / Melody": 13.790650712666622,
      "Harsh Zone": 12.851740424384662,
      "Highs": 13.06796072066232,
      "Air": 11.245075270153258,
      "Vocal Range": 15.182640876224667
    },
    "brightness_centroid_hz": 1760.861680845642,
    "brightness_label": "Low",
    "spectral_rolloff_hz": 3775.370825879547,
    "dominant_band": "Sub",
    "low_end_total_percent": 32.82389580996788,
    "mid_total_percent": 42.86306819735512,
    "top_total_percent": 24.313035990815578
  },
  "fingerprint": {
    "mfcc_1": -237.20738220214844,
    "mfcc_2": 18.161197662353516,
    "mfcc_3": 12.734736442565918,
    "mfcc_4": -1.5692082643508911,
    "mfcc_5": -7.33251953125,
    "mfcc_6": -8.276927947998047,
    "mfcc_7": -21.668859481811523,
    "mfcc_8": -2.4573235511779785,
    "mfcc_9": -13.812808990478516,
    "mfcc_10": 4.459169864654541,
    "mfcc_11": 0.8482488989830017,
    "mfcc_12": 0.6550142168998718,
    "mfcc_13": -4.331969261169434,
    "chroma_1": 0.3666752874851227,
    "chroma_2": 0.5156745314598083,
    "chroma_3": 0.346049964427948,
    "chroma_4": 0.6230041980743408,
    "chroma_5": 0.3473222553730011,
    "chroma_6": 0.3317638635635376,
    "chroma_7": 0.5042127966880798,
    "chroma_8": 0.3017785847187042,
    "chroma_9": 0.3164117932319641,
    "chroma_10": 0.1839616447687149,
    "chroma_11": 0.27221953868865967,
    "chroma_12": 0.27565398812294006,
    "spectral_contrast": 23.057624178662163,
    "spectral_flatness": 0.004988413769751787,
    "zero_crossing_rate": 0.03903196921651882,
    "embed_mfcc_1_mean": -237.20738220214844,
    "embed_mfcc_1_std": 116.5808334350586,
    "embed_mfcc_2_mean": 18.161197662353516,
    "embed_mfcc_2_std": 57.61543655395508,
    "embed_mfcc_3_mean": 12.734736442565918,
    "embed_mfcc_3_std": 48.29753875732422,
    "embed_mfcc_4_mean": -1.5692082643508911,
    "embed_mfcc_4_std": 21.69233512878418,
    "embed_mfcc_5_mean": -7.33251953125,
    "embed_mfcc_5_std": 21.47795295715332,
    "embed_mfcc_6_mean": -8.276927947998047,
    "embed_mfcc_6_std": 21.19875717163086,
    "embed_mfcc_7_mean": -21.668859481811523,
    "embed_mfcc_7_std": 19.581079483032227,
    "embed_mfcc_8_mean": -2.4573235511779785,
    "embed_mfcc_8_std": 19.455751419067383,
    "embed_mfcc_9_mean": -13.812808990478516,
    "embed_mfcc_9_std": 17.864654541015625,
    "embed_mfcc_10_mean": 4.459169864654541,
    "embed_mfcc_10_std": 18.815595626831055,
    "embed_mfcc_11_mean": 0.8482488989830017,
    "embed_mfcc_11_std": 12.843575477600098,
    "embed_mfcc_12_mean": 0.6550142168998718,
    "embed_mfcc_12_std": 13.542312622070312,
    "embed_mfcc_13_mean": -4.331969261169434,
    "embed_mfcc_13_std": 11.026982307434082,
    "embed_mfcc_14_mean": 0.7841437458992004,
    "embed_mfcc_14_std": 11.162810325622559,
    "embed_mfcc_15_mean": 0.6497476100921631,
    "embed_mfcc_15_std": 10.19580364227295,
    "embed_mfcc_16_mean": 7.165083408355713,
    "embed_mfcc_16_std": 9.372588157653809,
    "embed_mfcc_17_mean": 0.18519799411296844,
    "embed_mfcc_17_std": 9.878117561340332,
    "embed_mfcc_18_mean": 5.654110908508301,
    "embed_mfcc_18_std": 9.41278076171875,
    "embed_mfcc_19_mean": 4.186540126800537,
    "embed_mfcc_19_std": 8.380476951599121,
    "embed_mfcc_20_mean": 7.078451156616211,
    "embed_mfcc_20_std": 7.753786087036133,
    "embed_chroma_1_mean": 0.3666752874851227,
    "embed_chroma_1_std": 0.3335030972957611,
    "embed_chroma_2_mean": 0.5156745314598083,
    "embed_chroma_2_std": 0.33406883478164673,
    "embed_chroma_3_mean": 0.346049964427948,
    "embed_chroma_3_std": 0.1931632161140442,
    "embed_chroma_4_mean": 0.6230041980743408,
    "embed_chroma_4_std": 0.3358234763145447,
    "embed_chroma_5_mean": 0.3473222553730011,
    "embed_chroma_5_std": 0.22250698506832123,
    "embed_chroma_6_mean": 0.3317638635635376,
    "embed_chroma_6_std": 0.24137599766254425,
    "embed_chroma_7_mean": 0.5042127966880798,
    "embed_chroma_7_std": 0.3609001040458679,
    "embed_chroma_8_mean": 0.3017785847187042,
    "embed_chroma_8_std": 0.22299078106880188,
    "embed_chroma_9_mean": 0.3164117932319641,
    "embed_chroma_9_std": 0.20995959639549255,
    "embed_chroma_10_mean": 0.1839616447687149,
    "embed_chroma_10_std": 0.12122483551502228,
    "embed_chroma_11_mean": 0.27221953868865967,
    "embed_chroma_11_std": 0.20267817378044128,
    "embed_chroma_12_mean": 0.27565398812294006,
    "embed_chroma_12_std": 0.25181448459625244,
    "embed_contrast_1_mean": 21.45803451538086,
    "embed_contrast_1_std": 5.807162284851074,
    "embed_contrast_2_mean": 16.90033721923828,
    "embed_contrast_2_std": 5.04155969619751,
    "embed_contrast_3_mean": 19.526819229125977,
    "embed_contrast_3_std": 4.097590923309326,
    "embed_contrast_4_mean": 19.693864822387695,
    "embed_contrast_4_std": 4.378345012664795,
    "embed_contrast_5_mean": 18.189062118530273,
    "embed_contrast_5_std": 3.769649028778076,
    "embed_contrast_6_mean": 17.607410430908203,
    "embed_contrast_6_std": 3.1215059757232666,
    "embed_contrast_7_mean": 48.0278434753418,
    "embed_contrast_7_std": 4.149326324462891,
    "embed_chroma_entropy": 2.4352071285247803,
    "embed_centroid_mean": 1674.5712574509178,
    "embed_centroid_std": 1009.0927151304682,
    "embed_rolloff_mean": 3877.6933485994296,
    "embed_rolloff_std": 2669.6465809931165,
    "embed_flatness_mean": 0.004988413769751787,
    "embed_flatness_std": 0.013211247511208057,
    "embed_zcr_mean": 0.03903196921651882,
    "embed_zcr_std": 0.045741067205708454,
    "embed_rms_mean": 0.33335715532302856,
    "embed_rms_std": 0.19828838109970093,
    "embed_onset_mean": 1.9512213468551636,
    "embed_onset_std": 2.491488456726074,
    "fingerprint_version": 2.0,
    "fingerprint_duration_seconds": 107.32027210884354,
    "embed_mfcc_delta_mean": 0.0012147650122642517,
    "embed_mfcc_delta_std": 4.993399620056152,
    "embed_chroma_delta_mean": -2.4918894268921576e-05,
    "embed_chroma_delta_std": 0.025784382596611977,
    "embed_onset_peak": 21.55879020690918,
    "embed_onset_p95": 7.088467597961426,
    "embed_rms_p10": 0.08298468589782715,
    "embed_rms_p50": 0.40837162733078003,
    "embed_rms_p90": 0.5470611453056335,
    "embedding_nonzero_count": 100.0
  },
  "rhythm": {
    "onset_count": 617,
    "onset_density": 5.749149110013626,
    "drum_activity": "High",
    "estimated_bars": 63,
    "seconds_per_bar": 1.7142857142857142
  },
  "sections": [
    {
      "name": "Intro",
      "start": 0.0,
      "end": 16.0,
      "avg_energy": 0.24313317239284515,
      "energy_label": "Low"
    },
    {
      "name": "Chorus / Hook",
      "start": 16.0,
      "end": 32.0,
      "avg_energy": 0.5221508145332336,
      "energy_label": "High"
    },
    {
      "name": "Verse",
      "start": 32.0,
      "end": 48.0,
      "avg_energy": 0.5316498875617981,
      "energy_label": "High"
    },
    {
      "name": "Chorus / Hook",
      "start": 48.0,
      "end": 64.0,
      "avg_energy": 0.4798334538936615,
      "energy_label": "High"
    },
    {
      "name": "Verse",
      "start": 64.0,
      "end": 80.0,
      "avg_energy": 0.27083417773246765,