{
  "basic": {
    "file_name": "D Savage - Breathe.wav",
    "file_path": "/Volumes/POLLY/tracks/D Savage/D Savage - Breathe.wav",
    "sample_rate": 48000,
    "duration_seconds": 154.3314375,
    "bpm": 140.0,
    "key": "F Minor",
    "key_note": "F",
    "key_mode": "Minor",
    "key_confidence": 42.2087115784288
  },
  "loudness": {
    "peak_db": -6.367971550162363e-05,
    "rms_db": -10.941612008582005,
    "dynamic_range_db": 10.941548328866503,
    "clipping_detected": true,
    "clipping_samples": 1740,
    "clipping_percent": 0.023488409482351903,
    "headroom_db": 6.367971550162363e-05
  },
  "frequency": {
    "band_percentages": {
      "Sub": 16.841323324785854,
      "Bass / 808": 14.799729788432748,
      "Mud": 14.193412680950837,
      "Low Mids": 14.759000568158948,
      "Mids / Melody": 14.033767761164452,
      "Harsh Zone": 13.023800773407663,
      "Highs": 13.363756415167169,
      "Air": 12.009009459503822,
      "Vocal Range": 15.219904955767422
    },
    "brightness_centroid_hz": 2244.424705031464,
    "brightness_label": "Medium",
    "spectral_rolloff_hz": 4752.298556396434,
    "dominant_band": "Sub",
    "low_end_total_percent": 31.641053113218604,
    "mid_total_percent": 42.98618101027424,
    "top_total_percent": 25.37276587467099
  },
  "fingerprint": {
    "mfcc_1": -208.4553985595703,
    "mfcc_2": 8.731392860412598,
    "mfcc_3": -4.74052095413208,
    "mfcc_4": -27.291378021240234,
    "mfcc_5": -7.847195148468018,
    "mfcc_6": -13.451719284057617,
    "mfcc_7": -14.065278053283691,
    "mfcc_8": 1.1435446739196777,
    "mfcc_9": -9.327239990234375,
    "mfcc_10": 4.399379253387451,
    "mfcc_11": -0.05916602537035942,
    "mfcc_12": 4.4166693687438965,
    "mfcc_13": -1.7832664251327515,
    "chroma_1": 0.6275116801261902,
    "chroma_2": 0.42805126309394836,
    "chroma_3": 0.37207740545272827,
    "chroma_4": 0.2667429447174072,
    "chroma_5": 0.24127928912639618,
    "chroma_6": 0.5612052083015442,
    "chroma_7": 0.3489125669002533,
    "chroma_8": 0.3273617625236511,
    "chroma_9": 0.20249098539352417,
    "chroma_10": 0.21823561191558838,
    "chroma_11": 0.24537837505340576,
    "chroma_12": 0.1643398106098175,
    "spectral_contrast": 23.257836574157707,
    "spectral_flatness": 0.017742404714226723,
    "zero_crossing_rate": 0.0719120746057469,
    "embed_mfcc_1_mean": -208.4553985595703,
    "embed_mfcc_1_std": 80.62174224853516,
    "embed_mfcc_2_mean": 8.731392860412598,
    "embed_mfcc_2_std": 55.057220458984375,
    "embed_mfcc_3_mean": -4.74052095413208,
    "embed_mfcc_3_std": 33.675479888916016,
    "embed_mfcc_4_mean": -27.291378021240234,
    "embed_mfcc_4_std": 21.98581886291504,
    "embed_mfcc_5_mean": -7.847195148468018,
    "embed_mfcc_5_std": 19.580636978149414,
    "embed_mfcc_6_mean": -13.451719284057617,
    "embed_mfcc_6_std": 19.817190170288086,
    "embed_mfcc_7_mean": -14.065278053283691,
    "embed_mfcc_7_std": 16.920682907104492,
    "embed_mfcc_8_mean": 1.1435446739196777,
    "embed_mfcc_8_std": 17.748641967773438,
    "embed_mfcc_9_mean": -9.327239990234375,
    "embed_mfcc_9_std": 13.510074615478516,
    "embed_mfcc_10_mean": 4.399379253387451,
    "embed_mfcc_10_std": 13.786567687988281,
    "embed_mfcc_11_mean": -0.05916602537035942,
    "embed_mfcc_11_std": 12.805069923400879,
    "embed_mfcc_12_mean": 4.4166693687438965,
    "embed_mfcc_12_std": 13.533158302307129,
    "embed_mfcc_13_mean": -1.7832664251327515,
    "embed_mfcc_13_std": 12.302913665771484,
    "embed_mfcc_14_mean": -3.5149848461151123,
    "embed_mfcc_14_std": 12.501245498657227,
    "embed_mfcc_15_mean": -4.851842403411865,
    "embed_mfcc_15_std": 11.081561088562012,
    "embed_mfcc_16_mean": 0.8232477903366089,
    "embed_mfcc_16_std": 10.0361328125,
    "embed_mfcc_17_mean": -5.617000579833984,
    "embed_mfcc_17_std": 10.958358764648438,
    "embed_mfcc_18_mean": 6.650918006896973,
    "embed_mfcc_18_std": 8.994603157043457,
    "embed_mfcc_19_mean": 0.9157568216323853,
    "embed_mfcc_19_std": 9.731112480163574,
    "embed_mfcc_20_mean": 3.5753753185272217,
    "embed_mfcc_20_std": 8.785661697387695,
    "embed_chroma_1_mean": 0.6275116801261902,
    "embed_chroma_1_std": 0.34844574332237244,
    "embed_chroma_2_mean": 0.42805126309394836,
    "embed_chroma_2_std": 0.29511475563049316,
    "embed_chroma_3_mean": 0.37207740545272827,
    "embed_chroma_3_std": 0.26081371307373047,
    "embed_chroma_4_mean": 0.2667429447174072,
    "embed_chroma_4_std": 0.20290520787239075,
    "embed_chroma_5_mean": 0.24127928912639618,
    "embed_chroma_5_std": 0.14787690341472626,
    "embed_chroma_6_mean": 0.5612052083015442,
    "embed_chroma_6_std": 0.3750874996185303,
    "embed_chroma_7_mean": 0.3489125669002533,
    "embed_chroma_7_std": 0.23572447896003723,
    "embed_chroma_8_mean": 0.3273617625236511,
    "embed_chroma_8_std": 0.20799900591373444,
    "embed_chroma_9_mean": 0.20249098539352417,
    "embed_chroma_9_std": 0.14114709198474884,
    "embed_chroma_10_mean": 0.21823561191558838,
    "embed_chroma_10_std": 0.17750859260559082,
    "embed_chroma_11_mean": 0.24537837505340576,
    "embed_chroma_11_std": 0.2328968048095703,
    "embed_chroma_12_mean": 0.1643398106098175,
    "embed_chroma_12_std": 0.1412109136581421,
    "embed_contrast_1_mean": 23.17064666748047,
    "embed_contrast_1_std": 5.328030109405518,
    "embed_contrast_2_mean": 15.525641441345215,
    "embed_contrast_2_std": 4.287527561187744,
    "embed_contrast_3_mean": 18.929851531982422,
    "embed_contrast_3_std": 4.158958911895752,
    "embed_contrast_4_mean": 19.404094696044922,
    "embed_contrast_4_std": 3.764037609100342,
    "embed_contrast_5_mean": 19.345125198364258,
    "embed_contrast_5_std": 3.4569203853607178,
    "embed_contrast_6_mean": 18.286596298217773,
    "embed_contrast_6_std": 3.0974810123443604,
    "embed_contrast_7_mean": 48.14289855957031,
    "embed_contrast_7_std": 3.6004488468170166,
    "embed_chroma_entropy": 2.4045917987823486,
    "embed_centroid_mean": 2242.173119862872,
    "embed_centroid_std": 1242.5679398330826,
    "embed_rolloff_mean": 4968.038708949606,
    "embed_rolloff_std": 2861.558986406933,
    "embed_flatness_mean": 0.017742404714226723,
    "embed_flatness_std": 0.03853815048933029,
    "embed_zcr_mean": 0.0719120746057469,
    "embed_zcr_std": 0.07271175157643177,
    "embed_rms_mean": 0.22402651607990265,
    "embed_rms_std": 0.1326836496591568,
    "embed_onset_mean": 1.7758588790893555,
    "embed_onset_std": 1.8231019973754883,
    "fingerprint_version": 2.0,
    "fingerprint_duration_seconds": 154.3314739229025,
    "embed_mfcc_delta_mean": -0.003216868033632636,
    "embed_mfcc_delta_std": 4.205820560455322,
    "embed_chroma_delta_mean": -2.1925012333667837e-05,
    "embed_chroma_delta_std": 0.02629859931766987,
    "embed_onset_peak": 17.975231170654297,
    "embed_onset_p95": 5.462738037109375,
    "embed_rms_p10": 0.058123789727687836,
    "embed_rms_p50": 0.21275442838668823,
    "embed_rms_p90": 0.39839044213294983,
    "embedding_nonzero_count": 100.0
  },
  "rhythm": {
    "onset_count": 775,
    "onset_density": 5.021659958295924,
    "drum_activity": "High",
    "estimated_bars": 90,
    "seconds_per_bar": 1.7142857142857142
  },
  "sections": [
    {
      "name": "Intro",
      "start": 0.0,
      "end": 16.0,
      "avg_energy": 0.1654277890920639,
      "energy_label": "Low"
    },
    {
      "name": "Chorus / Hook",
      "start": 16.0,
      "end": 32.0,
      "avg_energy": 0.3177702724933624,
      "energy_label": "Medium"
    },
    {
      "name": "Verse",
      "start": 32.0,
      "end": 48.0,
      "avg_energy": 0.30876052379608154,
      "energy_label": "Medium"
    },
    {
      "name": "Chorus / Hook",
      "start": 48.0,
      "end": 64.0,
      "avg_energy": 0.29681751132011414,
      "energy_label": "Medium"
    },
    {
      "name": "Verse",
      "start": 64.0,
      "end": 80.0,
      "avg_energy": 0.18850886821746826,