{
  "basic": {
    "file_name": "D Savage - Don't Tell Me.wav",
    "file_path": "/Volumes/POLLY/tracks/D Savage/D Savage - Don't Tell Me.wav",
    "sample_rate": 48000,
    "duration_seconds": 162.58066666666667,
    "bpm": 140.0,
    "key": "C Minor",
    "key_note": "C",
    "key_mode": "Minor",
    "key_confidence": 43.549776827998485
  },
  "loudness": {
    "peak_db": 0.00043797954142176974,
    "rms_db": -8.966728300855387,
    "dynamic_range_db": 8.967166280396809,
    "clipping_detected": true,
    "clipping_samples": 41194,
    "clipping_percent": 0.5278661669489197,
    "headroom_db": -0.00043797954142176974
  },
  "frequency": {
    "band_percentages": {
      "Sub": 17.056635813944744,
      "Bass / 808": 14.933541231906009,
      "Mud": 14.63371151870874,
      "Low Mids": 14.80287390475551,
      "Mids / Melody": 14.805474430584903,
      "Harsh Zone": 13.675757326234978,
      "Highs": 13.120234072727724,
      "Air": 10.64752902555569,
      "Vocal Range": 15.59056988667411
    },
    "brightness_centroid_hz": 2037.2904349266519,
    "brightness_label": "Medium",
    "spectral_rolloff_hz": 4199.93787724708,
    "dominant_band": "Sub",
    "low_end_total_percent": 31.990177045850754,
    "mid_total_percent": 44.24205985404915,
    "top_total_percent": 23.767763098283414
  },
  "fingerprint": {
    "mfcc_1": -147.419189453125,
    "mfcc_2": -12.152336120605469,
    "mfcc_3": -22.788999557495117,
    "mfcc_4": -12.404244422912598,
    "mfcc_5": -18.11998176574707,
    "mfcc_6": -7.154261112213135,
    "mfcc_7": -15.318961143493652,
    "mfcc_8": -1.646500825881958,
    "mfcc_9": -23.597537994384766,
    "mfcc_10": 2.035060167312622,
    "mfcc_11": -6.606168746948242,
    "mfcc_12": 2.7614753246307373,
    "mfcc_13": -2.658376932144165,
    "chroma_1": 0.48494020104408264,
    "chroma_2": 0.617896556854248,
    "chroma_3": 0.49262458086013794,
    "chroma_4": 0.5122259259223938,
    "chroma_5": 0.28258976340293884,
    "chroma_6": 0.3487551808357239,
    "chroma_7": 0.20236892998218536,
    "chroma_8": 0.3492642641067505,
    "chroma_9": 0.3963016867637634,
    "chroma_10": 0.22454659640789032,
    "chroma_11": 0.30156412720680237,
    "chroma_12": 0.23208698630332947,
    "spectral_contrast": 23.859995055915782,
    "spectral_flatness": 0.012105409055948257,
    "zero_crossing_rate": 0.07601966503603909,
    "embed_mfcc_1_mean": -147.419189453125,
    "embed_mfcc_1_std": 48.3941535949707,
    "embed_mfcc_2_mean": -12.152336120605469,
    "embed_mfcc_2_std": 29.685453414916992,
    "embed_mfcc_3_mean": -22.788999557495117,
    "embed_mfcc_3_std": 28.840805053710938,
    "embed_mfcc_4_mean": -12.404244422912598,
    "embed_mfcc_4_std": 22.343568801879883,
    "embed_mfcc_5_mean": -18.11998176574707,
    "embed_mfcc_5_std": 21.990659713745117,
    "embed_mfcc_6_mean": -7.154261112213135,
    "embed_mfcc_6_std": 18.954721450805664,
    "embed_mfcc_7_mean": -15.318961143493652,
    "embed_mfcc_7_std": 18.827682495117188,
    "embed_mfcc_8_mean": -1.646500825881958,
    "embed_mfcc_8_std": 18.338924407958984,
    "embed_mfcc_9_mean": -23.597537994384766,
    "embed_mfcc_9_std": 16.856611251831055,
    "embed_mfcc_10_mean": 2.035060167312622,
    "embed_mfcc_10_std": 15.59273910522461,
    "embed_mfcc_11_mean": -6.606168746948242,
    "embed_mfcc_11_std": 13.82599925994873,
    "embed_mfcc_12_mean": 2.7614753246307373,
    "embed_mfcc_12_std": 13.265678405761719,
    "embed_mfcc_13_mean": -2.658376932144165,
    "embed_mfcc_13_std": 13.143244743347168,
    "embed_mfcc_14_mean": -1.2671369314193726,
    "embed_mfcc_14_std": 11.522594451904297,
    "embed_mfcc_15_mean": -0.25549566745758057,
    "embed_mfcc_15_std": 11.093989372253418,
    "embed_mfcc_16_mean": 4.799556732177734,
    "embed_mfcc_16_std": 10.32954216003418,
    "embed_mfcc_17_mean": -3.396698236465454,
    "embed_mfcc_17_std": 9.932639122009277,
    "embed_mfcc_18_mean": 8.29834270477295,
    "embed_mfcc_18_std": 9.494514465332031,
    "embed_mfcc_19_mean": 1.1224302053451538,
    "embed_mfcc_19_std": 8.201662063598633,
    "embed_mfcc_20_mean": 2.5219249725341797,
    "embed_mfcc_20_std": 7.9284186363220215,
    "embed_chroma_1_mean": 0.48494020104408264,
    "embed_chroma_1_std": 0.30803585052490234,
    "embed_chroma_2_mean": 0.617896556854248,
    "embed_chroma_2_std": 0.36049503087997437,
    "embed_chroma_3_mean": 0.49262458086013794,
    "embed_chroma_3_std": 0.2885935306549072,
    "embed_chroma_4_mean": 0.5122259259223938,
    "embed_chroma_4_std": 0.2974287271499634,
    "embed_chroma_5_mean": 0.28258976340293884,
    "embed_chroma_5_std": 0.19993139803409576,
    "embed_chroma_6_mean": 0.3487551808357239,
    "embed_chroma_6_std": 0.24123358726501465,
    "embed_chroma_7_mean": 0.20236892998218536,
    "embed_chroma_7_std": 0.11574820429086685,
    "embed_chroma_8_mean": 0.3492642641067505,
    "embed_chroma_8_std": 0.24102783203125,
    "embed_chroma_9_mean": 0.3963016867637634,
    "embed_chroma_9_std": 0.25796493887901306,
    "embed_chroma_10_mean": 0.22454659640789032,
    "embed_chroma_10_std": 0.14008675515651703,
    "embed_chroma_11_mean": 0.30156412720680237,
    "embed_chroma_11_std": 0.22922411561012268,
    "embed_chroma_12_mean": 0.23208698630332947,
    "embed_chroma_12_std": 0.20775362849235535,
    "embed_contrast_1_mean": 20.735387802124023,
    "embed_contrast_1_std": 6.560091495513916,
    "embed_contrast_2_mean": 15.596506118774414,
    "embed_contrast_2_std": 3.9129910469055176,
    "embed_contrast_3_mean": 19.868728637695312,
    "embed_contrast_3_std": 3.939852476119995,
    "embed_contrast_4_mean": 19.966676712036133,
    "embed_contrast_4_std": 3.5872583389282227,
    "embed_contrast_5_mean": 20.00547218322754,
    "embed_contrast_5_std": 3.3971917629241943,
    "embed_contrast_6_mean": 19.151988983154297,
    "embed_contrast_6_std": 2.851200819015503,
    "embed_contrast_7_mean": 51.6952018737793,
    "embed_contrast_7_std": 3.241786003112793,
    "embed_chroma_entropy": 2.4271762371063232,
    "embed_centroid_mean": 2127.5571836455115,
    "embed_centroid_std": 810.5925734402232,
    "embed_rolloff_mean": 4700.802824888436,
    "embed_rolloff_std": 1927.8555322354662,
    "embed_flatness_mean": 0.012105409055948257,
    "embed_flatness_std": 0.020284514874219894,
    "embed_zcr_mean": 0.07601966503603909,
    "embed_zcr_std": 0.05970463357049192,
    "embed_rms_mean": 0.3143904507160187,
    "embed_rms_std": 0.18387828767299652,
    "embed_onset_mean": 1.568058967590332,
    "embed_onset_std": 1.2469215393066406,
    "fingerprint_version": 2.0,
    "fingerprint_duration_seconds": 162.58068027210885,
    "embed_mfcc_delta_mean": -0.005834333132952452,
    "embed_mfcc_delta_std": 2.9678022861480713,
    "embed_chroma_delta_mean": -1.7768581528798677e-05,
    "embed_chroma_delta_std": 0.0268919188529253,
    "embed_onset_peak": 13.438314437866211,
    "embed_onset_p95": 4.031486511230469,
    "embed_rms_p10": 0.10796301066875458,
    "embed_rms_p50": 0.24445679783821106,
    "embed_rms_p90": 0.5925732254981995,
    "embedding_nonzero_count": 100.0
  },
  "rhythm": {
    "onset_count": 738,
    "onset_density": 4.539285113851175,
    "drum_activity": "High",
    "estimated_bars": 95,
    "seconds_per_bar": 1.7142857142857142
  },
  "sections": [
    {
      "name": "Intro",
      "start": 0.0,
      "end": 16.0,
      "avg_energy": 0.131244495511055,
      "energy_label": "Low"
    },
    {
      "name": "Chorus / Hook",
      "start": 16.0,
      "end": 32.0,
      "avg_energy": 0.41899722814559937,
      "energy_label": "High"
    },
    {
      "name": "Verse",
      "start": 32.0,
      "end": 48.0,
      "avg_energy": 0.40325242280960083,
      "energy_label": "High"
    },
    {
      "name": "Chorus / Hook",
      "start": 48.0,
      "end": 64.0,
      "avg_energy": 0.3793451488018036,
      "energy_label": "Medium"
    },
    {
      "name": "Verse",
      "start": 64.0,
      "end": 80.0,
      "avg_energy": 0.3321707546710968,