{
  "basic": {
    "file_name": "D Savage - Drowning.wav",
    "file_path": "/Volumes/POLLY/tracks/D Savage/D Savage - Drowning.wav",
    "sample_rate": 48000,
    "duration_seconds": 130.00854166666667,
    "bpm": 140.0,
    "key": "G Minor",
    "key_note": "G",
    "key_mode": "Minor",
    "key_confidence": 42.10562054120518
  },
  "loudness": {
    "peak_db": 0.00018637697231581042,
    "rms_db": -8.063380632020948,
    "dynamic_range_db": 8.063567008993264,
    "clipping_detected": true,
    "clipping_samples": 5978,
    "clipping_percent": 0.09579498782932531,
    "headroom_db": -0.00018637697231581042
  },
  "frequency": {
    "band_percentages": {
      "Sub": 17.076915268891472,
      "Bass / 808": 15.627590246766534,
      "Mud": 14.675568313732695,
      "Low Mids": 14.75855446797398,
      "Mids / Melody": 14.024440094258736,
      "Harsh Zone": 13.163079008837176,
      "Highs": 13.029799137812711,
      "Air": 10.8071324687405,
      "Vocal Range": 15.317915891045821
    },
    "brightness_centroid_hz": 1665.5157497896162,
    "brightness_label": "Low",
    "spectral_rolloff_hz": 3587.989170563623,
    "dominant_band": "Sub",
    "low_end_total_percent": 32.704505515658006,
    "mid_total_percent": 43.45856287596541,
    "top_total_percent": 23.83693160655321
  },
  "fingerprint": {
    "mfcc_1": -173.1223907470703,
    "mfcc_2": 12.590527534484863,
    "mfcc_3": 7.595878601074219,
    "mfcc_4": 2.3204457759857178,
    "mfcc_5": -6.254986763000488,
    "mfcc_6": 0.7995331287384033,
    "mfcc_7": -5.9539947509765625,
    "mfcc_8": 4.867897987365723,
    "mfcc_9": -9.948686599731445,
    "mfcc_10": 7.9000444412231445,
    "mfcc_11": -2.5749425888061523,
    "mfcc_12": 3.8155131340026855,
    "mfcc_13": 0.30994296073913574,
    "chroma_1": 0.26639389991760254,
    "chroma_2": 0.26707878708839417,
    "chroma_3": 0.33071380853652954,
    "chroma_4": 0.5807095170021057,
    "chroma_5": 0.42192745208740234,
    "chroma_6": 0.34328708052635193,
    "chroma_7": 0.24871760606765747,
    "chroma_8": 0.5844274163246155,
    "chroma_9": 0.34943559765815735,
    "chroma_10": 0.2530537545681,
    "chroma_11": 0.21523292362689972,
    "chroma_12": 0.1840611696243286,
    "spectral_contrast": 23.551541419279364,
    "spectral_flatness": 0.005951942875981331,
    "zero_crossing_rate": 0.043443047963428794,
    "embed_mfcc_1_mean": -173.1223907470703,
    "embed_mfcc_1_std": 64.8092041015625,
    "embed_mfcc_2_mean": 12.590527534484863,
    "embed_mfcc_2_std": 42.427513122558594,
    "embed_mfcc_3_mean": 7.595878601074219,
    "embed_mfcc_3_std": 31.73221778869629,
    "embed_mfcc_4_mean": 2.3204457759857178,
    "embed_mfcc_4_std": 21.817344665527344,
    "embed_mfcc_5_mean": -6.254986763000488,
    "embed_mfcc_5_std": 18.87567710876465,
    "embed_mfcc_6_mean": 0.7995331287384033,
    "embed_mfcc_6_std": 17.370635986328125,
    "embed_mfcc_7_mean": -5.9539947509765625,
    "embed_mfcc_7_std": 12.49765682220459,
    "embed_mfcc_8_mean": 4.867897987365723,
    "embed_mfcc_8_std": 15.034395217895508,
    "embed_mfcc_9_mean": -9.948686599731445,
    "embed_mfcc_9_std": 12.64085578918457,
    "embed_mfcc_10_mean": 7.9000444412231445,
    "embed_mfcc_10_std": 12.766945838928223,
    "embed_mfcc_11_mean": -2.5749425888061523,
    "embed_mfcc_11_std": 11.29901123046875,
    "embed_mfcc_12_mean": 3.8155131340026855,
    "embed_mfcc_12_std": 10.586557388305664,
    "embed_mfcc_13_mean": 0.30994296073913574,
    "embed_mfcc_13_std": 8.846426010131836,
    "embed_mfcc_14_mean": 3.318126678466797,
    "embed_mfcc_14_std": 9.906950950622559,
    "embed_mfcc_15_mean": -0.8026449680328369,
    "embed_mfcc_15_std": 8.72967529296875,
    "embed_mfcc_16_mean": 7.649415493011475,
    "embed_mfcc_16_std": 8.864167213439941,
    "embed_mfcc_17_mean": -1.280930519104004,
    "embed_mfcc_17_std": 9.508967399597168,
    "embed_mfcc_18_mean": 4.198067665100098,
    "embed_mfcc_18_std": 7.625612258911133,
    "embed_mfcc_19_mean": 3.8104817867279053,
    "embed_mfcc_19_std": 8.585525512695312,
    "embed_mfcc_20_mean": 5.327651500701904,
    "embed_mfcc_20_std": 7.915725231170654,
    "embed_chroma_1_mean": 0.26639389991760254,
    "embed_chroma_1_std": 0.21451540291309357,
    "embed_chroma_2_mean": 0.26707878708839417,
    "embed_chroma_2_std": 0.25016194581985474,
    "embed_chroma_3_mean": 0.33071380853652954,
    "embed_chroma_3_std": 0.1806567907333374,
    "embed_chroma_4_mean": 0.5807095170021057,
    "embed_chroma_4_std": 0.38821929693222046,
    "embed_chroma_5_mean": 0.42192745208740234,
    "embed_chroma_5_std": 0.2951771318912506,
    "embed_chroma_6_mean": 0.34328708052635193,
    "embed_chroma_6_std": 0.25303223729133606,
    "embed_chroma_7_mean": 0.24871760606765747,
    "embed_chroma_7_std": 0.13665561378002167,
    "embed_chroma_8_mean": 0.5844274163246155,
    "embed_chroma_8_std": 0.3678824305534363,
    "embed_chroma_9_mean": 0.34943559765815735,
    "embed_chroma_9_std": 0.2402646839618683,
    "embed_chroma_10_mean": 0.2530537545681,
    "embed_chroma_10_std": 0.15295125544071198,
    "embed_chroma_11_mean": 0.21523292362689972,
    "embed_chroma_11_std": 0.11532753705978394,
    "embed_chroma_12_mean": 0.1840611696243286,
    "embed_chroma_12_std": 0.11199874430894852,
    "embed_contrast_1_mean": 23.540618896484375,
    "embed_contrast_1_std": 4.886343479156494,
    "embed_contrast_2_mean": 15.961552619934082,
    "embed_contrast_2_std": 4.4494452476501465,
    "embed_contrast_3_mean": 19.541318893432617,
    "embed_contrast_3_std": 4.217185974121094,
    "embed_contrast_4_mean": 18.890594482421875,
    "embed_contrast_4_std": 4.057521343231201,
    "embed_contrast_5_mean": 18.44693374633789,
    "embed_contrast_5_std": 3.2123212814331055,
    "embed_contrast_6_mean": 18.470836639404297,
    "embed_contrast_6_std": 3.133636474609375,
    "embed_contrast_7_mean": 50.008934020996094,
    "embed_contrast_7_std": 3.3640410900115967,
    "embed_chroma_entropy": 2.419710636138916,
    "embed_centroid_mean": 1759.117306691943,
    "embed_centroid_std": 880.9101543666397,
    "embed_rolloff_mean": 4067.504571023002,
    "embed_rolloff_std": 2286.6026866728284,
    "embed_flatness_mean": 0.005951942875981331,
    "embed_flatness_std": 0.013372434303164482,
    "embed_zcr_mean": 0.043443047963428794,
    "embed_zcr_std": 0.04357951482472914,
    "embed_rms_mean": 0.36589786410331726,
    "embed_rms_std": 0.1618221253156662,
    "embed_onset_mean": 1.8382351398468018,
    "embed_onset_std": 2.0065813064575195,
    "fingerprint_version": 2.0,
    "fingerprint_duration_seconds": 130.00857142857143,
    "embed_mfcc_delta_mean": -3.929815284209326e-05,
    "embed_mfcc_delta_std": 3.99792218208313,
    "embed_chroma_delta_mean": -2.2965341486269608e-05,
    "embed_chroma_delta_std": 0.02298905700445175,
    "embed_onset_peak": 13.736361503601074,
    "embed_onset_p95": 6.072604656219482,
    "embed_rms_p10": 0.1368187814950943,
    "embed_rms_p50": 0.3905104398727417,
    "embed_rms_p90": 0.5785076022148132,
    "embedding_nonzero_count": 100.0
  },
  "rhythm": {
    "onset_count": 782,
    "onset_density": 6.014989399734953,
    "drum_activity": "High",
    "estimated_bars": 76,
    "seconds_per_bar": 1.7142857142857142
  },
  "sections": [
    {
      "name": "Intro",
      "start": 0.0,
      "end": 16.0,
      "avg_energy": 0.2404991090297699,
      "energy_label": "Low"
    },
    {
      "name": "Chorus / Hook",
      "start": 16.0,
      "end": 32.0,
      "avg_energy": 0.45249268412590027,
      "energy_label": "High"
    },
    {
      "name": "Verse",
      "start": 32.0,
      "end": 48.0,
      "avg_energy": 0.45337048172950745,
      "energy_label": "High"
    },
    {
      "name": "Chorus / Hook",
      "start": 48.0,
      "end": 64.0,
      "avg_energy": 0.4196910560131073,
      "energy_label": "Medium"
    },
    {
      "name": "Verse",
      "start": 64.0,
      "end": 80.0,
      "avg_energy": 0.43383166193962097,