{
  "basic": {
    "file_name": "D Savage - Fairytale.wav",
    "file_path": "/Volumes/POLLY/tracks/D Savage/D Savage - Fairytale.wav",
    "sample_rate": 48000,
    "duration_seconds": 120.346125,
    "bpm": 140.0,
    "key": "F Minor",
    "key_note": "F",
    "key_mode": "Minor",
    "key_confidence": 42.679524837723356
  },
  "loudness": {
    "peak_db": 5.694894361488091e-05,
    "rms_db": -8.789672446106305,
    "dynamic_range_db": 8.78972939504992,
    "clipping_detected": true,
    "clipping_samples": 3497,
    "clipping_percent": 0.06053719358780074,
    "headroom_db": -5.694894361488091e-05
  },
  "frequency": {
    "band_percentages": {
      "Sub": 15.432119163994837,
      "Bass / 808": 15.060850106899135,
      "Mud": 14.608976475431183,
      "Low Mids": 14.402982263913126,
      "Mids / Melody": 14.144820367262115,
      "Harsh Zone": 13.646905510630713,
      "Highs": 13.897417132020962,
      "Air": 12.452834488756846,
      "Vocal Range": 15.177664998946918
    },
    "brightness_centroid_hz": 3239.803175623869,
    "brightness_label": "Medium",
    "spectral_rolloff_hz": 6770.545981786759,
    "dominant_band": "Sub",
    "low_end_total_percent": 30.492969270893973,
    "mid_total_percent": 43.15677910660642,
    "top_total_percent": 26.350251620777808
  },
  "fingerprint": {
    "mfcc_1": -93.78480529785156,
    "mfcc_2": -30.677621841430664,
    "mfcc_3": -2.7140233516693115,
    "mfcc_4": -4.04316520690918,
    "mfcc_5": -7.0965423583984375,
    "mfcc_6": -1.7449021339416504,
    "mfcc_7": -11.336459159851074,
    "mfcc_8": 2.540053129196167,
    "mfcc_9": -9.950591087341309,
    "mfcc_10": 4.6666741371154785,
    "mfcc_11": 0.0183982253074646,
    "mfcc_12": 6.348180770874023,
    "mfcc_13": -3.013697385787964,
    "chroma_1": 0.42829594016075134,
    "chroma_2": 0.4339366853237152,
    "chroma_3": 0.44817331433296204,
    "chroma_4": 0.5159715414047241,
    "chroma_5": 0.45546144247055054,
    "chroma_6": 0.5866146683692932,
    "chroma_7": 0.43505850434303284,
    "chroma_8": 0.5412412881851196,
    "chroma_9": 0.4277440011501312,
    "chroma_10": 0.38776013255119324,
    "chroma_11": 0.45879825949668884,
    "chroma_12": 0.35797443985939026,
    "spectral_contrast": 22.14012369191677,
    "spectral_flatness": 0.04102610796689987,
    "zero_crossing_rate": 0.14093206541457043,
    "embed_mfcc_1_mean": -93.78480529785156,
    "embed_mfcc_1_std": 51.442203521728516,
    "embed_mfcc_2_mean": -30.677621841430664,
    "embed_mfcc_2_std": 38.78240966796875,
    "embed_mfcc_3_mean": -2.7140233516693115,
    "embed_mfcc_3_std": 24.424678802490234,
    "embed_mfcc_4_mean": -4.04316520690918,
    "embed_mfcc_4_std": 17.821704864501953,
    "embed_mfcc_5_mean": -7.0965423583984375,
    "embed_mfcc_5_std": 16.85250473022461,
    "embed_mfcc_6_mean": -1.7449021339416504,
    "embed_mfcc_6_std": 15.764721870422363,
    "embed_mfcc_7_mean": -11.336459159851074,
    "embed_mfcc_7_std": 13.651331901550293,
    "embed_mfcc_8_mean": 2.540053129196167,
    "embed_mfcc_8_std": 10.754170417785645,
    "embed_mfcc_9_mean": -9.950591087341309,
    "embed_mfcc_9_std": 10.617554664611816,
    "embed_mfcc_10_mean": 4.6666741371154785,
    "embed_mfcc_10_std": 11.442679405212402,
    "embed_mfcc_11_mean": 0.0183982253074646,
    "embed_mfcc_11_std": 10.21181583404541,
    "embed_mfcc_12_mean": 6.348180770874023,
    "embed_mfcc_12_std": 9.257794380187988,
    "embed_mfcc_13_mean": -3.013697385787964,
    "embed_mfcc_13_std": 10.394794464111328,
    "embed_mfcc_14_mean": 1.205286979675293,
    "embed_mfcc_14_std": 10.541654586791992,
    "embed_mfcc_15_mean": -1.5179110765457153,
    "embed_mfcc_15_std": 8.937374114990234,
    "embed_mfcc_16_mean": 5.916194915771484,
    "embed_mfcc_16_std": 7.22597599029541,
    "embed_mfcc_17_mean": -1.5430834293365479,
    "embed_mfcc_17_std": 7.09000825881958,
    "embed_mfcc_18_mean": 6.118110656738281,
    "embed_mfcc_18_std": 6.078318119049072,
    "embed_mfcc_19_mean": 1.4527781009674072,
    "embed_mfcc_19_std": 6.577507495880127,
    "embed_mfcc_20_mean": 8.57481861114502,
    "embed_mfcc_20_std": 7.440052032470703,
    "embed_chroma_1_mean": 0.42829594016075134,
    "embed_chroma_1_std": 0.21565815806388855,
    "embed_chroma_2_mean": 0.4339366853237152,
    "embed_chroma_2_std": 0.28571072220802307,
    "embed_chroma_3_mean": 0.44817331433296204,
    "embed_chroma_3_std": 0.25425025820732117,
    "embed_chroma_4_mean": 0.5159715414047241,
    "embed_chroma_4_std": 0.25282835960388184,
    "embed_chroma_5_mean": 0.45546144247055054,
    "embed_chroma_5_std": 0.24583066999912262,
    "embed_chroma_6_mean": 0.5866146683692932,
    "embed_chroma_6_std": 0.2952156364917755,
    "embed_chroma_7_mean": 0.43505850434303284,
    "embed_chroma_7_std": 0.2591589093208313,
    "embed_chroma_8_mean": 0.5412412881851196,
    "embed_chroma_8_std": 0.2769820988178253,
    "embed_chroma_9_mean": 0.4277440011501312,
    "embed_chroma_9_std": 0.2518397867679596,
    "embed_chroma_10_mean": 0.38776013255119324,
    "embed_chroma_10_std": 0.24490715563297272,
    "embed_chroma_11_mean": 0.45879825949668884,
    "embed_chroma_11_std": 0.28047284483909607,
    "embed_chroma_12_mean": 0.35797443985939026,
    "embed_chroma_12_std": 0.21159805357456207,
    "embed_contrast_1_mean": 18.733694076538086,
    "embed_contrast_1_std": 4.91862678527832,
    "embed_contrast_2_mean": 14.198214530944824,
    "embed_contrast_2_std": 4.272390365600586,
    "embed_contrast_3_mean": 17.270402908325195,
    "embed_contrast_3_std": 3.9948623180389404,
    "embed_contrast_4_mean": 17.661727905273438,
    "embed_contrast_4_std": 3.654275894165039,
    "embed_contrast_5_mean": 17.947275161743164,
    "embed_contrast_5_std": 3.0940606594085693,
    "embed_contrast_6_mean": 18.136415481567383,
    "embed_contrast_6_std": 3.1522181034088135,
    "embed_contrast_7_mean": 51.033138275146484,
    "embed_contrast_7_std": 5.37488317489624,
    "embed_chroma_entropy": 2.476132392883301,
    "embed_centroid_mean": 3098.4281778608465,
    "embed_centroid_std": 1200.429346297271,
    "embed_rolloff_mean": 6556.1499391915995,
    "embed_rolloff_std": 1980.030632021778,
    "embed_flatness_mean": 0.04102610796689987,
    "embed_flatness_std": 0.058863963931798935,
    "embed_zcr_mean": 0.14093206541457043,
    "embed_zcr_std": 0.10548324366672587,
    "embed_rms_mean": 0.2994583547115326,
    "embed_rms_std": 0.13224217295646667,
    "embed_onset_mean": 1.576469898223877,
    "embed_onset_std": 1.2294563055038452,
    "fingerprint_version": 2.0,
    "fingerprint_duration_seconds": 120.34616780045351,
    "embed_mfcc_delta_mean": 0.0014557570684701204,
    "embed_mfcc_delta_std": 2.8100197315216064,
    "embed_chroma_delta_mean": -2.6425781470607035e-05,
    "embed_chroma_delta_std": 0.031949032098054886,
    "embed_onset_peak": 11.08810043334961,
    "embed_onset_p95": 3.879939556121826,
    "embed_rms_p10": 0.0944586992263794,
    "embed_rms_p50": 0.3613826632499695,
    "embed_rms_p90": 0.44825834035873413,
    "embedding_nonzero_count": 100.0
  },
  "rhythm": {
    "onset_count": 805,
    "onset_density": 6.689039634637177,
    "drum_activity": "High",
    "estimated_bars": 70,
    "seconds_per_bar": 1.7142857142857142
  },
  "sections": [
    {
      "name": "Intro",
      "start": 0.0,
      "end": 16.0,
      "avg_energy": 0.1595807671546936,
      "energy_label": "Low"
    },
    {
      "name": "Chorus / Hook",
      "start": 16.0,
      "end": 32.0,
      "avg_energy": 0.39123401045799255,
      "energy_label": "Medium"
    },
    {
      "name": "Verse",
      "start": 32.0,
      "end": 48.0,
      "avg_energy": 0.38180169463157654,
      "energy_label": "Medium"
    },
    {
      "name": "Chorus / Hook",
      "start": 48.0,
      "end": 64.0,
      "avg_energy": 0.5027893781661987,
      "energy_label": "High"
    },
    {
      "name": "Verse",
      "start": 64.0,
      "end": 80.0,
      "avg_energy": 0.33760854601860046,