{
  "basic": {
    "file_name": "D Savage - Ratz.wav",
    "file_path": "/Users/jayden/SoundLens/tracks/D Savage/D Savage - Ratz.wav",
    "sample_rate": 48000,
    "duration_seconds": 181.14133333333334,
    "bpm": 130.81,
    "key": "C# Minor",
    "key_note": "C#",
    "key_mode": "Minor",
    "key_confidence": 46.482490332670416
  },
  "loudness": {
    "peak_db": -7.972914835308974e-05,
    "rms_db": -8.024791394617198,
    "dynamic_range_db": 8.024711665468844,
    "clipping_detected": true,
    "clipping_samples": 29185,
    "clipping_percent": 0.3356610123954776,
    "headroom_db": 7.972914835308974e-05
  },
  "frequency": {
    "band_percentages": {
      "Sub": 16.17460421732411,
      "Bass / 808": 14.946888333752733,
      "Mud": 14.799699978658639,
      "Low Mids": 14.901751358653689,
      "Mids / Melody": 14.362100079799225,
      "Harsh Zone": 13.283892944410594,
      "Highs": 13.348029265322447,
      "Air": 11.466926764769653,
      "Vocal Range": 15.519292412013307
    },
    "brightness_centroid_hz": 1705.0143236382955,
    "brightness_label": "Low",
    "spectral_rolloff_hz": 3398.020722928811,
    "dominant_band": "Sub",
    "low_end_total_percent": 31.12149255107684,
    "mid_total_percent": 44.063551417111555,
    "top_total_percent": 24.814956030092098
  },
  "fingerprint": {
    "mfcc_1": -150.6043701171875,
    "mfcc_2": 177.68655395507812,
    "mfcc_3": -3.480135440826416,
    "mfcc_4": 14.868437767028809,
    "mfcc_5": -11.832263946533203,
    "mfcc_6": 2.8842272758483887,
    "mfcc_7": -9.467182159423828,
    "mfcc_8": -1.973372459411621,
    "mfcc_9": 4.497904300689697,
    "mfcc_10": 0.2939288020133972,
    "mfcc_11": -5.627771377563477,
    "mfcc_12": -0.7682933211326599,
    "mfcc_13": -0.6996229290962219,
    "chroma_1": 0.27880385518074036,
    "chroma_2": 0.5933822393417358,
    "chroma_3": 0.3662189543247223,
    "chroma_4": 0.27704697847366333,
    "chroma_5": 0.5506529808044434,
    "chroma_6": 0.34727293252944946,
    "chroma_7": 0.562091052532196,
    "chroma_8": 0.38398346304893494,
    "chroma_9": 0.48200544714927673,
    "chroma_10": 0.4289875328540802,
    "chroma_11": 0.20812001824378967,
    "chroma_12": 0.35527870059013367,
    "spectral_contrast": 20.285164564007463,
    "spectral_flatness": 0.00036223704228177667,
    "zero_crossing_rate": 0.031399534874948475
  },
  "rhythm": {
    "onset_count": 799,
    "onset_density": 4.410920386291367,
    "drum_activity": "High",
    "estimated_bars": 99,
    "seconds_per_bar": 1.8347221160461737
  },
  "sections": [
    {
      "name": "Intro",
      "start": 0.0,
      "end": 16.0,
      "avg_energy": 0.18925721943378448,
      "energy_label": "Low"
    },
    {
      "name": "Chorus / Hook",
      "start": 16.0,
      "end": 32.0,
      "avg_energy": 0.3433023989200592,
      "energy_label": "Medium"
    },
    {
      "name": "Verse",
      "start": 32.0,
      "end": 48.0,
      "avg_energy": 0.4421617090702057,
      "energy_label": "Medium"
    },
    {
      "name": "Chorus / Hook",
      "start": 48.0,
      "end": 64.0,
      "avg_energy": 0.4330928325653076,
      "energy_label": "Medium"
    },
    {
      "name": "Verse",
      "start": 64.0,
      "end": 80.0,
      "avg_energy": 0.37911006808280945,
      "energy_label": "Medium"
    },
    {
      "name": "Verse",
      "start": 80.0,
      "end": 96.0,
      "avg_energy": 0.43767282366752625,
      "energy_label": "Medium"
    },
    {
      "name": "Verse",
      "start": 96.0,
      "end": 112.0,
      "avg_energy": 0.41953590512275696,
      "energy_label": "Medium"
    },
    {
      "name": "Verse",
      "start": 112.0,
      "end": 128.0,
      "avg_energy": 0.4291909635066986,
      "energy_label": "Medium"
    },
    {
      "name": "Hook / Drop",
      "start": 128.0,
      "end": 144.0,
      "avg_energy": 0.5004106163978577,
      "energy_label": "High"
    },
    {
      "name": "Hook / Drop",
      "start": 144.0,
      "end": 160.0,
      "avg_energy": 0.4856988489627838,
      "energy_label": "High"
    },
    {
      "name": "Outro",
      "start": 160.0,
      "end": 181.14133333333334,
      "avg_energy": 0.22270405292510986,
      "energy_label": "Low"
    }
  ],
  "scores": {
    "mix": 81,
    "master": 81,
    "arrangement": 81,
    "release": 81,
    "energy": 8.487604302691402,
    "bass_strength": 6.224298510215368,
    "darkness": 6.589971352723409,
    "brightness": 3.410028647276591,
    "drum_bounce": 10,
    "vocal_space": 1.9512983858717323
  },
  "stem_balance": null,
  "top_problems": [
    "Clipping detected: 29185 samples are near/over the limit.",
    "Mud range is elevated around 250-500 Hz.",
    "Intro may be long for short-form listener retention.",
    "Drum movement is very active; the beat could become overcrowded."
  ],
  "suggested_fixes": [
    "Lower the master/output, then use a soft clipper or limiter with safer ceiling.",
    "Gently cut 250-500 Hz on melodies, pads, or the master if the mix feels cloudy.",
    "Mute extra percussion in some sections so the hook/drop feels bigger.",
    "Consider bringing drums, 808, or a strong tag/moment in earlier."
  ],
  "artist_notes": [
    "Autotune/key starting point: C# Minor. Confidence: 46.5%.",
    "Beat energy: 8.5/10. Darkness: 6.6/10.",
    "Vocal space estimate: 2.0/10. Higher means easier space for vocals.",
    "Beat leans dark, so brighter vocals/adlibs may cut through well."
  ],
  "producer_notes": [
    "Low-end presence looks usable for the selected style.",
    "Selected style preset: rage_trap.",
    "Dominant frequency area: Sub.",
    "Drum activity is high at 4.41 hits/sec.",
    "Estimated length: 99 bars at 131 BPM."
  ],
  "master_notes": [
    "Clipping is the first thing to fix before judging the rest of the mix.",
    "Loudness is in a usable range for the selected style.",
    "Peak: -0.00 dB. RMS: -8.02 dB. Dynamic range: 8.02 dB."
  ],
  "next_steps": [
    "Lower the master/output, then use a soft clipper or limiter with safer ceiling.",
    "Gently cut 250-500 Hz on melodies, pads, or the master if the mix feels cloudy.",
    "Mute extra percussion in some sections so the hook/drop feels bigger.",
    "Fix the top 1-2 issues, export again, then re-run SoundLens."
  ]
}