{
  "basic": {
    "file_name": "D Savage - Don't Tell Me.wav",
    "file_path": "/Users/jayden/SoundLens/tracks/D Savage/D Savage - Don't Tell Me.wav",
    "sample_rate": 48000,
    "duration_seconds": 162.58066666666667,
    "bpm": 125.0,
    "key": "C# Major",
    "key_note": "C#",
    "key_mode": "Major",
    "key_confidence": 45.15260745314443
  },
  "loudness": {
    "peak_db": 0.00043797954142176974,
    "rms_db": -8.966728300855387,
    "dynamic_range_db": 8.967166280396809,
    "clipping_detected": true,
    "clipping_samples": 41194,
    "clipping_percent": 0.5278661669489197,
    "headroom_db": -0.00043797954142176974
  },
  "frequency": {
    "band_percentages": {
      "Sub": 17.056635813944744,
      "Bass / 808": 14.933541231906009,
      "Mud": 14.63371151870874,
      "Low Mids": 14.80287390475551,
      "Mids / Melody": 14.805474430584903,
      "Harsh Zone": 13.675757326234978,
      "Highs": 13.120234072727724,
      "Air": 10.64752902555569,
      "Vocal Range": 15.59056988667411
    },
    "brightness_centroid_hz": 2037.2904349266519,
    "brightness_label": "Medium",
    "spectral_rolloff_hz": 4199.93787724708,
    "dominant_band": "Sub",
    "low_end_total_percent": 31.990177045850754,
    "mid_total_percent": 44.24205985404915,
    "top_total_percent": 23.767763098283414
  },
  "fingerprint": {
    "mfcc_1": -178.67556762695312,
    "mfcc_2": 142.84378051757812,
    "mfcc_3": -15.133512496948242,
    "mfcc_4": 30.16996192932129,
    "mfcc_5": -17.88167953491211,
    "mfcc_6": 5.831050395965576,
    "mfcc_7": -2.1327528953552246,
    "mfcc_8": -10.178507804870605,
    "mfcc_9": 2.15865159034729,
    "mfcc_10": -8.861188888549805,
    "mfcc_11": -7.977199077606201,
    "mfcc_12": -2.171522378921509,
    "mfcc_13": -0.3697702884674072,
    "chroma_1": 0.47590482234954834,
    "chroma_2": 0.6141144633293152,
    "chroma_3": 0.4840431213378906,
    "chroma_4": 0.5235363245010376,
    "chroma_5": 0.2710840702056885,
    "chroma_6": 0.33738112449645996,
    "chroma_7": 0.20146909356117249,
    "chroma_8": 0.3555041253566742,
    "chroma_9": 0.4018741250038147,
    "chroma_10": 0.21617986261844635,
    "chroma_11": 0.2960895597934723,
    "chroma_12": 0.2234775424003601,
    "spectral_contrast": 20.198479074018874,
    "spectral_flatness": 0.0003408778866287321,
    "zero_crossing_rate": 0.03565007334790382
  },
  "rhythm": {
    "onset_count": 738,
    "onset_density": 4.539285113851175,
    "drum_activity": "High",
    "estimated_bars": 85,
    "seconds_per_bar": 1.92
  },
  "sections": [
    {
      "name": "Intro",
      "start": 0.0,
      "end": 16.0,
      "avg_energy": 0.131244495511055,
      "energy_label": "Low"
    },
    {
      "name": "Chorus / Hook",
      "start": 16.0,
      "end": 32.0,
      "avg_energy": 0.41899722814559937,
      "energy_label": "High"
    },
    {
      "name": "Verse",
      "start": 32.0,
      "end": 48.0,
      "avg_energy": 0.40325242280960083,
      "energy_label": "High"
    },
    {
      "name": "Chorus / Hook",
      "start": 48.0,
      "end": 64.0,
      "avg_energy": 0.3793451488018036,
      "energy_label": "Medium"
    },
    {
      "name": "Verse",
      "start": 64.0,
      "end": 80.0,
      "avg_energy": 0.3321707546710968,
      "energy_label": "Medium"
    },
    {
      "name": "Hook / Drop",
      "start": 80.0,
      "end": 96.0,
      "avg_energy": 0.4231528341770172,
      "energy_label": "High"
    },
    {
      "name": "Hook / Drop",
      "start": 96.0,
      "end": 112.0,
      "avg_energy": 0.39857834577560425,
      "energy_label": "High"
    },
    {
      "name": "Hook / Drop",
      "start": 112.0,
      "end": 128.0,
      "avg_energy": 0.3981221318244934,
      "energy_label": "High"
    },
    {
      "name": "Hook / Drop",
      "start": 128.0,
      "end": 144.0,
      "avg_energy": 0.40526172518730164,
      "energy_label": "High"
    },
    {
      "name": "Outro",
      "start": 144.0,
      "end": 162.58066666666667,
      "avg_energy": 0.1271374225616455,
      "energy_label": "Low"
    }
  ],
  "scores": {
    "mix": 81,
    "master": 81,
    "arrangement": 75,
    "release": 79,
    "energy": 8.016635849572307,
    "bass_strength": 6.39803540917015,
    "darkness": 5.925419130146696,
    "brightness": 4.074580869853304,
    "drum_bounce": 10,
    "vocal_space": 2.0318191204085743
  },
  "stem_balance": null,
  "top_problems": [
    "Clipping detected: 41194 samples are near/over the limit.",
    "Mud range is elevated around 250-500 Hz.",
    "Drum movement is very active; the beat could become overcrowded.",
    "Hook/verse contrast looks low, but arrangement detection is still an estimate."
  ],
  "suggested_fixes": [
    "Lower the master/output, then use a soft clipper or limiter with safer ceiling.",
    "Gently cut 250-500 Hz on melodies, pads, or the master if the mix feels cloudy.",
    "Mute extra percussion in some sections so the hook/drop feels bigger.",
    "Check the waveform/sections by ear. If the hook feels flat, add contrast with melody layers, drum changes, or vocal energy."
  ],
  "artist_notes": [
    "Autotune/key starting point: C# Major. Confidence: 45.2%.",
    "Beat energy: 8.0/10. Darkness: 5.9/10.",
    "Vocal space estimate: 2.0/10. Higher means easier space for vocals."
  ],
  "producer_notes": [
    "Low-end presence looks usable for the selected style.",
    "Selected style preset: rage_trap.",
    "Dominant frequency area: Sub.",
    "Drum activity is high at 4.54 hits/sec.",
    "Estimated length: 85 bars at 125 BPM."
  ],
  "master_notes": [
    "Clipping is the first thing to fix before judging the rest of the mix.",
    "Loudness is in a usable range for the selected style.",
    "Peak: 0.00 dB. RMS: -8.97 dB. Dynamic range: 8.97 dB."
  ],
  "next_steps": [
    "Lower the master/output, then use a soft clipper or limiter with safer ceiling.",
    "Gently cut 250-500 Hz on melodies, pads, or the master if the mix feels cloudy.",
    "Mute extra percussion in some sections so the hook/drop feels bigger.",
    "Fix the top 1-2 issues, export again, then re-run SoundLens."
  ]
}