{
  "basic": {
    "file_name": "Prettifun - Moon.wav",
    "file_path": "/Volumes/POLLY/tracks/Prettifun/Prettifun - Moon.wav",
    "sample_rate": 48000,
    "duration_seconds": 176.48214583333333,
    "bpm": 140.0,
    "key": "F Minor",
    "key_note": "F",
    "key_mode": "Minor",
    "key_confidence": 42.6871260742578
  },
  "loudness": {
    "peak_db": 0.0010457301677832033,
    "rms_db": -4.984010959934137,
    "dynamic_range_db": 4.985056690101921,
    "clipping_detected": true,
    "clipping_samples": 224974,
    "clipping_percent": 2.6557691211209633,
    "headroom_db": -0.0010457301677832033
  },
  "frequency": {
    "band_percentages": {
      "Sub": 17.644545079380926,
      "Bass / 808": 15.470170436478892,
      "Mud": 13.702292877654552,
      "Low Mids": 13.509752650956559,
      "Mids / Melody": 13.671634929114083,
      "Harsh Zone": 13.25572794592316,
      "Highs": 13.417466334020048,
      "Air": 12.58413769060939,
      "Vocal Range": 14.347274540217079
    },
    "brightness_centroid_hz": 2673.8573829163897,
    "brightness_label": "Medium",
    "spectral_rolloff_hz": 6078.818615526411,
    "dominant_band": "Sub",
    "low_end_total_percent": 33.114715515859814,
    "mid_total_percent": 40.88368045772519,
    "top_total_percent": 26.001604024629437
  },
  "fingerprint": {
    "mfcc_1": -180.0145263671875,
    "mfcc_2": -24.368392944335938,
    "mfcc_3": 25.049386978149414,
    "mfcc_4": 17.403148651123047,
    "mfcc_5": -0.3589445948600769,
    "mfcc_6": 11.511290550231934,
    "mfcc_7": 8.667987823486328,
    "mfcc_8": 5.644008159637451,
    "mfcc_9": 8.711358070373535,
    "mfcc_10": 12.506478309631348,
    "mfcc_11": 3.864619016647339,
    "mfcc_12": 13.053227424621582,
    "mfcc_13": 4.2335052490234375,
    "chroma_1": 0.21205894649028778,
    "chroma_2": 0.17985813319683075,
    "chroma_3": 0.1631840467453003,
    "chroma_4": 0.3249291181564331,
    "chroma_5": 0.9575629830360413,
    "chroma_6": 0.6969792246818542,
    "chroma_7": 0.2949197292327881,
    "chroma_8": 0.1708347648382187,
    "chroma_9": 0.15216392278671265,
    "chroma_10": 0.1436491161584854,
    "chroma_11": 0.1596752256155014,
    "chroma_12": 0.1932668834924698,
    "spectral_contrast": 22.703820313311248,
    "spectral_flatness": 0.0031473899725824594,
    "zero_crossing_rate": 0.022337355480843653,
    "embed_mfcc_1_mean": -180.0145263671875,
    "embed_mfcc_1_std": 54.73482131958008,
    "embed_mfcc_2_mean": -24.368392944335938,
    "embed_mfcc_2_std": 33.709232330322266,
    "embed_mfcc_3_mean": 25.049386978149414,
    "embed_mfcc_3_std": 27.91920280456543,
    "embed_mfcc_4_mean": 17.403148651123047,
    "embed_mfcc_4_std": 17.606176376342773,
    "embed_mfcc_5_mean": -0.3589445948600769,
    "embed_mfcc_5_std": 13.612691879272461,
    "embed_mfcc_6_mean": 11.511290550231934,
    "embed_mfcc_6_std": 11.159432411193848,
    "embed_mfcc_7_mean": 8.667987823486328,
    "embed_mfcc_7_std": 11.00683307647705,
    "embed_mfcc_8_mean": 5.644008159637451,
    "embed_mfcc_8_std": 11.837851524353027,
    "embed_mfcc_9_mean": 8.711358070373535,
    "embed_mfcc_9_std": 12.014204978942871,
    "embed_mfcc_10_mean": 12.506478309631348,
    "embed_mfcc_10_std": 9.58409309387207,
    "embed_mfcc_11_mean": 3.864619016647339,
    "embed_mfcc_11_std": 9.119511604309082,
    "embed_mfcc_12_mean": 13.053227424621582,
    "embed_mfcc_12_std": 7.478330135345459,
    "embed_mfcc_13_mean": 4.2335052490234375,
    "embed_mfcc_13_std": 7.332176208496094,
    "embed_mfcc_14_mean": 8.613337516784668,
    "embed_mfcc_14_std": 6.6237006187438965,
    "embed_mfcc_15_mean": -1.413155436515808,
    "embed_mfcc_15_std": 6.687713146209717,
    "embed_mfcc_16_mean": 3.4722073078155518,
    "embed_mfcc_16_std": 6.300494194030762,
    "embed_mfcc_17_mean": 3.3758201599121094,
    "embed_mfcc_17_std": 6.213204860687256,
    "embed_mfcc_18_mean": 4.407553672790527,
    "embed_mfcc_18_std": 7.048588752746582,
    "embed_mfcc_19_mean": 6.6948771476745605,
    "embed_mfcc_19_std": 8.963398933410645,
    "embed_mfcc_20_mean": 9.619528770446777,
    "embed_mfcc_20_std": 7.548390865325928,
    "embed_chroma_1_mean": 0.21205894649028778,
    "embed_chroma_1_std": 0.11020491272211075,
    "embed_chroma_2_mean": 0.17985813319683075,
    "embed_chroma_2_std": 0.08433878421783447,
    "embed_chroma_3_mean": 0.1631840467453003,
    "embed_chroma_3_std": 0.09478230774402618,
    "embed_chroma_4_mean": 0.3249291181564331,
    "embed_chroma_4_std": 0.2688974440097809,
    "embed_chroma_5_mean": 0.9575629830360413,
    "embed_chroma_5_std": 0.11025875061750412,
    "embed_chroma_6_mean": 0.6969792246818542,
    "embed_chroma_6_std": 0.22031442821025848,
    "embed_chroma_7_mean": 0.2949197292327881,
    "embed_chroma_7_std": 0.10394425690174103,
    "embed_chroma_8_mean": 0.1708347648382187,
    "embed_chroma_8_std": 0.07943215221166611,
    "embed_chroma_9_mean": 0.15216392278671265,
    "embed_chroma_9_std": 0.065959632396698,
    "embed_chroma_10_mean": 0.1436491161584854,
    "embed_chroma_10_std": 0.06749114394187927,
    "embed_chroma_11_mean": 0.1596752256155014,
    "embed_chroma_11_std": 0.08151526749134064,
    "embed_chroma_12_mean": 0.1932668834924698,
    "embed_chroma_12_std": 0.08973022550344467,
    "embed_contrast_1_mean": 24.93177604675293,
    "embed_contrast_1_std": 5.547565460205078,
    "embed_contrast_2_mean": 14.398111343383789,
    "embed_contrast_2_std": 3.7469072341918945,
    "embed_contrast_3_mean": 17.575382232666016,
    "embed_contrast_3_std": 4.5204548835754395,
    "embed_contrast_4_mean": 18.21282958984375,
    "embed_contrast_4_std": 4.342312812805176,
    "embed_contrast_5_mean": 18.84245491027832,
    "embed_contrast_5_std": 4.116083145141602,
    "embed_contrast_6_mean": 18.17698097229004,
    "embed_contrast_6_std": 3.383942127227783,
    "embed_contrast_7_mean": 46.789207458496094,
    "embed_contrast_7_std": 3.4143269062042236,
    "embed_chroma_entropy": 2.234301805496216,
    "embed_centroid_mean": 2031.0569148707493,
    "embed_centroid_std": 1053.9164072035203,
    "embed_rolloff_mean": 5018.857151657435,
    "embed_rolloff_std": 2436.7586090165755,
    "embed_flatness_mean": 0.0031473899725824594,
    "embed_flatness_std": 0.008288917131721973,
    "embed_zcr_mean": 0.022337355480843653,
    "embed_zcr_std": 0.028480845271684554,
    "embed_rms_mean": 0.4925575852394104,
    "embed_rms_std": 0.13995899260044098,
    "embed_onset_mean": 1.8488229513168335,
    "embed_onset_std": 2.039536952972412,
    "fingerprint_version": 2.0,
    "fingerprint_duration_seconds": 176.4821768707483,
    "embed_mfcc_delta_mean": 0.0004929311689920723,
    "embed_mfcc_delta_std": 3.424485921859741,
    "embed_chroma_delta_mean": -4.459758929442614e-05,
    "embed_chroma_delta_std": 0.01819811575114727,
    "embed_onset_peak": 16.676637649536133,
    "embed_onset_p95": 6.168372631072998,
    "embed_rms_p10": 0.2977713644504547,
    "embed_rms_p50": 0.5207529067993164,
    "embed_rms_p90": 0.6630098223686218,
    "embedding_nonzero_count": 100.0
  },
  "rhythm": {
    "onset_count": 1285,
    "onset_density": 7.28118979929863,
    "drum_activity": "High",
    "estimated_bars": 103,
    "seconds_per_bar": 1.7142857142857142
  },
  "sections": [
    {
      "name": "Intro",
      "start": 0.0,
      "end": 16.0,
      "avg_energy": 0.348888635635376,
      "energy_label": "Low"
    },
    {
      "name": "Chorus / Hook",
      "start": 16.0,
      "end": 32.0,
      "avg_energy": 0.5398901104927063,
      "energy_label": "Medium"
    },
    {
      "name": "Verse",
      "start": 32.0,
      "end": 48.0,
      "avg_energy": 0.5398284196853638,
      "energy_label": "Medium"
    },
    {
      "name": "Chorus / Hook",
      "start": 48.0,
      "end": 64.0,
      "avg_energy": 0.5523256063461304,
      "energy_label": "Medium"
    },
    {
      "name": "Verse",
      "start": 64.0,
      "end": 80.0,
      "avg_energy": 0.7001900672912598,