{
  "basic": {
    "file_name": "Prettifun - kelp.wav",
    "file_path": "/Volumes/POLLY/tracks/Prettifun/Prettifun - kelp.wav",
    "sample_rate": 48000,
    "duration_seconds": 99.72222916666666,
    "bpm": 140.0,
    "key": "E Minor",
    "key_note": "E",
    "key_mode": "Minor",
    "key_confidence": 42.176739897086584
  },
  "loudness": {
    "peak_db": 1.4496130163672875e-05,
    "rms_db": -11.192706883967263,
    "dynamic_range_db": 11.192721380097426,
    "clipping_detected": true,
    "clipping_samples": 1080,
    "clipping_percent": 0.02256267252349077,
    "headroom_db": -1.4496130163672875e-05
  },
  "frequency": {
    "band_percentages": {
      "Sub": 16.389315692559624,
      "Bass / 808": 14.592616740705438,
      "Mud": 14.147963794002969,
      "Low Mids": 14.022256990303205,
      "Mids / Melody": 13.566959900594455,
      "Harsh Zone": 13.267392050179993,
      "Highs": 13.891052171618043,
      "Air": 13.389834708380546,
      "Vocal Range": 14.634594579686464
    },
    "brightness_centroid_hz": 4728.361074803008,
    "brightness_label": "High",
    "spectral_rolloff_hz": 10391.569285485079,
    "dominant_band": "Sub",
    "low_end_total_percent": 30.98193243326506,
    "mid_total_percent": 41.73718068490063,
    "top_total_percent": 27.28088687999859
  },
  "fingerprint": {
    "mfcc_1": -213.1500701904297,
    "mfcc_2": -26.228321075439453,
    "mfcc_3": 34.77150344848633,
    "mfcc_4": 18.49831199645996,
    "mfcc_5": 1.007119059562683,
    "mfcc_6": -3.09045672416687,
    "mfcc_7": -2.730807304382324,
    "mfcc_8": -6.577802658081055,
    "mfcc_9": -7.226433277130127,
    "mfcc_10": 10.010255813598633,
    "mfcc_11": -5.604336261749268,
    "mfcc_12": 2.641284465789795,
    "mfcc_13": -12.850050926208496,
    "chroma_1": 0.34763047099113464,
    "chroma_2": 0.1637701541185379,
    "chroma_3": 0.3373274803161621,
    "chroma_4": 0.2148311287164688,
    "chroma_5": 0.6616985201835632,
    "chroma_6": 0.6600163578987122,
    "chroma_7": 0.2957068681716919,
    "chroma_8": 0.40655577182769775,
    "chroma_9": 0.17988036572933197,
    "chroma_10": 0.261233925819397,
    "chroma_11": 0.15467344224452972,
    "chroma_12": 0.34579747915267944,
    "spectral_contrast": 24.32672077766183,
    "spectral_flatness": 0.019095974043011665,
    "zero_crossing_rate": 0.09448668509895226,
    "embed_mfcc_1_mean": -213.1500701904297,
    "embed_mfcc_1_std": 92.28616333007812,
    "embed_mfcc_2_mean": -26.228321075439453,
    "embed_mfcc_2_std": 45.81575393676758,
    "embed_mfcc_3_mean": 34.77150344848633,
    "embed_mfcc_3_std": 30.095319747924805,
    "embed_mfcc_4_mean": 18.49831199645996,
    "embed_mfcc_4_std": 19.94585609436035,
    "embed_mfcc_5_mean": 1.007119059562683,
    "embed_mfcc_5_std": 15.490260124206543,
    "embed_mfcc_6_mean": -3.09045672416687,
    "embed_mfcc_6_std": 17.657405853271484,
    "embed_mfcc_7_mean": -2.730807304382324,
    "embed_mfcc_7_std": 16.597320556640625,
    "embed_mfcc_8_mean": -6.577802658081055,
    "embed_mfcc_8_std": 16.135860443115234,
    "embed_mfcc_9_mean": -7.226433277130127,
    "embed_mfcc_9_std": 13.467549324035645,
    "embed_mfcc_10_mean": 10.010255813598633,
    "embed_mfcc_10_std": 14.593700408935547,
    "embed_mfcc_11_mean": -5.604336261749268,
    "embed_mfcc_11_std": 10.542770385742188,
    "embed_mfcc_12_mean": 2.641284465789795,
    "embed_mfcc_12_std": 11.06567096710205,
    "embed_mfcc_13_mean": -12.850050926208496,
    "embed_mfcc_13_std": 10.23738956451416,
    "embed_mfcc_14_mean": 2.081885814666748,
    "embed_mfcc_14_std": 9.967026710510254,
    "embed_mfcc_15_mean": -8.190950393676758,
    "embed_mfcc_15_std": 10.915478706359863,
    "embed_mfcc_16_mean": -2.6558072566986084,
    "embed_mfcc_16_std": 9.816011428833008,
    "embed_mfcc_17_mean": -10.400445938110352,
    "embed_mfcc_17_std": 10.294230461120605,
    "embed_mfcc_18_mean": 0.054892078042030334,
    "embed_mfcc_18_std": 10.158110618591309,
    "embed_mfcc_19_mean": -13.932822227478027,
    "embed_mfcc_19_std": 11.76647663116455,
    "embed_mfcc_20_mean": 0.7308826446533203,
    "embed_mfcc_20_std": 10.596439361572266,
    "embed_chroma_1_mean": 0.34763047099113464,
    "embed_chroma_1_std": 0.2753699719905853,
    "embed_chroma_2_mean": 0.1637701541185379,
    "embed_chroma_2_std": 0.11366042494773865,
    "embed_chroma_3_mean": 0.3373274803161621,
    "embed_chroma_3_std": 0.2805671989917755,
    "embed_chroma_4_mean": 0.2148311287164688,
    "embed_chroma_4_std": 0.13390709459781647,
    "embed_chroma_5_mean": 0.6616985201835632,
    "embed_chroma_5_std": 0.34507885575294495,
    "embed_chroma_6_mean": 0.6600163578987122,
    "embed_chroma_6_std": 0.3117428123950958,
    "embed_chroma_7_mean": 0.2957068681716919,
    "embed_chroma_7_std": 0.18291877210140228,
    "embed_chroma_8_mean": 0.40655577182769775,
    "embed_chroma_8_std": 0.2875911295413971,
    "embed_chroma_9_mean": 0.17988036572933197,
    "embed_chroma_9_std": 0.10229481011629105,
    "embed_chroma_10_mean": 0.261233925819397,
    "embed_chroma_10_std": 0.2341959923505783,
    "embed_chroma_11_mean": 0.15467344224452972,
    "embed_chroma_11_std": 0.10559401661157608,
    "embed_chroma_12_mean": 0.34579747915267944,
    "embed_chroma_12_std": 0.27612045407295227,
    "embed_contrast_1_mean": 22.792461395263672,
    "embed_contrast_1_std": 4.933899879455566,
    "embed_contrast_2_mean": 16.629798889160156,
    "embed_contrast_2_std": 4.468323230743408,
    "embed_contrast_3_mean": 22.057292938232422,
    "embed_contrast_3_std": 5.178244113922119,
    "embed_contrast_4_mean": 20.051061630249023,
    "embed_contrast_4_std": 4.62384557723999,
    "embed_contrast_5_mean": 19.36948013305664,
    "embed_contrast_5_std": 4.060963153839111,
    "embed_contrast_6_mean": 19.462787628173828,
    "embed_contrast_6_std": 4.024026870727539,
    "embed_contrast_7_mean": 49.924171447753906,
    "embed_contrast_7_std": 3.3360605239868164,
    "embed_chroma_entropy": 2.373760223388672,
    "embed_centroid_mean": 2781.066883446837,
    "embed_centroid_std": 1347.7159469461028,
    "embed_rolloff_mean": 6269.5161752401045,
    "embed_rolloff_std": 2685.1373837170563,
    "embed_flatness_mean": 0.019095974043011665,
    "embed_flatness_std": 0.03202587738633156,
    "embed_zcr_mean": 0.09448668509895226,
    "embed_zcr_std": 0.08844447446939918,
    "embed_rms_mean": 0.20687928795814514,
    "embed_rms_std": 0.1374659687280655,
    "embed_onset_mean": 1.8293870687484741,
    "embed_onset_std": 1.9610682725906372,
    "fingerprint_version": 2.0,
    "fingerprint_duration_seconds": 99.72226757369614,
    "embed_mfcc_delta_mean": -0.004835681524127722,
    "embed_mfcc_delta_std": 3.7453904151916504,
    "embed_chroma_delta_mean": -4.024594818474725e-05,
    "embed_chroma_delta_std": 0.026927251368761063,
    "embed_onset_peak": 17.8211727142334,
    "embed_onset_p95": 5.809752464294434,
    "embed_rms_p10": 0.07028055936098099,
    "embed_rms_p50": 0.13967381417751312,
    "embed_rms_p90": 0.42860904335975647,
    "embedding_nonzero_count": 100.0
  },
  "rhythm": {
    "onset_count": 578,
    "onset_density": 5.796099874923407,
    "drum_activity": "High",
    "estimated_bars": 58,
    "seconds_per_bar": 1.7142857142857142
  },
  "sections": [
    {
      "name": "Intro",
      "start": 0.0,
      "end": 16.0,
      "avg_energy": 0.16070282459259033,
      "energy_label": "Low"
    },
    {
      "name": "Chorus / Hook",
      "start": 16.0,
      "end": 32.0,
      "avg_energy": 0.3081696629524231,
      "energy_label": "Medium"
    },
    {
      "name": "Verse",
      "start": 32.0,
      "end": 48.0,
      "avg_energy": 0.3395775556564331,
      "energy_label": "High"
    },
    {
      "name": "Chorus / Hook",
      "start": 48.0,
      "end": 64.0,
      "avg_energy": 0.2719019651412964,
      "energy_label": "Medium"
    },
    {
      "name": "Verse",
      "start": 64.0,
      "end": 80.0,
      "avg_energy": 0.3443359434604645,