{
  "basic": {
    "file_name": "Prettifun - Bbyangl.wav",
    "file_path": "/Volumes/POLLY/tracks/Prettifun/Prettifun - Bbyangl.wav",
    "sample_rate": 48000,
    "duration_seconds": 156.76445833333332,
    "bpm": 140.0,
    "key": "F Minor",
    "key_note": "F",
    "key_mode": "Minor",
    "key_confidence": 42.41643798798055
  },
  "loudness": {
    "peak_db": 0.004253576071742975,
    "rms_db": -4.8247255491986465,
    "dynamic_range_db": 4.828979125270389,
    "clipping_detected": true,
    "clipping_samples": 71082,
    "clipping_percent": 0.9446497093436623,
    "headroom_db": -0.004253576071742975
  },
  "frequency": {
    "band_percentages": {
      "Sub": 16.438151302270125,
      "Bass / 808": 15.041963729277139,
      "Mud": 13.909571218563205,
      "Low Mids": 13.721950795423599,
      "Mids / Melody": 13.959901520894109,
      "Harsh Zone": 13.60121772911142,
      "Highs": 13.7152487486645,
      "Air": 13.213212683225684,
      "Vocal Range": 14.54058519893553
    },
    "brightness_centroid_hz": 4642.886074933406,
    "brightness_label": "High",
    "spectral_rolloff_hz": 11019.571915186772,
    "dominant_band": "Sub",
    "low_end_total_percent": 31.480115031547264,
    "mid_total_percent": 41.59142353488091,
    "top_total_percent": 26.928461431890184
  },
  "fingerprint": {
    "mfcc_1": -86.35980987548828,
    "mfcc_2": -35.67375564575195,
    "mfcc_3": 10.89988899230957,
    "mfcc_4": 8.229524612426758,
    "mfcc_5": 5.143283367156982,
    "mfcc_6": 9.375089645385742,
    "mfcc_7": 5.1412672996521,
    "mfcc_8": 7.743895530700684,
    "mfcc_9": 3.8251235485076904,
    "mfcc_10": 9.038081169128418,
    "mfcc_11": 0.6175131797790527,
    "mfcc_12": 6.251826763153076,
    "mfcc_13": 1.0534658432006836,
    "chroma_1": 0.3592323362827301,
    "chroma_2": 0.20049543678760529,
    "chroma_3": 0.1999858021736145,
    "chroma_4": 0.1447288542985916,
    "chroma_5": 0.23590782284736633,
    "chroma_6": 0.3962540030479431,
    "chroma_7": 0.21993239223957062,
    "chroma_8": 0.5480114221572876,
    "chroma_9": 0.20652960240840912,
    "chroma_10": 0.33685755729675293,
    "chroma_11": 0.14394508302211761,
    "chroma_12": 0.1320423036813736,
    "spectral_contrast": 21.044936866460713,
    "spectral_flatness": 0.01710006780922413,
    "zero_crossing_rate": 0.06255243732464202,
    "embed_mfcc_1_mean": -86.35980987548828,
    "embed_mfcc_1_std": 35.67922592163086,
    "embed_mfcc_2_mean": -35.67375564575195,
    "embed_mfcc_2_std": 17.10866355895996,
    "embed_mfcc_3_mean": 10.89988899230957,
    "embed_mfcc_3_std": 19.46214485168457,
    "embed_mfcc_4_mean": 8.229524612426758,
    "embed_mfcc_4_std": 11.479937553405762,
    "embed_mfcc_5_mean": 5.143283367156982,
    "embed_mfcc_5_std": 10.261789321899414,
    "embed_mfcc_6_mean": 9.375089645385742,
    "embed_mfcc_6_std": 8.101499557495117,
    "embed_mfcc_7_mean": 5.1412672996521,
    "embed_mfcc_7_std": 7.483541011810303,
    "embed_mfcc_8_mean": 7.743895530700684,
    "embed_mfcc_8_std": 8.632248878479004,
    "embed_mfcc_9_mean": 3.8251235485076904,
    "embed_mfcc_9_std": 7.004972457885742,
    "embed_mfcc_10_mean": 9.038081169128418,
    "embed_mfcc_10_std": 6.987669944763184,
    "embed_mfcc_11_mean": 0.6175131797790527,
    "embed_mfcc_11_std": 6.247924327850342,
    "embed_mfcc_12_mean": 6.251826763153076,
    "embed_mfcc_12_std": 5.897867202758789,
    "embed_mfcc_13_mean": 1.0534658432006836,
    "embed_mfcc_13_std": 6.015884876251221,
    "embed_mfcc_14_mean": 2.488166570663452,
    "embed_mfcc_14_std": 5.316038608551025,
    "embed_mfcc_15_mean": -1.257582426071167,
    "embed_mfcc_15_std": 5.118192672729492,
    "embed_mfcc_16_mean": 1.2623175382614136,
    "embed_mfcc_16_std": 5.394378185272217,
    "embed_mfcc_17_mean": -1.5200716257095337,
    "embed_mfcc_17_std": 5.391026973724365,
    "embed_mfcc_18_mean": 1.5519331693649292,
    "embed_mfcc_18_std": 5.6651177406311035,
    "embed_mfcc_19_mean": 0.5488842725753784,
    "embed_mfcc_19_std": 5.360760688781738,
    "embed_mfcc_20_mean": 4.749120235443115,
    "embed_mfcc_20_std": 5.527581691741943,
    "embed_chroma_1_mean": 0.3592323362827301,
    "embed_chroma_1_std": 0.35236966609954834,
    "embed_chroma_2_mean": 0.20049543678760529,
    "embed_chroma_2_std": 0.13971176743507385,
    "embed_chroma_3_mean": 0.1999858021736145,
    "embed_chroma_3_std": 0.09966889023780823,
    "embed_chroma_4_mean": 0.1447288542985916,
    "embed_chroma_4_std": 0.09228238463401794,
    "embed_chroma_5_mean": 0.23590782284736633,
    "embed_chroma_5_std": 0.16031737625598907,
    "embed_chroma_6_mean": 0.3962540030479431,
    "embed_chroma_6_std": 0.38012969493865967,
    "embed_chroma_7_mean": 0.21993239223957062,
    "embed_chroma_7_std": 0.14995472133159637,
    "embed_chroma_8_mean": 0.5480114221572876,
    "embed_chroma_8_std": 0.38835620880126953,
    "embed_chroma_9_mean": 0.20652960240840912,
    "embed_chroma_9_std": 0.12977731227874756,
    "embed_chroma_10_mean": 0.33685755729675293,
    "embed_chroma_10_std": 0.35039186477661133,
    "embed_chroma_11_mean": 0.14394508302211761,
    "embed_chroma_11_std": 0.09467028081417084,
    "embed_chroma_12_mean": 0.1320423036813736,
    "embed_chroma_12_std": 0.10256428271532059,
    "embed_contrast_1_mean": 21.418485641479492,
    "embed_contrast_1_std": 4.490184783935547,
    "embed_contrast_2_mean": 13.971416473388672,
    "embed_contrast_2_std": 3.448179244995117,
    "embed_contrast_3_mean": 16.344030380249023,
    "embed_contrast_3_std": 3.7710046768188477,
    "embed_contrast_4_mean": 15.974942207336426,
    "embed_contrast_4_std": 3.1330106258392334,
    "embed_contrast_5_mean": 16.663040161132812,
    "embed_contrast_5_std": 2.8682823181152344,
    "embed_contrast_6_mean": 16.01051139831543,
    "embed_contrast_6_std": 2.1492438316345215,
    "embed_contrast_7_mean": 46.932132720947266,
    "embed_contrast_7_std": 2.7156808376312256,
    "embed_chroma_entropy": 2.387664318084717,
    "embed_centroid_mean": 2860.63130301028,
    "embed_centroid_std": 645.8445343731919,
    "embed_rolloff_mean": 6917.574837038022,
    "embed_rolloff_std": 1104.4145885037105,
    "embed_flatness_mean": 0.01710006780922413,
    "embed_flatness_std": 0.018231302499771118,
    "embed_zcr_mean": 0.06255243732464202,
    "embed_zcr_std": 0.03480332654666944,
    "embed_rms_mean": 0.4020500183105469,
    "embed_rms_std": 0.07750063389539719,
    "embed_onset_mean": 1.33742356300354,
    "embed_onset_std": 1.0830315351486206,
    "fingerprint_version": 2.0,
    "fingerprint_duration_seconds": 156.76448979591837,
    "embed_mfcc_delta_mean": -0.0001747341884765774,
    "embed_mfcc_delta_std": 2.10530948638916,
    "embed_chroma_delta_mean": -1.0892331374634523e-05,
    "embed_chroma_delta_std": 0.02157430537045002,
    "embed_onset_peak": 8.03446102142334,
    "embed_onset_p95": 3.631577968597412,
    "embed_rms_p10": 0.3528546988964081,
    "embed_rms_p50": 0.42289039492607117,
    "embed_rms_p90": 0.44579440355300903,
    "embedding_nonzero_count": 100.0
  },
  "rhythm": {
    "onset_count": 1045,
    "onset_density": 6.666051802239401,
    "drum_activity": "High",
    "estimated_bars": 91,
    "seconds_per_bar": 1.7142857142857142
  },
  "sections": [
    {
      "name": "Intro",
      "start": 0.0,
      "end": 16.0,
      "avg_energy": 0.5839548110961914,
      "energy_label": "Medium"
    },
    {
      "name": "Chorus / Hook",
      "start": 16.0,
      "end": 32.0,
      "avg_energy": 0.5853025317192078,
      "energy_label": "Medium"
    },
    {
      "name": "Verse",
      "start": 32.0,
      "end": 48.0,
      "avg_energy": 0.5877782702445984,
      "energy_label": "Medium"
    },
    {
      "name": "Chorus / Hook",
      "start": 48.0,
      "end": 64.0,
      "avg_energy": 0.5258352160453796,
      "energy_label": "Medium"
    },
    {
      "name": "Verse",
      "start": 64.0,
      "end": 80.0,
      "avg_energy": 0.5868479609489441,