{
  "basic": {
    "file_name": "Prettifun - Quarters Pennies.wav",
    "file_path": "/Volumes/POLLY/tracks/Prettifun/Prettifun - Quarters Pennies.wav",
    "sample_rate": 48000,
    "duration_seconds": 142.73227083333333,
    "bpm": 140.0,
    "key": "C Minor",
    "key_note": "C",
    "key_mode": "Minor",
    "key_confidence": 43.441548962368024
  },
  "loudness": {
    "peak_db": 0.004240121948037067,
    "rms_db": -7.49671935958693,
    "dynamic_range_db": 7.5009594815349665,
    "clipping_detected": true,
    "clipping_samples": 104048,
    "clipping_percent": 1.5186941635629292,
    "headroom_db": -0.004240121948037067
  },
  "frequency": {
    "band_percentages": {
      "Sub": 16.306949511314176,
      "Bass / 808": 15.129986919597025,
      "Mud": 14.431945771127076,
      "Low Mids": 13.925504566211059,
      "Mids / Melody": 13.960732172344878,
      "Harsh Zone": 13.385934817966374,
      "Highs": 13.326674057041037,
      "Air": 12.91820700063371,
      "Vocal Range": 14.862967641199676
    },
    "brightness_centroid_hz": 3350.688998652251,
    "brightness_label": "Medium",
    "spectral_rolloff_hz": 7325.530563443432,
    "dominant_band": "Sub",
    "low_end_total_percent": 31.436936430911203,
    "mid_total_percent": 42.31818250968301,
    "top_total_percent": 26.244881057674746
  },
  "fingerprint": {
    "mfcc_1": -149.1155242919922,
    "mfcc_2": -4.727194309234619,
    "mfcc_3": 6.348756790161133,
    "mfcc_4": 6.677250862121582,
    "mfcc_5": -4.485192775726318,
    "mfcc_6": -3.519794225692749,
    "mfcc_7": -0.7288928031921387,
    "mfcc_8": -9.71395206451416,
    "mfcc_9": 3.022148847579956,
    "mfcc_10": -4.688333988189697,
    "mfcc_11": -7.5135321617126465,
    "mfcc_12": -1.291198968887329,
    "mfcc_13": -6.15018892288208,
    "chroma_1": 0.8621346354484558,
    "chroma_2": 0.7304750680923462,
    "chroma_3": 0.4798286259174347,
    "chroma_4": 0.6338856220245361,
    "chroma_5": 0.36027783155441284,
    "chroma_6": 0.5634428262710571,
    "chroma_7": 0.39789098501205444,
    "chroma_8": 0.38022366166114807,
    "chroma_9": 0.4196814298629761,
    "chroma_10": 0.2599453032016754,
    "chroma_11": 0.3807210922241211,
    "chroma_12": 0.2875884771347046,
    "spectral_contrast": 22.502034850085348,
    "spectral_flatness": 0.016263822093605995,
    "zero_crossing_rate": 0.0900843948033572,
    "embed_mfcc_1_mean": -149.1155242919922,
    "embed_mfcc_1_std": 65.14797973632812,
    "embed_mfcc_2_mean": -4.727194309234619,
    "embed_mfcc_2_std": 46.276336669921875,
    "embed_mfcc_3_mean": 6.348756790161133,
    "embed_mfcc_3_std": 30.515554428100586,
    "embed_mfcc_4_mean": 6.677250862121582,
    "embed_mfcc_4_std": 18.179115295410156,
    "embed_mfcc_5_mean": -4.485192775726318,
    "embed_mfcc_5_std": 17.972064971923828,
    "embed_mfcc_6_mean": -3.519794225692749,
    "embed_mfcc_6_std": 16.822425842285156,
    "embed_mfcc_7_mean": -0.7288928031921387,
    "embed_mfcc_7_std": 15.096345901489258,
    "embed_mfcc_8_mean": -9.71395206451416,
    "embed_mfcc_8_std": 16.793664932250977,
    "embed_mfcc_9_mean": 3.022148847579956,
    "embed_mfcc_9_std": 11.995713233947754,
    "embed_mfcc_10_mean": -4.688333988189697,
    "embed_mfcc_10_std": 12.670648574829102,
    "embed_mfcc_11_mean": -7.5135321617126465,
    "embed_mfcc_11_std": 11.663187026977539,
    "embed_mfcc_12_mean": -1.291198968887329,
    "embed_mfcc_12_std": 11.561338424682617,
    "embed_mfcc_13_mean": -6.15018892288208,
    "embed_mfcc_13_std": 10.983800888061523,
    "embed_mfcc_14_mean": -0.22547435760498047,
    "embed_mfcc_14_std": 10.93699836730957,
    "embed_mfcc_15_mean": -7.0386481285095215,
    "embed_mfcc_15_std": 10.542458534240723,
    "embed_mfcc_16_mean": 2.465343952178955,
    "embed_mfcc_16_std": 9.242012023925781,
    "embed_mfcc_17_mean": -1.818381667137146,
    "embed_mfcc_17_std": 9.318937301635742,
    "embed_mfcc_18_mean": -1.477896809577942,
    "embed_mfcc_18_std": 9.160028457641602,
    "embed_mfcc_19_mean": -3.6761841773986816,
    "embed_mfcc_19_std": 9.360862731933594,
    "embed_mfcc_20_mean": -0.41024959087371826,
    "embed_mfcc_20_std": 8.837568283081055,
    "embed_chroma_1_mean": 0.8621346354484558,
    "embed_chroma_1_std": 0.20428264141082764,
    "embed_chroma_2_mean": 0.7304750680923462,
    "embed_chroma_2_std": 0.20864219963550568,
    "embed_chroma_3_mean": 0.4798286259174347,
    "embed_chroma_3_std": 0.19921299815177917,
    "embed_chroma_4_mean": 0.6338856220245361,
    "embed_chroma_4_std": 0.21657191216945648,
    "embed_chroma_5_mean": 0.36027783155441284,
    "embed_chroma_5_std": 0.18054018914699554,
    "embed_chroma_6_mean": 0.5634428262710571,
    "embed_chroma_6_std": 0.2688162326812744,
    "embed_chroma_7_mean": 0.39789098501205444,
    "embed_chroma_7_std": 0.23375271260738373,
    "embed_chroma_8_mean": 0.38022366166114807,
    "embed_chroma_8_std": 0.13816285133361816,
    "embed_chroma_9_mean": 0.4196814298629761,
    "embed_chroma_9_std": 0.2005811333656311,
    "embed_chroma_10_mean": 0.2599453032016754,
    "embed_chroma_10_std": 0.1313095986843109,
    "embed_chroma_11_mean": 0.3807210922241211,
    "embed_chroma_11_std": 0.20107106864452362,
    "embed_chroma_12_mean": 0.2875884771347046,
    "embed_chroma_12_std": 0.1535561978816986,
    "embed_contrast_1_mean": 19.373796463012695,
    "embed_contrast_1_std": 4.824385166168213,
    "embed_contrast_2_mean": 14.766283988952637,
    "embed_contrast_2_std": 4.011631011962891,
    "embed_contrast_3_mean": 19.014362335205078,
    "embed_contrast_3_std": 4.457668304443359,
    "embed_contrast_4_mean": 19.488557815551758,
    "embed_contrast_4_std": 4.70908784866333,
    "embed_contrast_5_mean": 19.944448471069336,
    "embed_contrast_5_std": 4.303316593170166,
    "embed_contrast_6_mean": 18.905345916748047,
    "embed_contrast_6_std": 3.5319745540618896,
    "embed_contrast_7_mean": 46.021446228027344,
    "embed_contrast_7_std": 3.2385408878326416,
    "embed_chroma_entropy": 2.4216713905334473,
    "embed_centroid_mean": 2293.8683855089616,
    "embed_centroid_std": 1269.117318685765,
    "embed_rolloff_mean": 4904.480759942495,
    "embed_rolloff_std": 2572.2017062130085,
    "embed_flatness_mean": 0.016263822093605995,
    "embed_flatness_std": 0.02754034288227558,
    "embed_zcr_mean": 0.0900843948033572,
    "embed_zcr_std": 0.09115891713813509,
    "embed_rms_mean": 0.30605706572532654,
    "embed_rms_std": 0.17285652458667755,
    "embed_onset_mean": 1.6579880714416504,
    "embed_onset_std": 1.7019026279449463,
    "fingerprint_version": 2.0,
    "fingerprint_duration_seconds": 142.7322902494331,
    "embed_mfcc_delta_mean": 2.388134817010723e-05,
    "embed_mfcc_delta_std": 3.6766092777252197,
    "embed_chroma_delta_mean": -2.2155159967951477e-05,
    "embed_chroma_delta_std": 0.02657737210392952,
    "embed_onset_peak": 15.701382637023926,
    "embed_onset_p95": 5.442760944366455,
    "embed_rms_p10": 0.11085208505392075,
    "embed_rms_p50": 0.2651611566543579,
    "embed_rms_p90": 0.5411481261253357,
    "embedding_nonzero_count": 100.0
  },
  "rhythm": {
    "onset_count": 549,
    "onset_density": 3.846362121156612,
    "drum_activity": "High",
    "estimated_bars": 83,
    "seconds_per_bar": 1.7142857142857142
  },
  "sections": [
    {
      "name": "Intro",
      "start": 0.0,
      "end": 16.0,
      "avg_energy": 0.2430492788553238,
      "energy_label": "Low"
    },
    {
      "name": "Chorus / Hook",
      "start": 16.0,
      "end": 32.0,
      "avg_energy": 0.49357572197914124,
      "energy_label": "High"
    },
    {
      "name": "Verse",
      "start": 32.0,
      "end": 48.0,
      "avg_energy": 0.4876472055912018,
      "energy_label": "High"
    },
    {
      "name": "Chorus / Hook",
      "start": 48.0,
      "end": 64.0,
      "avg_energy": 0.2869222164154053,
      "energy_label": "Low"
    },
    {
      "name": "Verse",
      "start": 64.0,
      "end": 80.0,
      "avg_energy": 0.4685206413269043,