{
  "basic": {
    "file_name": "Prettifun - Heartbreaker.wav",
    "file_path": "/Volumes/POLLY/tracks/Prettifun/Prettifun - Heartbreaker.wav",
    "sample_rate": 48000,
    "duration_seconds": 177.33654166666668,
    "bpm": 140.0,
    "key": "F Minor",
    "key_note": "F",
    "key_mode": "Minor",
    "key_confidence": 44.28724889584399
  },
  "loudness": {
    "peak_db": 0.00013149972365175216,
    "rms_db": -5.729206500262574,
    "dynamic_range_db": 5.7293379999862255,
    "clipping_detected": true,
    "clipping_samples": 2501,
    "clipping_percent": 0.02938151729867669,
    "headroom_db": -0.00013149972365175216
  },
  "frequency": {
    "band_percentages": {
      "Sub": 17.132170982915635,
      "Bass / 808": 14.521311642626019,
      "Mud": 13.981642680621428,
      "Low Mids": 13.710341083037852,
      "Mids / Melody": 13.80366586005012,
      "Harsh Zone": 13.47022716814609,
      "Highs": 13.91289981266498,
      "Air": 12.937967936336797,
      "Vocal Range": 14.513087125368543
    },
    "brightness_centroid_hz": 3916.218442421384,
    "brightness_label": "High",
    "spectral_rolloff_hz": 9250.437003789246,
    "dominant_band": "Sub",
    "low_end_total_percent": 31.653482625541656,
    "mid_total_percent": 41.4956496237094,
    "top_total_percent": 26.85086774900178
  },
  "fingerprint": {
    "mfcc_1": -106.72980499267578,
    "mfcc_2": -40.937774658203125,
    "mfcc_3": 24.35433578491211,
    "mfcc_4": 8.608835220336914,
    "mfcc_5": 2.376098871231079,
    "mfcc_6": 7.147572994232178,
    "mfcc_7": 4.466936111450195,
    "mfcc_8": 6.611276626586914,
    "mfcc_9": -0.47295907139778137,
    "mfcc_10": 7.2040863037109375,
    "mfcc_11": 0.9454659223556519,
    "mfcc_12": 8.86736011505127,
    "mfcc_13": 0.15643484890460968,
    "chroma_1": 0.14610505104064941,
    "chroma_2": 0.11529462039470673,
    "chroma_3": 0.13688752055168152,
    "chroma_4": 0.13830368220806122,
    "chroma_5": 0.3049021065235138,
    "chroma_6": 0.7910234928131104,
    "chroma_7": 0.2879083752632141,
    "chroma_8": 0.36247286200523376,
    "chroma_9": 0.1896033138036728,
    "chroma_10": 0.1603250652551651,
    "chroma_11": 0.10147394984960556,
    "chroma_12": 0.08639160543680191,
    "spectral_contrast": 21.4213844357904,
    "spectral_flatness": 0.009336943738162518,
    "zero_crossing_rate": 0.02862048075295085,
    "embed_mfcc_1_mean": -106.72980499267578,
    "embed_mfcc_1_std": 31.060749053955078,
    "embed_mfcc_2_mean": -40.937774658203125,
    "embed_mfcc_2_std": 19.511240005493164,
    "embed_mfcc_3_mean": 24.35433578491211,
    "embed_mfcc_3_std": 17.436721801757812,
    "embed_mfcc_4_mean": 8.608835220336914,
    "embed_mfcc_4_std": 9.506961822509766,
    "embed_mfcc_5_mean": 2.376098871231079,
    "embed_mfcc_5_std": 7.319458484649658,
    "embed_mfcc_6_mean": 7.147572994232178,
    "embed_mfcc_6_std": 6.9687018394470215,
    "embed_mfcc_7_mean": 4.466936111450195,
    "embed_mfcc_7_std": 6.910947322845459,
    "embed_mfcc_8_mean": 6.611276626586914,
    "embed_mfcc_8_std": 6.800669193267822,
    "embed_mfcc_9_mean": -0.47295907139778137,
    "embed_mfcc_9_std": 6.213671684265137,
    "embed_mfcc_10_mean": 7.2040863037109375,
    "embed_mfcc_10_std": 5.892007350921631,
    "embed_mfcc_11_mean": 0.9454659223556519,
    "embed_mfcc_11_std": 6.02092170715332,
    "embed_mfcc_12_mean": 8.86736011505127,
    "embed_mfcc_12_std": 5.3498663902282715,
    "embed_mfcc_13_mean": 0.15643484890460968,
    "embed_mfcc_13_std": 5.890127182006836,
    "embed_mfcc_14_mean": 5.804371356964111,
    "embed_mfcc_14_std": 5.1395063400268555,
    "embed_mfcc_15_mean": -0.28314992785453796,
    "embed_mfcc_15_std": 5.20108699798584,
    "embed_mfcc_16_mean": 6.191186904907227,
    "embed_mfcc_16_std": 4.971395015716553,
    "embed_mfcc_17_mean": -0.6879920363426208,
    "embed_mfcc_17_std": 5.059695243835449,
    "embed_mfcc_18_mean": 4.414633750915527,
    "embed_mfcc_18_std": 5.52345085144043,
    "embed_mfcc_19_mean": 2.7309494018554688,
    "embed_mfcc_19_std": 5.277821063995361,
    "embed_mfcc_20_mean": 8.765040397644043,
    "embed_mfcc_20_std": 5.397060394287109,
    "embed_chroma_1_mean": 0.14610505104064941,
    "embed_chroma_1_std": 0.07942064851522446,
    "embed_chroma_2_mean": 0.11529462039470673,
    "embed_chroma_2_std": 0.09141992777585983,
    "embed_chroma_3_mean": 0.13688752055168152,
    "embed_chroma_3_std": 0.09250739961862564,
    "embed_chroma_4_mean": 0.13830368220806122,
    "embed_chroma_4_std": 0.0764603391289711,
    "embed_chroma_5_mean": 0.3049021065235138,
    "embed_chroma_5_std": 0.28487199544906616,
    "embed_chroma_6_mean": 0.7910234928131104,
    "embed_chroma_6_std": 0.3122682273387909,
    "embed_chroma_7_mean": 0.2879083752632141,
    "embed_chroma_7_std": 0.18716590106487274,
    "embed_chroma_8_mean": 0.36247286200523376,
    "embed_chroma_8_std": 0.3651808798313141,
    "embed_chroma_9_mean": 0.1896033138036728,
    "embed_chroma_9_std": 0.18133747577667236,
    "embed_chroma_10_mean": 0.1603250652551651,
    "embed_chroma_10_std": 0.22414515912532806,
    "embed_chroma_11_mean": 0.10147394984960556,
    "embed_chroma_11_std": 0.15008166432380676,
    "embed_chroma_12_mean": 0.08639160543680191,
    "embed_chroma_12_std": 0.07256074994802475,
    "embed_contrast_1_mean": 23.648401260375977,
    "embed_contrast_1_std": 4.484087944030762,
    "embed_contrast_2_mean": 13.72771167755127,
    "embed_contrast_2_std": 3.28033185005188,
    "embed_contrast_3_mean": 16.54212760925293,
    "embed_contrast_3_std": 3.7522459030151367,
    "embed_contrast_4_mean": 16.576522827148438,
    "embed_contrast_4_std": 3.0997536182403564,
    "embed_contrast_5_mean": 16.516874313354492,
    "embed_contrast_5_std": 2.7394068241119385,
    "embed_contrast_6_mean": 15.0820951461792,
    "embed_contrast_6_std": 1.8839521408081055,
    "embed_contrast_7_mean": 47.85596466064453,
    "embed_contrast_7_std": 2.4242053031921387,
    "embed_chroma_entropy": 2.243177890777588,
    "embed_centroid_mean": 2978.569896364537,
    "embed_centroid_std": 704.5021023268068,
    "embed_rolloff_mean": 7357.543009944006,
    "embed_rolloff_std": 1295.6675706504916,
    "embed_flatness_mean": 0.009336943738162518,
    "embed_flatness_std": 0.009656619280576706,
    "embed_zcr_mean": 0.02862048075295085,
    "embed_zcr_std": 0.018657432744122116,
    "embed_rms_mean": 0.4613795280456543,
    "embed_rms_std": 0.055546317249536514,
    "embed_onset_mean": 1.265473484992981,
    "embed_onset_std": 0.9821988344192505,
    "fingerprint_version": 2.0,
    "fingerprint_duration_seconds": 177.33655328798187,
    "embed_mfcc_delta_mean": 0.00010036545427283272,
    "embed_mfcc_delta_std": 2.0751285552978516,
    "embed_chroma_delta_mean": 2.41000725509366e-06,
    "embed_chroma_delta_std": 0.017740678042173386,
    "embed_onset_peak": 6.855234146118164,
    "embed_onset_p95": 3.295895576477051,
    "embed_rms_p10": 0.4142243266105652,
    "embed_rms_p50": 0.44148582220077515,
    "embed_rms_p90": 0.520924985408783,
    "embedding_nonzero_count": 100.0
  },
  "rhythm": {
    "onset_count": 1426,
    "onset_density": 8.041207901078858,
    "drum_activity": "High",
    "estimated_bars": 103,
    "seconds_per_bar": 1.7142857142857142
  },
  "sections": [
    {
      "name": "Intro",
      "start": 0.0,
      "end": 16.0,
      "avg_energy": 0.16312266886234283,
      "energy_label": "Low"
    },
    {
      "name": "Chorus / Hook",
      "start": 16.0,
      "end": 32.0,
      "avg_energy": 0.4937373995780945,
      "energy_label": "Medium"
    },
    {
      "name": "Verse",
      "start": 32.0,
      "end": 48.0,
      "avg_energy": 0.5197532176971436,
      "energy_label": "Medium"
    },
    {
      "name": "Chorus / Hook",
      "start": 48.0,
      "end": 64.0,
      "avg_energy": 0.5953811407089233,
      "energy_label": "High"
    },
    {
      "name": "Verse",
      "start": 64.0,
      "end": 80.0,
      "avg_energy": 0.5488605499267578,