{
  "basic": {
    "file_name": "Prettifun - Anxiety.wav",
    "file_path": "/Users/jayden/SoundLens/tracks/Prettifun/Prettifun - Anxiety.wav",
    "sample_rate": 48000,
    "duration_seconds": 141.37654166666667,
    "bpm": 162.26,
    "key": "G# Major",
    "key_note": "G#",
    "key_mode": "Major",
    "key_confidence": 46.8817718759399
  },
  "loudness": {
    "peak_db": 5.591351160911539e-05,
    "rms_db": -6.539823392803052,
    "dynamic_range_db": 6.539879306314661,
    "clipping_detected": true,
    "clipping_samples": 17823,
    "clipping_percent": 0.26264081411431706,
    "headroom_db": -5.591351160911539e-05
  },
  "frequency": {
    "band_percentages": {
      "Sub": 16.607770185738175,
      "Bass / 808": 14.931605410317623,
      "Mud": 14.020713802932185,
      "Low Mids": 13.847557488063305,
      "Mids / Melody": 14.188786749569473,
      "Harsh Zone": 13.73283467714482,
      "Highs": 13.508326829917191,
      "Air": 12.895239531727206,
      "Vocal Range": 14.807400814749741
    },
    "brightness_centroid_hz": 3477.065860714002,
    "brightness_label": "Medium",
    "spectral_rolloff_hz": 7502.295124481328,
    "dominant_band": "Sub",
    "low_end_total_percent": 31.539375596055798,
    "mid_total_percent": 42.05705804056497,
    "top_total_percent": 26.403566361644398
  },
  "fingerprint": {
    "mfcc_1": -96.24232482910156,
    "mfcc_2": 121.15966033935547,
    "mfcc_3": -13.510233879089355,
    "mfcc_4": 24.67835235595703,
    "mfcc_5": -3.1175670623779297,
    "mfcc_6": 19.32919692993164,
    "mfcc_7": -12.453768730163574,
    "mfcc_8": 18.928274154663086,
    "mfcc_9": -8.740057945251465,
    "mfcc_10": 10.817410469055176,
    "mfcc_11": -2.372410774230957,
    "mfcc_12": 5.349457263946533,
    "mfcc_13": -2.19278621673584,
    "chroma_1": 0.35421648621559143,
    "chroma_2": 0.30246567726135254,
    "chroma_3": 0.29684147238731384,
    "chroma_4": 0.4014929533004761,
    "chroma_5": 0.28255918622016907,
    "chroma_6": 0.3251398801803589,
    "chroma_7": 0.2645687460899353,
    "chroma_8": 0.6096261739730835,
    "chroma_9": 0.5782663822174072,
    "chroma_10": 0.3532217741012573,
    "chroma_11": 0.2542288303375244,
    "chroma_12": 0.16370394825935364,
    "spectral_contrast": 19.70104032944023,
    "spectral_flatness": 0.0026282183825969696,
    "zero_crossing_rate": 0.053659364980196154
  },
  "rhythm": {
    "onset_count": 781,
    "onset_density": 5.524254524781192,
    "drum_activity": "High",
    "estimated_bars": 96,
    "seconds_per_bar": 1.4791076050782694
  },
  "sections": [
    {
      "name": "Intro",
      "start": 0.0,
      "end": 16.0,
      "avg_energy": 0.5236750841140747,
      "energy_label": "Medium"
    },
    {
      "name": "Chorus / Hook",
      "start": 16.0,
      "end": 32.0,
      "avg_energy": 0.48617440462112427,
      "energy_label": "Medium"
    },
    {
      "name": "Verse",
      "start": 32.0,
      "end": 48.0,
      "avg_energy": 0.40109121799468994,
      "energy_label": "Low"
    },
    {
      "name": "Chorus / Hook",
      "start": 48.0,
      "end": 64.0,
      "avg_energy": 0.5436837673187256,
      "energy_label": "Medium"
    },
    {
      "name": "Verse",
      "start": 64.0,
      "end": 80.0,
      "avg_energy": 0.4480832517147064,
      "energy_label": "Medium"
    },
    {
      "name": "Verse",
      "start": 80.0,
      "end": 96.0,
      "avg_energy": 0.4683111011981964,
      "energy_label": "Medium"
    },
    {
      "name": "Verse",
      "start": 96.0,
      "end": 112.0,
      "avg_energy": 0.49801376461982727,
      "energy_label": "Medium"
    },
    {
      "name": "Outro",
      "start": 112.0,
      "end": 141.37654166666667,
      "avg_energy": 0.42066749930381775,
      "energy_label": "Medium"
    }
  ],
  "scores": {
    "mix": 81,
    "master": 81,
    "arrangement": 75,
    "release": 79,
    "energy": 9.230088303598475,
    "bass_strength": 6.307875119211159,
    "darkness": 3.0458682785719953,
    "brightness": 6.954131721428005,
    "drum_bounce": 10,
    "vocal_space": 2.413491980532368
  },
  "stem_balance": null,
  "top_problems": [
    "Clipping detected: 17823 samples are near/over the limit.",
    "Mud range is elevated around 250-500 Hz.",
    "Intro may be long for short-form listener retention.",
    "Drum movement is very active; the beat could become overcrowded.",
    "Hook/verse contrast looks low, but arrangement detection is still an estimate."
  ],
  "suggested_fixes": [
    "Lower the master/output, then use a soft clipper or limiter with safer ceiling.",
    "Gently cut 250-500 Hz on melodies, pads, or the master if the mix feels cloudy.",
    "Mute extra percussion in some sections so the hook/drop feels bigger.",
    "Check the waveform/sections by ear. If the hook feels flat, add contrast with melody layers, drum changes, or vocal energy.",
    "Consider bringing drums, 808, or a strong tag/moment in earlier."
  ],
  "artist_notes": [
    "Autotune/key starting point: G# Major. Confidence: 46.9%.",
    "Beat energy: 9.2/10. Darkness: 3.0/10.",
    "Vocal space estimate: 2.4/10. Higher means easier space for vocals."
  ],
  "producer_notes": [
    "Low-end presence looks usable for the selected style.",
    "Selected style preset: rage_trap.",
    "Dominant frequency area: Sub.",
    "Drum activity is high at 5.52 hits/sec.",
    "Estimated length: 96 bars at 162 BPM."
  ],
  "master_notes": [
    "Clipping is the first thing to fix before judging the rest of the mix.",
    "Loudness is in a usable range for the selected style.",
    "Peak: 0.00 dB. RMS: -6.54 dB. Dynamic range: 6.54 dB."
  ],
  "next_steps": [
    "Lower the master/output, then use a soft clipper or limiter with safer ceiling.",
    "Gently cut 250-500 Hz on melodies, pads, or the master if the mix feels cloudy.",
    "Mute extra percussion in some sections so the hook/drop feels bigger.",
    "Fix the top 1-2 issues, export again, then re-run SoundLens."
  ]
}