{
  "basic": {
    "file_name": "Prettifun - CAU6TIONARY TALE.wav",
    "file_path": "/Users/jayden/SoundLens/tracks/Prettifun/Prettifun - CAU6TIONARY TALE.wav",
    "sample_rate": 48000,
    "duration_seconds": 170.00533333333334,
    "bpm": 153.41,
    "key": "C# Major",
    "key_note": "C#",
    "key_mode": "Major",
    "key_confidence": 45.7170266540219
  },
  "loudness": {
    "peak_db": 0.00018948322130610815,
    "rms_db": -8.573985188685583,
    "dynamic_range_db": 8.574174671906889,
    "clipping_detected": true,
    "clipping_samples": 7459,
    "clipping_percent": 0.09140644607228009,
    "headroom_db": -0.00018948322130610815
  },
  "frequency": {
    "band_percentages": {
      "Sub": 16.396534801657594,
      "Bass / 808": 14.382810680058133,
      "Mud": 13.947637903798583,
      "Low Mids": 13.883490305123336,
      "Mids / Melody": 14.214108120562518,
      "Harsh Zone": 13.739601623730332,
      "Highs": 14.213886102089193,
      "Air": 12.96153208497331,
      "Vocal Range": 14.688970841064588
    },
    "brightness_centroid_hz": 4125.422226240033,
    "brightness_label": "High",
    "spectral_rolloff_hz": 8705.95120459251,
    "dominant_band": "Sub",
    "low_end_total_percent": 30.77934548171573,
    "mid_total_percent": 42.04523632948444,
    "top_total_percent": 27.175418187062505
  },
  "fingerprint": {
    "mfcc_1": -90.7228012084961,
    "mfcc_2": 102.89778900146484,
    "mfcc_3": -11.062738418579102,
    "mfcc_4": 48.486209869384766,
    "mfcc_5": -15.526265144348145,
    "mfcc_6": 25.33761978149414,
    "mfcc_7": -3.0816378593444824,
    "mfcc_8": 17.156341552734375,
    "mfcc_9": -4.444357872009277,
    "mfcc_10": 13.74923038482666,
    "mfcc_11": -5.487041473388672,
    "mfcc_12": 13.15926742553711,
    "mfcc_13": -3.796708345413208,
    "chroma_1": 0.3296869099140167,
    "chroma_2": 0.848332941532135,
    "chroma_3": 0.43078333139419556,
    "chroma_4": 0.28145867586135864,
    "chroma_5": 0.2784739136695862,
    "chroma_6": 0.23183175921440125,
    "chroma_7": 0.48013538122177124,
    "chroma_8": 0.28651636838912964,
    "chroma_9": 0.26343008875846863,
    "chroma_10": 0.21912071108818054,
    "chroma_11": 0.16362397372722626,
    "chroma_12": 0.19592393934726715,
    "spectral_contrast": 19.718687531696506,
    "spectral_flatness": 0.0029357520397752523,
    "zero_crossing_rate": 0.048532533947785304
  },
  "rhythm": {
    "onset_count": 943,
    "onset_density": 5.546884803614004,
    "drum_activity": "High",
    "estimated_bars": 109,
    "seconds_per_bar": 1.564435173717489
  },
  "sections": [
    {
      "name": "Intro",
      "start": 0.0,
      "end": 16.0,
      "avg_energy": 0.3816903531551361,
      "energy_label": "Medium"
    },
    {
      "name": "Chorus / Hook",
      "start": 16.0,
      "end": 32.0,
      "avg_energy": 0.4331720769405365,
      "energy_label": "High"
    },
    {
      "name": "Verse",
      "start": 32.0,
      "end": 48.0,
      "avg_energy": 0.43379539251327515,
      "energy_label": "High"
    },
    {
      "name": "Chorus / Hook",
      "start": 48.0,
      "end": 64.0,
      "avg_energy": 0.3319987952709198,
      "energy_label": "Medium"
    },
    {
      "name": "Verse",
      "start": 64.0,
      "end": 80.0,
      "avg_energy": 0.4324156641960144,
      "energy_label": "High"
    },
    {
      "name": "Verse",
      "start": 80.0,
      "end": 96.0,
      "avg_energy": 0.42491835355758667,
      "energy_label": "Medium"
    },
    {
      "name": "Verse",
      "start": 96.0,
      "end": 112.0,
      "avg_energy": 0.3630077540874481,
      "energy_label": "Medium"
    },
    {
      "name": "Bridge / Breakdown",
      "start": 112.0,
      "end": 128.0,
      "avg_energy": 0.25409963726997375,
      "energy_label": "Low"
    },
    {
      "name": "Hook / Drop",
      "start": 128.0,
      "end": 144.0,
      "avg_energy": 0.43198421597480774,
      "energy_label": "High"
    },
    {
      "name": "Outro",
      "start": 144.0,
      "end": 170.00533333333334,
      "avg_energy": 0.23958894610404968,
      "energy_label": "Low"
    }
  ],
  "scores": {
    "mix": 86,
    "master": 86,
    "arrangement": 75,
    "release": 83,
    "energy": 8.213007405657208,
    "bass_strength": 6.155869096343146,
    "darkness": 1.7491555475199352,
    "brightness": 8.250844452480065,
    "drum_bounce": 10,
    "vocal_space": 2.4375890806058047
  },
  "stem_balance": null,
  "top_problems": [
    "Clipping detected: 7459 samples are near/over the limit.",
    "Mud range is elevated around 250-500 Hz.",
    "Intro may be long for short-form listener retention.",
    "Drum movement is very active; the beat could become overcrowded.",
    "Hook/verse contrast looks low, but arrangement detection is still an estimate."
  ],
  "suggested_fixes": [
    "Lower the master/output, then use a soft clipper or limiter with safer ceiling.",
    "Gently cut 250-500 Hz on melodies, pads, or the master if the mix feels cloudy.",
    "Mute extra percussion in some sections so the hook/drop feels bigger.",
    "Check the waveform/sections by ear. If the hook feels flat, add contrast with melody layers, drum changes, or vocal energy.",
    "Consider bringing drums, 808, or a strong tag/moment in earlier."
  ],
  "artist_notes": [
    "Autotune/key starting point: C# Major. Confidence: 45.7%.",
    "Beat energy: 8.2/10. Darkness: 1.7/10.",
    "Vocal space estimate: 2.4/10. Higher means easier space for vocals."
  ],
  "producer_notes": [
    "Low-end presence looks usable for the selected style.",
    "Selected style preset: rage_trap.",
    "Dominant frequency area: Sub.",
    "Drum activity is high at 5.55 hits/sec.",
    "Estimated length: 109 bars at 153 BPM."
  ],
  "master_notes": [
    "Clipping is the first thing to fix before judging the rest of the mix.",
    "Loudness is in a usable range for the selected style.",
    "Peak: 0.00 dB. RMS: -8.57 dB. Dynamic range: 8.57 dB."
  ],
  "next_steps": [
    "Lower the master/output, then use a soft clipper or limiter with safer ceiling.",
    "Gently cut 250-500 Hz on melodies, pads, or the master if the mix feels cloudy.",
    "Mute extra percussion in some sections so the hook/drop feels bigger.",
    "Fix the top 1-2 issues, export again, then re-run SoundLens."
  ]
}