{
  "basic": {
    "file_name": "Protect - Ball Hog Emojis.wav",
    "file_path": "/Users/jayden/SoundLens/tracks/Protect/Protect - Ball Hog Emojis.wav",
    "sample_rate": 48000,
    "duration_seconds": 149.47391666666667,
    "bpm": 159.2,
    "key": "C# Minor",
    "key_note": "C#",
    "key_mode": "Minor",
    "key_confidence": 45.67078809075761
  },
  "loudness": {
    "peak_db": 0.00039759937316414525,
    "rms_db": -7.881660426278088,
    "dynamic_range_db": 7.882058025651252,
    "clipping_detected": true,
    "clipping_samples": 533,
    "clipping_percent": 0.0074288323436586205,
    "headroom_db": -0.00039759937316414525
  },
  "frequency": {
    "band_percentages": {
      "Sub": 16.800512418823626,
      "Bass / 808": 15.023253201973578,
      "Mud": 14.234103561866277,
      "Low Mids": 14.352744950499863,
      "Mids / Melody": 14.10910411563617,
      "Harsh Zone": 13.223874619546935,
      "Highs": 12.920224427852995,
      "Air": 12.560057321571078,
      "Vocal Range": 15.00325573011924
    },
    "brightness_centroid_hz": 3422.3495136165066,
    "brightness_label": "Medium",
    "spectral_rolloff_hz": 8284.950540530897,
    "dominant_band": "Sub",
    "low_end_total_percent": 31.823765620797204,
    "mid_total_percent": 42.69595262800231,
    "top_total_percent": 25.480281749424073
  },
  "fingerprint": {
    "mfcc_1": -112.24305725097656,
    "mfcc_2": 121.68669128417969,
    "mfcc_3": 12.671170234680176,
    "mfcc_4": 24.605852127075195,
    "mfcc_5": -3.7518084049224854,
    "mfcc_6": 27.187740325927734,
    "mfcc_7": -7.734768390655518,
    "mfcc_8": 13.793157577514648,
    "mfcc_9": -7.81088399887085,
    "mfcc_10": 14.51999568939209,
    "mfcc_11": -8.046405792236328,
    "mfcc_12": 18.87207794189453,
    "mfcc_13": -3.7915451526641846,
    "chroma_1": 0.7490572929382324,
    "chroma_2": 0.8968754410743713,
    "chroma_3": 0.6611084938049316,
    "chroma_4": 0.542494535446167,
    "chroma_5": 0.45544108748435974,
    "chroma_6": 0.38948366045951843,
    "chroma_7": 0.4357222616672516,
    "chroma_8": 0.35989394783973694,
    "chroma_9": 0.39911091327667236,
    "chroma_10": 0.28095248341560364,
    "chroma_11": 0.34097015857696533,
    "chroma_12": 0.32441455125808716,
    "spectral_contrast": 19.565520798240417,
    "spectral_flatness": 0.0012230396969243884,
    "zero_crossing_rate": 0.03130902300824176
  },
  "rhythm": {
    "onset_count": 814,
    "onset_density": 5.445766178826072,
    "drum_activity": "High",
    "estimated_bars": 99,
    "seconds_per_bar": 1.5075376884422111
  },
  "sections": [
    {
      "name": "Intro",
      "start": 0.0,
      "end": 16.0,
      "avg_energy": 0.38842353224754333,
      "energy_label": "Medium"
    },
    {
      "name": "Chorus / Hook",
      "start": 16.0,
      "end": 32.0,
      "avg_energy": 0.3794182240962982,
      "energy_label": "Medium"
    },
    {
      "name": "Verse",
      "start": 32.0,
      "end": 48.0,
      "avg_energy": 0.4386533200740814,
      "energy_label": "Medium"
    },
    {
      "name": "Chorus / Hook",
      "start": 48.0,
      "end": 64.0,
      "avg_energy": 0.42200639843940735,
      "energy_label": "Medium"
    },
    {
      "name": "Verse",
      "start": 64.0,
      "end": 80.0,
      "avg_energy": 0.3798409700393677,
      "energy_label": "Medium"
    },
    {
      "name": "Verse",
      "start": 80.0,
      "end": 96.0,
      "avg_energy": 0.4291468858718872,
      "energy_label": "Medium"
    },
    {
      "name": "Verse",
      "start": 96.0,
      "end": 112.0,
      "avg_energy": 0.389282763004303,
      "energy_label": "Medium"
    },
    {
      "name": "Verse",
      "start": 112.0,
      "end": 128.0,
      "avg_energy": 0.3797234892845154,
      "energy_label": "Medium"
    },
    {
      "name": "Outro",
      "start": 128.0,
      "end": 149.47391666666667,
      "avg_energy": 0.41577577590942383,
      "energy_label": "Medium"
    }
  ],
  "scores": {
    "mix": 86,
    "master": 86,
    "arrangement": 81,
    "release": 84,
    "energy": 8.559169786860956,
    "bass_strength": 6.36475312415944,
    "darkness": 3.1553009727669865,
    "brightness": 6.8446990272330135,
    "drum_bounce": 10,
    "vocal_space": 2.2559664394677945
  },
  "stem_balance": null,
  "top_problems": [
    "Clipping detected: 533 samples are near/over the limit.",
    "Mud range is elevated around 250-500 Hz.",
    "Intro may be long for short-form listener retention.",
    "Drum movement is very active; the beat could become overcrowded."
  ],
  "suggested_fixes": [
    "Lower the master/output, then use a soft clipper or limiter with safer ceiling.",
    "Gently cut 250-500 Hz on melodies, pads, or the master if the mix feels cloudy.",
    "Mute extra percussion in some sections so the hook/drop feels bigger.",
    "Consider bringing drums, 808, or a strong tag/moment in earlier."
  ],
  "artist_notes": [
    "Autotune/key starting point: C# Minor. Confidence: 45.7%.",
    "Beat energy: 8.6/10. Darkness: 3.2/10.",
    "Vocal space estimate: 2.3/10. Higher means easier space for vocals."
  ],
  "producer_notes": [
    "Low-end presence looks usable for the selected style.",
    "Selected style preset: rage_trap.",
    "Dominant frequency area: Sub.",
    "Drum activity is high at 5.45 hits/sec.",
    "Estimated length: 99 bars at 159 BPM."
  ],
  "master_notes": [
    "Clipping is the first thing to fix before judging the rest of the mix.",
    "Loudness is in a usable range for the selected style.",
    "Peak: 0.00 dB. RMS: -7.88 dB. Dynamic range: 7.88 dB."
  ],
  "next_steps": [
    "Lower the master/output, then use a soft clipper or limiter with safer ceiling.",
    "Gently cut 250-500 Hz on melodies, pads, or the master if the mix feels cloudy.",
    "Mute extra percussion in some sections so the hook/drop feels bigger.",
    "Fix the top 1-2 issues, export again, then re-run SoundLens."
  ]
}