{
  "basic": {
    "file_name": "Protect - SMS.wav",
    "file_path": "/Users/jayden/SoundLens/tracks/Protect/Protect - SMS.wav",
    "sample_rate": 48000,
    "duration_seconds": 147.16347916666666,
    "bpm": 152.03,
    "key": "C# Minor",
    "key_note": "C#",
    "key_mode": "Minor",
    "key_confidence": 49.49604188480387
  },
  "loudness": {
    "peak_db": -7.041011921593072e-05,
    "rms_db": -8.338416399796964,
    "dynamic_range_db": 8.338345989677748,
    "clipping_detected": true,
    "clipping_samples": 1169,
    "clipping_percent": 0.016549056059679663,
    "headroom_db": 7.041011921593072e-05
  },
  "frequency": {
    "band_percentages": {
      "Sub": 17.062952858914194,
      "Bass / 808": 14.813032276621785,
      "Mud": 14.157011362514554,
      "Low Mids": 14.386152782136213,
      "Mids / Melody": 14.17238680555376,
      "Harsh Zone": 13.477629497225388,
      "Highs": 13.38657143308469,
      "Air": 12.021892479367272,
      "Vocal Range": 15.045259300037397
    },
    "brightness_centroid_hz": 2689.959200920028,
    "brightness_label": "Medium",
    "spectral_rolloff_hz": 6057.08951674277,
    "dominant_band": "Sub",
    "low_end_total_percent": 31.875985135535977,
    "mid_total_percent": 42.71555095020453,
    "top_total_percent": 25.408463912451964
  },
  "fingerprint": {
    "mfcc_1": -135.3838653564453,
    "mfcc_2": 133.63742065429688,
    "mfcc_3": -18.150577545166016,
    "mfcc_4": 34.08414840698242,
    "mfcc_5": -1.9162744283676147,
    "mfcc_6": 23.93857765197754,
    "mfcc_7": -3.217414140701294,
    "mfcc_8": 5.968596458435059,
    "mfcc_9": -1.1819523572921753,
    "mfcc_10": 10.3496732711792,
    "mfcc_11": -5.453701019287109,
    "mfcc_12": 8.610518455505371,
    "mfcc_13": -1.825497031211853,
    "chroma_1": 0.6630286574363708,
    "chroma_2": 0.7325864434242249,
    "chroma_3": 0.41859447956085205,
    "chroma_4": 0.3769771158695221,
    "chroma_5": 0.5058392882347107,
    "chroma_6": 0.30640286207199097,
    "chroma_7": 0.2756280303001404,
    "chroma_8": 0.2541525363922119,
    "chroma_9": 0.22173577547073364,
    "chroma_10": 0.21856580674648285,
    "chroma_11": 0.17347951233386993,
    "chroma_12": 0.21282713115215302,
    "spectral_contrast": 19.681147074086873,
    "spectral_flatness": 0.0016374409897252917,
    "zero_crossing_rate": 0.024235234844984417
  },
  "rhythm": {
    "onset_count": 851,
    "onset_density": 5.782684704241188,
    "drum_activity": "High",
    "estimated_bars": 93,
    "seconds_per_bar": 1.5786357955666646
  },
  "sections": [
    {
      "name": "Intro",
      "start": 0.0,
      "end": 16.0,
      "avg_energy": 0.20166055858135223,
      "energy_label": "Low"
    },
    {
      "name": "Chorus / Hook",
      "start": 16.0,
      "end": 32.0,
      "avg_energy": 0.41071391105651855,
      "energy_label": "Medium"
    },
    {
      "name": "Verse",
      "start": 32.0,
      "end": 48.0,
      "avg_energy": 0.407906174659729,
      "energy_label": "Medium"
    },
    {
      "name": "Chorus / Hook",
      "start": 48.0,
      "end": 64.0,
      "avg_energy": 0.4103699326515198,
      "energy_label": "Medium"
    },
    {
      "name": "Verse",
      "start": 64.0,
      "end": 80.0,
      "avg_energy": 0.41168642044067383,
      "energy_label": "Medium"
    },
    {
      "name": "Verse",
      "start": 80.0,
      "end": 96.0,
      "avg_energy": 0.4141716957092285,
      "energy_label": "Medium"
    },
    {
      "name": "Verse",
      "start": 96.0,
      "end": 112.0,
      "avg_energy": 0.41059815883636475,
      "energy_label": "Medium"
    },
    {
      "name": "Verse",
      "start": 112.0,
      "end": 128.0,
      "avg_energy": 0.41290509700775146,
      "energy_label": "Medium"
    },
    {
      "name": "Outro",
      "start": 128.0,
      "end": 147.16347916666666,
      "avg_energy": 0.3220360279083252,
      "energy_label": "Medium"
    }
  ],
  "scores": {
    "mix": 86,
    "master": 86,
    "arrangement": 75,
    "release": 83,
    "energy": 8.330791800101519,
    "bass_strength": 6.375197027107196,
    "darkness": 4.620081598159945,
    "brightness": 5.379918401840055,
    "drum_bounce": 10,
    "vocal_space": 2.282030771831863
  },
  "stem_balance": null,
  "top_problems": [
    "Clipping detected: 1169 samples are near/over the limit.",
    "Mud range is elevated around 250-500 Hz.",
    "Intro may be long for short-form listener retention.",
    "Drum movement is very active; the beat could become overcrowded.",
    "Hook/verse contrast looks low, but arrangement detection is still an estimate."
  ],
  "suggested_fixes": [
    "Lower the master/output, then use a soft clipper or limiter with safer ceiling.",
    "Gently cut 250-500 Hz on melodies, pads, or the master if the mix feels cloudy.",
    "Mute extra percussion in some sections so the hook/drop feels bigger.",
    "Check the waveform/sections by ear. If the hook feels flat, add contrast with melody layers, drum changes, or vocal energy.",
    "Consider bringing drums, 808, or a strong tag/moment in earlier."
  ],
  "artist_notes": [
    "Autotune/key starting point: C# Minor. Confidence: 49.5%.",
    "Beat energy: 8.3/10. Darkness: 4.6/10.",
    "Vocal space estimate: 2.3/10. Higher means easier space for vocals."
  ],
  "producer_notes": [
    "Low-end presence looks usable for the selected style.",
    "Selected style preset: rage_trap.",
    "Dominant frequency area: Sub.",
    "Drum activity is high at 5.78 hits/sec.",
    "Estimated length: 93 bars at 152 BPM."
  ],
  "master_notes": [
    "Clipping is the first thing to fix before judging the rest of the mix.",
    "Loudness is in a usable range for the selected style.",
    "Peak: -0.00 dB. RMS: -8.34 dB. Dynamic range: 8.34 dB."
  ],
  "next_steps": [
    "Lower the master/output, then use a soft clipper or limiter with safer ceiling.",
    "Gently cut 250-500 Hz on melodies, pads, or the master if the mix feels cloudy.",
    "Mute extra percussion in some sections so the hook/drop feels bigger.",
    "Fix the top 1-2 issues, export again, then re-run SoundLens."
  ]
}