{
  "basic": {
    "file_name": "Protect - Keyshia.wav",
    "file_path": "/Volumes/POLLY/tracks/Protect/Protect - Keyshia.wav",
    "sample_rate": 48000,
    "duration_seconds": 141.52885416666666,
    "bpm": 140.0,
    "key": "D Minor",
    "key_note": "D",
    "key_mode": "Minor",
    "key_confidence": 42.751522551725415
  },
  "loudness": {
    "peak_db": 0.00010975581223834707,
    "rms_db": -10.018441904769091,
    "dynamic_range_db": 10.018551660581329,
    "clipping_detected": true,
    "clipping_samples": 177,
    "clipping_percent": 0.0026054757679713427,
    "headroom_db": -0.00010975581223834707
  },
  "frequency": {
    "band_percentages": {
      "Sub": 16.69097657663005,
      "Bass / 808": 14.304760858784457,
      "Mud": 14.410933801821324,
      "Low Mids": 14.625863227494163,
      "Mids / Melody": 14.5586117575287,
      "Harsh Zone": 13.70474846609468,
      "Highs": 13.293904362580516,
      "Air": 12.11494941334994,
      "Vocal Range": 15.350910474652238
    },
    "brightness_centroid_hz": 2410.519992651284,
    "brightness_label": "Medium",
    "spectral_rolloff_hz": 4910.1871608636675,
    "dominant_band": "Sub",
    "low_end_total_percent": 30.995737435414505,
    "mid_total_percent": 43.59540878684419,
    "top_total_percent": 25.408853775930456
  },
  "fingerprint": {
    "mfcc_1": -146.09698486328125,
    "mfcc_2": 12.573129653930664,
    "mfcc_3": -21.788166046142578,
    "mfcc_4": 5.849067687988281,
    "mfcc_5": -7.580199241638184,
    "mfcc_6": 1.9821892976760864,
    "mfcc_7": -7.025506973266602,
    "mfcc_8": 0.26512494683265686,
    "mfcc_9": 2.1772091388702393,
    "mfcc_10": 8.306668281555176,
    "mfcc_11": 3.553483486175537,
    "mfcc_12": 3.4270880222320557,
    "mfcc_13": 4.520589828491211,
    "chroma_1": 0.14634102582931519,
    "chroma_2": 0.13702933490276337,
    "chroma_3": 0.4682011604309082,
    "chroma_4": 0.2486603856086731,
    "chroma_5": 0.5172505974769592,
    "chroma_6": 0.450709730386734,
    "chroma_7": 0.2292390912771225,
    "chroma_8": 0.35464879870414734,
    "chroma_9": 0.171269491314888,
    "chroma_10": 0.16460606455802917,
    "chroma_11": 0.10531628131866455,
    "chroma_12": 0.13570447266101837,
    "spectral_contrast": 23.57068971078176,
    "spectral_flatness": 0.008663124404847622,
    "zero_crossing_rate": 0.04522317703294311,
    "embed_mfcc_1_mean": -146.09698486328125,
    "embed_mfcc_1_std": 61.001312255859375,
    "embed_mfcc_2_mean": 12.573129653930664,
    "embed_mfcc_2_std": 41.97296905517578,
    "embed_mfcc_3_mean": -21.788166046142578,
    "embed_mfcc_3_std": 25.57665252685547,
    "embed_mfcc_4_mean": 5.849067687988281,
    "embed_mfcc_4_std": 16.735811233520508,
    "embed_mfcc_5_mean": -7.580199241638184,
    "embed_mfcc_5_std": 14.12368106842041,
    "embed_mfcc_6_mean": 1.9821892976760864,
    "embed_mfcc_6_std": 14.906185150146484,
    "embed_mfcc_7_mean": -7.025506973266602,
    "embed_mfcc_7_std": 9.96906566619873,
    "embed_mfcc_8_mean": 0.26512494683265686,
    "embed_mfcc_8_std": 10.71838665008545,
    "embed_mfcc_9_mean": 2.1772091388702393,
    "embed_mfcc_9_std": 10.536798477172852,
    "embed_mfcc_10_mean": 8.306668281555176,
    "embed_mfcc_10_std": 9.034749984741211,
    "embed_mfcc_11_mean": 3.553483486175537,
    "embed_mfcc_11_std": 8.794530868530273,
    "embed_mfcc_12_mean": 3.4270880222320557,
    "embed_mfcc_12_std": 7.802346229553223,
    "embed_mfcc_13_mean": 4.520589828491211,
    "embed_mfcc_13_std": 8.703597068786621,
    "embed_mfcc_14_mean": 3.871584415435791,
    "embed_mfcc_14_std": 7.187920570373535,
    "embed_mfcc_15_mean": -1.6006499528884888,
    "embed_mfcc_15_std": 7.7978057861328125,
    "embed_mfcc_16_mean": 6.3064961433410645,
    "embed_mfcc_16_std": 8.03480052947998,
    "embed_mfcc_17_mean": -0.4278024137020111,
    "embed_mfcc_17_std": 7.726771831512451,
    "embed_mfcc_18_mean": 10.969895362854004,
    "embed_mfcc_18_std": 8.332180976867676,
    "embed_mfcc_19_mean": 7.974780082702637,
    "embed_mfcc_19_std": 7.911922931671143,
    "embed_mfcc_20_mean": 7.9567952156066895,
    "embed_mfcc_20_std": 7.212579250335693,
    "embed_chroma_1_mean": 0.14634102582931519,
    "embed_chroma_1_std": 0.10099007934331894,
    "embed_chroma_2_mean": 0.13702933490276337,
    "embed_chroma_2_std": 0.08181815594434738,
    "embed_chroma_3_mean": 0.4682011604309082,
    "embed_chroma_3_std": 0.38331183791160583,
    "embed_chroma_4_mean": 0.2486603856086731,
    "embed_chroma_4_std": 0.18034431338310242,
    "embed_chroma_5_mean": 0.5172505974769592,
    "embed_chroma_5_std": 0.3557460308074951,
    "embed_chroma_6_mean": 0.450709730386734,
    "embed_chroma_6_std": 0.3379812240600586,
    "embed_chroma_7_mean": 0.2292390912771225,
    "embed_chroma_7_std": 0.16996844112873077,
    "embed_chroma_8_mean": 0.35464879870414734,
    "embed_chroma_8_std": 0.342064768075943,
    "embed_chroma_9_mean": 0.171269491314888,
    "embed_chroma_9_std": 0.14118115603923798,
    "embed_chroma_10_mean": 0.16460606455802917,
    "embed_chroma_10_std": 0.10704045742750168,
    "embed_chroma_11_mean": 0.10531628131866455,
    "embed_chroma_11_std": 0.08462456613779068,
    "embed_chroma_12_mean": 0.13570447266101837,
    "embed_chroma_12_std": 0.09344922751188278,
    "embed_contrast_1_mean": 22.775854110717773,
    "embed_contrast_1_std": 5.151941299438477,
    "embed_contrast_2_mean": 15.170171737670898,
    "embed_contrast_2_std": 3.9943361282348633,
    "embed_contrast_3_mean": 19.007631301879883,
    "embed_contrast_3_std": 3.836909294128418,
    "embed_contrast_4_mean": 19.53920555114746,
    "embed_contrast_4_std": 4.150720119476318,
    "embed_contrast_5_mean": 20.64790916442871,
    "embed_contrast_5_std": 3.8842005729675293,
    "embed_contrast_6_mean": 19.68998146057129,
    "embed_contrast_6_std": 3.7306878566741943,
    "embed_contrast_7_mean": 48.16408157348633,
    "embed_contrast_7_std": 3.8191616535186768,
    "embed_chroma_entropy": 2.3448362350463867,
    "embed_centroid_mean": 1868.4028053566367,
    "embed_centroid_std": 845.8389364258225,
    "embed_rolloff_mean": 4002.79246232827,
    "embed_rolloff_std": 1988.860416857373,
    "embed_flatness_mean": 0.008663124404847622,
    "embed_flatness_std": 0.019125839695334435,
    "embed_zcr_mean": 0.04522317703294311,
    "embed_zcr_std": 0.038048981584261406,
    "embed_rms_mean": 0.29927557706832886,
    "embed_rms_std": 0.1120183989405632,
    "embed_onset_mean": 1.5603007078170776,
    "embed_onset_std": 1.409507155418396,
    "fingerprint_version": 2.0,
    "fingerprint_duration_seconds": 141.5288888888889,
    "embed_mfcc_delta_mean": 0.0010035383747890592,
    "embed_mfcc_delta_std": 3.009584665298462,
    "embed_chroma_delta_mean": -4.303165405872278e-05,
    "embed_chroma_delta_std": 0.01885191909968853,
    "embed_onset_peak": 11.31441593170166,
    "embed_onset_p95": 4.465332984924316,
    "embed_rms_p10": 0.1322922557592392,
    "embed_rms_p50": 0.3227924704551697,
    "embed_rms_p90": 0.4326414167881012,
    "embedding_nonzero_count": 100.0
  },
  "rhythm": {
    "onset_count": 691,
    "onset_density": 4.882396625540876,
    "drum_activity": "High",
    "estimated_bars": 83,
    "seconds_per_bar": 1.7142857142857142
  },
  "sections": [
    {
      "name": "Intro",
      "start": 0.0,
      "end": 16.0,
      "avg_energy": 0.17738716304302216,
      "energy_label": "Low"
    },
    {
      "name": "Chorus / Hook",
      "start": 16.0,
      "end": 32.0,
      "avg_energy": 0.1480160355567932,
      "energy_label": "Low"
    },
    {
      "name": "Verse",
      "start": 32.0,
      "end": 48.0,
      "avg_energy": 0.27613064646720886,
      "energy_label": "Medium"
    },
    {
      "name": "Chorus / Hook",
      "start": 48.0,
      "end": 64.0,
      "avg_energy": 0.37554478645324707,
      "energy_label": "High"
    },
    {
      "name": "Verse",
      "start": 64.0,
      "end": 80.0,
      "avg_energy": 0.37833502888679504,