{
  "basic": {
    "file_name": "Protect - ja morant.wav",
    "file_path": "/Users/jayden/SoundLens/tracks/Protect/Protect - ja morant.wav",
    "sample_rate": 48000,
    "duration_seconds": 161.69233333333332,
    "bpm": 136.09,
    "key": "C Minor",
    "key_note": "C",
    "key_mode": "Minor",
    "key_confidence": 48.49212888886353
  },
  "loudness": {
    "peak_db": -2.6403727819723927e-05,
    "rms_db": -7.93831928678923,
    "dynamic_range_db": 7.9382928830614095,
    "clipping_detected": true,
    "clipping_samples": 2295,
    "clipping_percent": 0.029570047641920765,
    "headroom_db": 2.6403727819723927e-05
  },
  "frequency": {
    "band_percentages": {
      "Sub": 17.542630596389326,
      "Bass / 808": 14.494534486874223,
      "Mud": 14.155785782202923,
      "Low Mids": 14.297633188629359,
      "Mids / Melody": 13.979263083541586,
      "Harsh Zone": 13.065628530886949,
      "Highs": 13.141117173766636,
      "Air": 12.389035686755985,
      "Vocal Range": 14.996125986443726
    },
    "brightness_centroid_hz": 2664.467395488643,
    "brightness_label": "Medium",
    "spectral_rolloff_hz": 5784.903460815357,
    "dominant_band": "Sub",
    "low_end_total_percent": 32.037165083263545,
    "mid_total_percent": 42.43268205437387,
    "top_total_percent": 25.53015286052262
  },
  "fingerprint": {
    "mfcc_1": -179.93272399902344,
    "mfcc_2": 132.93894958496094,
    "mfcc_3": 24.45368766784668,
    "mfcc_4": 20.301406860351562,
    "mfcc_5": -2.770148754119873,
    "mfcc_6": 24.25099754333496,
    "mfcc_7": -6.700525283813477,
    "mfcc_8": 7.978548049926758,
    "mfcc_9": -6.5021071434021,
    "mfcc_10": 5.191590785980225,
    "mfcc_11": -6.256359577178955,
    "mfcc_12": 7.967823505401611,
    "mfcc_13": 1.9979848861694336,
    "chroma_1": 0.7586507797241211,
    "chroma_2": 0.6882190704345703,
    "chroma_3": 0.6271460056304932,
    "chroma_4": 0.5564078092575073,
    "chroma_5": 0.4339418113231659,
    "chroma_6": 0.41664817929267883,
    "chroma_7": 0.4028642475605011,
    "chroma_8": 0.4410513639450073,
    "chroma_9": 0.48454153537750244,
    "chroma_10": 0.43409571051597595,
    "chroma_11": 0.409139484167099,
    "chroma_12": 0.3628664016723633,
    "spectral_contrast": 19.859393108482685,
    "spectral_flatness": 0.0008653171244077384,
    "zero_crossing_rate": 0.029753783076472723
  },
  "rhythm": {
    "onset_count": 1099,
    "onset_density": 6.796859055366468,
    "drum_activity": "High",
    "estimated_bars": 92,
    "seconds_per_bar": 1.7635388345947534
  },
  "sections": [
    {
      "name": "Intro",
      "start": 0.0,
      "end": 16.0,
      "avg_energy": 0.39621907472610474,
      "energy_label": "Medium"
    },
    {
      "name": "Chorus / Hook",
      "start": 16.0,
      "end": 32.0,
      "avg_energy": 0.42240557074546814,
      "energy_label": "Medium"
    },
    {
      "name": "Verse",
      "start": 32.0,
      "end": 48.0,
      "avg_energy": 0.46132731437683105,
      "energy_label": "High"
    },
    {
      "name": "Chorus / Hook",
      "start": 48.0,
      "end": 64.0,
      "avg_energy": 0.40822136402130127,
      "energy_label": "Medium"
    },
    {
      "name": "Verse",
      "start": 64.0,
      "end": 80.0,
      "avg_energy": 0.4711114466190338,
      "energy_label": "High"
    },
    {
      "name": "Verse",
      "start": 80.0,
      "end": 96.0,
      "avg_energy": 0.41010627150535583,
      "energy_label": "Medium"
    },
    {
      "name": "Hook / Drop",
      "start": 96.0,
      "end": 112.0,
      "avg_energy": 0.4663744866847992,
      "energy_label": "High"
    },
    {
      "name": "Bridge / Breakdown",
      "start": 112.0,
      "end": 128.0,
      "avg_energy": 0.1432235985994339,
      "energy_label": "Low"
    },
    {
      "name": "Verse",
      "start": 128.0,
      "end": 144.0,
      "avg_energy": 0.3599359691143036,
      "energy_label": "Medium"
    },
    {
      "name": "Outro",
      "start": 144.0,
      "end": 161.69233333333332,
      "avg_energy": 0.37073028087615967,
      "energy_label": "Medium"
    }
  ],
  "scores": {
    "mix": 86,
    "master": 86,
    "arrangement": 81,
    "release": 84,
    "energy": 8.530840356605385,
    "bass_strength": 6.407433016652709,
    "darkness": 4.671065209022714,
    "brightness": 5.328934790977286,
    "drum_bounce": 10,
    "vocal_space": 2.2951666601717795
  },
  "stem_balance": null,
  "top_problems": [
    "Clipping detected: 2295 samples are near/over the limit.",
    "Mud range is elevated around 250-500 Hz.",
    "Intro may be long for short-form listener retention.",
    "Drum movement is very active; the beat could become overcrowded."
  ],
  "suggested_fixes": [
    "Lower the master/output, then use a soft clipper or limiter with safer ceiling.",
    "Gently cut 250-500 Hz on melodies, pads, or the master if the mix feels cloudy.",
    "Mute extra percussion in some sections so the hook/drop feels bigger.",
    "Consider bringing drums, 808, or a strong tag/moment in earlier."
  ],
  "artist_notes": [
    "Autotune/key starting point: C Minor. Confidence: 48.5%.",
    "Beat energy: 8.5/10. Darkness: 4.7/10.",
    "Vocal space estimate: 2.3/10. Higher means easier space for vocals."
  ],
  "producer_notes": [
    "Low-end presence looks usable for the selected style.",
    "Selected style preset: rage_trap.",
    "Dominant frequency area: Sub.",
    "Drum activity is high at 6.80 hits/sec.",
    "Estimated length: 92 bars at 136 BPM."
  ],
  "master_notes": [
    "Clipping is the first thing to fix before judging the rest of the mix.",
    "Loudness is in a usable range for the selected style.",
    "Peak: -0.00 dB. RMS: -7.94 dB. Dynamic range: 7.94 dB."
  ],
  "next_steps": [
    "Lower the master/output, then use a soft clipper or limiter with safer ceiling.",
    "Gently cut 250-500 Hz on melodies, pads, or the master if the mix feels cloudy.",
    "Mute extra percussion in some sections so the hook/drop feels bigger.",
    "Fix the top 1-2 issues, export again, then re-run SoundLens."
  ]
}