{
  "basic": {
    "file_name": "OsamaSon - GTFO The Room.wav",
    "file_path": "/Volumes/POLLY/tracks/Osamason/OsamaSon - GTFO The Room.wav",
    "sample_rate": 48000,
    "duration_seconds": 140.77097916666668,
    "bpm": 140.0,
    "key": "C Minor",
    "key_note": "C",
    "key_mode": "Minor",
    "key_confidence": 43.215972527226334
  },
  "loudness": {
    "peak_db": -0.00011959399697371554,
    "rms_db": -10.518822202414974,
    "dynamic_range_db": 10.518702608418,
    "clipping_detected": true,
    "clipping_samples": 712,
    "clipping_percent": 0.010537209743899925,
    "headroom_db": 0.00011959399697371554
  },
  "frequency": {
    "band_percentages": {
      "Sub": 15.953330865218406,
      "Bass / 808": 14.160168225372516,
      "Mud": 14.132689752611805,
      "Low Mids": 14.553008613729357,
      "Mids / Melody": 14.66796912564043,
      "Harsh Zone": 13.972602709572707,
      "Highs": 13.708135424662416,
      "Air": 12.824697991004088,
      "Vocal Range": 15.283347860502705
    },
    "brightness_centroid_hz": 4191.362553087728,
    "brightness_label": "High",
    "spectral_rolloff_hz": 9551.692254508258,
    "dominant_band": "Sub",
    "low_end_total_percent": 30.11349909059092,
    "mid_total_percent": 43.3536674919816,
    "top_total_percent": 26.532833415666502
  },
  "fingerprint": {
    "mfcc_1": -94.84447479248047,
    "mfcc_2": -38.8787841796875,
    "mfcc_3": -14.846410751342773,
    "mfcc_4": -7.750659942626953,
    "mfcc_5": -14.567479133605957,
    "mfcc_6": -2.128239154815674,
    "mfcc_7": 1.1845877170562744,
    "mfcc_8": -4.721256256103516,
    "mfcc_9": -5.511357307434082,
    "mfcc_10": 8.097660064697266,
    "mfcc_11": -3.7974865436553955,
    "mfcc_12": 5.213552951812744,
    "mfcc_13": 3.0256471633911133,
    "chroma_1": 0.4777505695819855,
    "chroma_2": 0.5991987586021423,
    "chroma_3": 0.4384961724281311,
    "chroma_4": 0.7183326482772827,
    "chroma_5": 0.5759994387626648,
    "chroma_6": 0.3616865277290344,
    "chroma_7": 0.5182706713676453,
    "chroma_8": 0.24811267852783203,
    "chroma_9": 0.29388272762298584,
    "chroma_10": 0.23792754113674164,
    "chroma_11": 0.3533734381198883,
    "chroma_12": 0.3789326250553131,
    "spectral_contrast": 22.682373834260407,
    "spectral_flatness": 0.03837251663208008,
    "zero_crossing_rate": 0.12131833292013351,
    "embed_mfcc_1_mean": -94.84447479248047,
    "embed_mfcc_1_std": 41.807525634765625,
    "embed_mfcc_2_mean": -38.8787841796875,
    "embed_mfcc_2_std": 24.906675338745117,
    "embed_mfcc_3_mean": -14.846410751342773,
    "embed_mfcc_3_std": 19.110713958740234,
    "embed_mfcc_4_mean": -7.750659942626953,
    "embed_mfcc_4_std": 16.582687377929688,
    "embed_mfcc_5_mean": -14.567479133605957,
    "embed_mfcc_5_std": 16.750925064086914,
    "embed_mfcc_6_mean": -2.128239154815674,
    "embed_mfcc_6_std": 13.173519134521484,
    "embed_mfcc_7_mean": 1.1845877170562744,
    "embed_mfcc_7_std": 14.958707809448242,
    "embed_mfcc_8_mean": -4.721256256103516,
    "embed_mfcc_8_std": 14.156246185302734,
    "embed_mfcc_9_mean": -5.511357307434082,
    "embed_mfcc_9_std": 12.684834480285645,
    "embed_mfcc_10_mean": 8.097660064697266,
    "embed_mfcc_10_std": 13.427600860595703,
    "embed_mfcc_11_mean": -3.7974865436553955,
    "embed_mfcc_11_std": 10.850393295288086,
    "embed_mfcc_12_mean": 5.213552951812744,
    "embed_mfcc_12_std": 10.803474426269531,
    "embed_mfcc_13_mean": 3.0256471633911133,
    "embed_mfcc_13_std": 9.027952194213867,
    "embed_mfcc_14_mean": 5.807847023010254,
    "embed_mfcc_14_std": 8.790699005126953,
    "embed_mfcc_15_mean": 6.315646171569824,
    "embed_mfcc_15_std": 9.136944770812988,
    "embed_mfcc_16_mean": -1.0423952341079712,
    "embed_mfcc_16_std": 8.449190139770508,
    "embed_mfcc_17_mean": 4.095323085784912,
    "embed_mfcc_17_std": 8.91157054901123,
    "embed_mfcc_18_mean": 0.2347429394721985,
    "embed_mfcc_18_std": 7.393746852874756,
    "embed_mfcc_19_mean": -5.554134368896484,
    "embed_mfcc_19_std": 7.382150650024414,
    "embed_mfcc_20_mean": 2.5980730056762695,
    "embed_mfcc_20_std": 8.447235107421875,
    "embed_chroma_1_mean": 0.4777505695819855,
    "embed_chroma_1_std": 0.3031608760356903,
    "embed_chroma_2_mean": 0.5991987586021423,
    "embed_chroma_2_std": 0.34868088364601135,
    "embed_chroma_3_mean": 0.4384961724281311,
    "embed_chroma_3_std": 0.23342867195606232,
    "embed_chroma_4_mean": 0.7183326482772827,
    "embed_chroma_4_std": 0.31063976883888245,
    "embed_chroma_5_mean": 0.5759994387626648,
    "embed_chroma_5_std": 0.28900146484375,
    "embed_chroma_6_mean": 0.3616865277290344,
    "embed_chroma_6_std": 0.16948190331459045,
    "embed_chroma_7_mean": 0.5182706713676453,
    "embed_chroma_7_std": 0.29709771275520325,
    "embed_chroma_8_mean": 0.24811267852783203,
    "embed_chroma_8_std": 0.14819465577602386,
    "embed_chroma_9_mean": 0.29388272762298584,
    "embed_chroma_9_std": 0.18931445479393005,
    "embed_chroma_10_mean": 0.23792754113674164,
    "embed_chroma_10_std": 0.14414145052433014,
    "embed_chroma_11_mean": 0.3533734381198883,
    "embed_chroma_11_std": 0.23798440396785736,
    "embed_chroma_12_mean": 0.3789326250553131,
    "embed_chroma_12_std": 0.23498745262622833,
    "embed_contrast_1_mean": 22.044204711914062,
    "embed_contrast_1_std": 4.909768581390381,
    "embed_contrast_2_mean": 14.842740058898926,
    "embed_contrast_2_std": 4.307591915130615,
    "embed_contrast_3_mean": 18.54206085205078,
    "embed_contrast_3_std": 4.4330267906188965,
    "embed_contrast_4_mean": 18.691499710083008,
    "embed_contrast_4_std": 3.3516530990600586,
    "embed_contrast_5_mean": 19.194557189941406,
    "embed_contrast_5_std": 3.1222102642059326,
    "embed_contrast_6_mean": 17.695823669433594,
    "embed_contrast_6_std": 2.686342716217041,
    "embed_contrast_7_mean": 47.76572799682617,
    "embed_contrast_7_std": 3.043172836303711,
    "embed_chroma_entropy": 2.4310054779052734,
    "embed_centroid_mean": 3069.898443741098,
    "embed_centroid_std": 668.4537131354346,
    "embed_rolloff_mean": 6679.632525842625,
    "embed_rolloff_std": 1138.8154315559202,
    "embed_flatness_mean": 0.03837251663208008,
    "embed_flatness_std": 0.03747027739882469,
    "embed_zcr_mean": 0.12131833292013351,
    "embed_zcr_std": 0.05808331838628968,
    "embed_rms_mean": 0.23915694653987885,
    "embed_rms_std": 0.0940806120634079,
    "embed_onset_mean": 1.4148242473602295,
    "embed_onset_std": 0.9718514680862427,
    "fingerprint_version": 2.0,
    "fingerprint_duration_seconds": 140.77102040816325,
    "embed_mfcc_delta_mean": 0.000508242635987699,
    "embed_mfcc_delta_std": 2.523171901702881,
    "embed_chroma_delta_mean": 2.1963228391541634e-06,
    "embed_chroma_delta_std": 0.028024422004818916,
    "embed_onset_peak": 10.440068244934082,
    "embed_onset_p95": 3.305940628051758,
    "embed_rms_p10": 0.12782563269138336,
    "embed_rms_p50": 0.21768692135810852,
    "embed_rms_p90": 0.40271100401878357,
    "embedding_nonzero_count": 100.0
  },
  "rhythm": {
    "onset_count": 544,
    "onset_density": 3.864432876863972,
    "drum_activity": "High",
    "estimated_bars": 82,
    "seconds_per_bar": 1.7142857142857142
  },
  "sections": [
    {
      "name": "Intro",
      "start": 0.0,
      "end": 16.0,
      "avg_energy": 0.3168891966342926,
      "energy_label": "Medium"
    },
    {
      "name": "Chorus / Hook",
      "start": 16.0,
      "end": 32.0,
      "avg_energy": 0.3053187429904938,
      "energy_label": "Medium"
    },
    {
      "name": "Verse",
      "start": 32.0,
      "end": 48.0,
      "avg_energy": 0.32751205563545227,
      "energy_label": "Medium"
    },
    {
      "name": "Chorus / Hook",
      "start": 48.0,
      "end": 64.0,
      "avg_energy": 0.24068720638751984,
      "energy_label": "Low"
    },
    {
      "name": "Verse",
      "start": 64.0,
      "end": 80.0,
      "avg_energy": 0.33557453751564026,