{
  "basic": {
    "file_name": "OsamaSon - Baghdad.wav",
    "file_path": "/Volumes/POLLY/tracks/Osamason/OsamaSon - Baghdad.wav",
    "sample_rate": 48000,
    "duration_seconds": 123.4256875,
    "bpm": 140.0,
    "key": "C Minor",
    "key_note": "C",
    "key_mode": "Minor",
    "key_confidence": 43.61118840010332
  },
  "loudness": {
    "peak_db": 1.0354386711532726e-06,
    "rms_db": -5.510738721483178,
    "dynamic_range_db": 5.510739756921849,
    "clipping_detected": true,
    "clipping_samples": 129,
    "clipping_percent": 0.002177423561039512,
    "headroom_db": -1.0354386711532726e-06
  },
  "frequency": {
    "band_percentages": {
      "Sub": 16.790415657807937,
      "Bass / 808": 15.870563384741166,
      "Mud": 13.915017692408904,
      "Low Mids": 14.037695568297599,
      "Mids / Melody": 13.732093751155439,
      "Harsh Zone": 12.989020730711346,
      "Highs": 13.192959456873563,
      "Air": 12.461254486960481,
      "Vocal Range": 14.661906561982294
    },
    "brightness_centroid_hz": 2861.928387733097,
    "brightness_label": "Medium",
    "spectral_rolloff_hz": 7518.882458736605,
    "dominant_band": "Sub",
    "low_end_total_percent": 32.6609790425491,
    "mid_total_percent": 41.68480701186194,
    "top_total_percent": 25.654213943834044
  },
  "fingerprint": {
    "mfcc_1": -87.69528198242188,
    "mfcc_2": -6.707789421081543,
    "mfcc_3": 11.709965705871582,
    "mfcc_4": -0.38910168409347534,
    "mfcc_5": 9.623673439025879,
    "mfcc_6": 7.259352207183838,
    "mfcc_7": 0.8966949582099915,
    "mfcc_8": 8.974530220031738,
    "mfcc_9": 1.8684792518615723,
    "mfcc_10": 12.329249382019043,
    "mfcc_11": 4.930716037750244,
    "mfcc_12": 7.211778163909912,
    "mfcc_13": 2.8947784900665283,
    "chroma_1": 0.9069091081619263,
    "chroma_2": 0.92534339427948,
    "chroma_3": 0.737442135810852,
    "chroma_4": 0.42701324820518494,
    "chroma_5": 0.3288347125053406,
    "chroma_6": 0.22149558365345,
    "chroma_7": 0.2160925567150116,
    "chroma_8": 0.3248633146286011,
    "chroma_9": 0.3386322557926178,
    "chroma_10": 0.19776439666748047,
    "chroma_11": 0.21048982441425323,
    "chroma_12": 0.1920228749513626,
    "spectral_contrast": 20.166475257822224,
    "spectral_flatness": 0.0067659346386790276,
    "zero_crossing_rate": 0.03539141486672794,
    "embed_mfcc_1_mean": -87.69528198242188,
    "embed_mfcc_1_std": 35.20524215698242,
    "embed_mfcc_2_mean": -6.707789421081543,
    "embed_mfcc_2_std": 22.768272399902344,
    "embed_mfcc_3_mean": 11.709965705871582,
    "embed_mfcc_3_std": 16.23866081237793,
    "embed_mfcc_4_mean": -0.38910168409347534,
    "embed_mfcc_4_std": 11.904224395751953,
    "embed_mfcc_5_mean": 9.623673439025879,
    "embed_mfcc_5_std": 8.91972541809082,
    "embed_mfcc_6_mean": 7.259352207183838,
    "embed_mfcc_6_std": 9.989258766174316,
    "embed_mfcc_7_mean": 0.8966949582099915,
    "embed_mfcc_7_std": 8.570631980895996,
    "embed_mfcc_8_mean": 8.974530220031738,
    "embed_mfcc_8_std": 8.010986328125,
    "embed_mfcc_9_mean": 1.8684792518615723,
    "embed_mfcc_9_std": 7.171439170837402,
    "embed_mfcc_10_mean": 12.329249382019043,
    "embed_mfcc_10_std": 6.119805335998535,
    "embed_mfcc_11_mean": 4.930716037750244,
    "embed_mfcc_11_std": 6.177523612976074,
    "embed_mfcc_12_mean": 7.211778163909912,
    "embed_mfcc_12_std": 6.176114559173584,
    "embed_mfcc_13_mean": 2.8947784900665283,
    "embed_mfcc_13_std": 5.853358745574951,
    "embed_mfcc_14_mean": 5.595070838928223,
    "embed_mfcc_14_std": 5.931767463684082,
    "embed_mfcc_15_mean": 4.288930416107178,
    "embed_mfcc_15_std": 5.3418145179748535,
    "embed_mfcc_16_mean": 1.8584012985229492,
    "embed_mfcc_16_std": 5.474277496337891,
    "embed_mfcc_17_mean": 1.4658371210098267,
    "embed_mfcc_17_std": 5.097301959991455,
    "embed_mfcc_18_mean": 5.964767932891846,
    "embed_mfcc_18_std": 4.754076957702637,
    "embed_mfcc_19_mean": -2.3653523921966553,
    "embed_mfcc_19_std": 5.309055805206299,
    "embed_mfcc_20_mean": 5.611298561096191,
    "embed_mfcc_20_std": 4.729795455932617,
    "embed_chroma_1_mean": 0.9069091081619263,
    "embed_chroma_1_std": 0.12374536693096161,
    "embed_chroma_2_mean": 0.92534339427948,
    "embed_chroma_2_std": 0.07809385657310486,
    "embed_chroma_3_mean": 0.737442135810852,
    "embed_chroma_3_std": 0.18535125255584717,
    "embed_chroma_4_mean": 0.42701324820518494,
    "embed_chroma_4_std": 0.09414195269346237,
    "embed_chroma_5_mean": 0.3288347125053406,
    "embed_chroma_5_std": 0.06349926441907883,
    "embed_chroma_6_mean": 0.22149558365345,
    "embed_chroma_6_std": 0.07149386405944824,
    "embed_chroma_7_mean": 0.2160925567150116,
    "embed_chroma_7_std": 0.0819757953286171,
    "embed_chroma_8_mean": 0.3248633146286011,
    "embed_chroma_8_std": 0.06994697451591492,
    "embed_chroma_9_mean": 0.3386322557926178,
    "embed_chroma_9_std": 0.0815844014286995,
    "embed_chroma_10_mean": 0.19776439666748047,
    "embed_chroma_10_std": 0.06744562089443207,
    "embed_chroma_11_mean": 0.21048982441425323,
    "embed_chroma_11_std": 0.0502573624253273,
    "embed_chroma_12_mean": 0.1920228749513626,
    "embed_chroma_12_std": 0.07696378976106644,
    "embed_contrast_1_mean": 19.550416946411133,
    "embed_contrast_1_std": 5.4096879959106445,
    "embed_contrast_2_mean": 11.947136878967285,
    "embed_contrast_2_std": 3.152803659439087,
    "embed_contrast_3_mean": 14.971273422241211,
    "embed_contrast_3_std": 3.4053704738616943,
    "embed_contrast_4_mean": 15.156794548034668,
    "embed_contrast_4_std": 2.5703542232513428,
    "embed_contrast_5_mean": 16.52072525024414,
    "embed_contrast_5_std": 2.3332762718200684,
    "embed_contrast_6_mean": 16.034509658813477,
    "embed_contrast_6_std": 1.7866120338439941,
    "embed_contrast_7_mean": 46.98447036743164,
    "embed_contrast_7_std": 2.5096638202667236,
    "embed_chroma_entropy": 2.3063583374023438,
    "embed_centroid_mean": 2084.7630815752796,
    "embed_centroid_std": 554.0072318073653,
    "embed_rolloff_mean": 5543.320646965098,
    "embed_rolloff_std": 1701.260807192736,
    "embed_flatness_mean": 0.0067659346386790276,
    "embed_flatness_std": 0.0066551039926707745,
    "embed_zcr_mean": 0.03539141486672794,
    "embed_zcr_std": 0.016225163176260656,
    "embed_rms_mean": 0.5049423575401306,
    "embed_rms_std": 0.03776241093873978,
    "embed_onset_mean": 1.346326470375061,
    "embed_onset_std": 1.0541938543319702,
    "fingerprint_version": 2.0,
    "fingerprint_duration_seconds": 123.42571428571429,
    "embed_mfcc_delta_mean": -0.00038794195279479027,
    "embed_mfcc_delta_std": 2.142622709274292,
    "embed_chroma_delta_mean": 4.3020786506531294e-06,
    "embed_chroma_delta_std": 0.01661663129925728,
    "embed_onset_peak": 8.78762149810791,
    "embed_onset_p95": 3.548125743865967,
    "embed_rms_p10": 0.49119362235069275,
    "embed_rms_p50": 0.5122555494308472,
    "embed_rms_p90": 0.5316859483718872,
    "embedding_nonzero_count": 100.0
  },
  "rhythm": {
    "onset_count": 577,
    "onset_density": 4.674877747794599,
    "drum_activity": "High",
    "estimated_bars": 72,
    "seconds_per_bar": 1.7142857142857142
  },
  "sections": [
    {
      "name": "Intro",
      "start": 0.0,
      "end": 16.0,
      "avg_energy": 0.5207703709602356,
      "energy_label": "Medium"
    },
    {
      "name": "Chorus / Hook",
      "start": 16.0,
      "end": 32.0,
      "avg_energy": 0.5367529988288879,
      "energy_label": "Medium"
    },
    {
      "name": "Verse",
      "start": 32.0,
      "end": 48.0,
      "avg_energy": 0.534899890422821,
      "energy_label": "Medium"
    },
    {
      "name": "Chorus / Hook",
      "start": 48.0,
      "end": 64.0,
      "avg_energy": 0.5391965508460999,
      "energy_label": "Medium"
    },
    {
      "name": "Verse",
      "start": 64.0,
      "end": 80.0,
      "avg_energy": 0.5380905866622925,