{
  "basic": {
    "file_name": "OsamaSon - Rehhab.wav",
    "file_path": "/Volumes/POLLY/tracks/Osamason/OsamaSon - Rehhab.wav",
    "sample_rate": 48000,
    "duration_seconds": 113.92,
    "bpm": 140.0,
    "key": "C Minor",
    "key_note": "C",
    "key_mode": "Minor",
    "key_confidence": 43.1523708761378
  },
  "loudness": {
    "peak_db": 0.00019776654651604899,
    "rms_db": -8.109724596828265,
    "dynamic_range_db": 8.109922363374782,
    "clipping_detected": true,
    "clipping_samples": 1660,
    "clipping_percent": 0.03035756086142322,
    "headroom_db": -0.00019776654651604899
  },
  "frequency": {
    "band_percentages": {
      "Sub": 16.848945966166987,
      "Bass / 808": 14.908185243968324,
      "Mud": 14.235830782457096,
      "Low Mids": 14.468296701626029,
      "Mids / Melody": 14.013824253896681,
      "Harsh Zone": 13.172791776096185,
      "Highs": 13.36631418171843,
      "Air": 12.158602868360665,
      "Vocal Range": 15.100420353224411
    },
    "brightness_centroid_hz": 3299.586234776585,
    "brightness_label": "Medium",
    "spectral_rolloff_hz": 7498.477143994008,
    "dominant_band": "Sub",
    "low_end_total_percent": 31.757131210135313,
    "mid_total_percent": 42.7179517379798,
    "top_total_percent": 25.524917050079097
  },
  "fingerprint": {
    "mfcc_1": -156.8520965576172,
    "mfcc_2": -23.802154541015625,
    "mfcc_3": -3.8207085132598877,
    "mfcc_4": -9.639327049255371,
    "mfcc_5": -4.3413801193237305,
    "mfcc_6": -1.6998608112335205,
    "mfcc_7": -9.967363357543945,
    "mfcc_8": -0.05745280161499977,
    "mfcc_9": -7.589243412017822,
    "mfcc_10": 6.798571586608887,
    "mfcc_11": 0.24700692296028137,
    "mfcc_12": 8.79228401184082,
    "mfcc_13": 1.034876823425293,
    "chroma_1": 0.428057461977005,
    "chroma_2": 0.6423119306564331,
    "chroma_3": 0.6006019711494446,
    "chroma_4": 0.42312172055244446,
    "chroma_5": 0.43673649430274963,
    "chroma_6": 0.23888908326625824,
    "chroma_7": 0.41605302691459656,
    "chroma_8": 0.20805485546588898,
    "chroma_9": 0.23973987996578217,
    "chroma_10": 0.27755823731422424,
    "chroma_11": 0.16146624088287354,
    "chroma_12": 0.3549790680408478,
    "spectral_contrast": 21.631443487837718,
    "spectral_flatness": 0.02270498499274254,
    "zero_crossing_rate": 0.08182954914535358,
    "embed_mfcc_1_mean": -156.8520965576172,
    "embed_mfcc_1_std": 107.54107666015625,
    "embed_mfcc_2_mean": -23.802154541015625,
    "embed_mfcc_2_std": 23.053529739379883,
    "embed_mfcc_3_mean": -3.8207085132598877,
    "embed_mfcc_3_std": 26.722078323364258,
    "embed_mfcc_4_mean": -9.639327049255371,
    "embed_mfcc_4_std": 15.872304916381836,
    "embed_mfcc_5_mean": -4.3413801193237305,
    "embed_mfcc_5_std": 14.763264656066895,
    "embed_mfcc_6_mean": -1.6998608112335205,
    "embed_mfcc_6_std": 13.362403869628906,
    "embed_mfcc_7_mean": -9.967363357543945,
    "embed_mfcc_7_std": 11.95606803894043,
    "embed_mfcc_8_mean": -0.05745280161499977,
    "embed_mfcc_8_std": 13.80206298828125,
    "embed_mfcc_9_mean": -7.589243412017822,
    "embed_mfcc_9_std": 10.854514122009277,
    "embed_mfcc_10_mean": 6.798571586608887,
    "embed_mfcc_10_std": 11.995461463928223,
    "embed_mfcc_11_mean": 0.24700692296028137,
    "embed_mfcc_11_std": 9.464008331298828,
    "embed_mfcc_12_mean": 8.79228401184082,
    "embed_mfcc_12_std": 9.41526985168457,
    "embed_mfcc_13_mean": 1.034876823425293,
    "embed_mfcc_13_std": 7.910995960235596,
    "embed_mfcc_14_mean": 7.35371208190918,
    "embed_mfcc_14_std": 8.289589881896973,
    "embed_mfcc_15_mean": 5.257483959197998,
    "embed_mfcc_15_std": 8.051955223083496,
    "embed_mfcc_16_mean": 4.563215255737305,
    "embed_mfcc_16_std": 7.34222412109375,
    "embed_mfcc_17_mean": 1.6906324625015259,
    "embed_mfcc_17_std": 7.120939254760742,
    "embed_mfcc_18_mean": 5.575859546661377,
    "embed_mfcc_18_std": 6.557284832000732,
    "embed_mfcc_19_mean": -0.6423150300979614,
    "embed_mfcc_19_std": 6.2649736404418945,
    "embed_mfcc_20_mean": 3.197096347808838,
    "embed_mfcc_20_std": 5.861637115478516,
    "embed_chroma_1_mean": 0.428057461977005,
    "embed_chroma_1_std": 0.35165199637413025,
    "embed_chroma_2_mean": 0.6423119306564331,
    "embed_chroma_2_std": 0.30037930607795715,
    "embed_chroma_3_mean": 0.6006019711494446,
    "embed_chroma_3_std": 0.2914959192276001,
    "embed_chroma_4_mean": 0.42312172055244446,
    "embed_chroma_4_std": 0.23526357114315033,
    "embed_chroma_5_mean": 0.43673649430274963,
    "embed_chroma_5_std": 0.2899913191795349,
    "embed_chroma_6_mean": 0.23888908326625824,
    "embed_chroma_6_std": 0.15293678641319275,
    "embed_chroma_7_mean": 0.41605302691459656,
    "embed_chroma_7_std": 0.3131966292858124,
    "embed_chroma_8_mean": 0.20805485546588898,
    "embed_chroma_8_std": 0.1459721028804779,
    "embed_chroma_9_mean": 0.23973987996578217,
    "embed_chroma_9_std": 0.16535720229148865,
    "embed_chroma_10_mean": 0.27755823731422424,
    "embed_chroma_10_std": 0.21140843629837036,
    "embed_chroma_11_mean": 0.16146624088287354,
    "embed_chroma_11_std": 0.11986726522445679,
    "embed_chroma_12_mean": 0.3549790680408478,
    "embed_chroma_12_std": 0.3014484643936157,
    "embed_contrast_1_mean": 19.836938858032227,
    "embed_contrast_1_std": 5.453309059143066,
    "embed_contrast_2_mean": 13.20821475982666,
    "embed_contrast_2_std": 3.5747902393341064,
    "embed_contrast_3_mean": 17.446836471557617,
    "embed_contrast_3_std": 3.9227383136749268,
    "embed_contrast_4_mean": 17.025136947631836,
    "embed_contrast_4_std": 3.1414995193481445,
    "embed_contrast_5_mean": 17.82221794128418,
    "embed_contrast_5_std": 2.7684359550476074,
    "embed_contrast_6_mean": 16.897600173950195,
    "embed_contrast_6_std": 2.2171597480773926,
    "embed_contrast_7_mean": 49.18315505981445,
    "embed_contrast_7_std": 2.657947301864624,
    "embed_chroma_entropy": 2.4078190326690674,
    "embed_centroid_mean": 2592.008673707101,
    "embed_centroid_std": 871.7224222461865,
    "embed_rolloff_mean": 6125.443702077389,
    "embed_rolloff_std": 1569.621106739098,
    "embed_flatness_mean": 0.02270498499274254,
    "embed_flatness_std": 0.03384155407547951,
    "embed_zcr_mean": 0.08182954914535358,
    "embed_zcr_std": 0.08736401085300072,
    "embed_rms_mean": 0.30753669142723083,
    "embed_rms_std": 0.17833451926708221,
    "embed_onset_mean": 1.3106709718704224,
    "embed_onset_std": 0.8931581377983093,
    "fingerprint_version": 2.0,
    "fingerprint_duration_seconds": 113.92,
    "embed_mfcc_delta_mean": -0.004732408560812473,
    "embed_mfcc_delta_std": 2.054966688156128,
    "embed_chroma_delta_mean": 2.1615072910208255e-05,
    "embed_chroma_delta_std": 0.02488054148852825,
    "embed_onset_peak": 14.198982238769531,
    "embed_onset_p95": 2.9544975757598877,
    "embed_rms_p10": 0.02987838350236416,
    "embed_rms_p50": 0.4147193431854248,
    "embed_rms_p90": 0.4781824052333832,
    "embedding_nonzero_count": 100.0
  },
  "rhythm": {
    "onset_count": 512,
    "onset_density": 4.49438202247191,
    "drum_activity": "High",
    "estimated_bars": 66,
    "seconds_per_bar": 1.7142857142857142
  },
  "sections": [
    {
      "name": "Intro",
      "start": 0.0,
      "end": 16.0,
      "avg_energy": 0.4065234661102295,
      "energy_label": "Medium"
    },
    {
      "name": "Chorus / Hook",
      "start": 16.0,
      "end": 32.0,
      "avg_energy": 0.4615806043148041,
      "energy_label": "High"
    },
    {
      "name": "Verse",
      "start": 32.0,
      "end": 48.0,
      "avg_energy": 0.4570184648036957,
      "energy_label": "High"
    },
    {
      "name": "Chorus / Hook",
      "start": 48.0,
      "end": 64.0,
      "avg_energy": 0.44988539814949036,
      "energy_label": "High"
    },
    {
      "name": "Verse",
      "start": 64.0,
      "end": 80.0,
      "avg_energy": 0.36474546790122986,