{
  "basic": {
    "file_name": "OsamaSon - Rehhab.wav",
    "file_path": "/Users/jayden/SoundLens/tracks/Osamason/OsamaSon - Rehhab.wav",
    "sample_rate": 48000,
    "duration_seconds": 113.92,
    "bpm": 152.03,
    "key": "C# Minor / Try F# Minor",
    "key_note": "C#",
    "key_mode": "Minor",
    "key_confidence": 56.3549542823491
  },
  "loudness": {
    "peak_db": 0.00019776654651604899,
    "rms_db": -8.109724596828265,
    "dynamic_range_db": 8.109922363374782,
    "clipping_detected": true,
    "clipping_samples": 1660,
    "clipping_percent": 0.03035756086142322,
    "headroom_db": -0.00019776654651604899
  },
  "frequency": {
    "band_percentages": {
      "Sub": 16.848945966166987,
      "Bass / 808": 14.908185243968324,
      "Mud": 14.235830782457096,
      "Low Mids": 14.468296701626029,
      "Mids / Melody": 14.013824253896681,
      "Harsh Zone": 13.172791776096185,
      "Highs": 13.36631418171843,
      "Air": 12.158602868360665,
      "Vocal Range": 15.100420353224411
    },
    "brightness_centroid_hz": 3299.586234776585,
    "brightness_label": "Medium",
    "spectral_rolloff_hz": 7498.477143994008,
    "dominant_band": "Sub",
    "low_end_total_percent": 31.757131210135313,
    "mid_total_percent": 42.7179517379798,
    "top_total_percent": 25.524917050079097
  },
  "fingerprint": {
    "mfcc_1": -122.62606811523438,
    "mfcc_2": 119.5641098022461,
    "mfcc_3": -14.2745943069458,
    "mfcc_4": 39.63872146606445,
    "mfcc_5": -21.432743072509766,
    "mfcc_6": 27.782821655273438,
    "mfcc_7": -10.107502937316895,
    "mfcc_8": 10.331568717956543,
    "mfcc_9": -6.126265525817871,
    "mfcc_10": 6.53326940536499,
    "mfcc_11": -4.729313850402832,
    "mfcc_12": 9.280951499938965,
    "mfcc_13": 2.3624520301818848,
    "chroma_1": 0.4302418529987335,
    "chroma_2": 0.6395877003669739,
    "chroma_3": 0.6017777919769287,
    "chroma_4": 0.42478394508361816,
    "chroma_5": 0.4372154772281647,
    "chroma_6": 0.23781368136405945,
    "chroma_7": 0.4142727553844452,
    "chroma_8": 0.20952147245407104,
    "chroma_9": 0.23877286911010742,
    "chroma_10": 0.2772792875766754,
    "chroma_11": 0.16083963215351105,
    "chroma_12": 0.35415685176849365,
    "spectral_contrast": 18.43193935458697,
    "spectral_flatness": 0.0013406655052676797,
    "zero_crossing_rate": 0.04931023473340511
  },
  "rhythm": {
    "onset_count": 512,
    "onset_density": 4.49438202247191,
    "drum_activity": "High",
    "estimated_bars": 72,
    "seconds_per_bar": 1.5786357955666646
  },
  "sections": [
    {
      "name": "Intro",
      "start": 0.0,
      "end": 16.0,
      "avg_energy": 0.4065234661102295,
      "energy_label": "Medium"
    },
    {
      "name": "Chorus / Hook",
      "start": 16.0,
      "end": 32.0,
      "avg_energy": 0.4615806043148041,
      "energy_label": "High"
    },
    {
      "name": "Verse",
      "start": 32.0,
      "end": 48.0,
      "avg_energy": 0.4570184648036957,
      "energy_label": "High"
    },
    {
      "name": "Chorus / Hook",
      "start": 48.0,
      "end": 64.0,
      "avg_energy": 0.44988539814949036,
      "energy_label": "High"
    },
    {
      "name": "Verse",
      "start": 64.0,
      "end": 80.0,
      "avg_energy": 0.36474546790122986,
      "energy_label": "Medium"
    },
    {
      "name": "Verse",
      "start": 80.0,
      "end": 96.0,
      "avg_energy": 0.3366154432296753,
      "energy_label": "Medium"
    },
    {
      "name": "Outro",
      "start": 96.0,
      "end": 113.92,
      "avg_energy": 0.23971903324127197,
      "energy_label": "Low"
    }
  ],
  "scores": {
    "mix": 86,
    "master": 86,
    "arrangement": 75,
    "release": 83,
    "energy": 8.445137701585868,
    "bass_strength": 6.351426242027062,
    "darkness": 3.40082753044683,
    "brightness": 6.59917246955317,
    "drum_bounce": 10,
    "vocal_space": 2.2387681582134427
  },
  "stem_balance": null,
  "top_problems": [
    "Clipping detected: 1660 samples are near/over the limit.",
    "Mud range is elevated around 250-500 Hz.",
    "Intro may be long for short-form listener retention.",
    "Drum movement is very active; the beat could become overcrowded.",
    "Hook/verse contrast looks low, but arrangement detection is still an estimate."
  ],
  "suggested_fixes": [
    "Lower the master/output, then use a soft clipper or limiter with safer ceiling.",
    "Gently cut 250-500 Hz on melodies, pads, or the master if the mix feels cloudy.",
    "Mute extra percussion in some sections so the hook/drop feels bigger.",
    "Check the waveform/sections by ear. If the hook feels flat, add contrast with melody layers, drum changes, or vocal energy.",
    "Consider bringing drums, 808, or a strong tag/moment in earlier."
  ],
  "artist_notes": [
    "Autotune/key starting point: C# Minor / Try F# Minor. Confidence: 56.4%.",
    "Beat energy: 8.4/10. Darkness: 3.4/10.",
    "Vocal space estimate: 2.2/10. Higher means easier space for vocals."
  ],
  "producer_notes": [
    "Low-end presence looks usable for the selected style.",
    "Selected style preset: rage_trap.",
    "Dominant frequency area: Sub.",
    "Drum activity is high at 4.49 hits/sec.",
    "Estimated length: 72 bars at 152 BPM."
  ],
  "master_notes": [
    "Clipping is the first thing to fix before judging the rest of the mix.",
    "Loudness is in a usable range for the selected style.",
    "Peak: 0.00 dB. RMS: -8.11 dB. Dynamic range: 8.11 dB."
  ],
  "next_steps": [
    "Lower the master/output, then use a soft clipper or limiter with safer ceiling.",
    "Gently cut 250-500 Hz on melodies, pads, or the master if the mix feels cloudy.",
    "Mute extra percussion in some sections so the hook/drop feels bigger.",
    "Fix the top 1-2 issues, export again, then re-run SoundLens."
  ]
}