{
  "basic": {
    "file_name": "OsamaSon - Boss Up.wav",
    "file_path": "/Volumes/POLLY/tracks/Osamason/OsamaSon - Boss Up.wav",
    "sample_rate": 48000,
    "duration_seconds": 160.46933333333334,
    "bpm": 140.0,
    "key": "D# Minor",
    "key_note": "D#",
    "key_mode": "Minor",
    "key_confidence": 43.445803160307314
  },
  "loudness": {
    "peak_db": 0.0029629202421104293,
    "rms_db": -5.7963335803640215,
    "dynamic_range_db": 5.799296500606132,
    "clipping_detected": true,
    "clipping_samples": 47662,
    "clipping_percent": 0.6187838590135603,
    "headroom_db": -0.0029629202421104293
  },
  "frequency": {
    "band_percentages": {
      "Sub": 16.841238640466276,
      "Bass / 808": 15.491673006932338,
      "Mud": 14.13142927572888,
      "Low Mids": 14.320725086356356,
      "Mids / Melody": 14.082275206565372,
      "Harsh Zone": 13.333533298719367,
      "Highs": 13.241943739857712,
      "Air": 11.890715042354438,
      "Vocal Range": 14.927947380197498
    },
    "brightness_centroid_hz": 2550.4746282296915,
    "brightness_label": "Medium",
    "spectral_rolloff_hz": 5982.220525922234,
    "dominant_band": "Sub",
    "low_end_total_percent": 32.33291164739862,
    "mid_total_percent": 42.53442956865061,
    "top_total_percent": 25.13265878221215
  },
  "fingerprint": {
    "mfcc_1": -100.66690826416016,
    "mfcc_2": -10.543313980102539,
    "mfcc_3": 0.06411024928092957,
    "mfcc_4": 0.6862256526947021,
    "mfcc_5": 0.2869070768356323,
    "mfcc_6": 6.319921016693115,
    "mfcc_7": -4.266188621520996,
    "mfcc_8": 5.135218143463135,
    "mfcc_9": -5.199632167816162,
    "mfcc_10": 11.13896369934082,
    "mfcc_11": 3.04923939704895,
    "mfcc_12": 5.321077346801758,
    "mfcc_13": 1.3712069988250732,
    "chroma_1": 0.29683780670166016,
    "chroma_2": 0.3271516263484955,
    "chroma_3": 0.33079659938812256,
    "chroma_4": 0.6771435141563416,
    "chroma_5": 0.40820255875587463,
    "chroma_6": 0.40931984782218933,
    "chroma_7": 0.47238054871559143,
    "chroma_8": 0.32751914858818054,
    "chroma_9": 0.37707969546318054,
    "chroma_10": 0.2527585029602051,
    "chroma_11": 0.36322903633117676,
    "chroma_12": 0.23576819896697998,
    "spectral_contrast": 21.50424882568876,
    "spectral_flatness": 0.0131060890853405,
    "zero_crossing_rate": 0.04030124912321014,
    "embed_mfcc_1_mean": -100.66690826416016,
    "embed_mfcc_1_std": 44.069618225097656,
    "embed_mfcc_2_mean": -10.543313980102539,
    "embed_mfcc_2_std": 24.0694522857666,
    "embed_mfcc_3_mean": 0.06411024928092957,
    "embed_mfcc_3_std": 23.33991241455078,
    "embed_mfcc_4_mean": 0.6862256526947021,
    "embed_mfcc_4_std": 16.94098663330078,
    "embed_mfcc_5_mean": 0.2869070768356323,
    "embed_mfcc_5_std": 14.619434356689453,
    "embed_mfcc_6_mean": 6.319921016693115,
    "embed_mfcc_6_std": 12.215807914733887,
    "embed_mfcc_7_mean": -4.266188621520996,
    "embed_mfcc_7_std": 10.6930570602417,
    "embed_mfcc_8_mean": 5.135218143463135,
    "embed_mfcc_8_std": 10.485722541809082,
    "embed_mfcc_9_mean": -5.199632167816162,
    "embed_mfcc_9_std": 9.54575252532959,
    "embed_mfcc_10_mean": 11.13896369934082,
    "embed_mfcc_10_std": 9.563176155090332,
    "embed_mfcc_11_mean": 3.04923939704895,
    "embed_mfcc_11_std": 8.016730308532715,
    "embed_mfcc_12_mean": 5.321077346801758,
    "embed_mfcc_12_std": 7.753981590270996,
    "embed_mfcc_13_mean": 1.3712069988250732,
    "embed_mfcc_13_std": 7.37994909286499,
    "embed_mfcc_14_mean": 4.097702503204346,
    "embed_mfcc_14_std": 7.910060405731201,
    "embed_mfcc_15_mean": 3.7817749977111816,
    "embed_mfcc_15_std": 6.741048336029053,
    "embed_mfcc_16_mean": 3.095712661743164,
    "embed_mfcc_16_std": 6.819844722747803,
    "embed_mfcc_17_mean": -0.024248270317912102,
    "embed_mfcc_17_std": 6.308838844299316,
    "embed_mfcc_18_mean": 6.138390064239502,
    "embed_mfcc_18_std": 5.973419189453125,
    "embed_mfcc_19_mean": -3.8777241706848145,
    "embed_mfcc_19_std": 6.136886119842529,
    "embed_mfcc_20_mean": 2.2642500400543213,
    "embed_mfcc_20_std": 5.495707988739014,
    "embed_chroma_1_mean": 0.29683780670166016,
    "embed_chroma_1_std": 0.189504936337471,
    "embed_chroma_2_mean": 0.3271516263484955,
    "embed_chroma_2_std": 0.18683010339736938,
    "embed_chroma_3_mean": 0.33079659938812256,
    "embed_chroma_3_std": 0.19123831391334534,
    "embed_chroma_4_mean": 0.6771435141563416,
    "embed_chroma_4_std": 0.35867759585380554,
    "embed_chroma_5_mean": 0.40820255875587463,
    "embed_chroma_5_std": 0.23876264691352844,
    "embed_chroma_6_mean": 0.40931984782218933,
    "embed_chroma_6_std": 0.2828977704048157,
    "embed_chroma_7_mean": 0.47238054871559143,
    "embed_chroma_7_std": 0.32535454630851746,
    "embed_chroma_8_mean": 0.32751914858818054,
    "embed_chroma_8_std": 0.20158225297927856,
    "embed_chroma_9_mean": 0.37707969546318054,
    "embed_chroma_9_std": 0.28132304549217224,
    "embed_chroma_10_mean": 0.2527585029602051,
    "embed_chroma_10_std": 0.1589319407939911,
    "embed_chroma_11_mean": 0.36322903633117676,
    "embed_chroma_11_std": 0.25256964564323425,
    "embed_chroma_12_mean": 0.23576819896697998,
    "embed_chroma_12_std": 0.1823253184556961,
    "embed_contrast_1_mean": 20.432741165161133,
    "embed_contrast_1_std": 5.23270845413208,
    "embed_contrast_2_mean": 14.351998329162598,
    "embed_contrast_2_std": 3.9331741333007812,
    "embed_contrast_3_mean": 16.79299545288086,
    "embed_contrast_3_std": 3.8030478954315186,
    "embed_contrast_4_mean": 16.064083099365234,
    "embed_contrast_4_std": 3.0838429927825928,
    "embed_contrast_5_mean": 17.37565803527832,
    "embed_contrast_5_std": 2.7732086181640625,
    "embed_contrast_6_mean": 16.678653717041016,
    "embed_contrast_6_std": 2.244213581085205,
    "embed_contrast_7_mean": 48.833614349365234,
    "embed_contrast_7_std": 2.9313409328460693,
    "embed_chroma_entropy": 2.4440512657165527,
    "embed_centroid_mean": 2156.5976780212445,
    "embed_centroid_std": 704.751349439619,
    "embed_rolloff_mean": 5329.036526045194,
    "embed_rolloff_std": 1728.8032060129005,
    "embed_flatness_mean": 0.0131060890853405,
    "embed_flatness_std": 0.027532972395420074,
    "embed_zcr_mean": 0.04030124912321014,
    "embed_zcr_std": 0.05382433791415408,
    "embed_rms_mean": 0.4351382851600647,
    "embed_rms_std": 0.1228318065404892,
    "embed_onset_mean": 1.500290036201477,
    "embed_onset_std": 1.3123823404312134,
    "fingerprint_version": 2.0,
    "fingerprint_duration_seconds": 160.4693424036281,
    "embed_mfcc_delta_mean": 0.0004918233607895672,
    "embed_mfcc_delta_std": 2.393864870071411,
    "embed_chroma_delta_mean": 9.258003956347238e-06,
    "embed_chroma_delta_std": 0.02231631986796856,
    "embed_onset_peak": 12.903398513793945,
    "embed_onset_p95": 4.219503879547119,
    "embed_rms_p10": 0.20604898035526276,
    "embed_rms_p50": 0.4631291627883911,
    "embed_rms_p90": 0.5499130487442017,
    "embedding_nonzero_count": 100.0
  },
  "rhythm": {
    "onset_count": 1070,
    "onset_density": 6.667940707258707,
    "drum_activity": "High",
    "estimated_bars": 94,
    "seconds_per_bar": 1.7142857142857142
  },
  "sections": [
    {
      "name": "Intro",
      "start": 0.0,
      "end": 16.0,
      "avg_energy": 0.5386468768119812,
      "energy_label": "Medium"
    },
    {
      "name": "Chorus / Hook",
      "start": 16.0,
      "end": 32.0,
      "avg_energy": 0.5155303478240967,
      "energy_label": "Medium"
    },
    {
      "name": "Verse",
      "start": 32.0,
      "end": 48.0,
      "avg_energy": 0.5128611326217651,
      "energy_label": "Medium"
    },
    {
      "name": "Chorus / Hook",
      "start": 48.0,
      "end": 64.0,
      "avg_energy": 0.47418132424354553,
      "energy_label": "Medium"
    },
    {
      "name": "Verse",
      "start": 64.0,
      "end": 80.0,
      "avg_energy": 0.5043178796768188,