{
  "basic": {
    "file_name": "OsamaSon - Whats Happening.wav",
    "file_path": "/Volumes/POLLY/tracks/Osamason/OsamaSon - Whats Happening.wav",
    "sample_rate": 48000,
    "duration_seconds": 130.63547916666667,
    "bpm": 140.0,
    "key": "C Minor",
    "key_note": "C",
    "key_mode": "Minor",
    "key_confidence": 44.30982824100276
  },
  "loudness": {
    "peak_db": 0.001535419923415194,
    "rms_db": -4.213401397313472,
    "dynamic_range_db": 4.214936817236887,
    "clipping_detected": true,
    "clipping_samples": 245419,
    "clipping_percent": 3.913864645308359,
    "headroom_db": -0.001535419923415194
  },
  "frequency": {
    "band_percentages": {
      "Sub": 16.498687615852745,
      "Bass / 808": 14.180303235437625,
      "Mud": 13.807110603302327,
      "Low Mids": 14.431162021918848,
      "Mids / Melody": 14.494151089284571,
      "Harsh Zone": 13.923795639491912,
      "Highs": 13.832609329225026,
      "Air": 12.755976103286521,
      "Vocal Range": 15.076144700519636
    },
    "brightness_centroid_hz": 3825.8956299698543,
    "brightness_label": "High",
    "spectral_rolloff_hz": 8753.372361814174,
    "dominant_band": "Sub",
    "low_end_total_percent": 30.678990851290372,
    "mid_total_percent": 42.73242371450574,
    "top_total_percent": 26.588585432511547
  },
  "fingerprint": {
    "mfcc_1": -50.24806213378906,
    "mfcc_2": -32.77444839477539,
    "mfcc_3": -13.713143348693848,
    "mfcc_4": -5.040035247802734,
    "mfcc_5": -3.245309829711914,
    "mfcc_6": 1.0740985870361328,
    "mfcc_7": -7.3110880851745605,
    "mfcc_8": 4.679376602172852,
    "mfcc_9": 4.350013732910156,
    "mfcc_10": 11.516070365905762,
    "mfcc_11": 3.7356152534484863,
    "mfcc_12": 9.353865623474121,
    "mfcc_13": 4.594388484954834,
    "chroma_1": 0.7134088277816772,
    "chroma_2": 0.7106170654296875,
    "chroma_3": 0.7544271349906921,
    "chroma_4": 0.7715322971343994,
    "chroma_5": 0.6293829679489136,
    "chroma_6": 0.551949143409729,
    "chroma_7": 0.48941636085510254,
    "chroma_8": 0.4170231223106384,
    "chroma_9": 0.6034166216850281,
    "chroma_10": 0.5136709213256836,
    "chroma_11": 0.3990679681301117,
    "chroma_12": 0.5223093628883362,
    "spectral_contrast": 20.627508476123932,
    "spectral_flatness": 0.022403400391340256,
    "zero_crossing_rate": 0.05974255257715751,
    "embed_mfcc_1_mean": -50.24806213378906,
    "embed_mfcc_1_std": 26.157072067260742,
    "embed_mfcc_2_mean": -32.77444839477539,
    "embed_mfcc_2_std": 19.064672470092773,
    "embed_mfcc_3_mean": -13.713143348693848,
    "embed_mfcc_3_std": 14.7340726852417,
    "embed_mfcc_4_mean": -5.040035247802734,
    "embed_mfcc_4_std": 13.29699993133545,
    "embed_mfcc_5_mean": -3.245309829711914,
    "embed_mfcc_5_std": 9.658356666564941,
    "embed_mfcc_6_mean": 1.0740985870361328,
    "embed_mfcc_6_std": 8.943106651306152,
    "embed_mfcc_7_mean": -7.3110880851745605,
    "embed_mfcc_7_std": 9.794322967529297,
    "embed_mfcc_8_mean": 4.679376602172852,
    "embed_mfcc_8_std": 8.40555477142334,
    "embed_mfcc_9_mean": 4.350013732910156,
    "embed_mfcc_9_std": 7.645724773406982,
    "embed_mfcc_10_mean": 11.516070365905762,
    "embed_mfcc_10_std": 7.446662902832031,
    "embed_mfcc_11_mean": 3.7356152534484863,
    "embed_mfcc_11_std": 7.381881237030029,
    "embed_mfcc_12_mean": 9.353865623474121,
    "embed_mfcc_12_std": 6.409946918487549,
    "embed_mfcc_13_mean": 4.594388484954834,
    "embed_mfcc_13_std": 6.271213054656982,
    "embed_mfcc_14_mean": 7.361441612243652,
    "embed_mfcc_14_std": 6.258090019226074,
    "embed_mfcc_15_mean": 5.3815836906433105,
    "embed_mfcc_15_std": 6.064630508422852,
    "embed_mfcc_16_mean": 4.624532222747803,
    "embed_mfcc_16_std": 5.76879358291626,
    "embed_mfcc_17_mean": 3.784071683883667,
    "embed_mfcc_17_std": 5.972054958343506,
    "embed_mfcc_18_mean": 4.865963935852051,
    "embed_mfcc_18_std": 5.730232238769531,
    "embed_mfcc_19_mean": 1.0401759147644043,
    "embed_mfcc_19_std": 5.828783988952637,
    "embed_mfcc_20_mean": 3.429710865020752,
    "embed_mfcc_20_std": 6.122692584991455,
    "embed_chroma_1_mean": 0.7134088277816772,
    "embed_chroma_1_std": 0.20976622402668,
    "embed_chroma_2_mean": 0.7106170654296875,
    "embed_chroma_2_std": 0.21991756558418274,
    "embed_chroma_3_mean": 0.7544271349906921,
    "embed_chroma_3_std": 0.2476646453142166,
    "embed_chroma_4_mean": 0.7715322971343994,
    "embed_chroma_4_std": 0.2791614830493927,
    "embed_chroma_5_mean": 0.6293829679489136,
    "embed_chroma_5_std": 0.2517106235027313,
    "embed_chroma_6_mean": 0.551949143409729,
    "embed_chroma_6_std": 0.2161598652601242,
    "embed_chroma_7_mean": 0.48941636085510254,
    "embed_chroma_7_std": 0.1959589123725891,
    "embed_chroma_8_mean": 0.4170231223106384,
    "embed_chroma_8_std": 0.13447360694408417,
    "embed_chroma_9_mean": 0.6034166216850281,
    "embed_chroma_9_std": 0.19509591162204742,
    "embed_chroma_10_mean": 0.5136709213256836,
    "embed_chroma_10_std": 0.2227945327758789,
    "embed_chroma_11_mean": 0.3990679681301117,
    "embed_chroma_11_std": 0.13231337070465088,
    "embed_chroma_12_mean": 0.5223093628883362,
    "embed_chroma_12_std": 0.16856859624385834,
    "embed_contrast_1_mean": 19.93938636779785,
    "embed_contrast_1_std": 4.082305431365967,
    "embed_contrast_2_mean": 11.676713943481445,
    "embed_contrast_2_std": 3.312389373779297,
    "embed_contrast_3_mean": 15.69431209564209,
    "embed_contrast_3_std": 3.539578676223755,
    "embed_contrast_4_mean": 15.778078079223633,
    "embed_contrast_4_std": 2.7696170806884766,
    "embed_contrast_5_mean": 17.222137451171875,
    "embed_contrast_5_std": 2.551964282989502,
    "embed_contrast_6_mean": 15.876310348510742,
    "embed_contrast_6_std": 1.8702998161315918,
    "embed_contrast_7_mean": 48.205623626708984,
    "embed_contrast_7_std": 2.6136677265167236,
    "embed_chroma_entropy": 2.463099479675293,
    "embed_centroid_mean": 2814.245852516933,
    "embed_centroid_std": 659.6196174996877,
    "embed_rolloff_mean": 6450.110997061242,
    "embed_rolloff_std": 1278.6594508961562,
    "embed_flatness_mean": 0.022403400391340256,
    "embed_flatness_std": 0.022881990298628807,
    "embed_zcr_mean": 0.05974255257715751,
    "embed_zcr_std": 0.03713945642489261,
    "embed_rms_mean": 0.4530591368675232,
    "embed_rms_std": 0.049253929406404495,
    "embed_onset_mean": 1.4255813360214233,
    "embed_onset_std": 0.9861754179000854,
    "fingerprint_version": 2.0,
    "fingerprint_duration_seconds": 130.63551020408164,
    "embed_mfcc_delta_mean": 0.00011602346785366535,
    "embed_mfcc_delta_std": 2.047917366027832,
    "embed_chroma_delta_mean": -2.870858452297398e-06,
    "embed_chroma_delta_std": 0.02632644958794117,
    "embed_onset_peak": 7.8021721839904785,
    "embed_onset_p95": 3.5169970989227295,
    "embed_rms_p10": 0.4038543403148651,
    "embed_rms_p50": 0.45038652420043945,
    "embed_rms_p90": 0.5125631093978882,
    "embedding_nonzero_count": 100.0
  },
  "rhythm": {
    "onset_count": 598,
    "onset_density": 4.577623198649295,
    "drum_activity": "High",
    "estimated_bars": 76,
    "seconds_per_bar": 1.7142857142857142
  },
  "sections": [
    {
      "name": "Intro",
      "start": 0.0,
      "end": 16.0,
      "avg_energy": 0.6443235874176025,
      "energy_label": "Medium"
    },
    {
      "name": "Chorus / Hook",
      "start": 16.0,
      "end": 32.0,
      "avg_energy": 0.5967634916305542,
      "energy_label": "Medium"
    },
    {
      "name": "Verse",
      "start": 32.0,
      "end": 48.0,
      "avg_energy": 0.600064754486084,
      "energy_label": "Medium"
    },
    {
      "name": "Chorus / Hook",
      "start": 48.0,
      "end": 64.0,
      "avg_energy": 0.5986661911010742,
      "energy_label": "Medium"
    },
    {
      "name": "Verse",
      "start": 64.0,
      "end": 80.0,
      "avg_energy": 0.6000058054924011,