{
  "basic": {
    "file_name": "OsamaSon - Str8 Flexin.wav",
    "file_path": "/Volumes/POLLY/tracks/Osamason/OsamaSon - Str8 Flexin.wav",
    "sample_rate": 48000,
    "duration_seconds": 98.06933333333333,
    "bpm": 140.0,
    "key": "C# Minor",
    "key_note": "C#",
    "key_mode": "Minor",
    "key_confidence": 42.1895557143219
  },
  "loudness": {
    "peak_db": 0.0020147300933692843,
    "rms_db": -6.435970044182825,
    "dynamic_range_db": 6.437984774276194,
    "clipping_detected": true,
    "clipping_samples": 39431,
    "clipping_percent": 0.837651423482706,
    "headroom_db": -0.0020147300933692843
  },
  "frequency": {
    "band_percentages": {
      "Sub": 16.778792209643917,
      "Bass / 808": 15.148973701906646,
      "Mud": 13.548223763394027,
      "Low Mids": 14.063173552055686,
      "Mids / Melody": 14.146853019983649,
      "Harsh Zone": 13.304781708129351,
      "Highs": 13.474930412100008,
      "Air": 12.839053339136708,
      "Vocal Range": 14.765932091385082
    },
    "brightness_centroid_hz": 4311.500340658862,
    "brightness_label": "High",
    "spectral_rolloff_hz": 9323.786704730832,
    "dominant_band": "Sub",
    "low_end_total_percent": 31.927765911550566,
    "mid_total_percent": 41.75825033543336,
    "top_total_percent": 26.313983751236716
  },
  "fingerprint": {
    "mfcc_1": -164.05996704101562,
    "mfcc_2": -52.590885162353516,
    "mfcc_3": -1.3431340456008911,
    "mfcc_4": -20.894582748413086,
    "mfcc_5": -6.427703380584717,
    "mfcc_6": -1.6173086166381836,
    "mfcc_7": -4.754589557647705,
    "mfcc_8": 3.9445347785949707,
    "mfcc_9": -4.030407905578613,
    "mfcc_10": 7.631001949310303,
    "mfcc_11": 3.6822102069854736,
    "mfcc_12": 8.055571556091309,
    "mfcc_13": 3.6373443603515625,
    "chroma_1": 0.2726890444755554,
    "chroma_2": 0.7769841551780701,
    "chroma_3": 0.6947532296180725,
    "chroma_4": 0.41745027899742126,
    "chroma_5": 0.35426628589630127,
    "chroma_6": 0.2783394455909729,
    "chroma_7": 0.23316821455955505,
    "chroma_8": 0.18711985647678375,
    "chroma_9": 0.2523842453956604,
    "chroma_10": 0.24370741844177246,
    "chroma_11": 0.18245072662830353,
    "chroma_12": 0.18754427134990692,
    "spectral_contrast": 21.848799876341225,
    "spectral_flatness": 0.0275714248418808,
    "zero_crossing_rate": 0.11803817749023438,
    "embed_mfcc_1_mean": -164.05996704101562,
    "embed_mfcc_1_std": 150.1700897216797,
    "embed_mfcc_2_mean": -52.590885162353516,
    "embed_mfcc_2_std": 45.37650680541992,
    "embed_mfcc_3_mean": -1.3431340456008911,
    "embed_mfcc_3_std": 22.053075790405273,
    "embed_mfcc_4_mean": -20.894582748413086,
    "embed_mfcc_4_std": 30.04190444946289,
    "embed_mfcc_5_mean": -6.427703380584717,
    "embed_mfcc_5_std": 24.757287979125977,
    "embed_mfcc_6_mean": -1.6173086166381836,
    "embed_mfcc_6_std": 20.728565216064453,
    "embed_mfcc_7_mean": -4.754589557647705,
    "embed_mfcc_7_std": 20.822961807250977,
    "embed_mfcc_8_mean": 3.9445347785949707,
    "embed_mfcc_8_std": 15.348711967468262,
    "embed_mfcc_9_mean": -4.030407905578613,
    "embed_mfcc_9_std": 13.662774085998535,
    "embed_mfcc_10_mean": 7.631001949310303,
    "embed_mfcc_10_std": 11.20470142364502,
    "embed_mfcc_11_mean": 3.6822102069854736,
    "embed_mfcc_11_std": 10.582847595214844,
    "embed_mfcc_12_mean": 8.055571556091309,
    "embed_mfcc_12_std": 11.293447494506836,
    "embed_mfcc_13_mean": 3.6373443603515625,
    "embed_mfcc_13_std": 11.36018180847168,
    "embed_mfcc_14_mean": 4.892053604125977,
    "embed_mfcc_14_std": 14.226075172424316,
    "embed_mfcc_15_mean": 1.4615767002105713,
    "embed_mfcc_15_std": 10.800538063049316,
    "embed_mfcc_16_mean": -0.07452993839979172,
    "embed_mfcc_16_std": 10.349615097045898,
    "embed_mfcc_17_mean": -3.4312803745269775,
    "embed_mfcc_17_std": 9.42234992980957,
    "embed_mfcc_18_mean": 4.575929641723633,
    "embed_mfcc_18_std": 8.980982780456543,
    "embed_mfcc_19_mean": -2.784327745437622,
    "embed_mfcc_19_std": 8.772563934326172,
    "embed_mfcc_20_mean": 0.28421562910079956,
    "embed_mfcc_20_std": 9.453235626220703,
    "embed_chroma_1_mean": 0.2726890444755554,
    "embed_chroma_1_std": 0.1728360801935196,
    "embed_chroma_2_mean": 0.7769841551780701,
    "embed_chroma_2_std": 0.28128013014793396,
    "embed_chroma_3_mean": 0.6947532296180725,
    "embed_chroma_3_std": 0.3277575373649597,
    "embed_chroma_4_mean": 0.41745027899742126,
    "embed_chroma_4_std": 0.22734199464321136,
    "embed_chroma_5_mean": 0.35426628589630127,
    "embed_chroma_5_std": 0.2267865240573883,
    "embed_chroma_6_mean": 0.2783394455909729,
    "embed_chroma_6_std": 0.1510874629020691,
    "embed_chroma_7_mean": 0.23316821455955505,
    "embed_chroma_7_std": 0.16267108917236328,
    "embed_chroma_8_mean": 0.18711985647678375,
    "embed_chroma_8_std": 0.14477205276489258,
    "embed_chroma_9_mean": 0.2523842453956604,
    "embed_chroma_9_std": 0.1351395845413208,
    "embed_chroma_10_mean": 0.24370741844177246,
    "embed_chroma_10_std": 0.19472981989383698,
    "embed_chroma_11_mean": 0.18245072662830353,
    "embed_chroma_11_std": 0.17806147038936615,
    "embed_chroma_12_mean": 0.18754427134990692,
    "embed_chroma_12_std": 0.15669704973697662,
    "embed_contrast_1_mean": 20.665748596191406,
    "embed_contrast_1_std": 8.846174240112305,
    "embed_contrast_2_mean": 13.070828437805176,
    "embed_contrast_2_std": 4.337789535522461,
    "embed_contrast_3_mean": 17.41350746154785,
    "embed_contrast_3_std": 5.533613681793213,
    "embed_contrast_4_mean": 17.559078216552734,
    "embed_contrast_4_std": 4.986391067504883,
    "embed_contrast_5_mean": 19.184385299682617,
    "embed_contrast_5_std": 4.866297721862793,
    "embed_contrast_6_mean": 17.89434814453125,
    "embed_contrast_6_std": 4.253235816955566,
    "embed_contrast_7_mean": 47.15370559692383,
    "embed_contrast_7_std": 6.691161155700684,
    "embed_chroma_entropy": 2.3523473739624023,
    "embed_centroid_mean": 3240.898863220977,
    "embed_centroid_std": 1354.8420990858313,
    "embed_rolloff_mean": 7191.327719254928,
    "embed_rolloff_std": 1771.2865861077728,
    "embed_flatness_mean": 0.0275714248418808,
    "embed_flatness_std": 0.04702214151620865,
    "embed_zcr_mean": 0.11803817749023438,
    "embed_zcr_std": 0.13813299803190698,
    "embed_rms_mean": 0.3442509174346924,
    "embed_rms_std": 0.21898822486400604,
    "embed_onset_mean": 1.5765790939331055,
    "embed_onset_std": 1.4148386716842651,
    "fingerprint_version": 2.0,
    "fingerprint_duration_seconds": 98.06934240362811,
    "embed_mfcc_delta_mean": -0.0017719632014632225,
    "embed_mfcc_delta_std": 3.163663864135742,
    "embed_chroma_delta_mean": 4.6799246774753556e-05,
    "embed_chroma_delta_std": 0.02667474001646042,
    "embed_onset_peak": 17.67633819580078,
    "embed_onset_p95": 4.125298976898193,
    "embed_rms_p10": 0.04371008276939392,
    "embed_rms_p50": 0.4942808747291565,
    "embed_rms_p90": 0.55454021692276,
    "embedding_nonzero_count": 100.0
  },
  "rhythm": {
    "onset_count": 571,
    "onset_density": 5.822411355231673,
    "drum_activity": "High",
    "estimated_bars": 57,
    "seconds_per_bar": 1.7142857142857142
  },
  "sections": [
    {
      "name": "Intro",
      "start": 0.0,
      "end": 16.0,
      "avg_energy": 0.2808505594730377,
      "energy_label": "Low"
    },
    {
      "name": "Chorus / Hook",
      "start": 16.0,
      "end": 32.0,
      "avg_energy": 0.5506590604782104,
      "energy_label": "High"
    },
    {
      "name": "Verse",
      "start": 32.0,
      "end": 48.0,
      "avg_energy": 0.5525695085525513,
      "energy_label": "High"
    },
    {
      "name": "Chorus / Hook",
      "start": 48.0,
      "end": 64.0,
      "avg_energy": 0.5539293885231018,
      "energy_label": "High"
    },
    {
      "name": "Verse",
      "start": 64.0,
      "end": 80.0,
      "avg_energy": 0.5406516194343567,