{
  "basic": {
    "file_name": "Duwap Kaine - Congratulations.wav",
    "file_path": "/Users/jayden/SoundLens/tracks/Duwap Kaine/Duwap Kaine - Congratulations.wav",
    "sample_rate": 48000,
    "duration_seconds": 116.97633333333333,
    "bpm": 159.2,
    "key": "G# Major",
    "key_note": "G#",
    "key_mode": "Major",
    "key_confidence": 46.25130565678572
  },
  "loudness": {
    "peak_db": -0.507648688499984,
    "rms_db": -14.96001751090927,
    "dynamic_range_db": 14.452368822409285,
    "clipping_detected": false,
    "clipping_samples": 0,
    "clipping_percent": 0.0,
    "headroom_db": 0.507648688499984
  },
  "frequency": {
    "band_percentages": {
      "Sub": 17.328200103993638,
      "Bass / 808": 14.335391388271951,
      "Mud": 14.679156129307591,
      "Low Mids": 14.103997157537092,
      "Mids / Melody": 14.571470857568048,
      "Harsh Zone": 13.392265528701602,
      "Highs": 13.0302787228776,
      "Air": 11.951505638447404,
      "Vocal Range": 15.364419635403308
    },
    "brightness_centroid_hz": 2631.7011857382745,
    "brightness_label": "Medium",
    "spectral_rolloff_hz": 5788.735524756086,
    "dominant_band": "Sub",
    "low_end_total_percent": 31.66359149226559,
    "mid_total_percent": 43.35462414441273,
    "top_total_percent": 24.981784361325005
  },
  "fingerprint": {
    "mfcc_1": -211.28273010253906,
    "mfcc_2": 138.8367156982422,
    "mfcc_3": -6.705571174621582,
    "mfcc_4": 40.10586166381836,
    "mfcc_5": -5.617120742797852,
    "mfcc_6": 29.95355987548828,
    "mfcc_7": -7.953296661376953,
    "mfcc_8": 14.674124717712402,
    "mfcc_9": 2.800677537918091,
    "mfcc_10": -3.7388949394226074,
    "mfcc_11": -9.18704605102539,
    "mfcc_12": 9.201423645019531,
    "mfcc_13": -4.959587097167969,
    "chroma_1": 0.2652159333229065,
    "chroma_2": 0.5384060144424438,
    "chroma_3": 0.24574242532253265,
    "chroma_4": 0.23614130914211273,
    "chroma_5": 0.1435026377439499,
    "chroma_6": 0.18285879492759705,
    "chroma_7": 0.2616143524646759,
    "chroma_8": 0.2904725670814514,
    "chroma_9": 0.7047021389007568,
    "chroma_10": 0.2565520107746124,
    "chroma_11": 0.2228657752275467,
    "chroma_12": 0.17134417593479156,
    "spectral_contrast": 19.95850751080451,
    "spectral_flatness": 0.0007058840128593147,
    "zero_crossing_rate": 0.035112083409318866
  },
  "rhythm": {
    "onset_count": 719,
    "onset_density": 6.146542463005337,
    "drum_activity": "High",
    "estimated_bars": 78,
    "seconds_per_bar": 1.5075376884422111
  },
  "sections": [
    {
      "name": "Section 1",
      "start": 0.0,
      "end": 12.06030150753769,
      "avg_energy": 0.19018109142780304,
      "energy_label": "Medium"
    },
    {
      "name": "Section 2",
      "start": 12.06030150753769,
      "end": 24.12060301507538,
      "avg_energy": 0.17912520468235016,
      "energy_label": "Medium"
    },
    {
      "name": "Section 3",
      "start": 24.12060301507538,
      "end": 36.18090452261307,
      "avg_energy": 0.20107701420783997,
      "energy_label": "High"
    },
    {
      "name": "Section 4",
      "start": 36.18090452261307,
      "end": 48.24120603015076,
      "avg_energy": 0.15356093645095825,
      "energy_label": "Low"
    },
    {
      "name": "Section 5",
      "start": 48.24120603015076,
      "end": 60.301507537688444,
      "avg_energy": 0.1964535415172577,
      "energy_label": "High"
    },
    {
      "name": "Section 6",
      "start": 60.301507537688444,
      "end": 72.36180904522614,
      "avg_energy": 0.18420083820819855,
      "energy_label": "Medium"
    },
    {
      "name": "Section 7",
      "start": 72.36180904522614,
      "end": 84.42211055276383,
      "avg_energy": 0.20036403834819794,
      "energy_label": "High"
    },
    {
      "name": "Section 8",
      "start": 84.42211055276383,
      "end": 96.48241206030151,
      "avg_energy": 0.18056008219718933,
      "energy_label": "Medium"
    },
    {
      "name": "Section 9",
      "start": 96.48241206030151,
      "end": 108.5427135678392,
      "avg_energy": 0.1649923473596573,
      "energy_label": "Low"
    },
    {
      "name": "Section 10",
      "start": 108.5427135678392,
      "end": 116.97633333333333,
      "avg_energy": 0.08279359340667725,
      "energy_label": "Low"
    }
  ],
  "scores": {
    "mix": 94,
    "master": 94,
    "arrangement": 81,
    "release": 90,
    "energy": 5.019991244545365,
    "bass_strength": 6.332718298453118,
    "darkness": 4.736597628523451,
    "brightness": 5.263402371476549,
    "drum_bounce": 10,
    "vocal_space": 2.1134808114859505
  },
  "stem_balance": null,
  "top_problems": [
    "Mud range is elevated around 250-500 Hz.",
    "Drum movement is very active; the beat could become overcrowded."
  ],
  "suggested_fixes": [
    "Gently cut 250-500 Hz on melodies, pads, or the master if the mix feels cloudy.",
    "Mute extra percussion in some sections so the hook/drop feels bigger."
  ],
  "artist_notes": [
    "Autotune/key starting point: G# Major. Confidence: 46.3%.",
    "Beat energy: 5.0/10. Darkness: 4.7/10.",
    "Vocal space estimate: 2.1/10. Higher means easier space for vocals."
  ],
  "producer_notes": [
    "Low-end presence looks usable for the selected style.",
    "Selected style preset: rage_trap.",
    "Dominant frequency area: Sub.",
    "Drum activity is high at 6.15 hits/sec.",
    "Estimated length: 78 bars at 159 BPM."
  ],
  "master_notes": [
    "No obvious clipping problem detected.",
    "Loudness is in a usable range for the selected style.",
    "Peak: -0.51 dB. RMS: -14.96 dB. Dynamic range: 14.45 dB."
  ],
  "next_steps": [
    "Gently cut 250-500 Hz on melodies, pads, or the master if the mix feels cloudy.",
    "Mute extra percussion in some sections so the hook/drop feels bigger.",
    "This is close. Only make small changes unless you hear a clear problem."
  ]
}