{
  "basic": {
    "file_name": "Duwap Kaine - Puttin' Dat Shit On.wav",
    "file_path": "/Volumes/POLLY/tracks/Duwap Kaine/Duwap Kaine - Puttin' Dat Shit On.wav",
    "sample_rate": 48000,
    "duration_seconds": 96.93602083333333,
    "bpm": 140.0,
    "key": "E Minor",
    "key_note": "E",
    "key_mode": "Minor",
    "key_confidence": 43.31652845409511
  },
  "loudness": {
    "peak_db": -0.14506384477460965,
    "rms_db": -10.080756198858172,
    "dynamic_range_db": 9.935692354083562,
    "clipping_detected": true,
    "clipping_samples": 1,
    "clipping_percent": 2.1491838796594575e-05,
    "headroom_db": 0.14506384477460965
  },
  "frequency": {
    "band_percentages": {
      "Sub": 17.171705975322375,
      "Bass / 808": 15.13583738275281,
      "Mud": 14.20595636919579,
      "Low Mids": 14.30872653522686,
      "Mids / Melody": 13.503897543252538,
      "Harsh Zone": 12.868688793365845,
      "Highs": 13.646505567432499,
      "Air": 12.027370624925753,
      "Vocal Range": 14.905157136358055
    },
    "brightness_centroid_hz": 2437.958424355192,
    "brightness_label": "Medium",
    "spectral_rolloff_hz": 5161.897901078345,
    "dominant_band": "Sub",
    "low_end_total_percent": 32.307543358075186,
    "mid_total_percent": 42.01858044767519,
    "top_total_percent": 25.67387619235825
  },
  "fingerprint": {
    "mfcc_1": -216.46299743652344,
    "mfcc_2": -7.933923244476318,
    "mfcc_3": 21.043832778930664,
    "mfcc_4": 1.639608383178711,
    "mfcc_5": -11.082473754882812,
    "mfcc_6": 0.29230305552482605,
    "mfcc_7": -1.9216574430465698,
    "mfcc_8": 0.470397412776947,
    "mfcc_9": -8.033148765563965,
    "mfcc_10": 4.785619258880615,
    "mfcc_11": -2.7499942779541016,
    "mfcc_12": 3.94132661819458,
    "mfcc_13": -1.600461721420288,
    "chroma_1": 0.15380528569221497,
    "chroma_2": 0.1754104048013687,
    "chroma_3": 0.25285404920578003,
    "chroma_4": 0.20488354563713074,
    "chroma_5": 0.3773822784423828,
    "chroma_6": 0.5061978101730347,
    "chroma_7": 0.6553539633750916,
    "chroma_8": 0.5542561411857605,
    "chroma_9": 0.22139160335063934,
    "chroma_10": 0.25424739718437195,
    "chroma_11": 0.14949029684066772,
    "chroma_12": 0.2890239655971527,
    "spectral_contrast": 24.074435791460694,
    "spectral_flatness": 0.017242489382624626,
    "zero_crossing_rate": 0.06316464726796407,
    "embed_mfcc_1_mean": -216.46299743652344,
    "embed_mfcc_1_std": 91.14644622802734,
    "embed_mfcc_2_mean": -7.933923244476318,
    "embed_mfcc_2_std": 49.82343673706055,
    "embed_mfcc_3_mean": 21.043832778930664,
    "embed_mfcc_3_std": 39.85282516479492,
    "embed_mfcc_4_mean": 1.639608383178711,
    "embed_mfcc_4_std": 19.01007843017578,
    "embed_mfcc_5_mean": -11.082473754882812,
    "embed_mfcc_5_std": 17.155960083007812,
    "embed_mfcc_6_mean": 0.29230305552482605,
    "embed_mfcc_6_std": 17.01699447631836,
    "embed_mfcc_7_mean": -1.9216574430465698,
    "embed_mfcc_7_std": 15.969294548034668,
    "embed_mfcc_8_mean": 0.470397412776947,
    "embed_mfcc_8_std": 13.294865608215332,
    "embed_mfcc_9_mean": -8.033148765563965,
    "embed_mfcc_9_std": 13.83382511138916,
    "embed_mfcc_10_mean": 4.785619258880615,
    "embed_mfcc_10_std": 13.666818618774414,
    "embed_mfcc_11_mean": -2.7499942779541016,
    "embed_mfcc_11_std": 13.118815422058105,
    "embed_mfcc_12_mean": 3.94132661819458,
    "embed_mfcc_12_std": 12.77022647857666,
    "embed_mfcc_13_mean": -1.600461721420288,
    "embed_mfcc_13_std": 9.688681602478027,
    "embed_mfcc_14_mean": 1.5083913803100586,
    "embed_mfcc_14_std": 10.973444938659668,
    "embed_mfcc_15_mean": -2.6259288787841797,
    "embed_mfcc_15_std": 10.539464950561523,
    "embed_mfcc_16_mean": 1.8356406688690186,
    "embed_mfcc_16_std": 10.227781295776367,
    "embed_mfcc_17_mean": -4.998262405395508,
    "embed_mfcc_17_std": 8.047751426696777,
    "embed_mfcc_18_mean": 1.4122462272644043,
    "embed_mfcc_18_std": 8.817313194274902,
    "embed_mfcc_19_mean": -3.6965153217315674,
    "embed_mfcc_19_std": 9.000885009765625,
    "embed_mfcc_20_mean": -1.2028757333755493,
    "embed_mfcc_20_std": 8.027246475219727,
    "embed_chroma_1_mean": 0.15380528569221497,
    "embed_chroma_1_std": 0.14117547869682312,
    "embed_chroma_2_mean": 0.1754104048013687,
    "embed_chroma_2_std": 0.1625193953514099,
    "embed_chroma_3_mean": 0.25285404920578003,
    "embed_chroma_3_std": 0.21868249773979187,
    "embed_chroma_4_mean": 0.20488354563713074,
    "embed_chroma_4_std": 0.14490966498851776,
    "embed_chroma_5_mean": 0.3773822784423828,
    "embed_chroma_5_std": 0.2894749939441681,
    "embed_chroma_6_mean": 0.5061978101730347,
    "embed_chroma_6_std": 0.31675800681114197,
    "embed_chroma_7_mean": 0.6553539633750916,
    "embed_chroma_7_std": 0.34395650029182434,
    "embed_chroma_8_mean": 0.5542561411857605,
    "embed_chroma_8_std": 0.3116562068462372,
    "embed_chroma_9_mean": 0.22139160335063934,
    "embed_chroma_9_std": 0.16175250709056854,
    "embed_chroma_10_mean": 0.25424739718437195,
    "embed_chroma_10_std": 0.22411608695983887,
    "embed_chroma_11_mean": 0.14949029684066772,
    "embed_chroma_11_std": 0.10264736413955688,
    "embed_chroma_12_mean": 0.2890239655971527,
    "embed_chroma_12_std": 0.25049471855163574,
    "embed_contrast_1_mean": 22.035343170166016,
    "embed_contrast_1_std": 5.265810966491699,
    "embed_contrast_2_mean": 19.256179809570312,
    "embed_contrast_2_std": 4.948027610778809,
    "embed_contrast_3_mean": 20.570348739624023,
    "embed_contrast_3_std": 4.45150899887085,
    "embed_contrast_4_mean": 19.562484741210938,
    "embed_contrast_4_std": 4.066690921783447,
    "embed_contrast_5_mean": 18.121755599975586,
    "embed_contrast_5_std": 3.4387519359588623,
    "embed_contrast_6_mean": 19.716106414794922,
    "embed_contrast_6_std": 4.6302032470703125,
    "embed_contrast_7_mean": 49.25883102416992,
    "embed_contrast_7_std": 3.875051498413086,
    "embed_chroma_entropy": 2.3631999492645264,
    "embed_centroid_mean": 2389.86589205929,
    "embed_centroid_std": 1421.4792770556885,
    "embed_rolloff_mean": 5226.956832428892,
    "embed_rolloff_std": 2868.975489057047,
    "embed_flatness_mean": 0.017242489382624626,
    "embed_flatness_std": 0.0334894061088562,
    "embed_zcr_mean": 0.06316464726796407,
    "embed_zcr_std": 0.06206115490372617,
    "embed_rms_mean": 0.2619583308696747,
    "embed_rms_std": 0.17746399343013763,
    "embed_onset_mean": 1.801695466041565,
    "embed_onset_std": 1.882830262184143,
    "fingerprint_version": 2.0,
    "fingerprint_duration_seconds": 96.9360544217687,
    "embed_mfcc_delta_mean": -0.0003862278535962105,
    "embed_mfcc_delta_std": 3.9427671432495117,
    "embed_chroma_delta_mean": -5.733183570555411e-05,
    "embed_chroma_delta_std": 0.024645192548632622,
    "embed_onset_peak": 14.530701637268066,
    "embed_onset_p95": 5.714457035064697,
    "embed_rms_p10": 0.08181695640087128,
    "embed_rms_p50": 0.17158807814121246,
    "embed_rms_p90": 0.513741672039032,
    "embedding_nonzero_count": 100.0
  },
  "rhythm": {
    "onset_count": 599,
    "onset_density": 6.179333490796872,
    "drum_activity": "High",
    "estimated_bars": 57,
    "seconds_per_bar": 1.7142857142857142
  },
  "sections": [
    {
      "name": "Intro",
      "start": 0.0,
      "end": 16.0,
      "avg_energy": 0.0936799943447113,
      "energy_label": "Low"
    },
    {
      "name": "Chorus / Hook",
      "start": 16.0,
      "end": 32.0,
      "avg_energy": 0.3749005198478699,
      "energy_label": "High"
    },
    {
      "name": "Verse",
      "start": 32.0,
      "end": 48.0,
      "avg_energy": 0.34308427572250366,
      "energy_label": "High"
    },
    {
      "name": "Chorus / Hook",
      "start": 48.0,
      "end": 64.0,
      "avg_energy": 0.36472874879837036,
      "energy_label": "High"
    },
    {
      "name": "Verse",
      "start": 64.0,
      "end": 80.0,
      "avg_energy": 0.34655410051345825,