{
  "basic": {
    "file_name": "Duwap Kaine - Hoe Money.wav",
    "file_path": "/Volumes/POLLY/tracks/Duwap Kaine/Duwap Kaine - Hoe Money.wav",
    "sample_rate": 48000,
    "duration_seconds": 144.93895833333335,
    "bpm": 140.0,
    "key": "F Minor",
    "key_note": "F",
    "key_mode": "Minor",
    "key_confidence": 44.18636000482354
  },
  "loudness": {
    "peak_db": 0.0,
    "rms_db": -11.106848645202557,
    "dynamic_range_db": 11.106848645202557,
    "clipping_detected": true,
    "clipping_samples": 58,
    "clipping_percent": 0.00083368429525648,
    "headroom_db": 0.0
  },
  "frequency": {
    "band_percentages": {
      "Sub": 15.99949135605856,
      "Bass / 808": 15.907711467167434,
      "Mud": 15.540105112831014,
      "Low Mids": 15.285947299530864,
      "Mids / Melody": 14.18498121249214,
      "Harsh Zone": 13.030314590676287,
      "Highs": 12.268161321294281,
      "Air": 10.813602228796158,
      "Vocal Range": 15.982338242342568
    },
    "brightness_centroid_hz": 1622.6455901907518,
    "brightness_label": "Low",
    "spectral_rolloff_hz": 3198.248583413055,
    "dominant_band": "Sub",
    "low_end_total_percent": 31.907202823225994,
    "mid_total_percent": 45.01103362485402,
    "top_total_percent": 23.08176355009044
  },
  "fingerprint": {
    "mfcc_1": -163.0888214111328,
    "mfcc_2": 33.10329818725586,
    "mfcc_3": 12.620355606079102,
    "mfcc_4": 6.065293312072754,
    "mfcc_5": -0.16595648229122162,
    "mfcc_6": -0.04975531995296478,
    "mfcc_7": 5.226861000061035,
    "mfcc_8": 3.138395309448242,
    "mfcc_9": -9.790106773376465,
    "mfcc_10": 17.10072135925293,
    "mfcc_11": -3.81611967086792,
    "mfcc_12": 1.532475471496582,
    "mfcc_13": -0.2785953879356384,
    "chroma_1": 0.26940274238586426,
    "chroma_2": 0.15430402755737305,
    "chroma_3": 0.20892289280891418,
    "chroma_4": 0.48169898986816406,
    "chroma_5": 0.23407487571239471,
    "chroma_6": 0.6555919647216797,
    "chroma_7": 0.2979152798652649,
    "chroma_8": 0.4475901126861572,
    "chroma_9": 0.4207615256309509,
    "chroma_10": 0.21853342652320862,
    "chroma_11": 0.29145780205726624,
    "chroma_12": 0.1599743515253067,
    "spectral_contrast": 25.518090553733323,
    "spectral_flatness": 0.0022386012133210897,
    "zero_crossing_rate": 0.04551984946425116,
    "embed_mfcc_1_mean": -163.0888214111328,
    "embed_mfcc_1_std": 39.69102478027344,
    "embed_mfcc_2_mean": 33.10329818725586,
    "embed_mfcc_2_std": 26.370668411254883,
    "embed_mfcc_3_mean": 12.620355606079102,
    "embed_mfcc_3_std": 20.018049240112305,
    "embed_mfcc_4_mean": 6.065293312072754,
    "embed_mfcc_4_std": 14.974092483520508,
    "embed_mfcc_5_mean": -0.16595648229122162,
    "embed_mfcc_5_std": 11.24434757232666,
    "embed_mfcc_6_mean": -0.04975531995296478,
    "embed_mfcc_6_std": 10.279770851135254,
    "embed_mfcc_7_mean": 5.226861000061035,
    "embed_mfcc_7_std": 11.04261302947998,
    "embed_mfcc_8_mean": 3.138395309448242,
    "embed_mfcc_8_std": 10.730628967285156,
    "embed_mfcc_9_mean": -9.790106773376465,
    "embed_mfcc_9_std": 10.150967597961426,
    "embed_mfcc_10_mean": 17.10072135925293,
    "embed_mfcc_10_std": 9.486713409423828,
    "embed_mfcc_11_mean": -3.81611967086792,
    "embed_mfcc_11_std": 9.978271484375,
    "embed_mfcc_12_mean": 1.532475471496582,
    "embed_mfcc_12_std": 9.442721366882324,
    "embed_mfcc_13_mean": -0.2785953879356384,
    "embed_mfcc_13_std": 9.576116561889648,
    "embed_mfcc_14_mean": -4.549777984619141,
    "embed_mfcc_14_std": 7.879448413848877,
    "embed_mfcc_15_mean": 3.7670414447784424,
    "embed_mfcc_15_std": 7.659101486206055,
    "embed_mfcc_16_mean": 9.449090957641602,
    "embed_mfcc_16_std": 8.093618392944336,
    "embed_mfcc_17_mean": -4.999946594238281,
    "embed_mfcc_17_std": 8.210990905761719,
    "embed_mfcc_18_mean": 4.191893100738525,
    "embed_mfcc_18_std": 8.594625473022461,
    "embed_mfcc_19_mean": 7.461400985717773,
    "embed_mfcc_19_std": 9.153022766113281,
    "embed_mfcc_20_mean": -1.3603650331497192,
    "embed_mfcc_20_std": 10.454019546508789,
    "embed_chroma_1_mean": 0.26940274238586426,
    "embed_chroma_1_std": 0.16172273457050323,
    "embed_chroma_2_mean": 0.15430402755737305,
    "embed_chroma_2_std": 0.088780477643013,
    "embed_chroma_3_mean": 0.20892289280891418,
    "embed_chroma_3_std": 0.10868529975414276,
    "embed_chroma_4_mean": 0.48169898986816406,
    "embed_chroma_4_std": 0.35353365540504456,
    "embed_chroma_5_mean": 0.23407487571239471,
    "embed_chroma_5_std": 0.1281268447637558,
    "embed_chroma_6_mean": 0.6555919647216797,
    "embed_chroma_6_std": 0.3438141644001007,
    "embed_chroma_7_mean": 0.2979152798652649,
    "embed_chroma_7_std": 0.19274300336837769,
    "embed_chroma_8_mean": 0.4475901126861572,
    "embed_chroma_8_std": 0.3146398067474365,
    "embed_chroma_9_mean": 0.4207615256309509,
    "embed_chroma_9_std": 0.3173092007637024,
    "embed_chroma_10_mean": 0.21853342652320862,
    "embed_chroma_10_std": 0.1506471186876297,
    "embed_chroma_11_mean": 0.29145780205726624,
    "embed_chroma_11_std": 0.22525231540203094,
    "embed_chroma_12_mean": 0.1599743515253067,
    "embed_chroma_12_std": 0.13952529430389404,
    "embed_contrast_1_mean": 19.423166275024414,
    "embed_contrast_1_std": 5.360597133636475,
    "embed_contrast_2_mean": 16.9444637298584,
    "embed_contrast_2_std": 4.142300605773926,
    "embed_contrast_3_mean": 21.859018325805664,
    "embed_contrast_3_std": 4.599025249481201,
    "embed_contrast_4_mean": 22.826766967773438,
    "embed_contrast_4_std": 4.543809413909912,
    "embed_contrast_5_mean": 23.57478904724121,
    "embed_contrast_5_std": 3.724720001220703,
    "embed_contrast_6_mean": 24.10953140258789,
    "embed_contrast_6_std": 3.6987521648406982,
    "embed_contrast_7_mean": 49.88889694213867,
    "embed_contrast_7_std": 3.234398365020752,
    "embed_chroma_entropy": 2.388977527618408,
    "embed_centroid_mean": 1355.07564767504,
    "embed_centroid_std": 481.9520261913934,
    "embed_rolloff_mean": 2939.2322268648413,
    "embed_rolloff_std": 1693.395467138006,
    "embed_flatness_mean": 0.0022386012133210897,
    "embed_flatness_std": 0.004419596400111914,
    "embed_zcr_mean": 0.04551984946425116,
    "embed_zcr_std": 0.013787042543088117,
    "embed_rms_mean": 0.28356170654296875,
    "embed_rms_std": 0.021534254774451256,
    "embed_onset_mean": 1.5467544794082642,
    "embed_onset_std": 1.2034257650375366,
    "fingerprint_version": 2.0,
    "fingerprint_duration_seconds": 144.9390022675737,
    "embed_mfcc_delta_mean": -0.0006131026311777532,
    "embed_mfcc_delta_std": 2.845200300216675,
    "embed_chroma_delta_mean": 4.0231290768133476e-05,
    "embed_chroma_delta_std": 0.027000470086932182,
    "embed_onset_peak": 10.150076866149902,
    "embed_onset_p95": 3.8661298751831055,
    "embed_rms_p10": 0.2565752863883972,
    "embed_rms_p50": 0.2831648588180542,
    "embed_rms_p90": 0.3109070360660553,
    "embedding_nonzero_count": 100.0
  },
  "rhythm": {
    "onset_count": 546,
    "onset_density": 3.7671031051865222,
    "drum_activity": "High",
    "estimated_bars": 85,
    "seconds_per_bar": 1.7142857142857142
  },
  "sections": [
    {
      "name": "Intro",
      "start": 0.0,
      "end": 16.0,
      "avg_energy": 0.291305273771286,
      "energy_label": "Medium"
    },
    {
      "name": "Chorus / Hook",
      "start": 16.0,
      "end": 32.0,
      "avg_energy": 0.30720165371894836,
      "energy_label": "High"
    },
    {
      "name": "Verse",
      "start": 32.0,
      "end": 48.0,
      "avg_energy": 0.3027351498603821,
      "energy_label": "Medium"
    },
    {
      "name": "Chorus / Hook",
      "start": 48.0,
      "end": 64.0,
      "avg_energy": 0.3027852177619934,
      "energy_label": "Medium"
    },
    {
      "name": "Verse",
      "start": 64.0,
      "end": 80.0,
      "avg_energy": 0.3038167357444763,