{
  "basic": {
    "file_name": "Duwap Kaine - Paranoid.wav",
    "file_path": "/Volumes/POLLY/tracks/Duwap Kaine/Duwap Kaine - Paranoid.wav",
    "sample_rate": 48000,
    "duration_seconds": 138.03102083333334,
    "bpm": 140.0,
    "key": "C Minor",
    "key_note": "C",
    "key_mode": "Minor",
    "key_confidence": 43.29241853580673
  },
  "loudness": {
    "peak_db": 0.0006864687524608589,
    "rms_db": -7.8157224586305905,
    "dynamic_range_db": 7.816408927383051,
    "clipping_detected": true,
    "clipping_samples": 30199,
    "clipping_percent": 0.45580031904060214,
    "headroom_db": -0.0006864687524608589
  },
  "frequency": {
    "band_percentages": {
      "Sub": 16.81537105576617,
      "Bass / 808": 14.565309092108672,
      "Mud": 14.555797753626114,
      "Low Mids": 14.104000691013773,
      "Mids / Melody": 14.229622478856053,
      "Harsh Zone": 13.810432083316385,
      "Highs": 13.464031002413657,
      "Air": 12.265867924436197,
      "Vocal Range": 15.087770902760239
    },
    "brightness_centroid_hz": 3351.508661048196,
    "brightness_label": "Medium",
    "spectral_rolloff_hz": 6274.974523800324,
    "dominant_band": "Sub",
    "low_end_total_percent": 31.38068014787484,
    "mid_total_percent": 42.88942092349594,
    "top_total_percent": 25.729898926849856
  },
  "fingerprint": {
    "mfcc_1": -120.43781280517578,
    "mfcc_2": -14.566075325012207,
    "mfcc_3": -13.903162956237793,
    "mfcc_4": 11.539440155029297,
    "mfcc_5": 4.656430721282959,
    "mfcc_6": -5.750857830047607,
    "mfcc_7": -0.9220099449157715,
    "mfcc_8": -3.4326980113983154,
    "mfcc_9": -13.355112075805664,
    "mfcc_10": 8.678165435791016,
    "mfcc_11": -6.727663993835449,
    "mfcc_12": 10.98496150970459,
    "mfcc_13": 5.9650044441223145,
    "chroma_1": 0.5058525800704956,
    "chroma_2": 0.5645211338996887,
    "chroma_3": 0.7764235734939575,
    "chroma_4": 0.6076228618621826,
    "chroma_5": 0.3185277581214905,
    "chroma_6": 0.22604407370090485,
    "chroma_7": 0.2154926061630249,
    "chroma_8": 0.21185703575611115,
    "chroma_9": 0.17930549383163452,
    "chroma_10": 0.19965742528438568,
    "chroma_11": 0.1667318046092987,
    "chroma_12": 0.1805313676595688,
    "spectral_contrast": 22.51460656736521,
    "spectral_flatness": 0.013545266352593899,
    "zero_crossing_rate": 0.05707637444369195,
    "embed_mfcc_1_mean": -120.43781280517578,
    "embed_mfcc_1_std": 36.34175491333008,
    "embed_mfcc_2_mean": -14.566075325012207,
    "embed_mfcc_2_std": 30.505373001098633,
    "embed_mfcc_3_mean": -13.903162956237793,
    "embed_mfcc_3_std": 23.112943649291992,
    "embed_mfcc_4_mean": 11.539440155029297,
    "embed_mfcc_4_std": 14.958510398864746,
    "embed_mfcc_5_mean": 4.656430721282959,
    "embed_mfcc_5_std": 12.833800315856934,
    "embed_mfcc_6_mean": -5.750857830047607,
    "embed_mfcc_6_std": 12.60075569152832,
    "embed_mfcc_7_mean": -0.9220099449157715,
    "embed_mfcc_7_std": 11.515167236328125,
    "embed_mfcc_8_mean": -3.4326980113983154,
    "embed_mfcc_8_std": 12.441214561462402,
    "embed_mfcc_9_mean": -13.355112075805664,
    "embed_mfcc_9_std": 11.038626670837402,
    "embed_mfcc_10_mean": 8.678165435791016,
    "embed_mfcc_10_std": 10.728803634643555,
    "embed_mfcc_11_mean": -6.727663993835449,
    "embed_mfcc_11_std": 10.597550392150879,
    "embed_mfcc_12_mean": 10.98496150970459,
    "embed_mfcc_12_std": 8.27432632446289,
    "embed_mfcc_13_mean": 5.9650044441223145,
    "embed_mfcc_13_std": 9.126382827758789,
    "embed_mfcc_14_mean": 0.6457729935646057,
    "embed_mfcc_14_std": 9.385774612426758,
    "embed_mfcc_15_mean": 10.442627906799316,
    "embed_mfcc_15_std": 8.177258491516113,
    "embed_mfcc_16_mean": 6.847774028778076,
    "embed_mfcc_16_std": 7.960235595703125,
    "embed_mfcc_17_mean": -4.649826526641846,
    "embed_mfcc_17_std": 7.377176284790039,
    "embed_mfcc_18_mean": 7.3833088874816895,
    "embed_mfcc_18_std": 7.360568523406982,
    "embed_mfcc_19_mean": 7.283227443695068,
    "embed_mfcc_19_std": 6.504565238952637,
    "embed_mfcc_20_mean": 3.8858139514923096,
    "embed_mfcc_20_std": 6.412787914276123,
    "embed_chroma_1_mean": 0.5058525800704956,
    "embed_chroma_1_std": 0.371112585067749,
    "embed_chroma_2_mean": 0.5645211338996887,
    "embed_chroma_2_std": 0.2767094075679779,
    "embed_chroma_3_mean": 0.7764235734939575,
    "embed_chroma_3_std": 0.28697124123573303,
    "embed_chroma_4_mean": 0.6076228618621826,
    "embed_chroma_4_std": 0.29260051250457764,
    "embed_chroma_5_mean": 0.3185277581214905,
    "embed_chroma_5_std": 0.11653640866279602,
    "embed_chroma_6_mean": 0.22604407370090485,
    "embed_chroma_6_std": 0.0922236442565918,
    "embed_chroma_7_mean": 0.2154926061630249,
    "embed_chroma_7_std": 0.07928694039583206,
    "embed_chroma_8_mean": 0.21185703575611115,
    "embed_chroma_8_std": 0.08294261991977692,
    "embed_chroma_9_mean": 0.17930549383163452,
    "embed_chroma_9_std": 0.07233037054538727,
    "embed_chroma_10_mean": 0.19965742528438568,
    "embed_chroma_10_std": 0.07318038493394852,
    "embed_chroma_11_mean": 0.1667318046092987,
    "embed_chroma_11_std": 0.06950177252292633,
    "embed_chroma_12_mean": 0.1805313676595688,
    "embed_chroma_12_std": 0.08570890128612518,
    "embed_contrast_1_mean": 20.95325469970703,
    "embed_contrast_1_std": 5.255473613739014,
    "embed_contrast_2_mean": 14.686342239379883,
    "embed_contrast_2_std": 3.91574764251709,
    "embed_contrast_3_mean": 18.723220825195312,
    "embed_contrast_3_std": 4.002865314483643,
    "embed_contrast_4_mean": 16.704833984375,
    "embed_contrast_4_std": 3.1564106941223145,
    "embed_contrast_5_mean": 17.618743896484375,
    "embed_contrast_5_std": 2.8042023181915283,
    "embed_contrast_6_mean": 20.16914939880371,
    "embed_contrast_6_std": 3.571129560470581,
    "embed_contrast_7_mean": 48.746700286865234,
    "embed_contrast_7_std": 3.341214418411255,
    "embed_chroma_entropy": 2.3302366733551025,
    "embed_centroid_mean": 2342.6360477526773,
    "embed_centroid_std": 918.0886633013022,
    "embed_rolloff_mean": 5193.745677463779,
    "embed_rolloff_std": 1978.0019128161364,
    "embed_flatness_mean": 0.013545266352593899,
    "embed_flatness_std": 0.024132048711180687,
    "embed_zcr_mean": 0.05707637444369195,
    "embed_zcr_std": 0.04945284370516293,
    "embed_rms_mean": 0.3485625684261322,
    "embed_rms_std": 0.09752779453992844,
    "embed_onset_mean": 1.5544986724853516,
    "embed_onset_std": 1.1415343284606934,
    "fingerprint_version": 2.0,
    "fingerprint_duration_seconds": 138.0310657596372,
    "embed_mfcc_delta_mean": 0.0030258260667324066,
    "embed_mfcc_delta_std": 2.6249704360961914,
    "embed_chroma_delta_mean": -3.6934317904524505e-05,
    "embed_chroma_delta_std": 0.01617559790611267,
    "embed_onset_peak": 10.98324203491211,
    "embed_onset_p95": 3.8043041229248047,
    "embed_rms_p10": 0.16335096955299377,
    "embed_rms_p50": 0.39597487449645996,
    "embed_rms_p90": 0.4278692603111267,
    "embedding_nonzero_count": 100.0
  },
  "rhythm": {
    "onset_count": 684,
    "onset_density": 4.955407819709609,
    "drum_activity": "High",
    "estimated_bars": 81,
    "seconds_per_bar": 1.7142857142857142
  },
  "sections": [
    {
      "name": "Intro",
      "start": 0.0,
      "end": 16.0,
      "avg_energy": 0.2098468840122223,
      "energy_label": "Low"
    },
    {
      "name": "Chorus / Hook",
      "start": 16.0,
      "end": 32.0,
      "avg_energy": 0.4647839665412903,
      "energy_label": "Medium"
    },
    {
      "name": "Verse",
      "start": 32.0,
      "end": 48.0,
      "avg_energy": 0.453125923871994,
      "energy_label": "Medium"
    },
    {
      "name": "Chorus / Hook",
      "start": 48.0,
      "end": 64.0,
      "avg_energy": 0.45280373096466064,
      "energy_label": "Medium"
    },
    {
      "name": "Verse",
      "start": 64.0,
      "end": 80.0,
      "avg_energy": 0.4624592661857605,