{
  "basic": {
    "file_name": "BoofPaxkMooky - Annoyed.wav",
    "file_path": "/Volumes/POLLY/tracks/BoofPaxkMooky/BoofPaxkMooky - Annoyed.wav",
    "sample_rate": 48000,
    "duration_seconds": 204.96,
    "bpm": 140.0,
    "key": "C Minor",
    "key_note": "C",
    "key_mode": "Minor",
    "key_confidence": 44.08004215859555
  },
  "loudness": {
    "peak_db": -2.4451715208135862,
    "rms_db": -16.092163359293146,
    "dynamic_range_db": 13.64699183847956,
    "clipping_detected": false,
    "clipping_samples": 0,
    "clipping_percent": 0.0,
    "headroom_db": 2.4451715208135862
  },
  "frequency": {
    "band_percentages": {
      "Sub": 17.430018002941207,
      "Bass / 808": 15.017481308506882,
      "Mud": 15.567956060861043,
      "Low Mids": 14.622740397601369,
      "Mids / Melody": 13.900727586428516,
      "Harsh Zone": 12.545199711109008,
      "Highs": 12.572027682543252,
      "Air": 10.889048959132124,
      "Vocal Range": 15.827831855159355
    },
    "brightness_centroid_hz": 2025.6109727219368,
    "brightness_label": "Medium",
    "spectral_rolloff_hz": 4152.374648730225,
    "dominant_band": "Sub",
    "low_end_total_percent": 32.44749931144809,
    "mid_total_percent": 44.09142404489093,
    "top_total_percent": 23.461076641675376
  },
  "fingerprint": {
    "mfcc_1": -242.31089782714844,
    "mfcc_2": 26.307777404785156,
    "mfcc_3": 4.363916873931885,
    "mfcc_4": -2.330929756164551,
    "mfcc_5": -5.651787757873535,
    "mfcc_6": 1.2435932159423828,
    "mfcc_7": -12.69257640838623,
    "mfcc_8": -0.6072930693626404,
    "mfcc_9": -18.696243286132812,
    "mfcc_10": -0.9830987453460693,
    "mfcc_11": -3.1562986373901367,
    "mfcc_12": -7.7698822021484375,
    "mfcc_13": 3.7418246269226074,
    "chroma_1": 0.45750322937965393,
    "chroma_2": 0.4732433557510376,
    "chroma_3": 0.5155206918716431,
    "chroma_4": 0.4372560381889343,
    "chroma_5": 0.2936456501483917,
    "chroma_6": 0.3107602000236511,
    "chroma_7": 0.2855602204799652,
    "chroma_8": 0.4651423692703247,
    "chroma_9": 0.40474557876586914,
    "chroma_10": 0.3006282150745392,
    "chroma_11": 0.29552987217903137,
    "chroma_12": 0.2147333174943924,
    "spectral_contrast": 23.23991665550187,
    "spectral_flatness": 0.00641093822196126,
    "zero_crossing_rate": 0.040516950766737614,
    "embed_mfcc_1_mean": -242.31089782714844,
    "embed_mfcc_1_std": 62.39797592163086,
    "embed_mfcc_2_mean": 26.307777404785156,
    "embed_mfcc_2_std": 39.289920806884766,
    "embed_mfcc_3_mean": 4.363916873931885,
    "embed_mfcc_3_std": 28.246824264526367,
    "embed_mfcc_4_mean": -2.330929756164551,
    "embed_mfcc_4_std": 18.500797271728516,
    "embed_mfcc_5_mean": -5.651787757873535,
    "embed_mfcc_5_std": 17.290546417236328,
    "embed_mfcc_6_mean": 1.2435932159423828,
    "embed_mfcc_6_std": 12.53773307800293,
    "embed_mfcc_7_mean": -12.69257640838623,
    "embed_mfcc_7_std": 12.913837432861328,
    "embed_mfcc_8_mean": -0.6072930693626404,
    "embed_mfcc_8_std": 14.017020225524902,
    "embed_mfcc_9_mean": -18.696243286132812,
    "embed_mfcc_9_std": 13.937055587768555,
    "embed_mfcc_10_mean": -0.9830987453460693,
    "embed_mfcc_10_std": 11.719508171081543,
    "embed_mfcc_11_mean": -3.1562986373901367,
    "embed_mfcc_11_std": 11.98919677734375,
    "embed_mfcc_12_mean": -7.7698822021484375,
    "embed_mfcc_12_std": 12.552848815917969,
    "embed_mfcc_13_mean": 3.7418246269226074,
    "embed_mfcc_13_std": 12.442176818847656,
    "embed_mfcc_14_mean": 1.0244476795196533,
    "embed_mfcc_14_std": 11.121155738830566,
    "embed_mfcc_15_mean": -2.227323293685913,
    "embed_mfcc_15_std": 9.601749420166016,
    "embed_mfcc_16_mean": 7.306126594543457,
    "embed_mfcc_16_std": 10.192206382751465,
    "embed_mfcc_17_mean": -4.334972381591797,
    "embed_mfcc_17_std": 9.539527893066406,
    "embed_mfcc_18_mean": 1.9935213327407837,
    "embed_mfcc_18_std": 8.978464126586914,
    "embed_mfcc_19_mean": 1.6964308023452759,
    "embed_mfcc_19_std": 8.902240753173828,
    "embed_mfcc_20_mean": 0.841945230960846,
    "embed_mfcc_20_std": 8.45067310333252,
    "embed_chroma_1_mean": 0.45750322937965393,
    "embed_chroma_1_std": 0.3174774944782257,
    "embed_chroma_2_mean": 0.4732433557510376,
    "embed_chroma_2_std": 0.33564311265945435,
    "embed_chroma_3_mean": 0.5155206918716431,
    "embed_chroma_3_std": 0.3135107159614563,
    "embed_chroma_4_mean": 0.4372560381889343,
    "embed_chroma_4_std": 0.29853111505508423,
    "embed_chroma_5_mean": 0.2936456501483917,
    "embed_chroma_5_std": 0.21318499743938446,
    "embed_chroma_6_mean": 0.3107602000236511,
    "embed_chroma_6_std": 0.24316856265068054,
    "embed_chroma_7_mean": 0.2855602204799652,
    "embed_chroma_7_std": 0.20312529802322388,
    "embed_chroma_8_mean": 0.4651423692703247,
    "embed_chroma_8_std": 0.3320007920265198,
    "embed_chroma_9_mean": 0.40474557876586914,
    "embed_chroma_9_std": 0.2983314096927643,
    "embed_chroma_10_mean": 0.3006282150745392,
    "embed_chroma_10_std": 0.22476378083229065,
    "embed_chroma_11_mean": 0.29552987217903137,
    "embed_chroma_11_std": 0.24489328265190125,
    "embed_chroma_12_mean": 0.2147333174943924,
    "embed_chroma_12_std": 0.18133386969566345,
    "embed_contrast_1_mean": 23.240488052368164,
    "embed_contrast_1_std": 5.086436748504639,
    "embed_contrast_2_mean": 15.11687183380127,
    "embed_contrast_2_std": 4.024963855743408,
    "embed_contrast_3_mean": 19.571619033813477,
    "embed_contrast_3_std": 4.480799198150635,
    "embed_contrast_4_mean": 17.531068801879883,
    "embed_contrast_4_std": 3.4922029972076416,
    "embed_contrast_5_mean": 19.437137603759766,
    "embed_contrast_5_std": 3.0097646713256836,
    "embed_contrast_6_mean": 19.78849220275879,
    "embed_contrast_6_std": 3.5575459003448486,
    "embed_contrast_7_mean": 47.99374008178711,
    "embed_contrast_7_std": 3.357930898666382,
    "embed_chroma_entropy": 2.452500820159912,
    "embed_centroid_mean": 1548.723030605242,
    "embed_centroid_std": 819.6848103674716,
    "embed_rolloff_mean": 3538.8890174889343,
    "embed_rolloff_std": 2324.77914123756,
    "embed_flatness_mean": 0.00641093822196126,
    "embed_flatness_std": 0.018824532628059387,
    "embed_zcr_mean": 0.040516950766737614,
    "embed_zcr_std": 0.04246619400473076,
    "embed_rms_mean": 0.19789820909500122,
    "embed_rms_std": 0.09516844898462296,
    "embed_onset_mean": 1.7139794826507568,
    "embed_onset_std": 1.6641662120819092,
    "fingerprint_version": 2.0,
    "fingerprint_duration_seconds": 204.96,
    "embed_mfcc_delta_mean": 6.479153853433672e-06,
    "embed_mfcc_delta_std": 3.4249744415283203,
    "embed_chroma_delta_mean": -1.73440810158354e-06,
    "embed_chroma_delta_std": 0.02671799436211586,
    "embed_onset_peak": 18.983627319335938,
    "embed_onset_p95": 5.086935520172119,
    "embed_rms_p10": 0.05983724072575569,
    "embed_rms_p50": 0.24281790852546692,
    "embed_rms_p90": 0.2956574857234955,
    "embedding_nonzero_count": 100.0
  },
  "rhythm": {
    "onset_count": 1010,
    "onset_density": 4.927790788446526,
    "drum_activity": "High",
    "estimated_bars": 120,
    "seconds_per_bar": 1.7142857142857142
  },
  "sections": [
    {
      "name": "Intro",
      "start": 0.0,
      "end": 16.0,
      "avg_energy": 0.17275461554527283,
      "energy_label": "Medium"
    },
    {
      "name": "Chorus / Hook",
      "start": 16.0,
      "end": 32.0,
      "avg_energy": 0.17423276603221893,
      "energy_label": "Medium"
    },
    {
      "name": "Verse",
      "start": 32.0,
      "end": 48.0,
      "avg_energy": 0.17699553072452545,
      "energy_label": "Medium"
    },
    {
      "name": "Chorus / Hook",
      "start": 48.0,
      "end": 64.0,
      "avg_energy": 0.16141706705093384,
      "energy_label": "Medium"
    },
    {
      "name": "Verse",
      "start": 64.0,
      "end": 80.0,
      "avg_energy": 0.16973118484020233,