{
  "basic": {
    "file_name": "BoofPaxkMooky - Private.wav",
    "file_path": "/Users/jayden/SoundLens/tracks/BoofPaxkMooky/BoofPaxkMooky - Private.wav",
    "sample_rate": 48000,
    "duration_seconds": 182.1013125,
    "bpm": 117.19,
    "key": "D# Minor",
    "key_note": "D#",
    "key_mode": "Minor",
    "key_confidence": 47.94228619689938
  },
  "loudness": {
    "peak_db": -1.1078366161330293,
    "rms_db": -10.753805180240937,
    "dynamic_range_db": 9.645968564107907,
    "clipping_detected": false,
    "clipping_samples": 0,
    "clipping_percent": 0.0,
    "headroom_db": 1.1078366161330293
  },
  "frequency": {
    "band_percentages": {
      "Sub": 16.775887726160494,
      "Bass / 808": 15.10605662268423,
      "Mud": 14.6519684844931,
      "Low Mids": 14.38366238935479,
      "Mids / Melody": 13.76487817073391,
      "Harsh Zone": 12.831920114907206,
      "Highs": 12.300333993329163,
      "Air": 13.017212611430443,
      "Vocal Range": 15.102289017237489
    },
    "brightness_centroid_hz": 3160.979303251014,
    "brightness_label": "Medium",
    "spectral_rolloff_hz": 7703.607789802015,
    "dominant_band": "Sub",
    "low_end_total_percent": 31.881944348844726,
    "mid_total_percent": 42.8005090445818,
    "top_total_percent": 25.317546604759606
  },
  "fingerprint": {
    "mfcc_1": -157.8258819580078,
    "mfcc_2": 138.6759490966797,
    "mfcc_3": 28.6190242767334,
    "mfcc_4": 16.331972122192383,
    "mfcc_5": 0.2196081578731537,
    "mfcc_6": 22.95853042602539,
    "mfcc_7": -18.89151382446289,
    "mfcc_8": 19.576181411743164,
    "mfcc_9": -10.599342346191406,
    "mfcc_10": 13.233936309814453,
    "mfcc_11": -7.001697540283203,
    "mfcc_12": 8.80340576171875,
    "mfcc_13": -1.8706003427505493,
    "chroma_1": 0.2260439246892929,
    "chroma_2": 0.3849250078201294,
    "chroma_3": 0.4474954903125763,
    "chroma_4": 0.853577196598053,
    "chroma_5": 0.5931392312049866,
    "chroma_6": 0.3206225633621216,
    "chroma_7": 0.3340207040309906,
    "chroma_8": 0.20336343348026276,
    "chroma_9": 0.35952866077423096,
    "chroma_10": 0.21445342898368835,
    "chroma_11": 0.27957022190093994,
    "chroma_12": 0.2622632384300232,
    "spectral_contrast": 18.97392102089369,
    "spectral_flatness": 0.0008744477527216077,
    "zero_crossing_rate": 0.039731598615422914
  },
  "rhythm": {
    "onset_count": 1357,
    "onset_density": 7.451895768186734,
    "drum_activity": "High",
    "estimated_bars": 89,
    "seconds_per_bar": 2.047956310265381
  },
  "sections": [
    {
      "name": "Intro",
      "start": 0.0,
      "end": 16.38365048212305,
      "avg_energy": 0.2853252589702606,
      "energy_label": "Medium"
    },
    {
      "name": "Chorus / Hook",
      "start": 16.38365048212305,
      "end": 32.7673009642461,
      "avg_energy": 0.3188170790672302,
      "energy_label": "Medium"
    },
    {
      "name": "Verse",
      "start": 32.7673009642461,
      "end": 49.15095144636915,
      "avg_energy": 0.28472593426704407,
      "energy_label": "Medium"
    },
    {
      "name": "Chorus / Hook",
      "start": 49.15095144636915,
      "end": 65.5346019284922,
      "avg_energy": 0.32322442531585693,
      "energy_label": "Medium"
    },
    {
      "name": "Verse",
      "start": 65.5346019284922,
      "end": 81.91825241061524,
      "avg_energy": 0.2759583294391632,
      "energy_label": "Medium"
    },
    {
      "name": "Hook / Drop",
      "start": 81.91825241061524,
      "end": 98.30190289273828,
      "avg_energy": 0.32965031266212463,
      "energy_label": "High"
    },
    {
      "name": "Verse",
      "start": 98.30190289273828,
      "end": 114.68555337486133,
      "avg_energy": 0.2809579372406006,
      "energy_label": "Medium"
    },
    {
      "name": "Hook / Drop",
      "start": 114.68555337486133,
      "end": 131.0692038569844,
      "avg_energy": 0.3330698609352112,
      "energy_label": "High"
    },
    {
      "name": "Verse",
      "start": 131.0692038569844,
      "end": 147.45285433910743,
      "avg_energy": 0.2775505781173706,
      "energy_label": "Medium"
    },
    {
      "name": "Hook / Drop",
      "start": 147.45285433910743,
      "end": 163.83650482123048,
      "avg_energy": 0.3295707106590271,
      "energy_label": "High"
    },
    {
      "name": "Outro",
      "start": 163.83650482123048,
      "end": 182.1013125,
      "avg_energy": 0.06980572640895844,
      "energy_label": "Low"
    }
  ],
  "scores": {
    "mix": 94,
    "master": 94,
    "arrangement": 75,
    "release": 88,
    "energy": 7.123097409879532,
    "bass_strength": 6.376388869768945,
    "darkness": 3.6780413934979723,
    "brightness": 6.321958606502028,
    "drum_bounce": 10,
    "vocal_space": 2.08440369343779
  },
  "stem_balance": null,
  "top_problems": [
    "Mud range is elevated around 250-500 Hz.",
    "Drum movement is very active; the beat could become overcrowded.",
    "Hook/verse contrast looks low, but arrangement detection is still an estimate."
  ],
  "suggested_fixes": [
    "Gently cut 250-500 Hz on melodies, pads, or the master if the mix feels cloudy.",
    "Mute extra percussion in some sections so the hook/drop feels bigger.",
    "Check the waveform/sections by ear. If the hook feels flat, add contrast with melody layers, drum changes, or vocal energy."
  ],
  "artist_notes": [
    "Autotune/key starting point: D# Minor. Confidence: 47.9%.",
    "Beat energy: 7.1/10. Darkness: 3.7/10.",
    "Vocal space estimate: 2.1/10. Higher means easier space for vocals."
  ],
  "producer_notes": [
    "Low-end presence looks usable for the selected style.",
    "Selected style preset: rage_trap.",
    "Dominant frequency area: Sub.",
    "Drum activity is high at 7.45 hits/sec.",
    "Estimated length: 89 bars at 117 BPM."
  ],
  "master_notes": [
    "No obvious clipping problem detected.",
    "Loudness is in a usable range for the selected style.",
    "Peak: -1.11 dB. RMS: -10.75 dB. Dynamic range: 9.65 dB."
  ],
  "next_steps": [
    "Gently cut 250-500 Hz on melodies, pads, or the master if the mix feels cloudy.",
    "Mute extra percussion in some sections so the hook/drop feels bigger.",
    "Check the waveform/sections by ear. If the hook feels flat, add contrast with melody layers, drum changes, or vocal energy.",
    "This is close. Only make small changes unless you hear a clear problem."
  ]
}