{
  "basic": {
    "file_name": "Feng - New grime.wav",
    "file_path": "/Volumes/POLLY/tracks/Feng/Feng - New grime.wav",
    "sample_rate": 48000,
    "duration_seconds": 53.53370833333334,
    "bpm": 140.0,
    "key": "D Minor",
    "key_note": "D",
    "key_mode": "Minor",
    "key_confidence": 43.90218012987567
  },
  "loudness": {
    "peak_db": 0.0012766021392099985,
    "rms_db": -5.478627459372537,
    "dynamic_range_db": 5.479904061511747,
    "clipping_detected": true,
    "clipping_samples": 58975,
    "clipping_percent": 2.2950882193384388,
    "headroom_db": -0.0012766021392099985
  },
  "frequency": {
    "band_percentages": {
      "Sub": 17.656295609598004,
      "Bass / 808": 16.007095725258957,
      "Mud": 13.504098285688912,
      "Low Mids": 13.612710068785638,
      "Mids / Melody": 13.728517411987657,
      "Harsh Zone": 12.828127380723231,
      "Highs": 12.693546645262641,
      "Air": 12.797736251516234,
      "Vocal Range": 14.426318053748693
    },
    "brightness_centroid_hz": 2203.460080992577,
    "brightness_label": "Medium",
    "spectral_rolloff_hz": 5093.147601613868,
    "dominant_band": "Sub",
    "low_end_total_percent": 33.66339133485696,
    "mid_total_percent": 40.84532576646221,
    "top_total_percent": 25.491282896778877
  },
  "fingerprint": {
    "mfcc_1": -220.38050842285156,
    "mfcc_2": 8.619129180908203,
    "mfcc_3": 11.668978691101074,
    "mfcc_4": 24.839027404785156,
    "mfcc_5": 10.044867515563965,
    "mfcc_6": 15.10550594329834,
    "mfcc_7": 5.994523525238037,
    "mfcc_8": 10.006369590759277,
    "mfcc_9": 2.76470947265625,
    "mfcc_10": 8.826542854309082,
    "mfcc_11": 7.662656307220459,
    "mfcc_12": 7.569700241088867,
    "mfcc_13": 4.601977348327637,
    "chroma_1": 0.14480066299438477,
    "chroma_2": 0.3057883679866791,
    "chroma_3": 0.8048993349075317,
    "chroma_4": 0.581868052482605,
    "chroma_5": 0.23731188476085663,
    "chroma_6": 0.19058236479759216,
    "chroma_7": 0.15448418259620667,
    "chroma_8": 0.12760548293590546,
    "chroma_9": 0.12376688420772552,
    "chroma_10": 0.18608002364635468,
    "chroma_11": 0.15972808003425598,
    "chroma_12": 0.08841799199581146,
    "spectral_contrast": 20.767962505874717,
    "spectral_flatness": 0.005428524222224951,
    "zero_crossing_rate": 0.03171414245446661,
    "embed_mfcc_1_mean": -220.38050842285156,
    "embed_mfcc_1_std": 121.64481353759766,
    "embed_mfcc_2_mean": 8.619129180908203,
    "embed_mfcc_2_std": 53.32217025756836,
    "embed_mfcc_3_mean": 11.668978691101074,
    "embed_mfcc_3_std": 29.676374435424805,
    "embed_mfcc_4_mean": 24.839027404785156,
    "embed_mfcc_4_std": 29.91241455078125,
    "embed_mfcc_5_mean": 10.044867515563965,
    "embed_mfcc_5_std": 15.837477684020996,
    "embed_mfcc_6_mean": 15.10550594329834,
    "embed_mfcc_6_std": 12.174290657043457,
    "embed_mfcc_7_mean": 5.994523525238037,
    "embed_mfcc_7_std": 11.730549812316895,
    "embed_mfcc_8_mean": 10.006369590759277,
    "embed_mfcc_8_std": 10.604899406433105,
    "embed_mfcc_9_mean": 2.76470947265625,
    "embed_mfcc_9_std": 9.369949340820312,
    "embed_mfcc_10_mean": 8.826542854309082,
    "embed_mfcc_10_std": 7.871641159057617,
    "embed_mfcc_11_mean": 7.662656307220459,
    "embed_mfcc_11_std": 7.7450079917907715,
    "embed_mfcc_12_mean": 7.569700241088867,
    "embed_mfcc_12_std": 6.629528999328613,
    "embed_mfcc_13_mean": 4.601977348327637,
    "embed_mfcc_13_std": 6.617381572723389,
    "embed_mfcc_14_mean": 6.430103302001953,
    "embed_mfcc_14_std": 6.18826150894165,
    "embed_mfcc_15_mean": 3.324631690979004,
    "embed_mfcc_15_std": 6.039906024932861,
    "embed_mfcc_16_mean": 5.667591094970703,
    "embed_mfcc_16_std": 5.5397419929504395,
    "embed_mfcc_17_mean": 1.7553995847702026,
    "embed_mfcc_17_std": 5.231909275054932,
    "embed_mfcc_18_mean": 3.1179890632629395,
    "embed_mfcc_18_std": 5.144892692565918,
    "embed_mfcc_19_mean": -0.7117606401443481,
    "embed_mfcc_19_std": 5.408051490783691,
    "embed_mfcc_20_mean": 2.861114025115967,
    "embed_mfcc_20_std": 4.936623573303223,
    "embed_chroma_1_mean": 0.14480066299438477,
    "embed_chroma_1_std": 0.0613066665828228,
    "embed_chroma_2_mean": 0.3057883679866791,
    "embed_chroma_2_std": 0.10942167043685913,
    "embed_chroma_3_mean": 0.8048993349075317,
    "embed_chroma_3_std": 0.3007093369960785,
    "embed_chroma_4_mean": 0.581868052482605,
    "embed_chroma_4_std": 0.329578161239624,
    "embed_chroma_5_mean": 0.23731188476085663,
    "embed_chroma_5_std": 0.13098874688148499,
    "embed_chroma_6_mean": 0.19058236479759216,
    "embed_chroma_6_std": 0.08908576518297195,
    "embed_chroma_7_mean": 0.15448418259620667,
    "embed_chroma_7_std": 0.0827813446521759,
    "embed_chroma_8_mean": 0.12760548293590546,
    "embed_chroma_8_std": 0.06578154861927032,
    "embed_chroma_9_mean": 0.12376688420772552,
    "embed_chroma_9_std": 0.05589316412806511,
    "embed_chroma_10_mean": 0.18608002364635468,
    "embed_chroma_10_std": 0.057801686227321625,
    "embed_chroma_11_mean": 0.15972808003425598,
    "embed_chroma_11_std": 0.07355619221925735,
    "embed_chroma_12_mean": 0.08841799199581146,
    "embed_chroma_12_std": 0.053817398846149445,
    "embed_contrast_1_mean": 20.823591232299805,
    "embed_contrast_1_std": 4.606934547424316,
    "embed_contrast_2_mean": 13.47651481628418,
    "embed_contrast_2_std": 3.210472583770752,
    "embed_contrast_3_mean": 16.838623046875,
    "embed_contrast_3_std": 3.767554521560669,
    "embed_contrast_4_mean": 15.556254386901855,
    "embed_contrast_4_std": 3.037996530532837,
    "embed_contrast_5_mean": 16.688621520996094,
    "embed_contrast_5_std": 2.9914302825927734,
    "embed_contrast_6_mean": 15.835485458374023,
    "embed_contrast_6_std": 2.28521466255188,
    "embed_contrast_7_mean": 46.15665054321289,
    "embed_contrast_7_std": 4.641660690307617,
    "embed_chroma_entropy": 2.234252691268921,
    "embed_centroid_mean": 1436.7940689306247,
    "embed_centroid_std": 984.1567299407546,
    "embed_rolloff_mean": 3369.3113116936797,
    "embed_rolloff_std": 2552.539416298895,
    "embed_flatness_mean": 0.005428524222224951,
    "embed_flatness_std": 0.027967000380158424,
    "embed_zcr_mean": 0.03171414245446661,
    "embed_zcr_std": 0.05586784429980837,
    "embed_rms_mean": 0.44809216260910034,
    "embed_rms_std": 0.1414167881011963,
    "embed_onset_mean": 1.7012953758239746,
    "embed_onset_std": 2.2232227325439453,
    "fingerprint_version": 2.0,
    "fingerprint_duration_seconds": 53.53374149659864,
    "embed_mfcc_delta_mean": -0.009125081822276115,
    "embed_mfcc_delta_std": 4.742854118347168,
    "embed_chroma_delta_mean": -6.63885657559149e-05,
    "embed_chroma_delta_std": 0.014598294161260128,
    "embed_onset_peak": 23.16225814819336,
    "embed_onset_p95": 6.095648765563965,
    "embed_rms_p10": 0.1874704211950302,
    "embed_rms_p50": 0.5125402212142944,
    "embed_rms_p90": 0.5347365736961365,
    "embedding_nonzero_count": 100.0
  },
  "rhythm": {
    "onset_count": 300,
    "onset_density": 5.603945800504199,
    "drum_activity": "High",
    "estimated_bars": 31,
    "seconds_per_bar": 1.7142857142857142
  },
  "sections": [
    {
      "name": "Intro",
      "start": 0.0,
      "end": 16.0,
      "avg_energy": 0.5572171807289124,
      "energy_label": "Medium"
    },
    {
      "name": "Chorus / Hook",
      "start": 16.0,
      "end": 32.0,
      "avg_energy": 0.5651541352272034,
      "energy_label": "Medium"
    },
    {
      "name": "Outro",
      "start": 32.0,
      "end": 53.53370833333334,
      "avg_energy": 0.48589804768562317,
      "energy_label": "Medium"
    }
  ],
  "scores": {
    "mix": 53,
    "master": 53,
    "arrangement": 50,
    "release": 52,
    "energy": 9.760686270313732,
    "bass_strength": 6.7326782669713925,
    "darkness": 5.593079838014846,
    "brightness": 4.406920161985154,
    "drum_bounce": 10,
    "vocal_space": 2.653687818755058
  },