{
  "basic": {
    "file_name": "Feng - When I met you.wav",
    "file_path": "/Volumes/POLLY/tracks/Feng/Feng - When I met you.wav",
    "sample_rate": 48000,
    "duration_seconds": 106.69445833333333,
    "bpm": 140.0,
    "key": "C Minor",
    "key_note": "C",
    "key_mode": "Minor",
    "key_confidence": 42.215867883128624
  },
  "loudness": {
    "peak_db": -0.015418416353143241,
    "rms_db": -13.819978381498254,
    "dynamic_range_db": 13.804559965145112,
    "clipping_detected": true,
    "clipping_samples": 6,
    "clipping_percent": 0.00011715697511624902,
    "headroom_db": 0.015418416353143241
  },
  "frequency": {
    "band_percentages": {
      "Sub": 15.902227185109554,
      "Bass / 808": 15.143733238586805,
      "Mud": 14.888541634679624,
      "Low Mids": 14.451635424509025,
      "Mids / Melody": 13.983265528275279,
      "Harsh Zone": 13.255660108892195,
      "Highs": 12.95150431768366,
      "Air": 12.679092669288883,
      "Vocal Range": 15.31124515886366
    },
    "brightness_centroid_hz": 2880.1078146470486,
    "brightness_label": "Medium",
    "spectral_rolloff_hz": 6355.4988191042685,
    "dominant_band": "Sub",
    "low_end_total_percent": 31.045960423696357,
    "mid_total_percent": 43.32344258746393,
    "top_total_percent": 25.63059698697254
  },
  "fingerprint": {
    "mfcc_1": -157.6927032470703,
    "mfcc_2": 3.5274150371551514,
    "mfcc_3": -4.511622428894043,
    "mfcc_4": 7.91709041595459,
    "mfcc_5": -4.421558856964111,
    "mfcc_6": 1.390461802482605,
    "mfcc_7": -2.4261481761932373,
    "mfcc_8": -5.3799896240234375,
    "mfcc_9": -2.012756824493408,
    "mfcc_10": 0.09214166551828384,
    "mfcc_11": -1.7106597423553467,
    "mfcc_12": 1.927038311958313,
    "mfcc_13": -0.14059238135814667,
    "chroma_1": 0.5089365839958191,
    "chroma_2": 0.3739750385284424,
    "chroma_3": 0.6603946685791016,
    "chroma_4": 0.7307138442993164,
    "chroma_5": 0.5099359750747681,
    "chroma_6": 0.49329859018325806,
    "chroma_7": 0.42567697167396545,
    "chroma_8": 0.6004433631896973,
    "chroma_9": 0.3315747380256653,
    "chroma_10": 0.5140014290809631,
    "chroma_11": 0.3478277921676636,
    "chroma_12": 0.2987819314002991,
    "spectral_contrast": 21.483765668849593,
    "spectral_flatness": 0.012960855849087238,
    "zero_crossing_rate": 0.06296724105685528,
    "embed_mfcc_1_mean": -157.6927032470703,
    "embed_mfcc_1_std": 64.36417388916016,
    "embed_mfcc_2_mean": 3.5274150371551514,
    "embed_mfcc_2_std": 29.435630798339844,
    "embed_mfcc_3_mean": -4.511622428894043,
    "embed_mfcc_3_std": 22.209959030151367,
    "embed_mfcc_4_mean": 7.91709041595459,
    "embed_mfcc_4_std": 13.731974601745605,
    "embed_mfcc_5_mean": -4.421558856964111,
    "embed_mfcc_5_std": 12.0684175491333,
    "embed_mfcc_6_mean": 1.390461802482605,
    "embed_mfcc_6_std": 10.097596168518066,
    "embed_mfcc_7_mean": -2.4261481761932373,
    "embed_mfcc_7_std": 9.529916763305664,
    "embed_mfcc_8_mean": -5.3799896240234375,
    "embed_mfcc_8_std": 8.428468704223633,
    "embed_mfcc_9_mean": -2.012756824493408,
    "embed_mfcc_9_std": 7.840663909912109,
    "embed_mfcc_10_mean": 0.09214166551828384,
    "embed_mfcc_10_std": 7.977544784545898,
    "embed_mfcc_11_mean": -1.7106597423553467,
    "embed_mfcc_11_std": 8.579447746276855,
    "embed_mfcc_12_mean": 1.927038311958313,
    "embed_mfcc_12_std": 7.404565334320068,
    "embed_mfcc_13_mean": -0.14059238135814667,
    "embed_mfcc_13_std": 7.024859428405762,
    "embed_mfcc_14_mean": 3.7382242679595947,
    "embed_mfcc_14_std": 10.155301094055176,
    "embed_mfcc_15_mean": -6.529758930206299,
    "embed_mfcc_15_std": 8.121781349182129,
    "embed_mfcc_16_mean": 7.520082950592041,
    "embed_mfcc_16_std": 9.24567699432373,
    "embed_mfcc_17_mean": 4.134802341461182,
    "embed_mfcc_17_std": 7.497456073760986,
    "embed_mfcc_18_mean": 3.489861488342285,
    "embed_mfcc_18_std": 5.815419673919678,
    "embed_mfcc_19_mean": -0.4335336685180664,
    "embed_mfcc_19_std": 5.709445953369141,
    "embed_mfcc_20_mean": 4.618526458740234,
    "embed_mfcc_20_std": 6.3351359367370605,
    "embed_chroma_1_mean": 0.5089365839958191,
    "embed_chroma_1_std": 0.25807827711105347,
    "embed_chroma_2_mean": 0.3739750385284424,
    "embed_chroma_2_std": 0.138763427734375,
    "embed_chroma_3_mean": 0.6603946685791016,
    "embed_chroma_3_std": 0.2114449441432953,
    "embed_chroma_4_mean": 0.7307138442993164,
    "embed_chroma_4_std": 0.28850844502449036,
    "embed_chroma_5_mean": 0.5099359750747681,
    "embed_chroma_5_std": 0.2096732258796692,
    "embed_chroma_6_mean": 0.49329859018325806,
    "embed_chroma_6_std": 0.26132041215896606,
    "embed_chroma_7_mean": 0.42567697167396545,
    "embed_chroma_7_std": 0.1808023452758789,
    "embed_chroma_8_mean": 0.6004433631896973,
    "embed_chroma_8_std": 0.2743692398071289,
    "embed_chroma_9_mean": 0.3315747380256653,
    "embed_chroma_9_std": 0.16945356130599976,
    "embed_chroma_10_mean": 0.5140014290809631,
    "embed_chroma_10_std": 0.2530330717563629,
    "embed_chroma_11_mean": 0.3478277921676636,
    "embed_chroma_11_std": 0.16885559260845184,
    "embed_chroma_12_mean": 0.2987819314002991,
    "embed_chroma_12_std": 0.13384559750556946,
    "embed_contrast_1_mean": 21.348054885864258,
    "embed_contrast_1_std": 4.856451034545898,
    "embed_contrast_2_mean": 13.819967269897461,
    "embed_contrast_2_std": 3.6613292694091797,
    "embed_contrast_3_mean": 18.27579689025879,
    "embed_contrast_3_std": 4.09867525100708,
    "embed_contrast_4_mean": 16.096811294555664,
    "embed_contrast_4_std": 3.121703624725342,
    "embed_contrast_5_mean": 16.996212005615234,
    "embed_contrast_5_std": 2.599876880645752,
    "embed_contrast_6_mean": 16.924266815185547,
    "embed_contrast_6_std": 2.378490686416626,
    "embed_contrast_7_mean": 46.92524719238281,
    "embed_contrast_7_std": 3.29426908493042,
    "embed_chroma_entropy": 2.4495296478271484,
    "embed_centroid_mean": 2068.355039007176,
    "embed_centroid_std": 764.4649290885926,
    "embed_rolloff_mean": 4693.68530671926,
    "embed_rolloff_std": 1837.7884295357358,
    "embed_flatness_mean": 0.012960855849087238,
    "embed_flatness_std": 0.017392197623848915,
    "embed_zcr_mean": 0.06296724105685528,
    "embed_zcr_std": 0.042601673587287996,
    "embed_rms_mean": 0.18909905850887299,
    "embed_rms_std": 0.054621417075395584,
    "embed_onset_mean": 1.2804230451583862,
    "embed_onset_std": 1.143259048461914,
    "fingerprint_version": 2.0,
    "fingerprint_duration_seconds": 106.6944671201814,
    "embed_mfcc_delta_mean": -0.006375511176884174,
    "embed_mfcc_delta_std": 2.687206506729126,
    "embed_chroma_delta_mean": -8.306009840453044e-05,
    "embed_chroma_delta_std": 0.02321534790098667,
    "embed_onset_peak": 10.875532150268555,
    "embed_onset_p95": 3.6531457901000977,
    "embed_rms_p10": 0.11525840312242508,
    "embed_rms_p50": 0.2004617154598236,
    "embed_rms_p90": 0.2465803027153015,
    "embedding_nonzero_count": 100.0
  },
  "rhythm": {
    "onset_count": 547,
    "onset_density": 5.126789231087057,
    "drum_activity": "High",
    "estimated_bars": 62,
    "seconds_per_bar": 1.7142857142857142
  },
  "sections": [
    {
      "name": "Intro",
      "start": 0.0,
      "end": 16.0,
      "avg_energy": 0.18605145812034607,
      "energy_label": "Medium"
    },
    {
      "name": "Chorus / Hook",
      "start": 16.0,
      "end": 32.0,
      "avg_energy": 0.23549500107765198,
      "energy_label": "High"
    },
    {
      "name": "Verse",
      "start": 32.0,
      "end": 48.0,
      "avg_energy": 0.20785130560398102,
      "energy_label": "Medium"
    },
    {
      "name": "Chorus / Hook",
      "start": 48.0,
      "end": 64.0,
      "avg_energy": 0.19018502533435822,
      "energy_label": "Medium"
    },
    {
      "name": "Verse",
      "start": 64.0,
      "end": 80.0,
      "avg_energy": 0.20849886536598206,