{
  "basic": {
    "file_name": "Feng - Primrose Hill.wav",
    "file_path": "/Volumes/POLLY/tracks/Feng/Feng - Primrose Hill.wav",
    "sample_rate": 48000,
    "duration_seconds": 77.39010416666666,
    "bpm": 140.0,
    "key": "D Minor",
    "key_note": "D",
    "key_mode": "Minor",
    "key_confidence": 42.85573089323698
  },
  "loudness": {
    "peak_db": 0.00019880196161186394,
    "rms_db": -7.5445327702288765,
    "dynamic_range_db": 7.544731572190488,
    "clipping_detected": true,
    "clipping_samples": 72772,
    "clipping_percent": 1.9590144627125832,
    "headroom_db": -0.00019880196161186394
  },
  "frequency": {
    "band_percentages": {
      "Sub": 16.53209391975821,
      "Bass / 808": 15.357566941322842,
      "Mud": 14.775142362137226,
      "Low Mids": 14.032502315885905,
      "Mids / Melody": 13.527042934944427,
      "Harsh Zone": 12.466151100588956,
      "Highs": 12.852549866768445,
      "Air": 12.923101657376629,
      "Vocal Range": 14.970178515544411
    },
    "brightness_centroid_hz": 2500.156038897129,
    "brightness_label": "Medium",
    "spectral_rolloff_hz": 5234.724925923374,
    "dominant_band": "Sub",
    "low_end_total_percent": 31.889660861081055,
    "mid_total_percent": 42.334687612967556,
    "top_total_percent": 25.775651524145076
  },
  "fingerprint": {
    "mfcc_1": -212.29638671875,
    "mfcc_2": 26.572093963623047,
    "mfcc_3": 7.570263385772705,
    "mfcc_4": 0.3735714852809906,
    "mfcc_5": 0.42359092831611633,
    "mfcc_6": 1.4163343906402588,
    "mfcc_7": -6.237829685211182,
    "mfcc_8": -6.9250946044921875,
    "mfcc_9": 3.6671736240386963,
    "mfcc_10": -0.22907671332359314,
    "mfcc_11": -3.349950075149536,
    "mfcc_12": -3.747727155685425,
    "mfcc_13": -4.817216873168945,
    "chroma_1": 0.6513517498970032,
    "chroma_2": 0.5743217468261719,
    "chroma_3": 0.7294183373451233,
    "chroma_4": 0.5482064485549927,
    "chroma_5": 0.6534430980682373,
    "chroma_6": 0.6857351064682007,
    "chroma_7": 0.5194412469863892,
    "chroma_8": 0.41628438234329224,
    "chroma_9": 0.3467617332935333,
    "chroma_10": 0.319563090801239,
    "chroma_11": 0.45106470584869385,
    "chroma_12": 0.37346118688583374,
    "spectral_contrast": 21.88694469787802,
    "spectral_flatness": 0.009131007827818394,
    "zero_crossing_rate": 0.048314645917716774,
    "embed_mfcc_1_mean": -212.29638671875,
    "embed_mfcc_1_std": 139.14251708984375,
    "embed_mfcc_2_mean": 26.572093963623047,
    "embed_mfcc_2_std": 43.57100296020508,
    "embed_mfcc_3_mean": 7.570263385772705,
    "embed_mfcc_3_std": 25.028545379638672,
    "embed_mfcc_4_mean": 0.3735714852809906,
    "embed_mfcc_4_std": 16.029634475708008,
    "embed_mfcc_5_mean": 0.42359092831611633,
    "embed_mfcc_5_std": 14.006080627441406,
    "embed_mfcc_6_mean": 1.4163343906402588,
    "embed_mfcc_6_std": 10.898296356201172,
    "embed_mfcc_7_mean": -6.237829685211182,
    "embed_mfcc_7_std": 10.698016166687012,
    "embed_mfcc_8_mean": -6.9250946044921875,
    "embed_mfcc_8_std": 11.28289794921875,
    "embed_mfcc_9_mean": 3.6671736240386963,
    "embed_mfcc_9_std": 8.194513320922852,
    "embed_mfcc_10_mean": -0.22907671332359314,
    "embed_mfcc_10_std": 8.105228424072266,
    "embed_mfcc_11_mean": -3.349950075149536,
    "embed_mfcc_11_std": 9.718461036682129,
    "embed_mfcc_12_mean": -3.747727155685425,
    "embed_mfcc_12_std": 9.475966453552246,
    "embed_mfcc_13_mean": -4.817216873168945,
    "embed_mfcc_13_std": 9.710540771484375,
    "embed_mfcc_14_mean": -6.164732933044434,
    "embed_mfcc_14_std": 8.704360961914062,
    "embed_mfcc_15_mean": -7.535365581512451,
    "embed_mfcc_15_std": 9.511479377746582,
    "embed_mfcc_16_mean": 3.626728057861328,
    "embed_mfcc_16_std": 6.994142055511475,
    "embed_mfcc_17_mean": -4.1641716957092285,
    "embed_mfcc_17_std": 7.141327857971191,
    "embed_mfcc_18_mean": 1.6282844543457031,
    "embed_mfcc_18_std": 7.925277233123779,
    "embed_mfcc_19_mean": 5.136270999908447,
    "embed_mfcc_19_std": 6.489717483520508,
    "embed_mfcc_20_mean": 6.743061065673828,
    "embed_mfcc_20_std": 6.239853858947754,
    "embed_chroma_1_mean": 0.6513517498970032,
    "embed_chroma_1_std": 0.2692141532897949,
    "embed_chroma_2_mean": 0.5743217468261719,
    "embed_chroma_2_std": 0.2034568339586258,
    "embed_chroma_3_mean": 0.7294183373451233,
    "embed_chroma_3_std": 0.23776309192180634,
    "embed_chroma_4_mean": 0.5482064485549927,
    "embed_chroma_4_std": 0.22657878696918488,
    "embed_chroma_5_mean": 0.6534430980682373,
    "embed_chroma_5_std": 0.21405643224716187,
    "embed_chroma_6_mean": 0.6857351064682007,
    "embed_chroma_6_std": 0.24716058373451233,
    "embed_chroma_7_mean": 0.5194412469863892,
    "embed_chroma_7_std": 0.22295594215393066,
    "embed_chroma_8_mean": 0.41628438234329224,
    "embed_chroma_8_std": 0.20002561807632446,
    "embed_chroma_9_mean": 0.3467617332935333,
    "embed_chroma_9_std": 0.13715064525604248,
    "embed_chroma_10_mean": 0.319563090801239,
    "embed_chroma_10_std": 0.13363948464393616,
    "embed_chroma_11_mean": 0.45106470584869385,
    "embed_chroma_11_std": 0.23737087845802307,
    "embed_chroma_12_mean": 0.37346118688583374,
    "embed_chroma_12_std": 0.18675725162029266,
    "embed_contrast_1_mean": 20.91289710998535,
    "embed_contrast_1_std": 4.987732887268066,
    "embed_contrast_2_mean": 14.90404224395752,
    "embed_contrast_2_std": 4.415995121002197,
    "embed_contrast_3_mean": 16.56639289855957,
    "embed_contrast_3_std": 3.9817676544189453,
    "embed_contrast_4_mean": 18.95486831665039,
    "embed_contrast_4_std": 4.413758277893066,
    "embed_contrast_5_mean": 19.857275009155273,
    "embed_contrast_5_std": 3.9933979511260986,
    "embed_contrast_6_mean": 17.74365234375,
    "embed_contrast_6_std": 3.2320897579193115,
    "embed_contrast_7_mean": 44.26948165893555,
    "embed_contrast_7_std": 4.02488899230957,
    "embed_chroma_entropy": 2.4510254859924316,
    "embed_centroid_mean": 1644.0389370374307,
    "embed_centroid_std": 1074.7371040010946,
    "embed_rolloff_mean": 3590.0494785806704,
    "embed_rolloff_std": 2814.828916870775,
    "embed_flatness_mean": 0.009131007827818394,
    "embed_flatness_std": 0.02454463578760624,
    "embed_zcr_mean": 0.048314645917716774,
    "embed_zcr_std": 0.04818743994168648,
    "embed_rms_mean": 0.29064732789993286,
    "embed_rms_std": 0.18603266775608063,
    "embed_onset_mean": 1.6073893308639526,
    "embed_onset_std": 1.955267310142517,
    "fingerprint_version": 2.0,
    "fingerprint_duration_seconds": 77.3901133786848,
    "embed_mfcc_delta_mean": -0.0022745677269995213,
    "embed_mfcc_delta_std": 3.574251413345337,
    "embed_chroma_delta_mean": 6.761612894479185e-05,
    "embed_chroma_delta_std": 0.02276606298983097,
    "embed_onset_peak": 18.88651466369629,
    "embed_onset_p95": 5.772972106933594,
    "embed_rms_p10": 0.07619156688451767,
    "embed_rms_p50": 0.24431316554546356,
    "embed_rms_p90": 0.5506628155708313,
    "embedding_nonzero_count": 100.0
  },
  "rhythm": {
    "onset_count": 395,
    "onset_density": 5.104011737073404,
    "drum_activity": "High",
    "estimated_bars": 45,
    "seconds_per_bar": 1.7142857142857142
  },
  "sections": [
    {
      "name": "Intro",
      "start": 0.0,
      "end": 16.0,
      "avg_energy": 0.16337533295154572,
      "energy_label": "Low"
    },
    {
      "name": "Chorus / Hook",
      "start": 16.0,
      "end": 32.0,
      "avg_energy": 0.28936758637428284,
      "energy_label": "Low"
    },
    {
      "name": "Verse",
      "start": 32.0,
      "end": 48.0,
      "avg_energy": 0.5432820916175842,
      "energy_label": "High"
    },
    {
      "name": "Outro",
      "start": 48.0,
      "end": 77.39010416666666,
      "avg_energy": 0.49262744188308716,
      "energy_label": "High"
    }
  ],
  "scores": {
    "mix": 69,
    "master": 69,
    "arrangement": 71,
    "release": 70,
    "energy": 8.727733614885562,