{
  "basic": {
    "file_name": "Feng - Kids from the west.wav",
    "file_path": "/Volumes/POLLY/tracks/Feng/Feng - Kids from the west.wav",
    "sample_rate": 48000,
    "duration_seconds": 110.29327083333334,
    "bpm": 140.0,
    "key": "G Minor",
    "key_note": "G",
    "key_mode": "Minor",
    "key_confidence": 42.45163410963312
  },
  "loudness": {
    "peak_db": 0.00023918305407489128,
    "rms_db": -11.525183586987893,
    "dynamic_range_db": 11.525422770041969,
    "clipping_detected": true,
    "clipping_samples": 10,
    "clipping_percent": 0.00018889033914693722,
    "headroom_db": -0.00023918305407489128
  },
  "frequency": {
    "band_percentages": {
      "Sub": 15.704020787685065,
      "Bass / 808": 14.952597277258253,
      "Mud": 14.197071605696749,
      "Low Mids": 14.18397486805912,
      "Mids / Melody": 13.497344532412486,
      "Harsh Zone": 12.922138338725508,
      "Highs": 13.697809099599958,
      "Air": 13.767181827500579,
      "Vocal Range": 14.812024092140142
    },
    "brightness_centroid_hz": 4776.945454720607,
    "brightness_label": "High",
    "spectral_rolloff_hz": 10566.164470502901,
    "dominant_band": "Sub",
    "low_end_total_percent": 30.656618064943316,
    "mid_total_percent": 41.87839100616836,
    "top_total_percent": 27.464990927100537
  },
  "fingerprint": {
    "mfcc_1": -152.1652374267578,
    "mfcc_2": -25.211313247680664,
    "mfcc_3": 20.396549224853516,
    "mfcc_4": -17.016006469726562,
    "mfcc_5": 1.206351399421692,
    "mfcc_6": -7.174651145935059,
    "mfcc_7": -7.6747846603393555,
    "mfcc_8": -2.165750503540039,
    "mfcc_9": -7.47402286529541,
    "mfcc_10": 3.667635679244995,
    "mfcc_11": -5.98466682434082,
    "mfcc_12": 2.7239108085632324,
    "mfcc_13": -6.245922565460205,
    "chroma_1": 0.6073387861251831,
    "chroma_2": 0.49063897132873535,
    "chroma_3": 0.5927807092666626,
    "chroma_4": 0.41592612862586975,
    "chroma_5": 0.3335916996002197,
    "chroma_6": 0.40820255875587463,
    "chroma_7": 0.32110607624053955,
    "chroma_8": 0.6930208206176758,
    "chroma_9": 0.609865128993988,
    "chroma_10": 0.5690944790840149,
    "chroma_11": 0.5337101221084595,
    "chroma_12": 0.42368414998054504,
    "spectral_contrast": 22.037497038440154,
    "spectral_flatness": 0.03539857640862465,
    "zero_crossing_rate": 0.11412458881578948,
    "embed_mfcc_1_mean": -152.1652374267578,
    "embed_mfcc_1_std": 83.9764175415039,
    "embed_mfcc_2_mean": -25.211313247680664,
    "embed_mfcc_2_std": 38.21963119506836,
    "embed_mfcc_3_mean": 20.396549224853516,
    "embed_mfcc_3_std": 28.767202377319336,
    "embed_mfcc_4_mean": -17.016006469726562,
    "embed_mfcc_4_std": 20.798128128051758,
    "embed_mfcc_5_mean": 1.206351399421692,
    "embed_mfcc_5_std": 16.603134155273438,
    "embed_mfcc_6_mean": -7.174651145935059,
    "embed_mfcc_6_std": 16.802221298217773,
    "embed_mfcc_7_mean": -7.6747846603393555,
    "embed_mfcc_7_std": 12.343988418579102,
    "embed_mfcc_8_mean": -2.165750503540039,
    "embed_mfcc_8_std": 15.769566535949707,
    "embed_mfcc_9_mean": -7.47402286529541,
    "embed_mfcc_9_std": 12.900054931640625,
    "embed_mfcc_10_mean": 3.667635679244995,
    "embed_mfcc_10_std": 13.379124641418457,
    "embed_mfcc_11_mean": -5.98466682434082,
    "embed_mfcc_11_std": 13.239302635192871,
    "embed_mfcc_12_mean": 2.7239108085632324,
    "embed_mfcc_12_std": 10.078048706054688,
    "embed_mfcc_13_mean": -6.245922565460205,
    "embed_mfcc_13_std": 12.015874862670898,
    "embed_mfcc_14_mean": -0.3330659866333008,
    "embed_mfcc_14_std": 10.677008628845215,
    "embed_mfcc_15_mean": 0.6481561064720154,
    "embed_mfcc_15_std": 9.960625648498535,
    "embed_mfcc_16_mean": 4.118348598480225,
    "embed_mfcc_16_std": 7.348072528839111,
    "embed_mfcc_17_mean": -0.12806589901447296,
    "embed_mfcc_17_std": 7.434405326843262,
    "embed_mfcc_18_mean": 3.75247859954834,
    "embed_mfcc_18_std": 8.361837387084961,
    "embed_mfcc_19_mean": 0.008491442538797855,
    "embed_mfcc_19_std": 6.762983322143555,
    "embed_mfcc_20_mean": 4.238151550292969,
    "embed_mfcc_20_std": 6.710649490356445,
    "embed_chroma_1_mean": 0.6073387861251831,
    "embed_chroma_1_std": 0.3563995659351349,
    "embed_chroma_2_mean": 0.49063897132873535,
    "embed_chroma_2_std": 0.28124287724494934,
    "embed_chroma_3_mean": 0.5927807092666626,
    "embed_chroma_3_std": 0.2893509268760681,
    "embed_chroma_4_mean": 0.41592612862586975,
    "embed_chroma_4_std": 0.22494854032993317,
    "embed_chroma_5_mean": 0.3335916996002197,
    "embed_chroma_5_std": 0.19413164258003235,
    "embed_chroma_6_mean": 0.40820255875587463,
    "embed_chroma_6_std": 0.22908805310726166,
    "embed_chroma_7_mean": 0.32110607624053955,
    "embed_chroma_7_std": 0.13878200948238373,
    "embed_chroma_8_mean": 0.6930208206176758,
    "embed_chroma_8_std": 0.261908620595932,
    "embed_chroma_9_mean": 0.609865128993988,
    "embed_chroma_9_std": 0.2548062205314636,
    "embed_chroma_10_mean": 0.5690944790840149,
    "embed_chroma_10_std": 0.23963333666324615,
    "embed_chroma_11_mean": 0.5337101221084595,
    "embed_chroma_11_std": 0.2583567202091217,
    "embed_chroma_12_mean": 0.42368414998054504,
    "embed_chroma_12_std": 0.25032997131347656,
    "embed_contrast_1_mean": 20.27637481689453,
    "embed_contrast_1_std": 5.664538860321045,
    "embed_contrast_2_mean": 14.797674179077148,
    "embed_contrast_2_std": 4.570668697357178,
    "embed_contrast_3_mean": 19.630361557006836,
    "embed_contrast_3_std": 5.0483598709106445,
    "embed_contrast_4_mean": 18.00984001159668,
    "embed_contrast_4_std": 3.8496530055999756,
    "embed_contrast_5_mean": 18.20294761657715,
    "embed_contrast_5_std": 3.542781114578247,
    "embed_contrast_6_mean": 17.351316452026367,
    "embed_contrast_6_std": 3.2085444927215576,
    "embed_contrast_7_mean": 45.99396514892578,
    "embed_contrast_7_std": 3.167524576187134,
    "embed_chroma_entropy": 2.458252191543579,
    "embed_centroid_mean": 3151.653773629512,
    "embed_centroid_std": 1254.8126043033485,
    "embed_rolloff_mean": 7027.222574013158,
    "embed_rolloff_std": 2214.3517667594515,
    "embed_flatness_mean": 0.03539857640862465,
    "embed_flatness_std": 0.05263499170541763,
    "embed_zcr_mean": 0.11412458881578948,
    "embed_zcr_std": 0.07595956767072165,
    "embed_rms_mean": 0.22506177425384521,
    "embed_rms_std": 0.11564760655164719,
    "embed_onset_mean": 1.712206482887268,
    "embed_onset_std": 2.0158607959747314,
    "fingerprint_version": 2.0,
    "fingerprint_duration_seconds": 110.29328798185941,
    "embed_mfcc_delta_mean": -0.003365793963894248,
    "embed_mfcc_delta_std": 3.2869105339050293,
    "embed_chroma_delta_mean": 2.901886728068348e-05,
    "embed_chroma_delta_std": 0.030995121225714684,
    "embed_onset_peak": 16.003385543823242,
    "embed_onset_p95": 6.086497783660889,
    "embed_rms_p10": 0.09297086298465729,
    "embed_rms_p50": 0.18905498087406158,
    "embed_rms_p90": 0.4074013829231262,
    "embedding_nonzero_count": 100.0
  },
  "rhythm": {
    "onset_count": 654,
    "onset_density": 5.929645526500654,
    "drum_activity": "High",
    "estimated_bars": 64,
    "seconds_per_bar": 1.7142857142857142
  },
  "sections": [
    {
      "name": "Intro",
      "start": 0.0,
      "end": 16.0,
      "avg_energy": 0.18487614393234253,
      "energy_label": "Low"
    },
    {
      "name": "Chorus / Hook",
      "start": 16.0,
      "end": 32.0,
      "avg_energy": 0.29673323035240173,
      "energy_label": "Medium"
    },
    {
      "name": "Verse",
      "start": 32.0,
      "end": 48.0,
      "avg_energy": 0.29345983266830444,
      "energy_label": "Medium"
    },
    {
      "name": "Chorus / Hook",
      "start": 48.0,
      "end": 64.0,
      "avg_energy": 0.26583337783813477,
      "energy_label": "Medium"
    },
    {
      "name": "Verse",
      "start": 64.0,
      "end": 80.0,
      "avg_energy": 0.2360130399465561,