{
  "basic": {
    "file_name": "Feng - Memories.wav",
    "file_path": "/Volumes/POLLY/tracks/Feng/Feng - Memories.wav",
    "sample_rate": 48000,
    "duration_seconds": 68.1394375,
    "bpm": 140.0,
    "key": "C Minor",
    "key_note": "C",
    "key_mode": "Minor",
    "key_confidence": 43.230141913522935
  },
  "loudness": {
    "peak_db": 9.940154957639746e-05,
    "rms_db": -9.241876065033436,
    "dynamic_range_db": 9.241975466583012,
    "clipping_detected": true,
    "clipping_samples": 34,
    "clipping_percent": 0.001039535046548239,
    "headroom_db": -9.940154957639746e-05
  },
  "frequency": {
    "band_percentages": {
      "Sub": 16.623006365807548,
      "Bass / 808": 14.818257644496816,
      "Mud": 13.927574098876105,
      "Low Mids": 13.929367390651635,
      "Mids / Melody": 13.82787960801855,
      "Harsh Zone": 13.314682216095589,
      "Highs": 13.48733332334063,
      "Air": 13.386581566957936,
      "Vocal Range": 14.651207043948379
    },
    "brightness_centroid_hz": 3680.404489976216,
    "brightness_label": "High",
    "spectral_rolloff_hz": 7980.723704805134,
    "dominant_band": "Sub",
    "low_end_total_percent": 31.441264010304366,
    "mid_total_percent": 41.68482109754629,
    "top_total_percent": 26.873914890298565
  },
  "fingerprint": {
    "mfcc_1": -156.68821716308594,
    "mfcc_2": -31.206005096435547,
    "mfcc_3": -4.133657932281494,
    "mfcc_4": -2.120288848876953,
    "mfcc_5": -2.8144683837890625,
    "mfcc_6": 0.40998929738998413,
    "mfcc_7": -4.102688312530518,
    "mfcc_8": 0.37043559551239014,
    "mfcc_9": -2.312249183654785,
    "mfcc_10": 4.26971960067749,
    "mfcc_11": 3.209723711013794,
    "mfcc_12": 8.966639518737793,
    "mfcc_13": 2.411313533782959,
    "chroma_1": 0.9199681282043457,
    "chroma_2": 0.5287679433822632,
    "chroma_3": 0.4601072669029236,
    "chroma_4": 0.3397902548313141,
    "chroma_5": 0.23277798295021057,
    "chroma_6": 0.25668618083000183,
    "chroma_7": 0.3004164397716522,
    "chroma_8": 0.38404375314712524,
    "chroma_9": 0.510249137878418,
    "chroma_10": 0.580082893371582,
    "chroma_11": 0.5631968379020691,
    "chroma_12": 0.3513928949832916,
    "spectral_contrast": 21.873838051989015,
    "spectral_flatness": 0.02078983746469021,
    "zero_crossing_rate": 0.06374607378620102,
    "embed_mfcc_1_mean": -156.68821716308594,
    "embed_mfcc_1_std": 70.9450454711914,
    "embed_mfcc_2_mean": -31.206005096435547,
    "embed_mfcc_2_std": 37.56884765625,
    "embed_mfcc_3_mean": -4.133657932281494,
    "embed_mfcc_3_std": 24.662250518798828,
    "embed_mfcc_4_mean": -2.120288848876953,
    "embed_mfcc_4_std": 19.67157745361328,
    "embed_mfcc_5_mean": -2.8144683837890625,
    "embed_mfcc_5_std": 15.338567733764648,
    "embed_mfcc_6_mean": 0.40998929738998413,
    "embed_mfcc_6_std": 11.641550064086914,
    "embed_mfcc_7_mean": -4.102688312530518,
    "embed_mfcc_7_std": 12.0301513671875,
    "embed_mfcc_8_mean": 0.37043559551239014,
    "embed_mfcc_8_std": 11.737019538879395,
    "embed_mfcc_9_mean": -2.312249183654785,
    "embed_mfcc_9_std": 10.200068473815918,
    "embed_mfcc_10_mean": 4.26971960067749,
    "embed_mfcc_10_std": 9.50157356262207,
    "embed_mfcc_11_mean": 3.209723711013794,
    "embed_mfcc_11_std": 9.012994766235352,
    "embed_mfcc_12_mean": 8.966639518737793,
    "embed_mfcc_12_std": 8.112363815307617,
    "embed_mfcc_13_mean": 2.411313533782959,
    "embed_mfcc_13_std": 8.139602661132812,
    "embed_mfcc_14_mean": 5.586385250091553,
    "embed_mfcc_14_std": 7.69227933883667,
    "embed_mfcc_15_mean": 2.644134521484375,
    "embed_mfcc_15_std": 8.452596664428711,
    "embed_mfcc_16_mean": 6.554276466369629,
    "embed_mfcc_16_std": 8.028657913208008,
    "embed_mfcc_17_mean": -0.5654858946800232,
    "embed_mfcc_17_std": 7.373444557189941,
    "embed_mfcc_18_mean": 9.498270988464355,
    "embed_mfcc_18_std": 8.006988525390625,
    "embed_mfcc_19_mean": -0.018650555983185768,
    "embed_mfcc_19_std": 6.4001288414001465,
    "embed_mfcc_20_mean": 4.105504989624023,
    "embed_mfcc_20_std": 5.946815490722656,
    "embed_chroma_1_mean": 0.9199681282043457,
    "embed_chroma_1_std": 0.18245379626750946,
    "embed_chroma_2_mean": 0.5287679433822632,
    "embed_chroma_2_std": 0.2457270324230194,
    "embed_chroma_3_mean": 0.4601072669029236,
    "embed_chroma_3_std": 0.2221090942621231,
    "embed_chroma_4_mean": 0.3397902548313141,
    "embed_chroma_4_std": 0.17851971089839935,
    "embed_chroma_5_mean": 0.23277798295021057,
    "embed_chroma_5_std": 0.12919597327709198,
    "embed_chroma_6_mean": 0.25668618083000183,
    "embed_chroma_6_std": 0.13307517766952515,
    "embed_chroma_7_mean": 0.3004164397716522,
    "embed_chroma_7_std": 0.16127878427505493,
    "embed_chroma_8_mean": 0.38404375314712524,
    "embed_chroma_8_std": 0.16532309353351593,
    "embed_chroma_9_mean": 0.510249137878418,
    "embed_chroma_9_std": 0.3050422668457031,
    "embed_chroma_10_mean": 0.580082893371582,
    "embed_chroma_10_std": 0.3348655700683594,
    "embed_chroma_11_mean": 0.5631968379020691,
    "embed_chroma_11_std": 0.3501861095428467,
    "embed_chroma_12_mean": 0.3513928949832916,
    "embed_chroma_12_std": 0.21543365716934204,
    "embed_contrast_1_mean": 24.09048080444336,
    "embed_contrast_1_std": 5.402864456176758,
    "embed_contrast_2_mean": 15.051755905151367,
    "embed_contrast_2_std": 4.4896345138549805,
    "embed_contrast_3_mean": 17.099681854248047,
    "embed_contrast_3_std": 4.636063098907471,
    "embed_contrast_4_mean": 16.974166870117188,
    "embed_contrast_4_std": 3.7147624492645264,
    "embed_contrast_5_mean": 17.091947555541992,
    "embed_contrast_5_std": 2.7578816413879395,
    "embed_contrast_6_mean": 16.248703002929688,
    "embed_contrast_6_std": 2.0916993618011475,
    "embed_contrast_7_mean": 46.56012725830078,
    "embed_contrast_7_std": 3.108048439025879,
    "embed_chroma_entropy": 2.410943031311035,
    "embed_centroid_mean": 2674.859436793461,
    "embed_centroid_std": 1199.8466974945256,
    "embed_rolloff_mean": 5915.1892401778105,
    "embed_rolloff_std": 2169.236280336179,
    "embed_flatness_mean": 0.02078983746469021,
    "embed_flatness_std": 0.039562974125146866,
    "embed_zcr_mean": 0.06374607378620102,
    "embed_zcr_std": 0.07892481163083073,
    "embed_rms_mean": 0.27774742245674133,
    "embed_rms_std": 0.10423966497182846,
    "embed_onset_mean": 1.6549957990646362,
    "embed_onset_std": 1.7332736253738403,
    "fingerprint_version": 2.0,
    "fingerprint_duration_seconds": 68.13945578231292,
    "embed_mfcc_delta_mean": -0.0028013591654598713,
    "embed_mfcc_delta_std": 3.463724374771118,
    "embed_chroma_delta_mean": -1.3830032912665047e-05,
    "embed_chroma_delta_std": 0.025777306407690048,
    "embed_onset_peak": 30.23796844482422,
    "embed_onset_p95": 5.357579231262207,
    "embed_rms_p10": 0.1114836260676384,
    "embed_rms_p50": 0.27070504426956177,
    "embed_rms_p90": 0.4330143332481384,
    "embedding_nonzero_count": 100.0
  },
  "rhythm": {
    "onset_count": 326,
    "onset_density": 4.784307178937308,
    "drum_activity": "High",
    "estimated_bars": 40,
    "seconds_per_bar": 1.7142857142857142
  },
  "sections": [
    {
      "name": "Intro",
      "start": 0.0,
      "end": 16.0,
      "avg_energy": 0.3631923794746399,
      "energy_label": "Medium"
    },
    {
      "name": "Chorus / Hook",
      "start": 16.0,
      "end": 32.0,
      "avg_energy": 0.36041608452796936,
      "energy_label": "Medium"
    },
    {
      "name": "Verse",
      "start": 32.0,
      "end": 48.0,
      "avg_energy": 0.3674701452255249,
      "energy_label": "Medium"
    },
    {
      "name": "Outro",
      "start": 48.0,
      "end": 68.1394375,
      "avg_energy": 0.29596054553985596,
      "energy_label": "Medium"
    }
  ],
  "scores": {
    "mix": 86,
    "master": 86,
    "arrangement": 65,
    "release": 80,
    "energy": 7.879061967483282,
    "bass_strength": 6.288252802060873,