{
  "basic": {
    "file_name": "Fimiguerrero - bloodonmyface.wav",
    "file_path": "/Volumes/POLLY/tracks/Fimiguerrero/Fimiguerrero - bloodonmyface.wav",
    "sample_rate": 48000,
    "duration_seconds": 128.365,
    "bpm": 140.0,
    "key": "F# Minor",
    "key_note": "F#",
    "key_mode": "Minor",
    "key_confidence": 43.372016277672955
  },
  "loudness": {
    "peak_db": 5.694894361488091e-05,
    "rms_db": -10.422551658581533,
    "dynamic_range_db": 10.422608607525147,
    "clipping_detected": true,
    "clipping_samples": 359,
    "clipping_percent": 0.00582648437398564,
    "headroom_db": -5.694894361488091e-05
  },
  "frequency": {
    "band_percentages": {
      "Sub": 16.523285005799178,
      "Bass / 808": 15.087500009570995,
      "Mud": 14.146410541147263,
      "Low Mids": 14.00078743098553,
      "Mids / Melody": 14.390794467938708,
      "Harsh Zone": 13.78932377640399,
      "Highs": 13.713570021218551,
      "Air": 12.137652521524737,
      "Vocal Range": 14.998449015848529
    },
    "brightness_centroid_hz": 3174.4933296292947,
    "brightness_label": "Medium",
    "spectral_rolloff_hz": 6675.556969256336,
    "dominant_band": "Sub",
    "low_end_total_percent": 31.610785015370173,
    "mid_total_percent": 42.537992440071505,
    "top_total_percent": 25.851222542743287
  },
  "fingerprint": {
    "mfcc_1": -143.113037109375,
    "mfcc_2": -34.68352127075195,
    "mfcc_3": -13.567739486694336,
    "mfcc_4": 0.8237144947052002,
    "mfcc_5": -4.030853748321533,
    "mfcc_6": 1.3359450101852417,
    "mfcc_7": -8.384481430053711,
    "mfcc_8": 2.489736557006836,
    "mfcc_9": -6.182499408721924,
    "mfcc_10": 5.268909931182861,
    "mfcc_11": -7.302070617675781,
    "mfcc_12": 4.709514141082764,
    "mfcc_13": -3.35920786857605,
    "chroma_1": 0.2782536745071411,
    "chroma_2": 0.46068239212036133,
    "chroma_3": 0.5312118530273438,
    "chroma_4": 0.36258038878440857,
    "chroma_5": 0.34179195761680603,
    "chroma_6": 0.3917514681816101,
    "chroma_7": 0.6619166135787964,
    "chroma_8": 0.39359813928604126,
    "chroma_9": 0.37665092945098877,
    "chroma_10": 0.3469747006893158,
    "chroma_11": 0.2659621238708496,
    "chroma_12": 0.24705490469932556,
    "spectral_contrast": 21.83870479241537,
    "spectral_flatness": 0.040781643241643906,
    "zero_crossing_rate": 0.1063659479005418,
    "embed_mfcc_1_mean": -143.113037109375,
    "embed_mfcc_1_std": 69.15343475341797,
    "embed_mfcc_2_mean": -34.68352127075195,
    "embed_mfcc_2_std": 38.50111770629883,
    "embed_mfcc_3_mean": -13.567739486694336,
    "embed_mfcc_3_std": 29.33648681640625,
    "embed_mfcc_4_mean": 0.8237144947052002,
    "embed_mfcc_4_std": 20.907007217407227,
    "embed_mfcc_5_mean": -4.030853748321533,
    "embed_mfcc_5_std": 18.709999084472656,
    "embed_mfcc_6_mean": 1.3359450101852417,
    "embed_mfcc_6_std": 16.09575080871582,
    "embed_mfcc_7_mean": -8.384481430053711,
    "embed_mfcc_7_std": 15.471625328063965,
    "embed_mfcc_8_mean": 2.489736557006836,
    "embed_mfcc_8_std": 13.624260902404785,
    "embed_mfcc_9_mean": -6.182499408721924,
    "embed_mfcc_9_std": 12.26661205291748,
    "embed_mfcc_10_mean": 5.268909931182861,
    "embed_mfcc_10_std": 11.61194133758545,
    "embed_mfcc_11_mean": -7.302070617675781,
    "embed_mfcc_11_std": 11.817338943481445,
    "embed_mfcc_12_mean": 4.709514141082764,
    "embed_mfcc_12_std": 10.71730899810791,
    "embed_mfcc_13_mean": -3.35920786857605,
    "embed_mfcc_13_std": 9.553831100463867,
    "embed_mfcc_14_mean": 2.0956339836120605,
    "embed_mfcc_14_std": 9.96498966217041,
    "embed_mfcc_15_mean": 0.1195894330739975,
    "embed_mfcc_15_std": 9.654308319091797,
    "embed_mfcc_16_mean": 3.774998426437378,
    "embed_mfcc_16_std": 8.233930587768555,
    "embed_mfcc_17_mean": -4.433125019073486,
    "embed_mfcc_17_std": 8.306476593017578,
    "embed_mfcc_18_mean": 4.393342971801758,
    "embed_mfcc_18_std": 7.647466659545898,
    "embed_mfcc_19_mean": -1.2603968381881714,
    "embed_mfcc_19_std": 7.01092004776001,
    "embed_mfcc_20_mean": 1.0205013751983643,
    "embed_mfcc_20_std": 7.063462257385254,
    "embed_chroma_1_mean": 0.2782536745071411,
    "embed_chroma_1_std": 0.1799510270357132,
    "embed_chroma_2_mean": 0.46068239212036133,
    "embed_chroma_2_std": 0.26727065443992615,
    "embed_chroma_3_mean": 0.5312118530273438,
    "embed_chroma_3_std": 0.36664173007011414,
    "embed_chroma_4_mean": 0.36258038878440857,
    "embed_chroma_4_std": 0.2553287446498871,
    "embed_chroma_5_mean": 0.34179195761680603,
    "embed_chroma_5_std": 0.2264130711555481,
    "embed_chroma_6_mean": 0.3917514681816101,
    "embed_chroma_6_std": 0.2249021977186203,
    "embed_chroma_7_mean": 0.6619166135787964,
    "embed_chroma_7_std": 0.34037700295448303,
    "embed_chroma_8_mean": 0.39359813928604126,
    "embed_chroma_8_std": 0.24920323491096497,
    "embed_chroma_9_mean": 0.37665092945098877,
    "embed_chroma_9_std": 0.257277250289917,
    "embed_chroma_10_mean": 0.3469747006893158,
    "embed_chroma_10_std": 0.24018535017967224,
    "embed_chroma_11_mean": 0.2659621238708496,
    "embed_chroma_11_std": 0.19066056609153748,
    "embed_chroma_12_mean": 0.24705490469932556,
    "embed_chroma_12_std": 0.19448402523994446,
    "embed_contrast_1_mean": 20.77642250061035,
    "embed_contrast_1_std": 5.5681023597717285,
    "embed_contrast_2_mean": 14.981951713562012,
    "embed_contrast_2_std": 4.338809967041016,
    "embed_contrast_3_mean": 17.565168380737305,
    "embed_contrast_3_std": 4.593235015869141,
    "embed_contrast_4_mean": 16.269454956054688,
    "embed_contrast_4_std": 3.819338083267212,
    "embed_contrast_5_mean": 17.19304847717285,
    "embed_contrast_5_std": 3.4153873920440674,
    "embed_contrast_6_mean": 17.021020889282227,
    "embed_contrast_6_std": 2.838045120239258,
    "embed_contrast_7_mean": 49.06386947631836,
    "embed_contrast_7_std": 3.351907968521118,
    "embed_chroma_entropy": 2.4453701972961426,
    "embed_centroid_mean": 2856.137504784113,
    "embed_centroid_std": 1086.3186739240746,
    "embed_rolloff_mean": 6072.340364721907,
    "embed_rolloff_std": 1899.1938859870054,
    "embed_flatness_mean": 0.040781643241643906,
    "embed_flatness_std": 0.06154982000589371,
    "embed_zcr_mean": 0.1063659479005418,
    "embed_zcr_std": 0.09966355741769478,
    "embed_rms_mean": 0.25632357597351074,
    "embed_rms_std": 0.1591636836528778,
    "embed_onset_mean": 2.025371789932251,
    "embed_onset_std": 2.110260486602783,
    "fingerprint_version": 2.0,
    "fingerprint_duration_seconds": 128.36503401360545,
    "embed_mfcc_delta_mean": 0.0015536942519247532,
    "embed_mfcc_delta_std": 3.5518815517425537,
    "embed_chroma_delta_mean": -1.0927099538093898e-05,
    "embed_chroma_delta_std": 0.027468241751194,
    "embed_onset_peak": 22.80780601501465,
    "embed_onset_p95": 6.41233491897583,
    "embed_rms_p10": 0.06786830723285675,
    "embed_rms_p50": 0.19659529626369476,
    "embed_rms_p90": 0.4738783538341522,
    "embedding_nonzero_count": 100.0
  },
  "rhythm": {
    "onset_count": 661,
    "onset_density": 5.149378724730261,
    "drum_activity": "High",
    "estimated_bars": 75,
    "seconds_per_bar": 1.7142857142857142
  },
  "sections": [
    {
      "name": "Intro",
      "start": 0.0,
      "end": 16.0,
      "avg_energy": 0.06879036128520966,
      "energy_label": "Low"
    },
    {
      "name": "Chorus / Hook",
      "start": 16.0,
      "end": 32.0,
      "avg_energy": 0.1464199423789978,
      "energy_label": "Low"
    },
    {
      "name": "Verse",
      "start": 32.0,
      "end": 48.0,
      "avg_energy": 0.35425686836242676,
      "energy_label": "High"
    },
    {
      "name": "Chorus / Hook",
      "start": 48.0,
      "end": 64.0,
      "avg_energy": 0.38151484727859497,
      "energy_label": "High"
    },
    {
      "name": "Verse",
      "start": 64.0,
      "end": 80.0,
      "avg_energy": 0.3426764905452728,