{
  "basic": {
    "file_name": "Fimiguerrero - Steff.wav",
    "file_path": "/Users/jayden/SoundLens/tracks/Fimiguerrero/Fimiguerrero - Steff.wav",
    "sample_rate": 48000,
    "duration_seconds": 176.95347916666665,
    "bpm": 152.03,
    "key": "F# Minor",
    "key_note": "F#",
    "key_mode": "Minor",
    "key_confidence": 45.139979349298116
  },
  "loudness": {
    "peak_db": 0.00031062606546728696,
    "rms_db": -9.919924564441681,
    "dynamic_range_db": 9.920235190507148,
    "clipping_detected": true,
    "clipping_samples": 1892,
    "clipping_percent": 0.02227515777157532,
    "headroom_db": -0.00031062606546728696
  },
  "frequency": {
    "band_percentages": {
      "Sub": 16.31425027997849,
      "Bass / 808": 14.442652303910133,
      "Mud": 13.55325163622182,
      "Low Mids": 13.947092883955372,
      "Mids / Melody": 14.274621066124308,
      "Harsh Zone": 14.068749219683777,
      "Highs": 14.43627918398376,
      "Air": 13.031852644072137,
      "Vocal Range": 14.699473982328987
    },
    "brightness_centroid_hz": 3755.519368530293,
    "brightness_label": "High",
    "spectral_rolloff_hz": 7289.547072784811,
    "dominant_band": "Sub",
    "low_end_total_percent": 30.756902583888625,
    "mid_total_percent": 41.774965586301505,
    "top_total_percent": 27.468131828055895
  },
  "fingerprint": {
    "mfcc_1": -120.65499877929688,
    "mfcc_2": 105.79288482666016,
    "mfcc_3": -31.65672492980957,
    "mfcc_4": 51.72944641113281,
    "mfcc_5": -12.047325134277344,
    "mfcc_6": 26.046934127807617,
    "mfcc_7": -2.336538791656494,
    "mfcc_8": 12.395773887634277,
    "mfcc_9": 4.023456573486328,
    "mfcc_10": 9.95455265045166,
    "mfcc_11": -1.3297743797302246,
    "mfcc_12": 4.744080543518066,
    "mfcc_13": 7.663824081420898,
    "chroma_1": 0.4195013642311096,
    "chroma_2": 0.38248410820961,
    "chroma_3": 0.31168508529663086,
    "chroma_4": 0.2876802384853363,
    "chroma_5": 0.4128809869289398,
    "chroma_6": 0.3453238010406494,
    "chroma_7": 0.6759173274040222,
    "chroma_8": 0.5580561757087708,
    "chroma_9": 0.3015337884426117,
    "chroma_10": 0.20666493475437164,
    "chroma_11": 0.20820440351963043,
    "chroma_12": 0.3375111222267151,
    "spectral_contrast": 19.49742563993682,
    "spectral_flatness": 0.001421721070073545,
    "zero_crossing_rate": 0.08097118816870102
  },
  "rhythm": {
    "onset_count": 756,
    "onset_density": 4.2723093298886115,
    "drum_activity": "High",
    "estimated_bars": 112,
    "seconds_per_bar": 1.5786357955666646
  },
  "sections": [
    {
      "name": "Section 1",
      "start": 0.0,
      "end": 12.629086364533316,
      "avg_energy": 0.4119582176208496,
      "energy_label": "High"
    },
    {
      "name": "Section 2",
      "start": 12.629086364533316,
      "end": 25.258172729066633,
      "avg_energy": 0.3456796407699585,
      "energy_label": "High"
    },
    {
      "name": "Section 3",
      "start": 25.258172729066633,
      "end": 37.88725909359995,
      "avg_energy": 0.3284650444984436,
      "energy_label": "Medium"
    },
    {
      "name": "Section 4",
      "start": 37.88725909359995,
      "end": 50.516345458133266,
      "avg_energy": 0.32399410009384155,
      "energy_label": "Medium"
    },
    {
      "name": "Section 5",
      "start": 50.516345458133266,
      "end": 63.14543182266658,
      "avg_energy": 0.32725775241851807,
      "energy_label": "Medium"
    },
    {
      "name": "Section 6",
      "start": 63.14543182266658,
      "end": 75.7745181871999,
      "avg_energy": 0.18150657415390015,
      "energy_label": "Low"
    },
    {
      "name": "Section 7",
      "start": 75.7745181871999,
      "end": 88.40360455173322,
      "avg_energy": 0.3264138102531433,
      "energy_label": "Medium"
    },
    {
      "name": "Section 8",
      "start": 88.40360455173322,
      "end": 101.03269091626655,
      "avg_energy": 0.342478483915329,
      "energy_label": "Medium"
    },
    {
      "name": "Section 9",
      "start": 101.03269091626655,
      "end": 113.66177728079987,
      "avg_energy": 0.32813215255737305,
      "energy_label": "Medium"
    },
    {
      "name": "Section 10",
      "start": 113.66177728079987,
      "end": 126.29086364533319,
      "avg_energy": 0.4222108721733093,
      "energy_label": "High"
    },
    {
      "name": "Section 11",
      "start": 126.29086364533319,
      "end": 138.9199500098665,
      "avg_energy": 0.4399714767932892,
      "energy_label": "High"
    },
    {
      "name": "Section 12",
      "start": 138.9199500098665,
      "end": 151.54903637439983,
      "avg_energy": 0.11017773300409317,
      "energy_label": "Low"
    },
    {
      "name": "Section 13",
      "start": 151.54903637439983,
      "end": 164.17812273893315,
      "avg_energy": 0.25868886709213257,
      "energy_label": "Low"
    },
    {
      "name": "Section 14",
      "start": 164.17812273893315,
      "end": 176.95347916666665,
      "avg_energy": 0.05186121165752411,
      "energy_label": "Low"
    }
  ],
  "scores": {
    "mix": 86,
    "master": 86,
    "arrangement": 81,
    "release": 84,
    "energy": 7.5400377177791595,
    "bass_strength": 6.151380516777725,
    "darkness": 2.488961262939414,
    "brightness": 7.511038737060586,
    "drum_bounce": 10,
    "vocal_space": 2.586257504946219
  },
  "stem_balance": null,
  "top_problems": [
    "Clipping detected: 1892 samples are near/over the limit.",
    "Mud range is elevated around 250-500 Hz.",
    "Drum movement is very active; the beat could become overcrowded.",
    "Hook/verse contrast looks low, but arrangement detection is still an estimate."
  ],
  "suggested_fixes": [
    "Lower the master/output, then use a soft clipper or limiter with safer ceiling.",
    "Gently cut 250-500 Hz on melodies, pads, or the master if the mix feels cloudy.",
    "Mute extra percussion in some sections so the hook/drop feels bigger.",
    "Check the waveform/sections by ear. If the hook feels flat, add contrast with melody layers, drum changes, or vocal energy."
  ],
  "artist_notes": [
    "Autotune/key starting point: F# Minor. Confidence: 45.1%.",
    "Beat energy: 7.5/10. Darkness: 2.5/10.",
    "Vocal space estimate: 2.6/10. Higher means easier space for vocals."
  ],
  "producer_notes": [
    "Low-end presence looks usable for the selected style.",
    "Selected style preset: rage_trap.",
    "Dominant frequency area: Sub.",
    "Drum activity is high at 4.27 hits/sec.",
    "Estimated length: 112 bars at 152 BPM."
  ],
  "master_notes": [
    "Clipping is the first thing to fix before judging the rest of the mix.",
    "Loudness is in a usable range for the selected style.",
    "Peak: 0.00 dB. RMS: -9.92 dB. Dynamic range: 9.92 dB."
  ],
  "next_steps": [
    "Lower the master/output, then use a soft clipper or limiter with safer ceiling.",
    "Gently cut 250-500 Hz on melodies, pads, or the master if the mix feels cloudy.",
    "Mute extra percussion in some sections so the hook/drop feels bigger.",
    "Fix the top 1-2 issues, export again, then re-run SoundLens."
  ]
}