{
  "basic": {
    "file_name": "Fimiguerrero - helditup.wav",
    "file_path": "/Volumes/POLLY/tracks/Fimiguerrero/Fimiguerrero - helditup.wav",
    "sample_rate": 48000,
    "duration_seconds": 99.08245833333334,
    "bpm": 140.0,
    "key": "C Minor",
    "key_note": "C",
    "key_mode": "Minor",
    "key_confidence": 42.032913025525204
  },
  "loudness": {
    "peak_db": 0.00041727178627830503,
    "rms_db": -13.111199927670476,
    "dynamic_range_db": 13.111617199456754,
    "clipping_detected": true,
    "clipping_samples": 17,
    "clipping_percent": 0.0003574463861960093,
    "headroom_db": -0.00041727178627830503
  },
  "frequency": {
    "band_percentages": {
      "Sub": 15.7935025074787,
      "Bass / 808": 14.994711265201529,
      "Mud": 14.932752407675325,
      "Low Mids": 14.609051205923443,
      "Mids / Melody": 13.925094242381192,
      "Harsh Zone": 13.333547376201969,
      "Highs": 13.663451706430878,
      "Air": 12.081436663056612,
      "Vocal Range": 15.368541835700917
    },
    "brightness_centroid_hz": 3057.07443247214,
    "brightness_label": "Medium",
    "spectral_rolloff_hz": 6614.943582463128,
    "dominant_band": "Sub",
    "low_end_total_percent": 30.78821377268023,
    "mid_total_percent": 43.46689785597996,
    "top_total_percent": 25.74488836948749
  },
  "fingerprint": {
    "mfcc_1": -159.30555725097656,
    "mfcc_2": -11.139647483825684,
    "mfcc_3": 12.557329177856445,
    "mfcc_4": 0.4210452139377594,
    "mfcc_5": -17.168615341186523,
    "mfcc_6": -0.9195337891578674,
    "mfcc_7": -14.54584789276123,
    "mfcc_8": -1.3928017616271973,
    "mfcc_9": -13.138976097106934,
    "mfcc_10": -2.1267218589782715,
    "mfcc_11": -8.37103271484375,
    "mfcc_12": 0.02413168177008629,
    "mfcc_13": -10.606962203979492,
    "chroma_1": 0.6268868446350098,
    "chroma_2": 0.2803138196468353,
    "chroma_3": 0.38059720396995544,
    "chroma_4": 0.23609022796154022,
    "chroma_5": 0.289162278175354,
    "chroma_6": 0.3610154986381531,
    "chroma_7": 0.28399673104286194,
    "chroma_8": 0.7439492344856262,
    "chroma_9": 0.33981853723526,
    "chroma_10": 0.41502612829208374,
    "chroma_11": 0.4479416012763977,
    "chroma_12": 0.33083686232566833,
    "spectral_contrast": 21.982149030260224,
    "spectral_flatness": 0.028471458703279495,
    "zero_crossing_rate": 0.1054499875527179,
    "embed_mfcc_1_mean": -159.30555725097656,
    "embed_mfcc_1_std": 105.88793182373047,
    "embed_mfcc_2_mean": -11.139647483825684,
    "embed_mfcc_2_std": 40.13916015625,
    "embed_mfcc_3_mean": 12.557329177856445,
    "embed_mfcc_3_std": 26.501148223876953,
    "embed_mfcc_4_mean": 0.4210452139377594,
    "embed_mfcc_4_std": 15.645708084106445,
    "embed_mfcc_5_mean": -17.168615341186523,
    "embed_mfcc_5_std": 13.971016883850098,
    "embed_mfcc_6_mean": -0.9195337891578674,
    "embed_mfcc_6_std": 14.548304557800293,
    "embed_mfcc_7_mean": -14.54584789276123,
    "embed_mfcc_7_std": 12.432090759277344,
    "embed_mfcc_8_mean": -1.3928017616271973,
    "embed_mfcc_8_std": 13.041144371032715,
    "embed_mfcc_9_mean": -13.138976097106934,
    "embed_mfcc_9_std": 10.507579803466797,
    "embed_mfcc_10_mean": -2.1267218589782715,
    "embed_mfcc_10_std": 9.678007125854492,
    "embed_mfcc_11_mean": -8.37103271484375,
    "embed_mfcc_11_std": 9.761337280273438,
    "embed_mfcc_12_mean": 0.02413168177008629,
    "embed_mfcc_12_std": 9.639915466308594,
    "embed_mfcc_13_mean": -10.606962203979492,
    "embed_mfcc_13_std": 8.8563871383667,
    "embed_mfcc_14_mean": 0.12612289190292358,
    "embed_mfcc_14_std": 8.529349327087402,
    "embed_mfcc_15_mean": -5.7343010902404785,
    "embed_mfcc_15_std": 7.2409210205078125,
    "embed_mfcc_16_mean": -0.6882270574569702,
    "embed_mfcc_16_std": 7.4174370765686035,
    "embed_mfcc_17_mean": -4.366064548492432,
    "embed_mfcc_17_std": 7.268405437469482,
    "embed_mfcc_18_mean": 2.798161268234253,
    "embed_mfcc_18_std": 7.128481388092041,
    "embed_mfcc_19_mean": -0.09349590539932251,
    "embed_mfcc_19_std": 6.421164035797119,
    "embed_mfcc_20_mean": 3.4838876724243164,
    "embed_mfcc_20_std": 6.422688961029053,
    "embed_chroma_1_mean": 0.6268868446350098,
    "embed_chroma_1_std": 0.34825024008750916,
    "embed_chroma_2_mean": 0.2803138196468353,
    "embed_chroma_2_std": 0.18290041387081146,
    "embed_chroma_3_mean": 0.38059720396995544,
    "embed_chroma_3_std": 0.239432230591774,
    "embed_chroma_4_mean": 0.23609022796154022,
    "embed_chroma_4_std": 0.15961356461048126,
    "embed_chroma_5_mean": 0.289162278175354,
    "embed_chroma_5_std": 0.1916390359401703,
    "embed_chroma_6_mean": 0.3610154986381531,
    "embed_chroma_6_std": 0.2260318547487259,
    "embed_chroma_7_mean": 0.28399673104286194,
    "embed_chroma_7_std": 0.164048969745636,
    "embed_chroma_8_mean": 0.7439492344856262,
    "embed_chroma_8_std": 0.27647268772125244,
    "embed_chroma_9_mean": 0.33981853723526,
    "embed_chroma_9_std": 0.20831045508384705,
    "embed_chroma_10_mean": 0.41502612829208374,
    "embed_chroma_10_std": 0.28250402212142944,
    "embed_chroma_11_mean": 0.4479416012763977,
    "embed_chroma_11_std": 0.29726946353912354,
    "embed_chroma_12_mean": 0.33083686232566833,
    "embed_chroma_12_std": 0.22393913567066193,
    "embed_contrast_1_mean": 20.73343849182129,
    "embed_contrast_1_std": 5.357733726501465,
    "embed_contrast_2_mean": 14.107275009155273,
    "embed_contrast_2_std": 3.7518324851989746,
    "embed_contrast_3_mean": 18.293712615966797,
    "embed_contrast_3_std": 4.108165264129639,
    "embed_contrast_4_mean": 17.347440719604492,
    "embed_contrast_4_std": 3.401496648788452,
    "embed_contrast_5_mean": 16.406312942504883,
    "embed_contrast_5_std": 2.9817028045654297,
    "embed_contrast_6_mean": 16.6285400390625,
    "embed_contrast_6_std": 2.752582550048828,
    "embed_contrast_7_mean": 50.35832595825195,
    "embed_contrast_7_std": 3.935828447341919,
    "embed_chroma_entropy": 2.424971580505371,
    "embed_centroid_mean": 2679.4476511386697,
    "embed_centroid_std": 1121.7086268893402,
    "embed_rolloff_mean": 5991.742423861074,
    "embed_rolloff_std": 2005.414909722597,
    "embed_flatness_mean": 0.028471458703279495,
    "embed_flatness_std": 0.03934640809893608,
    "embed_zcr_mean": 0.1054499875527179,
    "embed_zcr_std": 0.08905960721406753,
    "embed_rms_mean": 0.1888735592365265,
    "embed_rms_std": 0.07553718984127045,
    "embed_onset_mean": 1.6501024961471558,
    "embed_onset_std": 1.7383109331130981,
    "fingerprint_version": 2.0,
    "fingerprint_duration_seconds": 99.08249433106576,
    "embed_mfcc_delta_mean": -0.007725616917014122,
    "embed_mfcc_delta_std": 2.9001753330230713,
    "embed_chroma_delta_mean": 5.717997282772558e-06,
    "embed_chroma_delta_std": 0.025169458240270615,
    "embed_onset_peak": 15.277887344360352,
    "embed_onset_p95": 5.264214038848877,
    "embed_rms_p10": 0.08993387222290039,
    "embed_rms_p50": 0.19354212284088135,
    "embed_rms_p90": 0.2810560166835785,
    "embedding_nonzero_count": 100.0
  },
  "rhythm": {
    "onset_count": 465,
    "onset_density": 4.6930607881734865,
    "drum_activity": "High",
    "estimated_bars": 58,
    "seconds_per_bar": 1.7142857142857142
  },
  "sections": [
    {
      "name": "Intro",
      "start": 0.0,
      "end": 16.0,
      "avg_energy": 0.18058988451957703,
      "energy_label": "Low"
    },
    {
      "name": "Chorus / Hook",
      "start": 16.0,
      "end": 32.0,
      "avg_energy": 0.2544768452644348,
      "energy_label": "High"
    },
    {
      "name": "Verse",
      "start": 32.0,
      "end": 48.0,
      "avg_energy": 0.24669769406318665,
      "energy_label": "Medium"
    },
    {
      "name": "Chorus / Hook",
      "start": 48.0,
      "end": 64.0,
      "avg_energy": 0.23426702618598938,
      "energy_label": "Medium"
    },
    {
      "name": "Verse",
      "start": 64.0,
      "end": 80.0,
      "avg_energy": 0.22257298231124878,