{
  "basic": {
    "file_name": "Fimiguerrero - gangsta party.wav",
    "file_path": "/Users/jayden/SoundLens/tracks/Fimiguerrero/Fimiguerrero - gangsta party.wav",
    "sample_rate": 48000,
    "duration_seconds": 95.5,
    "bpm": 144.23,
    "key": "D# Minor",
    "key_note": "D#",
    "key_mode": "Minor",
    "key_confidence": 46.45138448016866
  },
  "loudness": {
    "peak_db": 4.1417450567990355e-05,
    "rms_db": -9.999135674370162,
    "dynamic_range_db": 9.99917709182073,
    "clipping_detected": true,
    "clipping_samples": 2439,
    "clipping_percent": 0.05320680628272251,
    "headroom_db": -4.1417450567990355e-05
  },
  "frequency": {
    "band_percentages": {
      "Sub": 16.531539362372136,
      "Bass / 808": 15.06405656031862,
      "Mud": 14.48677704508622,
      "Low Mids": 14.880452762991617,
      "Mids / Melody": 14.410661779845599,
      "Harsh Zone": 13.342316065555277,
      "Highs": 13.116818955444382,
      "Air": 11.509693532101542,
      "Vocal Range": 15.473591745359666
    },
    "brightness_centroid_hz": 2502.5221718387766,
    "brightness_label": "Medium",
    "spectral_rolloff_hz": 5129.969845878937,
    "dominant_band": "Sub",
    "low_end_total_percent": 31.595595922690755,
    "mid_total_percent": 43.777891587923435,
    "top_total_percent": 24.626512487545924
  },
  "fingerprint": {
    "mfcc_1": -141.05715942382812,
    "mfcc_2": 144.85467529296875,
    "mfcc_3": -19.830730438232422,
    "mfcc_4": 28.29375457763672,
    "mfcc_5": -17.586153030395508,
    "mfcc_6": 7.771836280822754,
    "mfcc_7": -9.594762802124023,
    "mfcc_8": 0.902327299118042,
    "mfcc_9": -0.5052604675292969,
    "mfcc_10": -3.301687240600586,
    "mfcc_11": -2.7442946434020996,
    "mfcc_12": 1.7951712608337402,
    "mfcc_13": -0.027741098776459694,
    "chroma_1": 0.3284028470516205,
    "chroma_2": 0.4152240455150604,
    "chroma_3": 0.38773736357688904,
    "chroma_4": 0.7440541386604309,
    "chroma_5": 0.7078684568405151,
    "chroma_6": 0.586007833480835,
    "chroma_7": 0.42538201808929443,
    "chroma_8": 0.31512996554374695,
    "chroma_9": 0.446554571390152,
    "chroma_10": 0.29346713423728943,
    "chroma_11": 0.48344069719314575,
    "chroma_12": 0.3124948740005493,
    "spectral_contrast": 20.43179218336817,
    "spectral_flatness": 0.00040166499093174934,
    "zero_crossing_rate": 0.04229565915024012
  },
  "rhythm": {
    "onset_count": 653,
    "onset_density": 6.837696335078534,
    "drum_activity": "High",
    "estimated_bars": 57,
    "seconds_per_bar": 1.6640088747139985
  },
  "sections": [
    {
      "name": "Section 1",
      "start": 0.0,
      "end": 13.312070997711988,
      "avg_energy": 0.32874149084091187,
      "energy_label": "Medium"
    },
    {
      "name": "Section 2",
      "start": 13.312070997711988,
      "end": 26.624141995423976,
      "avg_energy": 0.3618178963661194,
      "energy_label": "High"
    },
    {
      "name": "Section 3",
      "start": 26.624141995423976,
      "end": 39.93621299313597,
      "avg_energy": 0.18763022124767303,
      "energy_label": "Low"
    },
    {
      "name": "Section 4",
      "start": 39.93621299313597,
      "end": 53.24828399084795,
      "avg_energy": 0.3467146158218384,
      "energy_label": "Medium"
    },
    {
      "name": "Section 5",
      "start": 53.24828399084795,
      "end": 66.56035498855994,
      "avg_energy": 0.3519742488861084,
      "energy_label": "Medium"
    },
    {
      "name": "Section 6",
      "start": 66.56035498855994,
      "end": 79.87242598627192,
      "avg_energy": 0.3601829707622528,
      "energy_label": "High"
    },
    {
      "name": "Section 7",
      "start": 79.87242598627192,
      "end": 95.5,
      "avg_energy": 0.24335037171840668,
      "energy_label": "Low"
    }
  ],
  "scores": {
    "mix": 86,
    "master": 86,
    "arrangement": 71,
    "release": 82,
    "energy": 7.500432162814919,
    "bass_strength": 6.319119184538151,
    "darkness": 4.994955656322447,
    "brightness": 5.005044343677553,
    "drum_bounce": 10,
    "vocal_space": 2.079510215823853
  },
  "stem_balance": null,
  "top_problems": [
    "Clipping detected: 2439 samples are near/over the limit.",
    "Mud range is elevated around 250-500 Hz.",
    "Drum movement is very active; the beat could become overcrowded.",
    "Hook/verse contrast looks low, but arrangement detection is still an estimate."
  ],
  "suggested_fixes": [
    "Lower the master/output, then use a soft clipper or limiter with safer ceiling.",
    "Gently cut 250-500 Hz on melodies, pads, or the master if the mix feels cloudy.",
    "Mute extra percussion in some sections so the hook/drop feels bigger.",
    "Check the waveform/sections by ear. If the hook feels flat, add contrast with melody layers, drum changes, or vocal energy."
  ],
  "artist_notes": [
    "Autotune/key starting point: D# Minor. Confidence: 46.5%.",
    "Beat energy: 7.5/10. Darkness: 5.0/10.",
    "Vocal space estimate: 2.1/10. Higher means easier space for vocals."
  ],
  "producer_notes": [
    "Low-end presence looks usable for the selected style.",
    "Selected style preset: rage_trap.",
    "Dominant frequency area: Sub.",
    "Drum activity is high at 6.84 hits/sec.",
    "Estimated length: 57 bars at 144 BPM."
  ],
  "master_notes": [
    "Clipping is the first thing to fix before judging the rest of the mix.",
    "Loudness is in a usable range for the selected style.",
    "Peak: 0.00 dB. RMS: -10.00 dB. Dynamic range: 10.00 dB."
  ],
  "next_steps": [
    "Lower the master/output, then use a soft clipper or limiter with safer ceiling.",
    "Gently cut 250-500 Hz on melodies, pads, or the master if the mix feels cloudy.",
    "Mute extra percussion in some sections so the hook/drop feels bigger.",
    "Fix the top 1-2 issues, export again, then re-run SoundLens."
  ]
}