{
  "basic": {
    "file_name": "Fimiguerrero - helditup.wav",
    "file_path": "/Users/jayden/SoundLens/tracks/Fimiguerrero/Fimiguerrero - helditup.wav",
    "sample_rate": 48000,
    "duration_seconds": 99.08245833333334,
    "bpm": 160.71,
    "key": "G Major",
    "key_note": "G",
    "key_mode": "Major",
    "key_confidence": 45.12890472498841
  },
  "loudness": {
    "peak_db": 0.00041727178627830503,
    "rms_db": -13.111199927670476,
    "dynamic_range_db": 13.111617199456754,
    "clipping_detected": true,
    "clipping_samples": 17,
    "clipping_percent": 0.0003574463861960093,
    "headroom_db": -0.00041727178627830503
  },
  "frequency": {
    "band_percentages": {
      "Sub": 15.7935025074787,
      "Bass / 808": 14.994711265201529,
      "Mud": 14.932752407675325,
      "Low Mids": 14.609051205923443,
      "Mids / Melody": 13.925094242381192,
      "Harsh Zone": 13.333547376201969,
      "Highs": 13.663451706430878,
      "Air": 12.081436663056612,
      "Vocal Range": 15.368541835700917
    },
    "brightness_centroid_hz": 3057.07443247214,
    "brightness_label": "Medium",
    "spectral_rolloff_hz": 6614.943582463128,
    "dominant_band": "Sub",
    "low_end_total_percent": 30.78821377268023,
    "mid_total_percent": 43.46689785597996,
    "top_total_percent": 25.74488836948749
  },
  "fingerprint": {
    "mfcc_1": -139.65342712402344,
    "mfcc_2": 144.5595245361328,
    "mfcc_3": -10.563076972961426,
    "mfcc_4": 61.36335372924805,
    "mfcc_5": -22.01953125,
    "mfcc_6": 15.4380521774292,
    "mfcc_7": -6.3847336769104,
    "mfcc_8": 2.082535982131958,
    "mfcc_9": -2.044745922088623,
    "mfcc_10": -0.3279382288455963,
    "mfcc_11": -3.4185433387756348,
    "mfcc_12": -1.740760326385498,
    "mfcc_13": -1.0199002027511597,
    "chroma_1": 0.6262340545654297,
    "chroma_2": 0.28101080656051636,
    "chroma_3": 0.38102152943611145,
    "chroma_4": 0.23660492897033691,
    "chroma_5": 0.28894203901290894,
    "chroma_6": 0.3611910343170166,
    "chroma_7": 0.28206729888916016,
    "chroma_8": 0.7440024018287659,
    "chroma_9": 0.339632123708725,
    "chroma_10": 0.4119754433631897,
    "chroma_11": 0.4480583071708679,
    "chroma_12": 0.32967066764831543,
    "spectral_contrast": 19.434651173344243,
    "spectral_flatness": 0.0018616735469549894,
    "zero_crossing_rate": 0.05920645387016902
  },
  "rhythm": {
    "onset_count": 465,
    "onset_density": 4.6930607881734865,
    "drum_activity": "High",
    "estimated_bars": 66,
    "seconds_per_bar": 1.4933731566175097
  },
  "sections": [
    {
      "name": "Section 1",
      "start": 0.0,
      "end": 12.0,
      "avg_energy": 0.1427476555109024,
      "energy_label": "Low"
    },
    {
      "name": "Section 2",
      "start": 12.0,
      "end": 24.0,
      "avg_energy": 0.25790655612945557,
      "energy_label": "High"
    },
    {
      "name": "Section 3",
      "start": 24.0,
      "end": 36.0,
      "avg_energy": 0.2510741353034973,
      "energy_label": "High"
    },
    {
      "name": "Section 4",
      "start": 36.0,
      "end": 48.0,
      "avg_energy": 0.24707014858722687,
      "energy_label": "Medium"
    },
    {
      "name": "Section 5",
      "start": 48.0,
      "end": 60.0,
      "avg_energy": 0.25035589933395386,
      "energy_label": "Medium"
    },
    {
      "name": "Section 6",
      "start": 60.0,
      "end": 72.0,
      "avg_energy": 0.17421962320804596,
      "energy_label": "Low"
    },
    {
      "name": "Section 7",
      "start": 72.0,
      "end": 84.0,
      "avg_energy": 0.25788241624832153,
      "energy_label": "High"
    },
    {
      "name": "Section 8",
      "start": 84.0,
      "end": 99.08245833333334,
      "avg_energy": 0.161677286028862,
      "energy_label": "Low"
    }
  ],
  "scores": {
    "mix": 86,
    "master": 86,
    "arrangement": 71,
    "release": 82,
    "energy": 5.944400036164762,
    "bass_strength": 6.157642754536046,
    "darkness": 3.88585113505572,
    "brightness": 6.11414886494428,
    "drum_bounce": 10,
    "vocal_space": 1.9398917217979488
  },
  "stem_balance": null,
  "top_problems": [
    "Clipping detected: 17 samples are near/over the limit.",
    "Mud range is elevated around 250-500 Hz.",
    "Drum movement is very active; the beat could become overcrowded.",
    "Hook/verse contrast looks low, but arrangement detection is still an estimate."
  ],
  "suggested_fixes": [
    "Lower the master/output, then use a soft clipper or limiter with safer ceiling.",
    "Gently cut 250-500 Hz on melodies, pads, or the master if the mix feels cloudy.",
    "Mute extra percussion in some sections so the hook/drop feels bigger.",
    "Check the waveform/sections by ear. If the hook feels flat, add contrast with melody layers, drum changes, or vocal energy."
  ],
  "artist_notes": [
    "Autotune/key starting point: G Major. Confidence: 45.1%.",
    "Beat energy: 5.9/10. Darkness: 3.9/10.",
    "Vocal space estimate: 1.9/10. Higher means easier space for vocals."
  ],
  "producer_notes": [
    "Low-end presence looks usable for the selected style.",
    "Selected style preset: rage_trap.",
    "Dominant frequency area: Sub.",
    "Drum activity is high at 4.69 hits/sec.",
    "Estimated length: 66 bars at 161 BPM."
  ],
  "master_notes": [
    "Clipping is the first thing to fix before judging the rest of the mix.",
    "Loudness is in a usable range for the selected style.",
    "Peak: 0.00 dB. RMS: -13.11 dB. Dynamic range: 13.11 dB."
  ],
  "next_steps": [
    "Lower the master/output, then use a soft clipper or limiter with safer ceiling.",
    "Gently cut 250-500 Hz on melodies, pads, or the master if the mix feels cloudy.",
    "Mute extra percussion in some sections so the hook/drop feels bigger.",
    "Fix the top 1-2 issues, export again, then re-run SoundLens."
  ]
}