{
  "basic": {
    "file_name": "Fimiguerrero - WHERE U AT.wav",
    "file_path": "/Volumes/POLLY/tracks/Fimiguerrero/Fimiguerrero - WHERE U AT.wav",
    "sample_rate": 48000,
    "duration_seconds": 154.74939583333332,
    "bpm": 140.0,
    "key": "C# Major",
    "key_note": "C#",
    "key_mode": "Major",
    "key_confidence": 43.154700147648974
  },
  "loudness": {
    "peak_db": 1.0354386711532726e-06,
    "rms_db": -8.826724907916546,
    "dynamic_range_db": 8.826725943355218,
    "clipping_detected": true,
    "clipping_samples": 18654,
    "clipping_percent": 0.2511318366751836,
    "headroom_db": -1.0354386711532726e-06
  },
  "frequency": {
    "band_percentages": {
      "Sub": 16.659060893369766,
      "Bass / 808": 14.44284381619298,
      "Mud": 13.438128473679106,
      "Low Mids": 14.241262085959963,
      "Mids / Melody": 14.270655405676107,
      "Harsh Zone": 13.927563686350029,
      "Highs": 14.051236125556098,
      "Air": 12.896813197792925,
      "Vocal Range": 14.816169244115082
    },
    "brightness_centroid_hz": 3708.84638940791,
    "brightness_label": "High",
    "spectral_rolloff_hz": 7374.189025020678,
    "dominant_band": "Sub",
    "low_end_total_percent": 31.101904709562746,
    "mid_total_percent": 41.95004596531518,
    "top_total_percent": 26.948049323349025
  },
  "fingerprint": {
    "mfcc_1": -124.4231948852539,
    "mfcc_2": -59.81072235107422,
    "mfcc_3": -14.110203742980957,
    "mfcc_4": -4.930224895477295,
    "mfcc_5": -11.82278823852539,
    "mfcc_6": -3.1805033683776855,
    "mfcc_7": -5.713089942932129,
    "mfcc_8": 9.758037567138672,
    "mfcc_9": -6.200281620025635,
    "mfcc_10": 11.909722328186035,
    "mfcc_11": 0.23594406247138977,
    "mfcc_12": 0.9103423953056335,
    "mfcc_13": 0.759273111820221,
    "chroma_1": 0.27244946360588074,
    "chroma_2": 0.7404117584228516,
    "chroma_3": 0.3163525462150574,
    "chroma_4": 0.18901143968105316,
    "chroma_5": 0.16242185235023499,
    "chroma_6": 0.20654001832008362,
    "chroma_7": 0.5299311280250549,
    "chroma_8": 0.27876824140548706,
    "chroma_9": 0.2638278901576996,
    "chroma_10": 0.22561423480510712,
    "chroma_11": 0.18968957662582397,
    "chroma_12": 0.19066616892814636,
    "spectral_contrast": 22.332356023008227,
    "spectral_flatness": 0.040121279656887054,
    "zero_crossing_rate": 0.12291545100256386,
    "embed_mfcc_1_mean": -124.4231948852539,
    "embed_mfcc_1_std": 56.717384338378906,
    "embed_mfcc_2_mean": -59.81072235107422,
    "embed_mfcc_2_std": 35.859535217285156,
    "embed_mfcc_3_mean": -14.110203742980957,
    "embed_mfcc_3_std": 31.847206115722656,
    "embed_mfcc_4_mean": -4.930224895477295,
    "embed_mfcc_4_std": 23.26532745361328,
    "embed_mfcc_5_mean": -11.82278823852539,
    "embed_mfcc_5_std": 23.712610244750977,
    "embed_mfcc_6_mean": -3.1805033683776855,
    "embed_mfcc_6_std": 18.380624771118164,
    "embed_mfcc_7_mean": -5.713089942932129,
    "embed_mfcc_7_std": 16.656320571899414,
    "embed_mfcc_8_mean": 9.758037567138672,
    "embed_mfcc_8_std": 14.418784141540527,
    "embed_mfcc_9_mean": -6.200281620025635,
    "embed_mfcc_9_std": 13.088991165161133,
    "embed_mfcc_10_mean": 11.909722328186035,
    "embed_mfcc_10_std": 12.900333404541016,
    "embed_mfcc_11_mean": 0.23594406247138977,
    "embed_mfcc_11_std": 11.52698802947998,
    "embed_mfcc_12_mean": 0.9103423953056335,
    "embed_mfcc_12_std": 12.0223970413208,
    "embed_mfcc_13_mean": 0.759273111820221,
    "embed_mfcc_13_std": 10.534880638122559,
    "embed_mfcc_14_mean": 9.785919189453125,
    "embed_mfcc_14_std": 9.690498352050781,
    "embed_mfcc_15_mean": 3.6140317916870117,
    "embed_mfcc_15_std": 8.856882095336914,
    "embed_mfcc_16_mean": 5.028135299682617,
    "embed_mfcc_16_std": 9.466506958007812,
    "embed_mfcc_17_mean": 0.4972882866859436,
    "embed_mfcc_17_std": 9.10156536102295,
    "embed_mfcc_18_mean": 3.376763105392456,
    "embed_mfcc_18_std": 8.1591796875,
    "embed_mfcc_19_mean": 1.1006243228912354,
    "embed_mfcc_19_std": 8.70698356628418,
    "embed_mfcc_20_mean": 4.628252983093262,
    "embed_mfcc_20_std": 8.175331115722656,
    "embed_chroma_1_mean": 0.27244946360588074,
    "embed_chroma_1_std": 0.18602029979228973,
    "embed_chroma_2_mean": 0.7404117584228516,
    "embed_chroma_2_std": 0.32975155115127563,
    "embed_chroma_3_mean": 0.3163525462150574,
    "embed_chroma_3_std": 0.18228787183761597,
    "embed_chroma_4_mean": 0.18901143968105316,
    "embed_chroma_4_std": 0.1361333727836609,
    "embed_chroma_5_mean": 0.16242185235023499,
    "embed_chroma_5_std": 0.12866388261318207,
    "embed_chroma_6_mean": 0.20654001832008362,
    "embed_chroma_6_std": 0.1404462456703186,
    "embed_chroma_7_mean": 0.5299311280250549,
    "embed_chroma_7_std": 0.3945924639701843,
    "embed_chroma_8_mean": 0.27876824140548706,
    "embed_chroma_8_std": 0.20183341205120087,
    "embed_chroma_9_mean": 0.2638278901576996,
    "embed_chroma_9_std": 0.20494253933429718,
    "embed_chroma_10_mean": 0.22561423480510712,
    "embed_chroma_10_std": 0.23513992130756378,
    "embed_chroma_11_mean": 0.18968957662582397,
    "embed_chroma_11_std": 0.1927197277545929,
    "embed_chroma_12_mean": 0.19066616892814636,
    "embed_chroma_12_std": 0.22017832100391388,
    "embed_contrast_1_mean": 21.73764991760254,
    "embed_contrast_1_std": 6.079446315765381,
    "embed_contrast_2_mean": 15.26777458190918,
    "embed_contrast_2_std": 4.790305137634277,
    "embed_contrast_3_mean": 17.71179962158203,
    "embed_contrast_3_std": 4.387101650238037,
    "embed_contrast_4_mean": 17.399921417236328,
    "embed_contrast_4_std": 3.569976568222046,
    "embed_contrast_5_mean": 17.612140655517578,
    "embed_contrast_5_std": 2.7989583015441895,
    "embed_contrast_6_mean": 17.2585506439209,
    "embed_contrast_6_std": 2.4110348224639893,
    "embed_contrast_7_mean": 49.33865737915039,
    "embed_contrast_7_std": 3.374974250793457,
    "embed_chroma_entropy": 2.3617849349975586,
    "embed_centroid_mean": 3376.5250187420197,
    "embed_centroid_std": 1124.7686224506301,
    "embed_rolloff_mean": 6871.891779943885,
    "embed_rolloff_std": 1652.7415958715353,
    "embed_flatness_mean": 0.040121279656887054,
    "embed_flatness_std": 0.05110346898436546,
    "embed_zcr_mean": 0.12291545100256386,
    "embed_zcr_std": 0.10757513960044787,
    "embed_rms_mean": 0.2869180738925934,
    "embed_rms_std": 0.12973570823669434,
    "embed_onset_mean": 1.4513039588928223,
    "embed_onset_std": 1.2816487550735474,
    "fingerprint_version": 2.0,
    "fingerprint_duration_seconds": 154.74943310657596,
    "embed_mfcc_delta_mean": 0.0002069516049232334,
    "embed_mfcc_delta_std": 3.0788607597351074,
    "embed_chroma_delta_mean": -1.3000108083360828e-05,
    "embed_chroma_delta_std": 0.026029448956251144,
    "embed_onset_peak": 16.737504959106445,
    "embed_onset_p95": 3.8184914588928223,
    "embed_rms_p10": 0.10644529014825821,
    "embed_rms_p50": 0.30184584856033325,
    "embed_rms_p90": 0.44828906655311584,
    "embedding_nonzero_count": 100.0
  },
  "rhythm": {
    "onset_count": 442,
    "onset_density": 2.85623086035204,
    "drum_activity": "Medium",
    "estimated_bars": 90,
    "seconds_per_bar": 1.7142857142857142
  },
  "sections": [
    {
      "name": "Intro",
      "start": 0.0,
      "end": 16.0,
      "avg_energy": 0.25531792640686035,
      "energy_label": "Low"
    },
    {
      "name": "Chorus / Hook",
      "start": 16.0,
      "end": 32.0,
      "avg_energy": 0.45531773567199707,
      "energy_label": "High"
    },
    {
      "name": "Verse",
      "start": 32.0,
      "end": 48.0,
      "avg_energy": 0.3919861614704132,
      "energy_label": "Medium"
    },
    {
      "name": "Chorus / Hook",
      "start": 48.0,
      "end": 64.0,
      "avg_energy": 0.20425279438495636,
      "energy_label": "Low"
    },
    {
      "name": "Verse",
      "start": 64.0,
      "end": 80.0,
      "avg_energy": 0.3668023943901062,