{
  "basic": {
    "file_name": "Fimiguerrero - Kerosene.wav",
    "file_path": "/Volumes/POLLY/tracks/Fimiguerrero/Fimiguerrero - Kerosene.wav",
    "sample_rate": 48000,
    "duration_seconds": 138.03920833333333,
    "bpm": 140.0,
    "key": "D# Minor",
    "key_note": "D#",
    "key_mode": "Minor",
    "key_confidence": 42.59002566557985
  },
  "loudness": {
    "peak_db": -0.00010561539286119766,
    "rms_db": -7.396333999095772,
    "dynamic_range_db": 7.39622838370291,
    "clipping_detected": true,
    "clipping_samples": 250,
    "clipping_percent": 0.003773082587344598,
    "headroom_db": 0.00010561539286119766
  },
  "frequency": {
    "band_percentages": {
      "Sub": 16.68081646827465,
      "Bass / 808": 15.528567993032095,
      "Mud": 14.49271451747097,
      "Low Mids": 13.976517811649703,
      "Mids / Melody": 13.762553391425032,
      "Harsh Zone": 13.103419641781084,
      "Highs": 13.20922967729265,
      "Air": 12.349600139087668,
      "Vocal Range": 14.846933715699304
    },
    "brightness_centroid_hz": 2395.560986549132,
    "brightness_label": "Medium",
    "spectral_rolloff_hz": 5361.2638357672695,
    "dominant_band": "Sub",
    "low_end_total_percent": 32.20938446130674,
    "mid_total_percent": 42.2317857205457,
    "top_total_percent": 25.558829816380317
  },
  "fingerprint": {
    "mfcc_1": -114.0823974609375,
    "mfcc_2": -1.853737473487854,
    "mfcc_3": 8.399687767028809,
    "mfcc_4": 4.130203723907471,
    "mfcc_5": 5.304637432098389,
    "mfcc_6": 4.101394176483154,
    "mfcc_7": 1.9668384790420532,
    "mfcc_8": 2.8806650638580322,
    "mfcc_9": -1.5727770328521729,
    "mfcc_10": 2.1855437755584717,
    "mfcc_11": -1.1647247076034546,
    "mfcc_12": 6.692547798156738,
    "mfcc_13": -1.9975935220718384,
    "chroma_1": 0.17315436899662018,
    "chroma_2": 0.21452121436595917,
    "chroma_3": 0.32883813977241516,
    "chroma_4": 0.8055095076560974,
    "chroma_5": 0.5878169536590576,
    "chroma_6": 0.3002079725265503,
    "chroma_7": 0.23481939733028412,
    "chroma_8": 0.25217556953430176,
    "chroma_9": 0.22337816655635834,
    "chroma_10": 0.17147350311279297,
    "chroma_11": 0.24712073802947998,
    "chroma_12": 0.18903301656246185,
    "spectral_contrast": 21.054164324087218,
    "spectral_flatness": 0.011847627349197865,
    "zero_crossing_rate": 0.04384771293899961,
    "embed_mfcc_1_mean": -114.0823974609375,
    "embed_mfcc_1_std": 44.30795669555664,
    "embed_mfcc_2_mean": -1.853737473487854,
    "embed_mfcc_2_std": 37.239803314208984,
    "embed_mfcc_3_mean": 8.399687767028809,
    "embed_mfcc_3_std": 21.151737213134766,
    "embed_mfcc_4_mean": 4.130203723907471,
    "embed_mfcc_4_std": 15.072994232177734,
    "embed_mfcc_5_mean": 5.304637432098389,
    "embed_mfcc_5_std": 14.709786415100098,
    "embed_mfcc_6_mean": 4.101394176483154,
    "embed_mfcc_6_std": 11.576461791992188,
    "embed_mfcc_7_mean": 1.9668384790420532,
    "embed_mfcc_7_std": 11.18802547454834,
    "embed_mfcc_8_mean": 2.8806650638580322,
    "embed_mfcc_8_std": 10.297099113464355,
    "embed_mfcc_9_mean": -1.5727770328521729,
    "embed_mfcc_9_std": 8.684279441833496,
    "embed_mfcc_10_mean": 2.1855437755584717,
    "embed_mfcc_10_std": 9.325682640075684,
    "embed_mfcc_11_mean": -1.1647247076034546,
    "embed_mfcc_11_std": 9.078917503356934,
    "embed_mfcc_12_mean": 6.692547798156738,
    "embed_mfcc_12_std": 8.1184663772583,
    "embed_mfcc_13_mean": -1.9975935220718384,
    "embed_mfcc_13_std": 8.10916805267334,
    "embed_mfcc_14_mean": 4.196007251739502,
    "embed_mfcc_14_std": 6.88453483581543,
    "embed_mfcc_15_mean": 1.6646724939346313,
    "embed_mfcc_15_std": 7.050173759460449,
    "embed_mfcc_16_mean": 5.149554252624512,
    "embed_mfcc_16_std": 6.971059322357178,
    "embed_mfcc_17_mean": -2.4969303607940674,
    "embed_mfcc_17_std": 6.894803047180176,
    "embed_mfcc_18_mean": 4.511173248291016,
    "embed_mfcc_18_std": 5.791298866271973,
    "embed_mfcc_19_mean": -1.8484423160552979,
    "embed_mfcc_19_std": 6.256527423858643,
    "embed_mfcc_20_mean": 2.6068825721740723,
    "embed_mfcc_20_std": 5.867849826812744,
    "embed_chroma_1_mean": 0.17315436899662018,
    "embed_chroma_1_std": 0.13505946099758148,
    "embed_chroma_2_mean": 0.21452121436595917,
    "embed_chroma_2_std": 0.15833540260791779,
    "embed_chroma_3_mean": 0.32883813977241516,
    "embed_chroma_3_std": 0.1359521448612213,
    "embed_chroma_4_mean": 0.8055095076560974,
    "embed_chroma_4_std": 0.300689697265625,
    "embed_chroma_5_mean": 0.5878169536590576,
    "embed_chroma_5_std": 0.30807286500930786,
    "embed_chroma_6_mean": 0.3002079725265503,
    "embed_chroma_6_std": 0.15113498270511627,
    "embed_chroma_7_mean": 0.23481939733028412,
    "embed_chroma_7_std": 0.11182389408349991,
    "embed_chroma_8_mean": 0.25217556953430176,
    "embed_chroma_8_std": 0.11230131983757019,
    "embed_chroma_9_mean": 0.22337816655635834,
    "embed_chroma_9_std": 0.1370692253112793,
    "embed_chroma_10_mean": 0.17147350311279297,
    "embed_chroma_10_std": 0.11814287304878235,
    "embed_chroma_11_mean": 0.24712073802947998,
    "embed_chroma_11_std": 0.1749960035085678,
    "embed_chroma_12_mean": 0.18903301656246185,
    "embed_chroma_12_std": 0.15846970677375793,
    "embed_contrast_1_mean": 21.153118133544922,
    "embed_contrast_1_std": 5.180572986602783,
    "embed_contrast_2_mean": 14.44684886932373,
    "embed_contrast_2_std": 4.1595845222473145,
    "embed_contrast_3_mean": 16.05990219116211,
    "embed_contrast_3_std": 3.8789315223693848,
    "embed_contrast_4_mean": 15.745824813842773,
    "embed_contrast_4_std": 3.072506904602051,
    "embed_contrast_5_mean": 16.071468353271484,
    "embed_contrast_5_std": 2.367616653442383,
    "embed_contrast_6_mean": 16.29325294494629,
    "embed_contrast_6_std": 2.232213020324707,
    "embed_contrast_7_mean": 47.608741760253906,
    "embed_contrast_7_std": 2.854253053665161,
    "embed_chroma_entropy": 2.3439133167266846,
    "embed_centroid_mean": 2077.0211153539444,
    "embed_centroid_std": 957.7539438361972,
    "embed_rolloff_mean": 4882.524642708132,
    "embed_rolloff_std": 2236.544087984428,
    "embed_flatness_mean": 0.011847627349197865,
    "embed_flatness_std": 0.030797526240348816,
    "embed_zcr_mean": 0.04384771293899961,
    "embed_zcr_std": 0.0556539622062762,
    "embed_rms_mean": 0.41379058361053467,
    "embed_rms_std": 0.09155263006687164,
    "embed_onset_mean": 1.628777027130127,
    "embed_onset_std": 1.5018057823181152,
    "fingerprint_version": 2.0,
    "fingerprint_duration_seconds": 138.03922902494332,
    "embed_mfcc_delta_mean": 7.448155520251021e-05,
    "embed_mfcc_delta_std": 2.961643695831299,
    "embed_chroma_delta_mean": 8.154594979714602e-06,
    "embed_chroma_delta_std": 0.019663479179143906,
    "embed_onset_peak": 16.0902156829834,
    "embed_onset_p95": 4.618636131286621,
    "embed_rms_p10": 0.2416626214981079,
    "embed_rms_p50": 0.4440392851829529,
    "embed_rms_p90": 0.47477248311042786,
    "embedding_nonzero_count": 100.0
  },
  "rhythm": {
    "onset_count": 664,
    "onset_density": 4.810227528953881,
    "drum_activity": "High",
    "estimated_bars": 81,
    "seconds_per_bar": 1.7142857142857142
  },
  "sections": [
    {
      "name": "Intro",
      "start": 0.0,
      "end": 16.0,
      "avg_energy": 0.3004581928253174,
      "energy_label": "Low"
    },
    {
      "name": "Chorus / Hook",
      "start": 16.0,
      "end": 32.0,
      "avg_energy": 0.4992961287498474,
      "energy_label": "High"
    },
    {
      "name": "Verse",
      "start": 32.0,
      "end": 48.0,
      "avg_energy": 0.48896273970603943,
      "energy_label": "Medium"
    },
    {
      "name": "Chorus / Hook",
      "start": 48.0,
      "end": 64.0,
      "avg_energy": 0.43852049112319946,
      "energy_label": "Medium"
    },
    {
      "name": "Verse",
      "start": 64.0,
      "end": 80.0,
      "avg_energy": 0.3464502692222595,