{
  "basic": {
    "file_name": "Fimiguerrero - Tartan.wav",
    "file_path": "/Users/jayden/SoundLens/tracks/Fimiguerrero/Fimiguerrero - Tartan.wav",
    "sample_rate": 48000,
    "duration_seconds": 109.77402083333334,
    "bpm": 140.62,
    "key": "D# Minor",
    "key_note": "D#",
    "key_mode": "Minor",
    "key_confidence": 47.29027040407019
  },
  "loudness": {
    "peak_db": 0.0001273580304363094,
    "rms_db": -9.492251587527063,
    "dynamic_range_db": 9.4923789455575,
    "clipping_detected": true,
    "clipping_samples": 30658,
    "clipping_percent": 0.5818392443719133,
    "headroom_db": -0.0001273580304363094
  },
  "frequency": {
    "band_percentages": {
      "Sub": 15.426208280696766,
      "Bass / 808": 14.92729715157525,
      "Mud": 14.231928952848042,
      "Low Mids": 14.355250797888171,
      "Mids / Melody": 14.199610192996332,
      "Harsh Zone": 13.739962665319494,
      "Highs": 14.038547810698777,
      "Air": 12.821156811560746,
      "Vocal Range": 14.996945883555643
    },
    "brightness_centroid_hz": 3776.6062041257096,
    "brightness_label": "High",
    "spectral_rolloff_hz": 7756.466642780801,
    "dominant_band": "Sub",
    "low_end_total_percent": 30.353505432272016,
    "mid_total_percent": 42.78678994373254,
    "top_total_percent": 26.85970462225952
  },
  "fingerprint": {
    "mfcc_1": -76.60140991210938,
    "mfcc_2": 124.23914337158203,
    "mfcc_3": -13.940144538879395,
    "mfcc_4": 47.36970520019531,
    "mfcc_5": -20.534713745117188,
    "mfcc_6": 22.108203887939453,
    "mfcc_7": -7.9240498542785645,
    "mfcc_8": 12.271833419799805,
    "mfcc_9": -5.7661638259887695,
    "mfcc_10": 11.02773666381836,
    "mfcc_11": -5.946783542633057,
    "mfcc_12": 7.707508087158203,
    "mfcc_13": 0.4653499722480774,
    "chroma_1": 0.37216058373451233,
    "chroma_2": 0.41033899784088135,
    "chroma_3": 0.4279482960700989,
    "chroma_4": 0.7343025803565979,
    "chroma_5": 0.45150837302207947,
    "chroma_6": 0.5296434164047241,
    "chroma_7": 0.5275736451148987,
    "chroma_8": 0.4733485281467438,
    "chroma_9": 0.42466995120048523,
    "chroma_10": 0.3680839538574219,
    "chroma_11": 0.4680083692073822,
    "chroma_12": 0.4277254641056061,
    "spectral_contrast": 18.281208275953368,
    "spectral_flatness": 0.003455318743363023,
    "zero_crossing_rate": 0.07478773144493296
  },
  "rhythm": {
    "onset_count": 976,
    "onset_density": 8.89099253713073,
    "drum_activity": "High",
    "estimated_bars": 64,
    "seconds_per_bar": 1.7067273503057887
  },
  "sections": [
    {
      "name": "Section 1",
      "start": 0.0,
      "end": 13.65381880244631,
      "avg_energy": 0.19083663821220398,
      "energy_label": "Low"
    },
    {
      "name": "Section 2",
      "start": 13.65381880244631,
      "end": 27.30763760489262,
      "avg_energy": 0.35757625102996826,
      "energy_label": "High"
    },
    {
      "name": "Section 3",
      "start": 27.30763760489262,
      "end": 40.96145640733893,
      "avg_energy": 0.35156652331352234,
      "energy_label": "Medium"
    },
    {
      "name": "Section 4",
      "start": 40.96145640733893,
      "end": 54.61527520978524,
      "avg_energy": 0.3611246347427368,
      "energy_label": "High"
    },
    {
      "name": "Section 5",
      "start": 54.61527520978524,
      "end": 68.26909401223155,
      "avg_energy": 0.36928579211235046,
      "energy_label": "High"
    },
    {
      "name": "Section 6",
      "start": 68.26909401223155,
      "end": 81.92291281467786,
      "avg_energy": 0.35277003049850464,
      "energy_label": "Medium"
    },
    {
      "name": "Section 7",
      "start": 81.92291281467786,
      "end": 95.57673161712417,
      "avg_energy": 0.34998759627342224,
      "energy_label": "Low"
    },
    {
      "name": "Section 8",
      "start": 95.57673161712417,
      "end": 109.77402083333334,
      "avg_energy": 0.31334325671195984,
      "energy_label": "Low"
    }
  ],
  "scores": {
    "mix": 81,
    "master": 81,
    "arrangement": 81,
    "release": 81,
    "energy": 7.7538742062364685,
    "bass_strength": 6.070701086454403,
    "darkness": 2.4467875917485804,
    "brightness": 7.55321240825142,
    "drum_bounce": 10,
    "vocal_space": 2.256478304876758
  },
  "stem_balance": null,
  "top_problems": [
    "Clipping detected: 30658 samples are near/over the limit.",
    "Mud range is elevated around 250-500 Hz.",
    "Drum movement is very active; the beat could become overcrowded.",
    "Hook/verse contrast looks low, but arrangement detection is still an estimate."
  ],
  "suggested_fixes": [
    "Lower the master/output, then use a soft clipper or limiter with safer ceiling.",
    "Gently cut 250-500 Hz on melodies, pads, or the master if the mix feels cloudy.",
    "Mute extra percussion in some sections so the hook/drop feels bigger.",
    "Check the waveform/sections by ear. If the hook feels flat, add contrast with melody layers, drum changes, or vocal energy."
  ],
  "artist_notes": [
    "Autotune/key starting point: D# Minor. Confidence: 47.3%.",
    "Beat energy: 7.8/10. Darkness: 2.4/10.",
    "Vocal space estimate: 2.3/10. Higher means easier space for vocals."
  ],
  "producer_notes": [
    "Low-end presence looks usable for the selected style.",
    "Selected style preset: rage_trap.",
    "Dominant frequency area: Sub.",
    "Drum activity is high at 8.89 hits/sec.",
    "Estimated length: 64 bars at 141 BPM."
  ],
  "master_notes": [
    "Clipping is the first thing to fix before judging the rest of the mix.",
    "Loudness is in a usable range for the selected style.",
    "Peak: 0.00 dB. RMS: -9.49 dB. Dynamic range: 9.49 dB."
  ],
  "next_steps": [
    "Lower the master/output, then use a soft clipper or limiter with safer ceiling.",
    "Gently cut 250-500 Hz on melodies, pads, or the master if the mix feels cloudy.",
    "Mute extra percussion in some sections so the hook/drop feels bigger.",
    "Fix the top 1-2 issues, export again, then re-run SoundLens."
  ]
}