{
  "basic": {
    "file_name": "Fimiguerrero - Ain't That Mad.wav",
    "file_path": "/Volumes/POLLY/tracks/Fimiguerrero/Fimiguerrero - Ain't That Mad.wav",
    "sample_rate": 48000,
    "duration_seconds": 150.07347916666666,
    "bpm": 140.0,
    "key": "F Minor",
    "key_note": "F",
    "key_mode": "Minor",
    "key_confidence": 42.57472107706288
  },
  "loudness": {
    "peak_db": -3.2616381324216846e-05,
    "rms_db": -10.607366576752229,
    "dynamic_range_db": 10.607333960370905,
    "clipping_detected": true,
    "clipping_samples": 212,
    "clipping_percent": 0.002943002781831733,
    "headroom_db": 3.2616381324216846e-05
  },
  "frequency": {
    "band_percentages": {
      "Sub": 16.429956751046127,
      "Bass / 808": 14.622931344916518,
      "Mud": 13.91338093162647,
      "Low Mids": 14.374711877935589,
      "Mids / Melody": 14.207612667102564,
      "Harsh Zone": 13.872299190369187,
      "Highs": 14.136164487539412,
      "Air": 12.315241938040042,
      "Vocal Range": 14.953386123112672
    },
    "brightness_centroid_hz": 3355.7318472689994,
    "brightness_label": "Medium",
    "spectral_rolloff_hz": 7008.970215884861,
    "dominant_band": "Sub",
    "low_end_total_percent": 31.052888095962643,
    "mid_total_percent": 42.495705476664625,
    "top_total_percent": 26.451406425579457
  },
  "fingerprint": {
    "mfcc_1": -121.11660766601562,
    "mfcc_2": -45.610984802246094,
    "mfcc_3": 1.2695637941360474,
    "mfcc_4": 2.864332675933838,
    "mfcc_5": -10.989131927490234,
    "mfcc_6": -1.7441258430480957,
    "mfcc_7": -7.235136985778809,
    "mfcc_8": 11.676939010620117,
    "mfcc_9": -9.568235397338867,
    "mfcc_10": 12.487196922302246,
    "mfcc_11": -0.013418333604931831,
    "mfcc_12": 5.931459903717041,
    "mfcc_13": 3.055431365966797,
    "chroma_1": 0.27485325932502747,
    "chroma_2": 0.27368441224098206,
    "chroma_3": 0.2136067897081375,
    "chroma_4": 0.28704598546028137,
    "chroma_5": 0.2686019241809845,
    "chroma_6": 0.5763660073280334,
    "chroma_7": 0.44572827219963074,
    "chroma_8": 0.23016342520713806,
    "chroma_9": 0.306155800819397,
    "chroma_10": 0.2202903777360916,
    "chroma_11": 0.3640504479408264,
    "chroma_12": 0.1936555951833725,
    "spectral_contrast": 22.791678320188648,
    "spectral_flatness": 0.038150761276483536,
    "zero_crossing_rate": 0.1270429770643866,
    "embed_mfcc_1_mean": -121.11660766601562,
    "embed_mfcc_1_std": 48.320682525634766,
    "embed_mfcc_2_mean": -45.610984802246094,
    "embed_mfcc_2_std": 31.463226318359375,
    "embed_mfcc_3_mean": 1.2695637941360474,
    "embed_mfcc_3_std": 26.003990173339844,
    "embed_mfcc_4_mean": 2.864332675933838,
    "embed_mfcc_4_std": 16.90627670288086,
    "embed_mfcc_5_mean": -10.989131927490234,
    "embed_mfcc_5_std": 18.286712646484375,
    "embed_mfcc_6_mean": -1.7441258430480957,
    "embed_mfcc_6_std": 15.909451484680176,
    "embed_mfcc_7_mean": -7.235136985778809,
    "embed_mfcc_7_std": 12.275551795959473,
    "embed_mfcc_8_mean": 11.676939010620117,
    "embed_mfcc_8_std": 11.859228134155273,
    "embed_mfcc_9_mean": -9.568235397338867,
    "embed_mfcc_9_std": 11.523037910461426,
    "embed_mfcc_10_mean": 12.487196922302246,
    "embed_mfcc_10_std": 11.074520111083984,
    "embed_mfcc_11_mean": -0.013418333604931831,
    "embed_mfcc_11_std": 9.814950942993164,
    "embed_mfcc_12_mean": 5.931459903717041,
    "embed_mfcc_12_std": 8.234829902648926,
    "embed_mfcc_13_mean": 3.055431365966797,
    "embed_mfcc_13_std": 8.71110725402832,
    "embed_mfcc_14_mean": 2.9888060092926025,
    "embed_mfcc_14_std": 7.7855377197265625,
    "embed_mfcc_15_mean": 1.1433850526809692,
    "embed_mfcc_15_std": 8.382734298706055,
    "embed_mfcc_16_mean": 4.7538652420043945,
    "embed_mfcc_16_std": 7.643457412719727,
    "embed_mfcc_17_mean": -4.363159656524658,
    "embed_mfcc_17_std": 9.43171215057373,
    "embed_mfcc_18_mean": 7.503506183624268,
    "embed_mfcc_18_std": 8.391769409179688,
    "embed_mfcc_19_mean": 2.9154839515686035,
    "embed_mfcc_19_std": 7.569103240966797,
    "embed_mfcc_20_mean": 4.89902925491333,
    "embed_mfcc_20_std": 7.681149482727051,
    "embed_chroma_1_mean": 0.27485325932502747,
    "embed_chroma_1_std": 0.2223409116268158,
    "embed_chroma_2_mean": 0.27368441224098206,
    "embed_chroma_2_std": 0.23723845183849335,
    "embed_chroma_3_mean": 0.2136067897081375,
    "embed_chroma_3_std": 0.15056131780147552,
    "embed_chroma_4_mean": 0.28704598546028137,
    "embed_chroma_4_std": 0.2241489738225937,
    "embed_chroma_5_mean": 0.2686019241809845,
    "embed_chroma_5_std": 0.1676253080368042,
    "embed_chroma_6_mean": 0.5763660073280334,
    "embed_chroma_6_std": 0.35171955823898315,
    "embed_chroma_7_mean": 0.44572827219963074,
    "embed_chroma_7_std": 0.33346766233444214,
    "embed_chroma_8_mean": 0.23016342520713806,
    "embed_chroma_8_std": 0.14644096791744232,
    "embed_chroma_9_mean": 0.306155800819397,
    "embed_chroma_9_std": 0.31456854939460754,
    "embed_chroma_10_mean": 0.2202903777360916,
    "embed_chroma_10_std": 0.14705906808376312,
    "embed_chroma_11_mean": 0.3640504479408264,
    "embed_chroma_11_std": 0.33990809321403503,
    "embed_chroma_12_mean": 0.1936555951833725,
    "embed_chroma_12_std": 0.15493938326835632,
    "embed_contrast_1_mean": 21.464208602905273,
    "embed_contrast_1_std": 4.87122917175293,
    "embed_contrast_2_mean": 15.709836959838867,
    "embed_contrast_2_std": 4.428226947784424,
    "embed_contrast_3_mean": 18.117029190063477,
    "embed_contrast_3_std": 4.437603950500488,
    "embed_contrast_4_mean": 18.040634155273438,
    "embed_contrast_4_std": 3.7799875736236572,
    "embed_contrast_5_mean": 17.937162399291992,
    "embed_contrast_5_std": 2.9353668689727783,
    "embed_contrast_6_mean": 18.511306762695312,
    "embed_contrast_6_std": 2.8022236824035645,
    "embed_contrast_7_mean": 49.761566162109375,
    "embed_contrast_7_std": 2.9560463428497314,
    "embed_chroma_entropy": 2.430999755859375,
    "embed_centroid_mean": 3230.1406541706465,
    "embed_centroid_std": 1096.1939043576415,
    "embed_rolloff_mean": 6812.5233889364235,
    "embed_rolloff_std": 1440.591370816131,
    "embed_flatness_mean": 0.038150761276483536,
    "embed_flatness_std": 0.04563262686133385,
    "embed_zcr_mean": 0.1270429770643866,
    "embed_zcr_std": 0.11069657022133668,
    "embed_rms_mean": 0.2754359245300293,
    "embed_rms_std": 0.14686699211597443,
    "embed_onset_mean": 1.4786157608032227,
    "embed_onset_std": 1.2323791980743408,
    "fingerprint_version": 2.0,
    "fingerprint_duration_seconds": 150.073514739229,
    "embed_mfcc_delta_mean": -0.0009051278466358781,
    "embed_mfcc_delta_std": 2.7826991081237793,
    "embed_chroma_delta_mean": -5.69333906241809e-06,
    "embed_chroma_delta_std": 0.024114185944199562,
    "embed_onset_peak": 18.214656829833984,
    "embed_onset_p95": 3.951303005218506,
    "embed_rms_p10": 0.11985108256340027,
    "embed_rms_p50": 0.20522667467594147,
    "embed_rms_p90": 0.48438340425491333,
    "embedding_nonzero_count": 100.0
  },
  "rhythm": {
    "onset_count": 598,
    "onset_density": 3.984714709891419,
    "drum_activity": "High",
    "estimated_bars": 88,
    "seconds_per_bar": 1.7142857142857142
  },
  "sections": [
    {
      "name": "Intro",
      "start": 0.0,
      "end": 16.0,
      "avg_energy": 0.19043338298797607,
      "energy_label": "Low"
    },
    {
      "name": "Chorus / Hook",
      "start": 16.0,
      "end": 32.0,
      "avg_energy": 0.3705988824367523,
      "energy_label": "High"
    },
    {
      "name": "Verse",
      "start": 32.0,
      "end": 48.0,
      "avg_energy": 0.3638346493244171,
      "energy_label": "High"
    },
    {
      "name": "Chorus / Hook",
      "start": 48.0,
      "end": 64.0,
      "avg_energy": 0.3538476526737213,
      "energy_label": "High"
    },
    {
      "name": "Verse",
      "start": 64.0,
      "end": 80.0,