{
  "basic": {
    "file_name": "Fimiguerrero - I LIKE.wav",
    "file_path": "/Volumes/POLLY/tracks/Fimiguerrero/Fimiguerrero - I LIKE.wav",
    "sample_rate": 48000,
    "duration_seconds": 101.88,
    "bpm": 140.0,
    "key": "D Minor",
    "key_note": "D",
    "key_mode": "Minor",
    "key_confidence": 44.175253580406476
  },
  "loudness": {
    "peak_db": 0.00012425175922870933,
    "rms_db": -11.333845463886462,
    "dynamic_range_db": 11.33396971564569,
    "clipping_detected": true,
    "clipping_samples": 155,
    "clipping_percent": 0.003169578589189897,
    "headroom_db": -0.00012425175922870933
  },
  "frequency": {
    "band_percentages": {
      "Sub": 15.78896095840193,
      "Bass / 808": 14.696469659933765,
      "Mud": 13.795542534059733,
      "Low Mids": 14.112488403703782,
      "Mids / Melody": 14.408784258462331,
      "Harsh Zone": 14.171220875951338,
      "Highs": 14.308219919215666,
      "Air": 12.889534264426752,
      "Vocal Range": 14.898199545728415
    },
    "brightness_centroid_hz": 4658.520422294371,
    "brightness_label": "High",
    "spectral_rolloff_hz": 9196.495171168342,
    "dominant_band": "Sub",
    "low_end_total_percent": 30.485430618335695,
    "mid_total_percent": 42.316815196225846,
    "top_total_percent": 27.197754183642417
  },
  "fingerprint": {
    "mfcc_1": -135.14781188964844,
    "mfcc_2": -54.33068084716797,
    "mfcc_3": -22.779590606689453,
    "mfcc_4": 3.2659997940063477,
    "mfcc_5": -11.864171028137207,
    "mfcc_6": -3.135605812072754,
    "mfcc_7": -5.747603416442871,
    "mfcc_8": 2.292341947555542,
    "mfcc_9": -9.731829643249512,
    "mfcc_10": 2.3452179431915283,
    "mfcc_11": -8.95289134979248,
    "mfcc_12": 0.6727083325386047,
    "mfcc_13": -8.654679298400879,
    "chroma_1": 0.33129242062568665,
    "chroma_2": 0.4438123404979706,
    "chroma_3": 0.6713119149208069,
    "chroma_4": 0.45343345403671265,
    "chroma_5": 0.48710259795188904,
    "chroma_6": 0.45149046182632446,
    "chroma_7": 0.3977004587650299,
    "chroma_8": 0.3682084083557129,
    "chroma_9": 0.33673110604286194,
    "chroma_10": 0.6100899577140808,
    "chroma_11": 0.45941606163978577,
    "chroma_12": 0.3140213191509247,
    "spectral_contrast": 21.44670668300779,
    "spectral_flatness": 0.07908806949853897,
    "zero_crossing_rate": 0.18883643067741568,
    "embed_mfcc_1_mean": -135.14781188964844,
    "embed_mfcc_1_std": 129.37738037109375,
    "embed_mfcc_2_mean": -54.33068084716797,
    "embed_mfcc_2_std": 30.142934799194336,
    "embed_mfcc_3_mean": -22.779590606689453,
    "embed_mfcc_3_std": 30.825563430786133,
    "embed_mfcc_4_mean": 3.2659997940063477,
    "embed_mfcc_4_std": 17.572660446166992,
    "embed_mfcc_5_mean": -11.864171028137207,
    "embed_mfcc_5_std": 15.15414810180664,
    "embed_mfcc_6_mean": -3.135605812072754,
    "embed_mfcc_6_std": 12.309141159057617,
    "embed_mfcc_7_mean": -5.747603416442871,
    "embed_mfcc_7_std": 10.865630149841309,
    "embed_mfcc_8_mean": 2.292341947555542,
    "embed_mfcc_8_std": 11.978962898254395,
    "embed_mfcc_9_mean": -9.731829643249512,
    "embed_mfcc_9_std": 12.295431137084961,
    "embed_mfcc_10_mean": 2.3452179431915283,
    "embed_mfcc_10_std": 13.58044719696045,
    "embed_mfcc_11_mean": -8.95289134979248,
    "embed_mfcc_11_std": 10.668885231018066,
    "embed_mfcc_12_mean": 0.6727083325386047,
    "embed_mfcc_12_std": 10.117592811584473,
    "embed_mfcc_13_mean": -8.654679298400879,
    "embed_mfcc_13_std": 9.05260181427002,
    "embed_mfcc_14_mean": -2.2948501110076904,
    "embed_mfcc_14_std": 9.094876289367676,
    "embed_mfcc_15_mean": -3.7563819885253906,
    "embed_mfcc_15_std": 8.651263236999512,
    "embed_mfcc_16_mean": -0.5379458665847778,
    "embed_mfcc_16_std": 7.252198696136475,
    "embed_mfcc_17_mean": -1.6691840887069702,
    "embed_mfcc_17_std": 7.5656819343566895,
    "embed_mfcc_18_mean": -1.71041738986969,
    "embed_mfcc_18_std": 7.762755393981934,
    "embed_mfcc_19_mean": -3.7559447288513184,
    "embed_mfcc_19_std": 6.604887962341309,
    "embed_mfcc_20_mean": 1.6958023309707642,
    "embed_mfcc_20_std": 6.790142059326172,
    "embed_chroma_1_mean": 0.33129242062568665,
    "embed_chroma_1_std": 0.19307135045528412,
    "embed_chroma_2_mean": 0.4438123404979706,
    "embed_chroma_2_std": 0.2719045877456665,
    "embed_chroma_3_mean": 0.6713119149208069,
    "embed_chroma_3_std": 0.3278837203979492,
    "embed_chroma_4_mean": 0.45343345403671265,
    "embed_chroma_4_std": 0.26994088292121887,
    "embed_chroma_5_mean": 0.48710259795188904,
    "embed_chroma_5_std": 0.2767479717731476,
    "embed_chroma_6_mean": 0.45149046182632446,
    "embed_chroma_6_std": 0.2788413166999817,
    "embed_chroma_7_mean": 0.3977004587650299,
    "embed_chroma_7_std": 0.23412840068340302,
    "embed_chroma_8_mean": 0.3682084083557129,
    "embed_chroma_8_std": 0.23117972910404205,
    "embed_chroma_9_mean": 0.33673110604286194,
    "embed_chroma_9_std": 0.19275173544883728,
    "embed_chroma_10_mean": 0.6100899577140808,
    "embed_chroma_10_std": 0.2967490255832672,
    "embed_chroma_11_mean": 0.45941606163978577,
    "embed_chroma_11_std": 0.29457616806030273,
    "embed_chroma_12_mean": 0.3140213191509247,
    "embed_chroma_12_std": 0.1963651329278946,
    "embed_contrast_1_mean": 19.0275936126709,
    "embed_contrast_1_std": 5.43133544921875,
    "embed_contrast_2_mean": 15.45832347869873,
    "embed_contrast_2_std": 4.420312404632568,
    "embed_contrast_3_mean": 17.08790397644043,
    "embed_contrast_3_std": 4.3547210693359375,
    "embed_contrast_4_mean": 16.393733978271484,
    "embed_contrast_4_std": 3.2428433895111084,
    "embed_contrast_5_mean": 16.614469528198242,
    "embed_contrast_5_std": 2.673541307449341,
    "embed_contrast_6_mean": 16.888395309448242,
    "embed_contrast_6_std": 2.916158437728882,
    "embed_contrast_7_mean": 48.65652847290039,
    "embed_contrast_7_std": 3.1108896732330322,
    "embed_chroma_entropy": 2.458446741104126,
    "embed_centroid_mean": 3545.3655162129444,
    "embed_centroid_std": 923.5499267804024,
    "embed_rolloff_mean": 6943.150214140483,
    "embed_rolloff_std": 1339.2263572604736,
    "embed_flatness_mean": 0.07908806949853897,
    "embed_flatness_std": 0.06886058300733566,
    "embed_zcr_mean": 0.18883643067741568,
    "embed_zcr_std": 0.11492267737956642,
    "embed_rms_mean": 0.20036768913269043,
    "embed_rms_std": 0.13931921124458313,
    "embed_onset_mean": 1.3100707530975342,
    "embed_onset_std": 0.9676019549369812,
    "fingerprint_version": 2.0,
    "fingerprint_duration_seconds": 101.88,
    "embed_mfcc_delta_mean": -0.0008603556780144572,
    "embed_mfcc_delta_std": 2.0892865657806396,
    "embed_chroma_delta_mean": 1.6647250959067605e-05,
    "embed_chroma_delta_std": 0.030488962307572365,
    "embed_onset_peak": 15.628453254699707,
    "embed_onset_p95": 3.13964581489563,
    "embed_rms_p10": 0.03828117623925209,
    "embed_rms_p50": 0.17483854293823242,
    "embed_rms_p90": 0.4288213849067688,
    "embedding_nonzero_count": 100.0
  },
  "rhythm": {
    "onset_count": 431,
    "onset_density": 4.230467216332941,
    "drum_activity": "High",
    "estimated_bars": 59,
    "seconds_per_bar": 1.7142857142857142
  },
  "sections": [
    {
      "name": "Intro",
      "start": 0.0,
      "end": 16.0,
      "avg_energy": 0.15905846655368805,
      "energy_label": "Low"
    },
    {
      "name": "Chorus / Hook",
      "start": 16.0,
      "end": 32.0,
      "avg_energy": 0.34629881381988525,
      "energy_label": "High"
    },
    {
      "name": "Verse",
      "start": 32.0,
      "end": 48.0,
      "avg_energy": 0.28658172488212585,
      "energy_label": "Medium"
    },
    {
      "name": "Chorus / Hook",
      "start": 48.0,
      "end": 64.0,
      "avg_energy": 0.3442210257053375,
      "energy_label": "High"
    },
    {
      "name": "Verse",
      "start": 64.0,
      "end": 80.0,
      "avg_energy": 0.22795119881629944,