{
  "basic": {
    "file_name": "Fimiguerrero - After Life.wav",
    "file_path": "/Volumes/POLLY/tracks/Fimiguerrero/Fimiguerrero - After Life.wav",
    "sample_rate": 48000,
    "duration_seconds": 185.142875,
    "bpm": 140.0,
    "key": "C# Minor",
    "key_note": "C#",
    "key_mode": "Minor",
    "key_confidence": 43.61269789120739
  },
  "loudness": {
    "peak_db": 4.5559184762677314e-05,
    "rms_db": -8.610475084168707,
    "dynamic_range_db": 8.61052064335347,
    "clipping_detected": true,
    "clipping_samples": 41550,
    "clipping_percent": 0.46754432218901215,
    "headroom_db": -4.5559184762677314e-05
  },
  "frequency": {
    "band_percentages": {
      "Sub": 16.350574329318547,
      "Bass / 808": 15.141581476200953,
      "Mud": 14.699547588456271,
      "Low Mids": 14.197681784136531,
      "Mids / Melody": 14.056966746950806,
      "Harsh Zone": 13.390313548120734,
      "Highs": 13.194630742228636,
      "Air": 12.35901733097195,
      "Vocal Range": 15.101408168475952
    },
    "brightness_centroid_hz": 2893.5510043429977,
    "brightness_label": "Medium",
    "spectral_rolloff_hz": 6549.290582872451,
    "dominant_band": "Sub",
    "low_end_total_percent": 31.492155805519502,
    "mid_total_percent": 42.95419611954361,
    "top_total_percent": 25.553648073200584
  },
  "fingerprint": {
    "mfcc_1": -109.18611907958984,
    "mfcc_2": -8.70485782623291,
    "mfcc_3": -4.318842887878418,
    "mfcc_4": -3.8893887996673584,
    "mfcc_5": 2.7405190467834473,
    "mfcc_6": -1.9308204650878906,
    "mfcc_7": -7.444680690765381,
    "mfcc_8": 3.736910581588745,
    "mfcc_9": -7.387012004852295,
    "mfcc_10": 3.3225831985473633,
    "mfcc_11": 1.6153881549835205,
    "mfcc_12": 1.7409305572509766,
    "mfcc_13": -4.518270492553711,
    "chroma_1": 0.4529992341995239,
    "chroma_2": 0.9330255389213562,
    "chroma_3": 0.55342698097229,
    "chroma_4": 0.4215772747993469,
    "chroma_5": 0.33843445777893066,
    "chroma_6": 0.292038232088089,
    "chroma_7": 0.2818475067615509,
    "chroma_8": 0.22935977578163147,
    "chroma_9": 0.34376034140586853,
    "chroma_10": 0.3202633559703827,
    "chroma_11": 0.2477896511554718,
    "chroma_12": 0.270332396030426,
    "spectral_contrast": 21.318683785587986,
    "spectral_flatness": 0.02134435623884201,
    "zero_crossing_rate": 0.06931137226683437,
    "embed_mfcc_1_mean": -109.18611907958984,
    "embed_mfcc_1_std": 50.9493293762207,
    "embed_mfcc_2_mean": -8.70485782623291,
    "embed_mfcc_2_std": 31.877376556396484,
    "embed_mfcc_3_mean": -4.318842887878418,
    "embed_mfcc_3_std": 21.513267517089844,
    "embed_mfcc_4_mean": -3.8893887996673584,
    "embed_mfcc_4_std": 15.800700187683105,
    "embed_mfcc_5_mean": 2.7405190467834473,
    "embed_mfcc_5_std": 14.654895782470703,
    "embed_mfcc_6_mean": -1.9308204650878906,
    "embed_mfcc_6_std": 11.522446632385254,
    "embed_mfcc_7_mean": -7.444680690765381,
    "embed_mfcc_7_std": 11.99744987487793,
    "embed_mfcc_8_mean": 3.736910581588745,
    "embed_mfcc_8_std": 10.350305557250977,
    "embed_mfcc_9_mean": -7.387012004852295,
    "embed_mfcc_9_std": 9.935651779174805,
    "embed_mfcc_10_mean": 3.3225831985473633,
    "embed_mfcc_10_std": 8.934986114501953,
    "embed_mfcc_11_mean": 1.6153881549835205,
    "embed_mfcc_11_std": 9.372640609741211,
    "embed_mfcc_12_mean": 1.7409305572509766,
    "embed_mfcc_12_std": 8.020898818969727,
    "embed_mfcc_13_mean": -4.518270492553711,
    "embed_mfcc_13_std": 7.8718671798706055,
    "embed_mfcc_14_mean": 1.203752040863037,
    "embed_mfcc_14_std": 7.558084964752197,
    "embed_mfcc_15_mean": 0.452138751745224,
    "embed_mfcc_15_std": 6.882869243621826,
    "embed_mfcc_16_mean": 3.90452241897583,
    "embed_mfcc_16_std": 7.408880233764648,
    "embed_mfcc_17_mean": -1.6688507795333862,
    "embed_mfcc_17_std": 6.373320579528809,
    "embed_mfcc_18_mean": 5.719831943511963,
    "embed_mfcc_18_std": 6.76255464553833,
    "embed_mfcc_19_mean": -0.08909932523965836,
    "embed_mfcc_19_std": 6.6829609870910645,
    "embed_mfcc_20_mean": 3.566100597381592,
    "embed_mfcc_20_std": 6.7580389976501465,
    "embed_chroma_1_mean": 0.4529992341995239,
    "embed_chroma_1_std": 0.21517141163349152,
    "embed_chroma_2_mean": 0.9330255389213562,
    "embed_chroma_2_std": 0.16210827231407166,
    "embed_chroma_3_mean": 0.55342698097229,
    "embed_chroma_3_std": 0.23955953121185303,
    "embed_chroma_4_mean": 0.4215772747993469,
    "embed_chroma_4_std": 0.21778033673763275,
    "embed_chroma_5_mean": 0.33843445777893066,
    "embed_chroma_5_std": 0.1771855652332306,
    "embed_chroma_6_mean": 0.292038232088089,
    "embed_chroma_6_std": 0.148245170712471,
    "embed_chroma_7_mean": 0.2818475067615509,
    "embed_chroma_7_std": 0.15867768228054047,
    "embed_chroma_8_mean": 0.22935977578163147,
    "embed_chroma_8_std": 0.13785576820373535,
    "embed_chroma_9_mean": 0.34376034140586853,
    "embed_chroma_9_std": 0.24311929941177368,
    "embed_chroma_10_mean": 0.3202633559703827,
    "embed_chroma_10_std": 0.2665610909461975,
    "embed_chroma_11_mean": 0.2477896511554718,
    "embed_chroma_11_std": 0.1871940642595291,
    "embed_chroma_12_mean": 0.270332396030426,
    "embed_chroma_12_std": 0.1989535391330719,
    "embed_contrast_1_mean": 21.82879638671875,
    "embed_contrast_1_std": 4.836928367614746,
    "embed_contrast_2_mean": 14.999310493469238,
    "embed_contrast_2_std": 4.556390285491943,
    "embed_contrast_3_mean": 16.623247146606445,
    "embed_contrast_3_std": 3.839702606201172,
    "embed_contrast_4_mean": 16.285390853881836,
    "embed_contrast_4_std": 3.222651243209839,
    "embed_contrast_5_mean": 16.092741012573242,
    "embed_contrast_5_std": 2.367370367050171,
    "embed_contrast_6_mean": 15.921859741210938,
    "embed_contrast_6_std": 2.0147995948791504,
    "embed_contrast_7_mean": 47.47944259643555,
    "embed_contrast_7_std": 2.839319944381714,
    "embed_chroma_entropy": 2.3910622596740723,
    "embed_centroid_mean": 2348.1651781169135,
    "embed_centroid_std": 889.4850531588946,
    "embed_rolloff_mean": 5497.914671528819,
    "embed_rolloff_std": 1966.9536752281012,
    "embed_flatness_mean": 0.02134435623884201,
    "embed_flatness_std": 0.033289920538663864,
    "embed_zcr_mean": 0.06931137226683437,
    "embed_zcr_std": 0.05693964594308985,
    "embed_rms_mean": 0.3231015205383301,
    "embed_rms_std": 0.12059196829795837,
    "embed_onset_mean": 1.6668055057525635,
    "embed_onset_std": 1.6213114261627197,
    "fingerprint_version": 2.0,
    "fingerprint_duration_seconds": 185.14290249433105,
    "embed_mfcc_delta_mean": 0.0032784228678792715,
    "embed_mfcc_delta_std": 3.023066759109497,
    "embed_chroma_delta_mean": -1.188717669720063e-05,
    "embed_chroma_delta_std": 0.019598862156271935,
    "embed_onset_peak": 13.877042770385742,
    "embed_onset_p95": 4.948115825653076,
    "embed_rms_p10": 0.16046303510665894,
    "embed_rms_p50": 0.3402641713619232,
    "embed_rms_p90": 0.4679555594921112,
    "embedding_nonzero_count": 100.0
  },
  "rhythm": {
    "onset_count": 1106,
    "onset_density": 5.973764855925458,
    "drum_activity": "High",
    "estimated_bars": 108,
    "seconds_per_bar": 1.7142857142857142
  },
  "sections": [
    {
      "name": "Intro",
      "start": 0.0,
      "end": 16.0,
      "avg_energy": 0.1549248844385147,
      "energy_label": "Low"
    },
    {
      "name": "Chorus / Hook",
      "start": 16.0,
      "end": 32.0,
      "avg_energy": 0.36260613799095154,
      "energy_label": "Medium"
    },
    {
      "name": "Verse",
      "start": 32.0,
      "end": 48.0,
      "avg_energy": 0.36429908871650696,
      "energy_label": "Medium"
    },
    {
      "name": "Chorus / Hook",
      "start": 48.0,
      "end": 64.0,
      "avg_energy": 0.36655205488204956,
      "energy_label": "Medium"
    },
    {
      "name": "Verse",
      "start": 64.0,
      "end": 80.0,
      "avg_energy": 0.4594075083732605,