{
  "basic": {
    "file_name": "Fimiguerrero - Doppelga\u0308nger (feat. Lancey Foux).wav",
    "file_path": "/Users/jayden/SoundLens/tracks/Fimiguerrero/Fimiguerrero - Doppelga\u0308nger (feat. Lancey Foux).wav",
    "sample_rate": 48000,
    "duration_seconds": 162.20691666666667,
    "bpm": 144.23,
    "key": "G Major",
    "key_note": "G",
    "key_mode": "Major",
    "key_confidence": 45.94038686222775
  },
  "loudness": {
    "peak_db": -9.629633595084477e-05,
    "rms_db": -8.618313034929615,
    "dynamic_range_db": 8.618216738593665,
    "clipping_detected": true,
    "clipping_samples": 16424,
    "clipping_percent": 0.21094456000900086,
    "headroom_db": 9.629633595084477e-05
  },
  "frequency": {
    "band_percentages": {
      "Sub": 16.404710807348398,
      "Bass / 808": 15.216463805502379,
      "Mud": 14.131923306065275,
      "Low Mids": 14.497562831773974,
      "Mids / Melody": 14.170477809925414,
      "Harsh Zone": 13.636116797617886,
      "Highs": 13.563611138174227,
      "Air": 12.015250299458268,
      "Vocal Range": 15.070989645427174
    },
    "brightness_centroid_hz": 2705.61629122966,
    "brightness_label": "Medium",
    "spectral_rolloff_hz": 5697.823165318603,
    "dominant_band": "Sub",
    "low_end_total_percent": 31.621174612850776,
    "mid_total_percent": 42.79996394776467,
    "top_total_percent": 25.578861437632497
  },
  "fingerprint": {
    "mfcc_1": -130.49356079101562,
    "mfcc_2": 137.1184844970703,
    "mfcc_3": -4.638833045959473,
    "mfcc_4": 45.459983825683594,
    "mfcc_5": -9.718587875366211,
    "mfcc_6": 20.781984329223633,
    "mfcc_7": -10.568050384521484,
    "mfcc_8": 0.09688345342874527,
    "mfcc_9": 6.0048112869262695,
    "mfcc_10": 0.9868433475494385,
    "mfcc_11": -2.74765682220459,
    "mfcc_12": 5.750995635986328,
    "mfcc_13": -1.8422728776931763,
    "chroma_1": 0.609724223613739,
    "chroma_2": 0.4963655471801758,
    "chroma_3": 0.43793919682502747,
    "chroma_4": 0.30213239789009094,
    "chroma_5": 0.4587728679180145,
    "chroma_6": 0.28776445984840393,
    "chroma_7": 0.6871168613433838,
    "chroma_8": 0.5979011058807373,
    "chroma_9": 0.38833877444267273,
    "chroma_10": 0.32601282000541687,
    "chroma_11": 0.25847360491752625,
    "chroma_12": 0.4636766314506531,
    "spectral_contrast": 19.903713989552482,
    "spectral_flatness": 0.001036059926263988,
    "zero_crossing_rate": 0.04093933406490432
  },
  "rhythm": {
    "onset_count": 1044,
    "onset_density": 6.436223691653099,
    "drum_activity": "High",
    "estimated_bars": 97,
    "seconds_per_bar": 1.6640088747139985
  },
  "sections": [
    {
      "name": "Section 1",
      "start": 0.0,
      "end": 13.312070997711988,
      "avg_energy": 0.103956438601017,
      "energy_label": "Low"
    },
    {
      "name": "Section 2",
      "start": 13.312070997711988,
      "end": 26.624141995423976,
      "avg_energy": 0.4291495382785797,
      "energy_label": "High"
    },
    {
      "name": "Section 3",
      "start": 26.624141995423976,
      "end": 39.93621299313597,
      "avg_energy": 0.43260735273361206,
      "energy_label": "High"
    },
    {
      "name": "Section 4",
      "start": 39.93621299313597,
      "end": 53.24828399084795,
      "avg_energy": 0.4237677752971649,
      "energy_label": "Medium"
    },
    {
      "name": "Section 5",
      "start": 53.24828399084795,
      "end": 66.56035498855994,
      "avg_energy": 0.1753615289926529,
      "energy_label": "Low"
    },
    {
      "name": "Section 6",
      "start": 66.56035498855994,
      "end": 79.87242598627192,
      "avg_energy": 0.42646798491477966,
      "energy_label": "High"
    },
    {
      "name": "Section 7",
      "start": 79.87242598627192,
      "end": 93.1844969839839,
      "avg_energy": 0.43040111660957336,
      "energy_label": "High"
    },
    {
      "name": "Section 8",
      "start": 93.1844969839839,
      "end": 106.49656798169589,
      "avg_energy": 0.4198591411113739,
      "energy_label": "Medium"
    },
    {
      "name": "Section 9",
      "start": 106.49656798169589,
      "end": 119.80863897940787,
      "avg_energy": 0.20226414501667023,
      "energy_label": "Low"
    },
    {
      "name": "Section 10",
      "start": 119.80863897940787,
      "end": 133.12070997711987,
      "avg_energy": 0.3915182650089264,
      "energy_label": "Medium"
    },
    {
      "name": "Section 11",
      "start": 133.12070997711987,
      "end": 146.43278097483187,
      "avg_energy": 0.4117218852043152,
      "energy_label": "Medium"
    },
    {
      "name": "Section 12",
      "start": 146.43278097483187,
      "end": 162.20691666666667,
      "avg_energy": 0.3846757709980011,
      "energy_label": "Low"
    }
  ],
  "scores": {
    "mix": 81,
    "master": 81,
    "arrangement": 81,
    "release": 81,
    "energy": 8.190843482535193,
    "bass_strength": 6.324234922570155,
    "darkness": 4.58876741754068,
    "brightness": 5.41123258245932,
    "drum_bounce": 10,
    "vocal_space": 2.2761502730347507
  },
  "stem_balance": null,
  "top_problems": [
    "Clipping detected: 16424 samples are near/over the limit.",
    "Mud range is elevated around 250-500 Hz.",
    "Drum movement is very active; the beat could become overcrowded.",
    "Hook/verse contrast looks low, but arrangement detection is still an estimate."
  ],
  "suggested_fixes": [
    "Lower the master/output, then use a soft clipper or limiter with safer ceiling.",
    "Gently cut 250-500 Hz on melodies, pads, or the master if the mix feels cloudy.",
    "Mute extra percussion in some sections so the hook/drop feels bigger.",
    "Check the waveform/sections by ear. If the hook feels flat, add contrast with melody layers, drum changes, or vocal energy."
  ],
  "artist_notes": [
    "Autotune/key starting point: G Major. Confidence: 45.9%.",
    "Beat energy: 8.2/10. Darkness: 4.6/10.",
    "Vocal space estimate: 2.3/10. Higher means easier space for vocals."
  ],
  "producer_notes": [
    "Low-end presence looks usable for the selected style.",
    "Selected style preset: rage_trap.",
    "Dominant frequency area: Sub.",
    "Drum activity is high at 6.44 hits/sec.",
    "Estimated length: 97 bars at 144 BPM."
  ],
  "master_notes": [
    "Clipping is the first thing to fix before judging the rest of the mix.",
    "Loudness is in a usable range for the selected style.",
    "Peak: -0.00 dB. RMS: -8.62 dB. Dynamic range: 8.62 dB."
  ],
  "next_steps": [
    "Lower the master/output, then use a soft clipper or limiter with safer ceiling.",
    "Gently cut 250-500 Hz on melodies, pads, or the master if the mix feels cloudy.",
    "Mute extra percussion in some sections so the hook/drop feels bigger.",
    "Fix the top 1-2 issues, export again, then re-run SoundLens."
  ]
}