{
  "basic": {
    "file_name": "Fimiguerrero - Cheaters.wav",
    "file_path": "/Volumes/POLLY/tracks/Fimiguerrero/Fimiguerrero - Cheaters.wav",
    "sample_rate": 48000,
    "duration_seconds": 140.90835416666667,
    "bpm": 140.0,
    "key": "G Minor",
    "key_note": "G",
    "key_mode": "Minor",
    "key_confidence": 43.3564956318648
  },
  "loudness": {
    "peak_db": -6.419743867910896e-05,
    "rms_db": -10.704689370037677,
    "dynamic_range_db": 10.704625172598998,
    "clipping_detected": true,
    "clipping_samples": 2983,
    "clipping_percent": 0.04410372521974611,
    "headroom_db": 6.419743867910896e-05
  },
  "frequency": {
    "band_percentages": {
      "Sub": 16.10498526512058,
      "Bass / 808": 15.143427586220778,
      "Mud": 13.828552804089423,
      "Low Mids": 14.27747703456708,
      "Mids / Melody": 14.013830668327772,
      "Harsh Zone": 13.619655034693476,
      "Highs": 14.152694824613201,
      "Air": 12.479031815280639,
      "Vocal Range": 14.835088487864443
    },
    "brightness_centroid_hz": 3280.075853488909,
    "brightness_label": "Medium",
    "spectral_rolloff_hz": 6494.898309174173,
    "dominant_band": "Sub",
    "low_end_total_percent": 31.248412851341357,
    "mid_total_percent": 42.119860506984274,
    "top_total_percent": 26.63172663989384
  },
  "fingerprint": {
    "mfcc_1": -175.17112731933594,
    "mfcc_2": -43.52952194213867,
    "mfcc_3": -12.516112327575684,
    "mfcc_4": -12.635104179382324,
    "mfcc_5": -31.6781005859375,
    "mfcc_6": -12.868668556213379,
    "mfcc_7": -17.448400497436523,
    "mfcc_8": -9.426839828491211,
    "mfcc_9": -15.851081848144531,
    "mfcc_10": -1.2609463930130005,
    "mfcc_11": -14.861048698425293,
    "mfcc_12": -5.3162665367126465,
    "mfcc_13": -11.347210884094238,
    "chroma_1": 0.40988120436668396,
    "chroma_2": 0.3069682717323303,
    "chroma_3": 0.44206130504608154,
    "chroma_4": 0.4006480276584625,
    "chroma_5": 0.319685697555542,
    "chroma_6": 0.4524100720882416,
    "chroma_7": 0.3315252661705017,
    "chroma_8": 0.5879154801368713,
    "chroma_9": 0.3224486708641052,
    "chroma_10": 0.5144679546356201,
    "chroma_11": 0.4280974268913269,
    "chroma_12": 0.2575533986091614,
    "spectral_contrast": 23.14924774927942,
    "spectral_flatness": 0.03621921315789223,
    "zero_crossing_rate": 0.13691413808533281,
    "embed_mfcc_1_mean": -175.17112731933594,
    "embed_mfcc_1_std": 89.79561614990234,
    "embed_mfcc_2_mean": -43.52952194213867,
    "embed_mfcc_2_std": 50.097625732421875,
    "embed_mfcc_3_mean": -12.516112327575684,
    "embed_mfcc_3_std": 37.73625946044922,
    "embed_mfcc_4_mean": -12.635104179382324,
    "embed_mfcc_4_std": 22.484439849853516,
    "embed_mfcc_5_mean": -31.6781005859375,
    "embed_mfcc_5_std": 22.37822723388672,
    "embed_mfcc_6_mean": -12.868668556213379,
    "embed_mfcc_6_std": 20.09033966064453,
    "embed_mfcc_7_mean": -17.448400497436523,
    "embed_mfcc_7_std": 18.64773941040039,
    "embed_mfcc_8_mean": -9.426839828491211,
    "embed_mfcc_8_std": 17.154869079589844,
    "embed_mfcc_9_mean": -15.851081848144531,
    "embed_mfcc_9_std": 14.378251075744629,
    "embed_mfcc_10_mean": -1.2609463930130005,
    "embed_mfcc_10_std": 16.22770881652832,
    "embed_mfcc_11_mean": -14.861048698425293,
    "embed_mfcc_11_std": 13.964485168457031,
    "embed_mfcc_12_mean": -5.3162665367126465,
    "embed_mfcc_12_std": 12.270509719848633,
    "embed_mfcc_13_mean": -11.347210884094238,
    "embed_mfcc_13_std": 10.476309776306152,
    "embed_mfcc_14_mean": 2.4349141120910645,
    "embed_mfcc_14_std": 11.195649147033691,
    "embed_mfcc_15_mean": 1.249574899673462,
    "embed_mfcc_15_std": 9.792262077331543,
    "embed_mfcc_16_mean": 2.72564697265625,
    "embed_mfcc_16_std": 8.992548942565918,
    "embed_mfcc_17_mean": 0.1240411028265953,
    "embed_mfcc_17_std": 9.556953430175781,
    "embed_mfcc_18_mean": 6.3448309898376465,
    "embed_mfcc_18_std": 8.294169425964355,
    "embed_mfcc_19_mean": -5.590579986572266,
    "embed_mfcc_19_std": 8.84737491607666,
    "embed_mfcc_20_mean": -2.1129093170166016,
    "embed_mfcc_20_std": 7.854230880737305,
    "embed_chroma_1_mean": 0.40988120436668396,
    "embed_chroma_1_std": 0.2688792943954468,
    "embed_chroma_2_mean": 0.3069682717323303,
    "embed_chroma_2_std": 0.2032100260257721,
    "embed_chroma_3_mean": 0.44206130504608154,
    "embed_chroma_3_std": 0.25552603602409363,
    "embed_chroma_4_mean": 0.4006480276584625,
    "embed_chroma_4_std": 0.3211642801761627,
    "embed_chroma_5_mean": 0.319685697555542,
    "embed_chroma_5_std": 0.21887348592281342,
    "embed_chroma_6_mean": 0.4524100720882416,
    "embed_chroma_6_std": 0.28428295254707336,
    "embed_chroma_7_mean": 0.3315252661705017,
    "embed_chroma_7_std": 0.19940721988677979,
    "embed_chroma_8_mean": 0.5879154801368713,
    "embed_chroma_8_std": 0.33268165588378906,
    "embed_chroma_9_mean": 0.3224486708641052,
    "embed_chroma_9_std": 0.19836434721946716,
    "embed_chroma_10_mean": 0.5144679546356201,
    "embed_chroma_10_std": 0.3071727454662323,
    "embed_chroma_11_mean": 0.4280974268913269,
    "embed_chroma_11_std": 0.26993563771247864,
    "embed_chroma_12_mean": 0.2575533986091614,
    "embed_chroma_12_std": 0.16878992319107056,
    "embed_contrast_1_mean": 20.300031661987305,
    "embed_contrast_1_std": 5.999729633331299,
    "embed_contrast_2_mean": 15.345460891723633,
    "embed_contrast_2_std": 4.587744235992432,
    "embed_contrast_3_mean": 18.699602127075195,
    "embed_contrast_3_std": 4.421875953674316,
    "embed_contrast_4_mean": 20.156421661376953,
    "embed_contrast_4_std": 4.380202770233154,
    "embed_contrast_5_mean": 19.186294555664062,
    "embed_contrast_5_std": 3.7680301666259766,
    "embed_contrast_6_mean": 18.726245880126953,
    "embed_contrast_6_std": 3.221283435821533,
    "embed_contrast_7_mean": 49.63067626953125,
    "embed_contrast_7_std": 3.571216583251953,
    "embed_chroma_entropy": 2.458986282348633,
    "embed_centroid_mean": 3174.7721183277476,
    "embed_centroid_std": 1270.8479779064494,
    "embed_rolloff_mean": 6435.498585420496,
    "embed_rolloff_std": 2114.3484077499343,
    "embed_flatness_mean": 0.03621921315789223,
    "embed_flatness_std": 0.04902547597885132,
    "embed_zcr_mean": 0.13691413808533281,
    "embed_zcr_std": 0.09988873617032391,
    "embed_rms_mean": 0.19945070147514343,
    "embed_rms_std": 0.14323844015598297,
    "embed_onset_mean": 1.6708663702011108,
    "embed_onset_std": 1.591343641281128,
    "fingerprint_version": 2.0,
    "fingerprint_duration_seconds": 140.90839002267575,
    "embed_mfcc_delta_mean": 0.00457680132240057,
    "embed_mfcc_delta_std": 3.083052635192871,
    "embed_chroma_delta_mean": 1.5136905858526006e-05,
    "embed_chroma_delta_std": 0.033450040966272354,
    "embed_onset_peak": 13.45511245727539,
    "embed_onset_p95": 5.090170860290527,
    "embed_rms_p10": 0.040383100509643555,
    "embed_rms_p50": 0.1580631136894226,
    "embed_rms_p90": 0.3943013548851013,
    "embedding_nonzero_count": 100.0
  },
  "rhythm": {
    "onset_count": 703,
    "onset_density": 4.9890583433292415,
    "drum_activity": "High",
    "estimated_bars": 82,
    "seconds_per_bar": 1.7142857142857142
  },
  "sections": [
    {
      "name": "Intro",
      "start": 0.0,
      "end": 16.0,
      "avg_energy": 0.037219878286123276,
      "energy_label": "Low"
    },
    {
      "name": "Chorus / Hook",
      "start": 16.0,
      "end": 32.0,
      "avg_energy": 0.2254646122455597,
      "energy_label": "Medium"
    },
    {
      "name": "Verse",
      "start": 32.0,
      "end": 48.0,
      "avg_energy": 0.35147640109062195,
      "energy_label": "High"
    },
    {
      "name": "Chorus / Hook",
      "start": 48.0,
      "end": 64.0,
      "avg_energy": 0.32056736946105957,
      "energy_label": "High"
    },
    {
      "name": "Verse",
      "start": 64.0,
      "end": 80.0,
      "avg_energy": 0.29941606521606445,