{
  "basic": {
    "file_name": "Fimiguerrero - A.C.I.D.wav",
    "file_path": "/Volumes/POLLY/tracks/Fimiguerrero/Fimiguerrero - A.C.I.D.wav",
    "sample_rate": 48000,
    "duration_seconds": 144.0914375,
    "bpm": 140.0,
    "key": "A Minor",
    "key_note": "A",
    "key_mode": "Minor",
    "key_confidence": 42.52544063785707
  },
  "loudness": {
    "peak_db": 0.0001635977791107055,
    "rms_db": -9.242426705398493,
    "dynamic_range_db": 9.242590303177604,
    "clipping_detected": true,
    "clipping_samples": 148,
    "clipping_percent": 0.002139844939317323,
    "headroom_db": -0.0001635977791107055
  },
  "frequency": {
    "band_percentages": {
      "Sub": 16.802890710203414,
      "Bass / 808": 15.121133283473979,
      "Mud": 13.249315973098739,
      "Low Mids": 13.816185030524794,
      "Mids / Melody": 13.853849265951098,
      "Harsh Zone": 13.532189420703672,
      "Highs": 14.14344364833131,
      "Air": 13.013182086613343,
      "Vocal Range": 14.447605502055946
    },
    "brightness_centroid_hz": 2974.3164284117756,
    "brightness_label": "Medium",
    "spectral_rolloff_hz": 6321.1539529202755,
    "dominant_band": "Sub",
    "low_end_total_percent": 31.924023993677395,
    "mid_total_percent": 40.91935026957463,
    "top_total_percent": 27.156625734944654
  },
  "fingerprint": {
    "mfcc_1": -177.35299682617188,
    "mfcc_2": -43.5234375,
    "mfcc_3": 8.95193862915039,
    "mfcc_4": 5.960424900054932,
    "mfcc_5": -3.3152894973754883,
    "mfcc_6": 7.249841213226318,
    "mfcc_7": 1.3763076066970825,
    "mfcc_8": 17.59235382080078,
    "mfcc_9": -1.198624610900879,
    "mfcc_10": 8.17737102508545,
    "mfcc_11": -1.8318681716918945,
    "mfcc_12": 10.025903701782227,
    "mfcc_13": 1.5673713684082031,
    "chroma_1": 0.29567453265190125,
    "chroma_2": 0.2987483739852905,
    "chroma_3": 0.3001444339752197,
    "chroma_4": 0.2671169936656952,
    "chroma_5": 0.5186326503753662,
    "chroma_6": 0.26608437299728394,
    "chroma_7": 0.32063379883766174,
    "chroma_8": 0.20200921595096588,
    "chroma_9": 0.1920839250087738,
    "chroma_10": 0.3582665026187897,
    "chroma_11": 0.23385076224803925,
    "chroma_12": 0.5096732974052429,
    "spectral_contrast": 23.155097231829647,
    "spectral_flatness": 0.0228738896548748,
    "zero_crossing_rate": 0.09293774111721169,
    "embed_mfcc_1_mean": -177.35299682617188,
    "embed_mfcc_1_std": 98.05766296386719,
    "embed_mfcc_2_mean": -43.5234375,
    "embed_mfcc_2_std": 45.91395950317383,
    "embed_mfcc_3_mean": 8.95193862915039,
    "embed_mfcc_3_std": 30.587364196777344,
    "embed_mfcc_4_mean": 5.960424900054932,
    "embed_mfcc_4_std": 21.01104164123535,
    "embed_mfcc_5_mean": -3.3152894973754883,
    "embed_mfcc_5_std": 18.254413604736328,
    "embed_mfcc_6_mean": 7.249841213226318,
    "embed_mfcc_6_std": 15.972870826721191,
    "embed_mfcc_7_mean": 1.3763076066970825,
    "embed_mfcc_7_std": 12.24892520904541,
    "embed_mfcc_8_mean": 17.59235382080078,
    "embed_mfcc_8_std": 12.617231369018555,
    "embed_mfcc_9_mean": -1.198624610900879,
    "embed_mfcc_9_std": 10.71230697631836,
    "embed_mfcc_10_mean": 8.17737102508545,
    "embed_mfcc_10_std": 11.667529106140137,
    "embed_mfcc_11_mean": -1.8318681716918945,
    "embed_mfcc_11_std": 10.233733177185059,
    "embed_mfcc_12_mean": 10.025903701782227,
    "embed_mfcc_12_std": 9.396791458129883,
    "embed_mfcc_13_mean": 1.5673713684082031,
    "embed_mfcc_13_std": 10.422619819641113,
    "embed_mfcc_14_mean": 12.138687133789062,
    "embed_mfcc_14_std": 9.601675987243652,
    "embed_mfcc_15_mean": 1.9891786575317383,
    "embed_mfcc_15_std": 9.301281929016113,
    "embed_mfcc_16_mean": 1.0099719762802124,
    "embed_mfcc_16_std": 7.566213130950928,
    "embed_mfcc_17_mean": -3.414599895477295,
    "embed_mfcc_17_std": 7.1540608406066895,
    "embed_mfcc_18_mean": 2.8787782192230225,
    "embed_mfcc_18_std": 7.398353576660156,
    "embed_mfcc_19_mean": 0.2736813426017761,
    "embed_mfcc_19_std": 7.3062357902526855,
    "embed_mfcc_20_mean": 3.7005465030670166,
    "embed_mfcc_20_std": 7.42195463180542,
    "embed_chroma_1_mean": 0.29567453265190125,
    "embed_chroma_1_std": 0.2299596071243286,
    "embed_chroma_2_mean": 0.2987483739852905,
    "embed_chroma_2_std": 0.21245482563972473,
    "embed_chroma_3_mean": 0.3001444339752197,
    "embed_chroma_3_std": 0.2760480046272278,
    "embed_chroma_4_mean": 0.2671169936656952,
    "embed_chroma_4_std": 0.20517763495445251,
    "embed_chroma_5_mean": 0.5186326503753662,
    "embed_chroma_5_std": 0.3759137988090515,
    "embed_chroma_6_mean": 0.26608437299728394,
    "embed_chroma_6_std": 0.20542870461940765,
    "embed_chroma_7_mean": 0.32063379883766174,
    "embed_chroma_7_std": 0.25617852807044983,
    "embed_chroma_8_mean": 0.20200921595096588,
    "embed_chroma_8_std": 0.17605361342430115,
    "embed_chroma_9_mean": 0.1920839250087738,
    "embed_chroma_9_std": 0.1261121928691864,
    "embed_chroma_10_mean": 0.3582665026187897,
    "embed_chroma_10_std": 0.3451893627643585,
    "embed_chroma_11_mean": 0.23385076224803925,
    "embed_chroma_11_std": 0.18518514931201935,
    "embed_chroma_12_mean": 0.5096732974052429,
    "embed_chroma_12_std": 0.35447531938552856,
    "embed_contrast_1_mean": 22.185453414916992,
    "embed_contrast_1_std": 5.143815040588379,
    "embed_contrast_2_mean": 16.409061431884766,
    "embed_contrast_2_std": 4.630997180938721,
    "embed_contrast_3_mean": 18.197261810302734,
    "embed_contrast_3_std": 4.670629024505615,
    "embed_contrast_4_mean": 19.42454719543457,
    "embed_contrast_4_std": 4.40093469619751,
    "embed_contrast_5_mean": 18.025358200073242,
    "embed_contrast_5_std": 3.5063796043395996,
    "embed_contrast_6_mean": 17.902162551879883,
    "embed_contrast_6_std": 3.0807061195373535,
    "embed_contrast_7_mean": 49.941837310791016,
    "embed_contrast_7_std": 4.991384506225586,
    "embed_chroma_entropy": 2.4369964599609375,
    "embed_centroid_mean": 2977.1321366554544,
    "embed_centroid_std": 1353.7302760389532,
    "embed_rolloff_mean": 6454.9109680364745,
    "embed_rolloff_std": 2099.3611640884283,
    "embed_flatness_mean": 0.0228738896548748,
    "embed_flatness_std": 0.038598038256168365,
    "embed_zcr_mean": 0.09293774111721169,
    "embed_zcr_std": 0.10674262934023944,
    "embed_rms_mean": 0.27253809571266174,
    "embed_rms_std": 0.13505510985851288,
    "embed_onset_mean": 1.4823260307312012,
    "embed_onset_std": 1.4810552597045898,
    "fingerprint_version": 2.0,
    "fingerprint_duration_seconds": 144.09147392290248,
    "embed_mfcc_delta_mean": -0.0026268605142831802,
    "embed_mfcc_delta_std": 3.2686238288879395,
    "embed_chroma_delta_mean": 2.3291704565053806e-06,
    "embed_chroma_delta_std": 0.025666896253824234,
    "embed_onset_peak": 13.352168083190918,
    "embed_onset_p95": 4.465338230133057,
    "embed_rms_p10": 0.08554477244615555,
    "embed_rms_p50": 0.3041631579399109,
    "embed_rms_p90": 0.4298619329929352,
    "embedding_nonzero_count": 100.0
  },
  "rhythm": {
    "onset_count": 699,
    "onset_density": 4.85108631107938,
    "drum_activity": "High",
    "estimated_bars": 84,
    "seconds_per_bar": 1.7142857142857142
  },
  "sections": [
    {
      "name": "Intro",
      "start": 0.0,
      "end": 16.0,
      "avg_energy": 0.20962496101856232,
      "energy_label": "Low"
    },
    {
      "name": "Chorus / Hook",
      "start": 16.0,
      "end": 32.0,
      "avg_energy": 0.4054577648639679,
      "energy_label": "High"
    },
    {
      "name": "Verse",
      "start": 32.0,
      "end": 48.0,
      "avg_energy": 0.25949227809906006,
      "energy_label": "Low"
    },
    {
      "name": "Chorus / Hook",
      "start": 48.0,
      "end": 64.0,
      "avg_energy": 0.37015336751937866,
      "energy_label": "Medium"
    },
    {
      "name": "Verse",
      "start": 64.0,
      "end": 80.0,
      "avg_energy": 0.3300519287586212,