{
  "basic": {
    "file_name": "SoFaygo - Everyday.wav",
    "file_path": "/Volumes/POLLY/tracks/SoFaygo/SoFaygo - Everyday.wav",
    "sample_rate": 48000,
    "duration_seconds": 160.08533333333332,
    "bpm": 140.0,
    "key": "D Minor",
    "key_note": "D",
    "key_mode": "Minor",
    "key_confidence": 42.16174140763473
  },
  "loudness": {
    "peak_db": -1.4390023725904455,
    "rms_db": -16.776451634523173,
    "dynamic_range_db": 15.337449261932727,
    "clipping_detected": false,
    "clipping_samples": 0,
    "clipping_percent": 0.0,
    "headroom_db": 1.4390023725904455
  },
  "frequency": {
    "band_percentages": {
      "Sub": 16.18015689544213,
      "Bass / 808": 15.366706314714238,
      "Mud": 14.589156528815753,
      "Low Mids": 14.88780614557171,
      "Mids / Melody": 14.329394935894296,
      "Harsh Zone": 13.690010674798177,
      "Highs": 12.79390518050704,
      "Air": 11.852873997133752,
      "Vocal Range": 15.45861788240091
    },
    "brightness_centroid_hz": 2370.975283176239,
    "brightness_label": "Medium",
    "spectral_rolloff_hz": 4708.635756046372,
    "dominant_band": "Sub",
    "low_end_total_percent": 31.546863210156367,
    "mid_total_percent": 43.806357610281765,
    "top_total_percent": 24.64677917764079
  },
  "fingerprint": {
    "mfcc_1": -234.73370361328125,
    "mfcc_2": 7.916435718536377,
    "mfcc_3": -13.890989303588867,
    "mfcc_4": 2.867917537689209,
    "mfcc_5": -11.244580268859863,
    "mfcc_6": -17.798749923706055,
    "mfcc_7": -10.379199981689453,
    "mfcc_8": -5.862776279449463,
    "mfcc_9": -12.787318229675293,
    "mfcc_10": 3.5010135173797607,
    "mfcc_11": -10.91630744934082,
    "mfcc_12": -8.08668327331543,
    "mfcc_13": -4.591107368469238,
    "chroma_1": 0.6547085046768188,
    "chroma_2": 0.5425289869308472,
    "chroma_3": 0.6562830805778503,
    "chroma_4": 0.46028491854667664,
    "chroma_5": 0.5105999112129211,
    "chroma_6": 0.46437910199165344,
    "chroma_7": 0.3748362958431244,
    "chroma_8": 0.5367507934570312,
    "chroma_9": 0.36031195521354675,
    "chroma_10": 0.47842633724212646,
    "chroma_11": 0.4443909227848053,
    "chroma_12": 0.40576171875,
    "spectral_contrast": 23.309131016951863,
    "spectral_flatness": 0.014626135118305683,
    "zero_crossing_rate": 0.08606967985076432,
    "embed_mfcc_1_mean": -234.73370361328125,
    "embed_mfcc_1_std": 116.64559936523438,
    "embed_mfcc_2_mean": 7.916435718536377,
    "embed_mfcc_2_std": 62.111328125,
    "embed_mfcc_3_mean": -13.890989303588867,
    "embed_mfcc_3_std": 42.10725784301758,
    "embed_mfcc_4_mean": 2.867917537689209,
    "embed_mfcc_4_std": 27.915342330932617,
    "embed_mfcc_5_mean": -11.244580268859863,
    "embed_mfcc_5_std": 20.677839279174805,
    "embed_mfcc_6_mean": -17.798749923706055,
    "embed_mfcc_6_std": 19.761404037475586,
    "embed_mfcc_7_mean": -10.379199981689453,
    "embed_mfcc_7_std": 16.20418357849121,
    "embed_mfcc_8_mean": -5.862776279449463,
    "embed_mfcc_8_std": 15.042649269104004,
    "embed_mfcc_9_mean": -12.787318229675293,
    "embed_mfcc_9_std": 15.91634750366211,
    "embed_mfcc_10_mean": 3.5010135173797607,
    "embed_mfcc_10_std": 16.003461837768555,
    "embed_mfcc_11_mean": -10.91630744934082,
    "embed_mfcc_11_std": 13.259329795837402,
    "embed_mfcc_12_mean": -8.08668327331543,
    "embed_mfcc_12_std": 12.288066864013672,
    "embed_mfcc_13_mean": -4.591107368469238,
    "embed_mfcc_13_std": 10.328629493713379,
    "embed_mfcc_14_mean": -4.439413070678711,
    "embed_mfcc_14_std": 10.66492748260498,
    "embed_mfcc_15_mean": -1.4658215045928955,
    "embed_mfcc_15_std": 9.804710388183594,
    "embed_mfcc_16_mean": -0.5742685198783875,
    "embed_mfcc_16_std": 9.37246036529541,
    "embed_mfcc_17_mean": -6.691169738769531,
    "embed_mfcc_17_std": 9.973873138427734,
    "embed_mfcc_18_mean": 5.344781875610352,
    "embed_mfcc_18_std": 10.397050857543945,
    "embed_mfcc_19_mean": -5.064908027648926,
    "embed_mfcc_19_std": 10.529300689697266,
    "embed_mfcc_20_mean": 2.5610103607177734,
    "embed_mfcc_20_std": 10.22185230255127,
    "embed_chroma_1_mean": 0.6547085046768188,
    "embed_chroma_1_std": 0.34446606040000916,
    "embed_chroma_2_mean": 0.5425289869308472,
    "embed_chroma_2_std": 0.29431939125061035,
    "embed_chroma_3_mean": 0.6562830805778503,
    "embed_chroma_3_std": 0.29397037625312805,
    "embed_chroma_4_mean": 0.46028491854667664,
    "embed_chroma_4_std": 0.2519371807575226,
    "embed_chroma_5_mean": 0.5105999112129211,
    "embed_chroma_5_std": 0.28044548630714417,
    "embed_chroma_6_mean": 0.46437910199165344,
    "embed_chroma_6_std": 0.254937082529068,
    "embed_chroma_7_mean": 0.3748362958431244,
    "embed_chroma_7_std": 0.18971887230873108,
    "embed_chroma_8_mean": 0.5367507934570312,
    "embed_chroma_8_std": 0.26627054810523987,
    "embed_chroma_9_mean": 0.36031195521354675,
    "embed_chroma_9_std": 0.19164715707302094,
    "embed_chroma_10_mean": 0.47842633724212646,
    "embed_chroma_10_std": 0.24318255484104156,
    "embed_chroma_11_mean": 0.4443909227848053,
    "embed_chroma_11_std": 0.26699453592300415,
    "embed_chroma_12_mean": 0.40576171875,
    "embed_chroma_12_std": 0.2640868127346039,
    "embed_contrast_1_mean": 19.88998031616211,
    "embed_contrast_1_std": 4.774877548217773,
    "embed_contrast_2_mean": 15.793312072753906,
    "embed_contrast_2_std": 4.663305759429932,
    "embed_contrast_3_mean": 20.3021240234375,
    "embed_contrast_3_std": 4.935145378112793,
    "embed_contrast_4_mean": 20.171735763549805,
    "embed_contrast_4_std": 4.413421154022217,
    "embed_contrast_5_mean": 19.8160400390625,
    "embed_contrast_5_std": 4.42720365524292,
    "embed_contrast_6_mean": 21.119565963745117,
    "embed_contrast_6_std": 5.2414326667785645,
    "embed_contrast_7_mean": 46.07115936279297,
    "embed_contrast_7_std": 5.197772026062012,
    "embed_chroma_entropy": 2.4677441120147705,
    "embed_centroid_mean": 2095.781839059243,
    "embed_centroid_std": 1099.4723890892944,
    "embed_rolloff_mean": 4253.670111972112,
    "embed_rolloff_std": 2203.3552422305956,
    "embed_flatness_mean": 0.014626135118305683,
    "embed_flatness_std": 0.02746591903269291,
    "embed_zcr_mean": 0.08606967985076432,
    "embed_zcr_std": 0.0671785787882299,
    "embed_rms_mean": 0.15507300198078156,
    "embed_rms_std": 0.09297043085098267,
    "embed_onset_mean": 1.68360435962677,
    "embed_onset_std": 1.4823024272918701,
    "fingerprint_version": 2.0,
    "fingerprint_duration_seconds": 160.0853514739229,
    "embed_mfcc_delta_mean": -0.0011317984899505973,
    "embed_mfcc_delta_std": 3.2157344818115234,
    "embed_chroma_delta_mean": 2.2100608475739136e-05,
    "embed_chroma_delta_std": 0.0318012461066246,
    "embed_onset_peak": 13.788248062133789,
    "embed_onset_p95": 4.598288059234619,
    "embed_rms_p10": 0.05332348495721817,
    "embed_rms_p50": 0.12502233684062958,
    "embed_rms_p90": 0.28874751925468445,
    "embedding_nonzero_count": 100.0
  },
  "rhythm": {
    "onset_count": 797,
    "onset_density": 4.978594749466951,
    "drum_activity": "High",
    "estimated_bars": 93,
    "seconds_per_bar": 1.7142857142857142
  },
  "sections": [
    {
      "name": "Intro",
      "start": 0.0,
      "end": 16.0,
      "avg_energy": 0.10789211839437485,
      "energy_label": "Low"
    },
    {
      "name": "Chorus / Hook",
      "start": 16.0,
      "end": 32.0,
      "avg_energy": 0.18941307067871094,
      "energy_label": "High"
    },
    {
      "name": "Verse",
      "start": 32.0,
      "end": 48.0,
      "avg_energy": 0.17245088517665863,
      "energy_label": "High"
    },
    {
      "name": "Chorus / Hook",
      "start": 48.0,
      "end": 64.0,
      "avg_energy": 0.13426631689071655,
      "energy_label": "Medium"
    },
    {
      "name": "Verse",
      "start": 64.0,
      "end": 80.0,
      "avg_energy": 0.15962500870227814,