{
  "basic": {
    "file_name": "SoFaygo - Breathe.wav",
    "file_path": "/Users/jayden/SoundLens/tracks/SoFaygo/SoFaygo - Breathe.wav",
    "sample_rate": 48000,
    "duration_seconds": 180.18135416666667,
    "bpm": 165.44,
    "key": "C Minor",
    "key_note": "C",
    "key_mode": "Minor",
    "key_confidence": 46.571183524599704
  },
  "loudness": {
    "peak_db": -0.3384990548787564,
    "rms_db": -15.460999825365732,
    "dynamic_range_db": 15.122500770486976,
    "clipping_detected": false,
    "clipping_samples": 0,
    "clipping_percent": 0.0,
    "headroom_db": 0.3384990548787564
  },
  "frequency": {
    "band_percentages": {
      "Sub": 15.610919447315444,
      "Bass / 808": 14.70845629524542,
      "Mud": 14.956850754011974,
      "Low Mids": 14.915978295097451,
      "Mids / Melody": 15.001430553421805,
      "Harsh Zone": 14.49482741315504,
      "Highs": 13.417976396444761,
      "Air": 11.388388256613757,
      "Vocal Range": 15.764763495547815
    },
    "brightness_centroid_hz": 2618.4290091685093,
    "brightness_label": "Medium",
    "spectral_rolloff_hz": 5214.848605931451,
    "dominant_band": "Sub",
    "low_end_total_percent": 30.319375742560865,
    "mid_total_percent": 44.87425960253123,
    "top_total_percent": 24.806364653058516
  },
  "fingerprint": {
    "mfcc_1": -191.67666625976562,
    "mfcc_2": 144.01287841796875,
    "mfcc_3": -29.03794288635254,
    "mfcc_4": 35.656394958496094,
    "mfcc_5": -7.089179039001465,
    "mfcc_6": 18.93956184387207,
    "mfcc_7": -9.527191162109375,
    "mfcc_8": -2.355239152908325,
    "mfcc_9": 1.5587066411972046,
    "mfcc_10": -6.843871116638184,
    "mfcc_11": -7.227697849273682,
    "mfcc_12": -4.552924156188965,
    "mfcc_13": 1.7675987482070923,
    "chroma_1": 0.6439766883850098,
    "chroma_2": 0.4196436107158661,
    "chroma_3": 0.4578148424625397,
    "chroma_4": 0.480316162109375,
    "chroma_5": 0.4199475944042206,
    "chroma_6": 0.4978628158569336,
    "chroma_7": 0.3597475290298462,
    "chroma_8": 0.4690113663673401,
    "chroma_9": 0.43743181228637695,
    "chroma_10": 0.39113718271255493,
    "chroma_11": 0.40380847454071045,
    "chroma_12": 0.354969322681427,
    "spectral_contrast": 20.283714344878145,
    "spectral_flatness": 0.000515217543579638,
    "zero_crossing_rate": 0.05817391425997455
  },
  "rhythm": {
    "onset_count": 742,
    "onset_density": 4.118073168179514,
    "drum_activity": "High",
    "estimated_bars": 124,
    "seconds_per_bar": 1.4506769825918762
  },
  "sections": [
    {
      "name": "Intro",
      "start": 0.0,
      "end": 16.0,
      "avg_energy": 0.1258295178413391,
      "energy_label": "Low"
    },
    {
      "name": "Chorus / Hook",
      "start": 16.0,
      "end": 32.0,
      "avg_energy": 0.16758200526237488,
      "energy_label": "Medium"
    },
    {
      "name": "Verse",
      "start": 32.0,
      "end": 48.0,
      "avg_energy": 0.12194894999265671,
      "energy_label": "Low"
    },
    {
      "name": "Chorus / Hook",
      "start": 48.0,
      "end": 64.0,
      "avg_energy": 0.1840910166501999,
      "energy_label": "Medium"
    },
    {
      "name": "Verse",
      "start": 64.0,
      "end": 80.0,
      "avg_energy": 0.22729933261871338,
      "energy_label": "High"
    },
    {
      "name": "Verse",
      "start": 80.0,
      "end": 96.0,
      "avg_energy": 0.18692979216575623,
      "energy_label": "Medium"
    },
    {
      "name": "Verse",
      "start": 96.0,
      "end": 112.0,
      "avg_energy": 0.17567791044712067,
      "energy_label": "Medium"
    },
    {
      "name": "Hook / Drop",
      "start": 112.0,
      "end": 128.0,
      "avg_energy": 0.2361632138490677,
      "energy_label": "High"
    },
    {
      "name": "Verse",
      "start": 128.0,
      "end": 144.0,
      "avg_energy": 0.14109495282173157,
      "energy_label": "Medium"
    },
    {
      "name": "Verse",
      "start": 144.0,
      "end": 160.0,
      "avg_energy": 0.14897987246513367,
      "energy_label": "Medium"
    },
    {
      "name": "Outro",
      "start": 160.0,
      "end": 180.18135416666667,
      "avg_energy": 0.09845413267612457,
      "energy_label": "Low"
    }
  ],
  "scores": {
    "mix": 94,
    "master": 94,
    "arrangement": 75,
    "release": 88,
    "energy": 4.769500087317134,
    "bass_strength": 6.063875148512173,
    "darkness": 4.763141981662981,
    "brightness": 5.236858018337019,
    "drum_bounce": 10,
    "vocal_space": 1.8864056562384306
  },
  "stem_balance": null,
  "top_problems": [
    "Mud range is elevated around 250-500 Hz.",
    "Intro may be long for short-form listener retention.",
    "Drum movement is very active; the beat could become overcrowded.",
    "Hook/verse contrast looks low, but arrangement detection is still an estimate."
  ],
  "suggested_fixes": [
    "Gently cut 250-500 Hz on melodies, pads, or the master if the mix feels cloudy.",
    "Mute extra percussion in some sections so the hook/drop feels bigger.",
    "Check the waveform/sections by ear. If the hook feels flat, add contrast with melody layers, drum changes, or vocal energy.",
    "Consider bringing drums, 808, or a strong tag/moment in earlier."
  ],
  "artist_notes": [
    "Autotune/key starting point: C Minor. Confidence: 46.6%.",
    "Beat energy: 4.8/10. Darkness: 4.8/10.",
    "Vocal space estimate: 1.9/10. Higher means easier space for vocals."
  ],
  "producer_notes": [
    "Low-end presence looks usable for the selected style.",
    "Selected style preset: rage_trap.",
    "Dominant frequency area: Sub.",
    "Drum activity is high at 4.12 hits/sec.",
    "Estimated length: 124 bars at 165 BPM."
  ],
  "master_notes": [
    "No obvious clipping problem detected.",
    "Loudness is in a usable range for the selected style.",
    "Peak: -0.34 dB. RMS: -15.46 dB. Dynamic range: 15.12 dB."
  ],
  "next_steps": [
    "Gently cut 250-500 Hz on melodies, pads, or the master if the mix feels cloudy.",
    "Mute extra percussion in some sections so the hook/drop feels bigger.",
    "Check the waveform/sections by ear. If the hook feels flat, add contrast with melody layers, drum changes, or vocal energy.",
    "This is close. Only make small changes unless you hear a clear problem."
  ]
}