{
  "basic": {
    "file_name": "SoFaygo - Stay Awake.wav",
    "file_path": "/Users/jayden/SoundLens/tracks/SoFaygo/SoFaygo - Stay Awake.wav",
    "sample_rate": 48000,
    "duration_seconds": 213.71647916666666,
    "bpm": 145.47,
    "key": "D# Minor",
    "key_note": "D#",
    "key_mode": "Minor",
    "key_confidence": 46.204108613529485
  },
  "loudness": {
    "peak_db": -7.972914835308974e-05,
    "rms_db": -9.758269554275946,
    "dynamic_range_db": 9.758189825127593,
    "clipping_detected": true,
    "clipping_samples": 9556,
    "clipping_percent": 0.09315301005781511,
    "headroom_db": 7.972914835308974e-05
  },
  "frequency": {
    "band_percentages": {
      "Sub": 16.395260248966615,
      "Bass / 808": 14.854145931011796,
      "Mud": 13.843526462888288,
      "Low Mids": 14.73463668727269,
      "Mids / Melody": 14.541122821705965,
      "Harsh Zone": 13.862360273972579,
      "Highs": 13.582859514205353,
      "Air": 12.048448332200854,
      "Vocal Range": 15.25037129843927
    },
    "brightness_centroid_hz": 2721.780070216622,
    "brightness_label": "Medium",
    "spectral_rolloff_hz": 5681.088103912956,
    "dominant_band": "Sub",
    "low_end_total_percent": 31.24940617997841,
    "mid_total_percent": 43.119285971866944,
    "top_total_percent": 25.63130784640621
  },
  "fingerprint": {
    "mfcc_1": -140.79234313964844,
    "mfcc_2": 137.55564880371094,
    "mfcc_3": -15.568197250366211,
    "mfcc_4": 34.76214599609375,
    "mfcc_5": -15.474233627319336,
    "mfcc_6": 23.640954971313477,
    "mfcc_7": -9.268278121948242,
    "mfcc_8": 5.598083019256592,
    "mfcc_9": 8.417780876159668,
    "mfcc_10": 6.448028564453125,
    "mfcc_11": 1.9462636709213257,
    "mfcc_12": 11.456083297729492,
    "mfcc_13": 10.09150218963623,
    "chroma_1": 0.3210389316082001,
    "chroma_2": 0.27454981207847595,
    "chroma_3": 0.26787856221199036,
    "chroma_4": 0.6071891784667969,
    "chroma_5": 0.36510995030403137,
    "chroma_6": 0.5141971111297607,
    "chroma_7": 0.34993797540664673,
    "chroma_8": 0.23335322737693787,
    "chroma_9": 0.20697171986103058,
    "chroma_10": 0.17360661923885345,
    "chroma_11": 0.4134102165699005,
    "chroma_12": 0.21102961897850037,
    "spectral_contrast": 20.31417641921169,
    "spectral_flatness": 0.0046094805002212524,
    "zero_crossing_rate": 0.04555123531549461
  },
  "rhythm": {
    "onset_count": 872,
    "onset_density": 4.08017202697772,
    "drum_activity": "High",
    "estimated_bars": 130,
    "seconds_per_bar": 1.6498247061249742
  },
  "sections": [
    {
      "name": "Intro",
      "start": 0.0,
      "end": 16.0,
      "avg_energy": 0.14885276556015015,
      "energy_label": "Low"
    },
    {
      "name": "Chorus / Hook",
      "start": 16.0,
      "end": 32.0,
      "avg_energy": 0.30396270751953125,
      "energy_label": "Medium"
    },
    {
      "name": "Verse",
      "start": 32.0,
      "end": 48.0,
      "avg_energy": 0.3941096067428589,
      "energy_label": "High"
    },
    {
      "name": "Chorus / Hook",
      "start": 48.0,
      "end": 64.0,
      "avg_energy": 0.3952687382698059,
      "energy_label": "High"
    },
    {
      "name": "Verse",
      "start": 64.0,
      "end": 80.0,
      "avg_energy": 0.38973328471183777,
      "energy_label": "High"
    },
    {
      "name": "Bridge / Breakdown",
      "start": 80.0,
      "end": 96.0,
      "avg_energy": 0.1570087969303131,
      "energy_label": "Low"
    },
    {
      "name": "Verse",
      "start": 96.0,
      "end": 112.0,
      "avg_energy": 0.31881991028785706,
      "energy_label": "Medium"
    },
    {
      "name": "Hook / Drop",
      "start": 112.0,
      "end": 128.0,
      "avg_energy": 0.4220994710922241,
      "energy_label": "High"
    },
    {
      "name": "Hook / Drop",
      "start": 128.0,
      "end": 144.0,
      "avg_energy": 0.3865683376789093,
      "energy_label": "High"
    },
    {
      "name": "Hook / Drop",
      "start": 144.0,
      "end": 160.0,
      "avg_energy": 0.38712432980537415,
      "energy_label": "High"
    },
    {
      "name": "Bridge / Breakdown",
      "start": 160.0,
      "end": 176.0,
      "avg_energy": 0.21042275428771973,
      "energy_label": "Low"
    },
    {
      "name": "Verse",
      "start": 176.0,
      "end": 192.0,
      "avg_energy": 0.34609949588775635,
      "energy_label": "Medium"
    },
    {
      "name": "Outro",
      "start": 192.0,
      "end": 213.71647916666666,
      "avg_energy": 0.2211020141839981,
      "energy_label": "Low"
    }
  ],
  "scores": {
    "mix": 86,
    "master": 86,
    "arrangement": 81,
    "release": 84,
    "energy": 7.620865222862027,
    "bass_strength": 6.249881235995682,
    "darkness": 4.556439859566757,
    "brightness": 5.443560140433243,
    "drum_bounce": 10,
    "vocal_space": 2.357641316662871
  },
  "stem_balance": null,
  "top_problems": [
    "Clipping detected: 9556 samples are near/over the limit.",
    "Mud range is elevated around 250-500 Hz.",
    "Intro may be long for short-form listener retention.",
    "Drum movement is very active; the beat could become overcrowded."
  ],
  "suggested_fixes": [
    "Lower the master/output, then use a soft clipper or limiter with safer ceiling.",
    "Gently cut 250-500 Hz on melodies, pads, or the master if the mix feels cloudy.",
    "Mute extra percussion in some sections so the hook/drop feels bigger.",
    "Consider bringing drums, 808, or a strong tag/moment in earlier."
  ],
  "artist_notes": [
    "Autotune/key starting point: D# Minor. Confidence: 46.2%.",
    "Beat energy: 7.6/10. Darkness: 4.6/10.",
    "Vocal space estimate: 2.4/10. Higher means easier space for vocals."
  ],
  "producer_notes": [
    "Low-end presence looks usable for the selected style.",
    "Selected style preset: rage_trap.",
    "Dominant frequency area: Sub.",
    "Drum activity is high at 4.08 hits/sec.",
    "Estimated length: 130 bars at 145 BPM."
  ],
  "master_notes": [
    "Clipping is the first thing to fix before judging the rest of the mix.",
    "Loudness is in a usable range for the selected style.",
    "Peak: -0.00 dB. RMS: -9.76 dB. Dynamic range: 9.76 dB."
  ],
  "next_steps": [
    "Lower the master/output, then use a soft clipper or limiter with safer ceiling.",
    "Gently cut 250-500 Hz on melodies, pads, or the master if the mix feels cloudy.",
    "Mute extra percussion in some sections so the hook/drop feels bigger.",
    "Fix the top 1-2 issues, export again, then re-run SoundLens."
  ]
}