{
  "basic": {
    "file_name": "Midwxst - Nineteen.wav",
    "file_path": "/Volumes/POLLY/tracks/Midwxst/Midwxst - Nineteen.wav",
    "sample_rate": 48000,
    "duration_seconds": 187.113375,
    "bpm": 140.0,
    "key": "F Minor",
    "key_note": "F",
    "key_mode": "Minor",
    "key_confidence": 43.43610971966084
  },
  "loudness": {
    "peak_db": 0.0018449558660447647,
    "rms_db": -6.029080671354626,
    "dynamic_range_db": 6.030925627220671,
    "clipping_detected": true,
    "clipping_samples": 110390,
    "clipping_percent": 1.2290899390097938,
    "headroom_db": -0.0018449558660447647
  },
  "frequency": {
    "band_percentages": {
      "Sub": 16.706611322783367,
      "Bass / 808": 14.822218292520994,
      "Mud": 14.155674697319503,
      "Low Mids": 13.98800037802964,
      "Mids / Melody": 13.824367170369737,
      "Harsh Zone": 13.185929449453743,
      "Highs": 13.498306399577404,
      "Air": 13.004821737688662,
      "Vocal Range": 14.744549660559908
    },
    "brightness_centroid_hz": 3132.7604216983577,
    "brightness_label": "Medium",
    "spectral_rolloff_hz": 7132.556863527534,
    "dominant_band": "Sub",
    "low_end_total_percent": 31.52882961530436,
    "mid_total_percent": 41.96804224571888,
    "top_total_percent": 26.503128137266067
  },
  "fingerprint": {
    "mfcc_1": -135.3011932373047,
    "mfcc_2": -8.00997543334961,
    "mfcc_3": -1.3222142457962036,
    "mfcc_4": 6.232956886291504,
    "mfcc_5": 9.81008243560791,
    "mfcc_6": 0.17113067209720612,
    "mfcc_7": -2.2702431678771973,
    "mfcc_8": 4.338851451873779,
    "mfcc_9": -3.837648868560791,
    "mfcc_10": 13.22391414642334,
    "mfcc_11": 1.698453426361084,
    "mfcc_12": 5.42592716217041,
    "mfcc_13": -0.8503153324127197,
    "chroma_1": 0.2889767587184906,
    "chroma_2": 0.4846312701702118,
    "chroma_3": 0.29924389719963074,
    "chroma_4": 0.16649915277957916,
    "chroma_5": 0.22737419605255127,
    "chroma_6": 0.673383355140686,
    "chroma_7": 0.3252134919166565,
    "chroma_8": 0.21064181625843048,
    "chroma_9": 0.21023716032505035,
    "chroma_10": 0.157671719789505,
    "chroma_11": 0.19482162594795227,
    "chroma_12": 0.1460570991039276,
    "spectral_contrast": 21.812668196702383,
    "spectral_flatness": 0.012330359779298306,
    "zero_crossing_rate": 0.04829874422528057,
    "embed_mfcc_1_mean": -135.3011932373047,
    "embed_mfcc_1_std": 82.65637969970703,
    "embed_mfcc_2_mean": -8.00997543334961,
    "embed_mfcc_2_std": 44.5129280090332,
    "embed_mfcc_3_mean": -1.3222142457962036,
    "embed_mfcc_3_std": 27.510713577270508,
    "embed_mfcc_4_mean": 6.232956886291504,
    "embed_mfcc_4_std": 23.908437728881836,
    "embed_mfcc_5_mean": 9.81008243560791,
    "embed_mfcc_5_std": 17.055700302124023,
    "embed_mfcc_6_mean": 0.17113067209720612,
    "embed_mfcc_6_std": 13.017707824707031,
    "embed_mfcc_7_mean": -2.2702431678771973,
    "embed_mfcc_7_std": 12.237086296081543,
    "embed_mfcc_8_mean": 4.338851451873779,
    "embed_mfcc_8_std": 11.301535606384277,
    "embed_mfcc_9_mean": -3.837648868560791,
    "embed_mfcc_9_std": 11.988478660583496,
    "embed_mfcc_10_mean": 13.22391414642334,
    "embed_mfcc_10_std": 8.79044246673584,
    "embed_mfcc_11_mean": 1.698453426361084,
    "embed_mfcc_11_std": 7.929973602294922,
    "embed_mfcc_12_mean": 5.42592716217041,
    "embed_mfcc_12_std": 7.850130081176758,
    "embed_mfcc_13_mean": -0.8503153324127197,
    "embed_mfcc_13_std": 8.027430534362793,
    "embed_mfcc_14_mean": 3.5542526245117188,
    "embed_mfcc_14_std": 8.456729888916016,
    "embed_mfcc_15_mean": 6.784952163696289,
    "embed_mfcc_15_std": 9.11650276184082,
    "embed_mfcc_16_mean": 3.55204701423645,
    "embed_mfcc_16_std": 8.93897819519043,
    "embed_mfcc_17_mean": 6.750020503997803,
    "embed_mfcc_17_std": 8.894112586975098,
    "embed_mfcc_18_mean": 9.518692016601562,
    "embed_mfcc_18_std": 7.813553333282471,
    "embed_mfcc_19_mean": 6.1708831787109375,
    "embed_mfcc_19_std": 7.443631172180176,
    "embed_mfcc_20_mean": 2.206308364868164,
    "embed_mfcc_20_std": 6.85164213180542,
    "embed_chroma_1_mean": 0.2889767587184906,
    "embed_chroma_1_std": 0.20862026512622833,
    "embed_chroma_2_mean": 0.4846312701702118,
    "embed_chroma_2_std": 0.4045802652835846,
    "embed_chroma_3_mean": 0.29924389719963074,
    "embed_chroma_3_std": 0.29640716314315796,
    "embed_chroma_4_mean": 0.16649915277957916,
    "embed_chroma_4_std": 0.16206103563308716,
    "embed_chroma_5_mean": 0.22737419605255127,
    "embed_chroma_5_std": 0.15025809407234192,
    "embed_chroma_6_mean": 0.673383355140686,
    "embed_chroma_6_std": 0.3943127989768982,
    "embed_chroma_7_mean": 0.3252134919166565,
    "embed_chroma_7_std": 0.22037677466869354,
    "embed_chroma_8_mean": 0.21064181625843048,
    "embed_chroma_8_std": 0.18036812543869019,
    "embed_chroma_9_mean": 0.21023716032505035,
    "embed_chroma_9_std": 0.17848451435565948,
    "embed_chroma_10_mean": 0.157671719789505,
    "embed_chroma_10_std": 0.1130446121096611,
    "embed_chroma_11_mean": 0.19482162594795227,
    "embed_chroma_11_std": 0.20305867493152618,
    "embed_chroma_12_mean": 0.1460570991039276,
    "embed_chroma_12_std": 0.1229114681482315,
    "embed_contrast_1_mean": 22.590721130371094,
    "embed_contrast_1_std": 5.5109686851501465,
    "embed_contrast_2_mean": 13.60490894317627,
    "embed_contrast_2_std": 3.8852407932281494,
    "embed_contrast_3_mean": 17.367198944091797,
    "embed_contrast_3_std": 3.9266183376312256,
    "embed_contrast_4_mean": 16.647506713867188,
    "embed_contrast_4_std": 3.074352979660034,
    "embed_contrast_5_mean": 17.526227951049805,
    "embed_contrast_5_std": 2.753272771835327,
    "embed_contrast_6_mean": 17.49357795715332,
    "embed_contrast_6_std": 2.653109073638916,
    "embed_contrast_7_mean": 47.45853805541992,
    "embed_contrast_7_std": 3.1227664947509766,
    "embed_chroma_entropy": 2.366941452026367,
    "embed_centroid_mean": 2286.3741846510434,
    "embed_centroid_std": 1183.7870602139876,
    "embed_rolloff_mean": 5482.243932954298,
    "embed_rolloff_std": 2568.0152338270054,
    "embed_flatness_mean": 0.012330359779298306,
    "embed_flatness_std": 0.024659261107444763,
    "embed_zcr_mean": 0.04829874422528057,
    "embed_zcr_std": 0.064412367032428,
    "embed_rms_mean": 0.4291631877422333,
    "embed_rms_std": 0.12252464890480042,
    "embed_onset_mean": 1.4465848207473755,
    "embed_onset_std": 1.0339335203170776,
    "fingerprint_version": 2.0,
    "fingerprint_duration_seconds": 187.11337868480726,
    "embed_mfcc_delta_mean": 0.0008959911647252738,
    "embed_mfcc_delta_std": 2.4617598056793213,
    "embed_chroma_delta_mean": -2.3917054932098836e-06,
    "embed_chroma_delta_std": 0.018945816904306412,
    "embed_onset_peak": 14.601548194885254,
    "embed_onset_p95": 3.3922297954559326,
    "embed_rms_p10": 0.24882066249847412,
    "embed_rms_p50": 0.44661450386047363,
    "embed_rms_p90": 0.5663670301437378,
    "embedding_nonzero_count": 100.0
  },
  "rhythm": {
    "onset_count": 930,
    "onset_density": 4.970248652721913,
    "drum_activity": "High",
    "estimated_bars": 109,
    "seconds_per_bar": 1.7142857142857142
  },
  "sections": [
    {
      "name": "Intro",
      "start": 0.0,
      "end": 16.0,
      "avg_energy": 0.4477112293243408,
      "energy_label": "Medium"
    },
    {
      "name": "Chorus / Hook",
      "start": 16.0,
      "end": 32.0,
      "avg_energy": 0.3772892951965332,
      "energy_label": "Low"
    },
    {
      "name": "Verse",
      "start": 32.0,
      "end": 48.0,
      "avg_energy": 0.4262128174304962,
      "energy_label": "Medium"
    },
    {
      "name": "Chorus / Hook",
      "start": 48.0,
      "end": 64.0,
      "avg_energy": 0.5545102953910828,
      "energy_label": "Medium"
    },
    {
      "name": "Verse",
      "start": 64.0,
      "end": 80.0,
      "avg_energy": 0.5213397145271301,