{
  "basic": {
    "file_name": "Midwxst - heartache blues.wav",
    "file_path": "/Volumes/POLLY/tracks/Midwxst/Midwxst - heartache blues.wav",
    "sample_rate": 48000,
    "duration_seconds": 226.0,
    "bpm": 140.0,
    "key": "C Minor",
    "key_note": "C",
    "key_mode": "Minor",
    "key_confidence": 43.52072624426561
  },
  "loudness": {
    "peak_db": -8.853046282986114e-05,
    "rms_db": -9.65292525674019,
    "dynamic_range_db": 9.65283672627736,
    "clipping_detected": true,
    "clipping_samples": 77278,
    "clipping_percent": 0.7123709439528024,
    "headroom_db": 8.853046282986114e-05
  },
  "frequency": {
    "band_percentages": {
      "Sub": 15.937689982837583,
      "Bass / 808": 15.06527408944792,
      "Mud": 14.505375189312186,
      "Low Mids": 14.390660345478478,
      "Mids / Melody": 14.167441375611942,
      "Harsh Zone": 13.564098431084911,
      "Highs": 13.558886417577302,
      "Air": 12.374672598024853,
      "Vocal Range": 15.119011717844705
    },
    "brightness_centroid_hz": 2881.0514576434894,
    "brightness_label": "Medium",
    "spectral_rolloff_hz": 6470.409252878988,
    "dominant_band": "Sub",
    "low_end_total_percent": 31.0029640722855,
    "mid_total_percent": 43.063476910402606,
    "top_total_percent": 25.933559015602157
  },
  "fingerprint": {
    "mfcc_1": -175.59384155273438,
    "mfcc_2": 2.4343926906585693,
    "mfcc_3": 6.171318531036377,
    "mfcc_4": -5.63731050491333,
    "mfcc_5": 2.5782504081726074,
    "mfcc_6": 1.0870081186294556,
    "mfcc_7": -5.806459903717041,
    "mfcc_8": 0.798198401927948,
    "mfcc_9": -6.271474361419678,
    "mfcc_10": 4.411940097808838,
    "mfcc_11": -3.9286410808563232,
    "mfcc_12": 5.171595096588135,
    "mfcc_13": -4.274884223937988,
    "chroma_1": 0.5107738971710205,
    "chroma_2": 0.3520296812057495,
    "chroma_3": 0.4048979580402374,
    "chroma_4": 0.48167353868484497,
    "chroma_5": 0.33105403184890747,
    "chroma_6": 0.3899971544742584,
    "chroma_7": 0.30459657311439514,
    "chroma_8": 0.5331782102584839,
    "chroma_9": 0.41113200783729553,
    "chroma_10": 0.31120991706848145,
    "chroma_11": 0.4027302861213684,
    "chroma_12": 0.2949652373790741,
    "spectral_contrast": 22.863227219650998,
    "spectral_flatness": 0.01954972930252552,
    "zero_crossing_rate": 0.07597780965799149,
    "embed_mfcc_1_mean": -175.59384155273438,
    "embed_mfcc_1_std": 144.01490783691406,
    "embed_mfcc_2_mean": 2.4343926906585693,
    "embed_mfcc_2_std": 65.21839141845703,
    "embed_mfcc_3_mean": 6.171318531036377,
    "embed_mfcc_3_std": 28.19573402404785,
    "embed_mfcc_4_mean": -5.63731050491333,
    "embed_mfcc_4_std": 18.400785446166992,
    "embed_mfcc_5_mean": 2.5782504081726074,
    "embed_mfcc_5_std": 16.048290252685547,
    "embed_mfcc_6_mean": 1.0870081186294556,
    "embed_mfcc_6_std": 11.919988632202148,
    "embed_mfcc_7_mean": -5.806459903717041,
    "embed_mfcc_7_std": 10.852267265319824,
    "embed_mfcc_8_mean": 0.798198401927948,
    "embed_mfcc_8_std": 10.134613990783691,
    "embed_mfcc_9_mean": -6.271474361419678,
    "embed_mfcc_9_std": 10.894087791442871,
    "embed_mfcc_10_mean": 4.411940097808838,
    "embed_mfcc_10_std": 9.56921100616455,
    "embed_mfcc_11_mean": -3.9286410808563232,
    "embed_mfcc_11_std": 10.031399726867676,
    "embed_mfcc_12_mean": 5.171595096588135,
    "embed_mfcc_12_std": 9.663092613220215,
    "embed_mfcc_13_mean": -4.274884223937988,
    "embed_mfcc_13_std": 8.353388786315918,
    "embed_mfcc_14_mean": 0.8372817039489746,
    "embed_mfcc_14_std": 8.583763122558594,
    "embed_mfcc_15_mean": 0.04696650430560112,
    "embed_mfcc_15_std": 8.613154411315918,
    "embed_mfcc_16_mean": 3.958972215652466,
    "embed_mfcc_16_std": 7.019812107086182,
    "embed_mfcc_17_mean": -1.560944676399231,
    "embed_mfcc_17_std": 7.829040050506592,
    "embed_mfcc_18_mean": 6.102640628814697,
    "embed_mfcc_18_std": 7.4961323738098145,
    "embed_mfcc_19_mean": -1.6519362926483154,
    "embed_mfcc_19_std": 8.220406532287598,
    "embed_mfcc_20_mean": 1.5081679821014404,
    "embed_mfcc_20_std": 8.015686988830566,
    "embed_chroma_1_mean": 0.5107738971710205,
    "embed_chroma_1_std": 0.34942522644996643,
    "embed_chroma_2_mean": 0.3520296812057495,
    "embed_chroma_2_std": 0.24178262054920197,
    "embed_chroma_3_mean": 0.4048979580402374,
    "embed_chroma_3_std": 0.25206178426742554,
    "embed_chroma_4_mean": 0.48167353868484497,
    "embed_chroma_4_std": 0.31616729497909546,
    "embed_chroma_5_mean": 0.33105403184890747,
    "embed_chroma_5_std": 0.23501288890838623,
    "embed_chroma_6_mean": 0.3899971544742584,
    "embed_chroma_6_std": 0.29020175337791443,
    "embed_chroma_7_mean": 0.30459657311439514,
    "embed_chroma_7_std": 0.20314337313175201,
    "embed_chroma_8_mean": 0.5331782102584839,
    "embed_chroma_8_std": 0.31590935587882996,
    "embed_chroma_9_mean": 0.41113200783729553,
    "embed_chroma_9_std": 0.3050406277179718,
    "embed_chroma_10_mean": 0.31120991706848145,
    "embed_chroma_10_std": 0.21396657824516296,
    "embed_chroma_11_mean": 0.4027302861213684,
    "embed_chroma_11_std": 0.2864774465560913,
    "embed_chroma_12_mean": 0.2949652373790741,
    "embed_chroma_12_std": 0.21321611106395721,
    "embed_contrast_1_mean": 23.04146385192871,
    "embed_contrast_1_std": 4.9527459144592285,
    "embed_contrast_2_mean": 15.333724021911621,
    "embed_contrast_2_std": 4.8452043533325195,
    "embed_contrast_3_mean": 19.083316802978516,
    "embed_contrast_3_std": 4.88218355178833,
    "embed_contrast_4_mean": 18.409008026123047,
    "embed_contrast_4_std": 4.101496696472168,
    "embed_contrast_5_mean": 19.0446834564209,
    "embed_contrast_5_std": 3.9363183975219727,
    "embed_contrast_6_mean": 17.186979293823242,
    "embed_contrast_6_std": 2.842860221862793,
    "embed_contrast_7_mean": 47.943416595458984,
    "embed_contrast_7_std": 3.2610740661621094,
    "embed_chroma_entropy": 2.466013193130493,
    "embed_centroid_mean": 2416.1708420103296,
    "embed_centroid_std": 1287.8533824649414,
    "embed_rolloff_mean": 5558.945552483432,
    "embed_rolloff_std": 2773.398166938608,
    "embed_flatness_mean": 0.01954972930252552,
    "embed_flatness_std": 0.034568265080451965,
    "embed_zcr_mean": 0.07597780965799149,
    "embed_zcr_std": 0.07328195589296302,
    "embed_rms_mean": 0.2638107240200043,
    "embed_rms_std": 0.14137041568756104,
    "embed_onset_mean": 1.508485198020935,
    "embed_onset_std": 1.779950737953186,
    "fingerprint_version": 2.0,
    "fingerprint_duration_seconds": 226.0,
    "embed_mfcc_delta_mean": 0.0005694449064321816,
    "embed_mfcc_delta_std": 3.3620412349700928,
    "embed_chroma_delta_mean": 5.0669485062826425e-05,
    "embed_chroma_delta_std": 0.027722619473934174,
    "embed_onset_peak": 21.187088012695312,
    "embed_onset_p95": 5.236344814300537,
    "embed_rms_p10": 0.09063055366277695,
    "embed_rms_p50": 0.2914140224456787,
    "embed_rms_p90": 0.4667148292064667,
    "embedding_nonzero_count": 100.0
  },
  "rhythm": {
    "onset_count": 775,
    "onset_density": 3.4292035398230087,
    "drum_activity": "High",
    "estimated_bars": 132,
    "seconds_per_bar": 1.7142857142857142
  },
  "sections": [
    {
      "name": "Intro",
      "start": 0.0,
      "end": 16.0,
      "avg_energy": 0.0969037264585495,
      "energy_label": "Low"
    },
    {
      "name": "Chorus / Hook",
      "start": 16.0,
      "end": 32.0,
      "avg_energy": 0.1462538093328476,
      "energy_label": "Low"
    },
    {
      "name": "Verse",
      "start": 32.0,
      "end": 48.0,
      "avg_energy": 0.4141547977924347,
      "energy_label": "High"
    },
    {
      "name": "Chorus / Hook",
      "start": 48.0,
      "end": 64.0,
      "avg_energy": 0.4090321660041809,
      "energy_label": "High"
    },
    {
      "name": "Verse",
      "start": 64.0,
      "end": 80.0,
      "avg_energy": 0.2652099132537842,