{
  "basic": {
    "file_name": "Midwxst - Slide.wav",
    "file_path": "/Volumes/POLLY/tracks/Midwxst/Midwxst - Slide.wav",
    "sample_rate": 48000,
    "duration_seconds": 177.25066666666666,
    "bpm": 140.0,
    "key": "E Minor",
    "key_note": "E",
    "key_mode": "Minor",
    "key_confidence": 43.16774850956683
  },
  "loudness": {
    "peak_db": -5.3325258432288056e-05,
    "rms_db": -9.187042730311047,
    "dynamic_range_db": 9.186989405052614,
    "clipping_detected": true,
    "clipping_samples": 9185,
    "clipping_percent": 0.10795681069370686,
    "headroom_db": 5.3325258432288056e-05
  },
  "frequency": {
    "band_percentages": {
      "Sub": 15.732350430103875,
      "Bass / 808": 15.117100765237437,
      "Mud": 14.048967096530045,
      "Low Mids": 14.252600445626861,
      "Mids / Melody": 14.10536572801642,
      "Harsh Zone": 13.61353524189356,
      "Highs": 13.778575088145262,
      "Air": 12.965040444634454,
      "Vocal Range": 14.86107843586023
    },
    "brightness_centroid_hz": 3703.7583343305373,
    "brightness_label": "High",
    "spectral_rolloff_hz": 8322.859625105308,
    "dominant_band": "Sub",
    "low_end_total_percent": 30.84945119534131,
    "mid_total_percent": 42.406933270173326,
    "top_total_percent": 26.743615532779714
  },
  "fingerprint": {
    "mfcc_1": -103.68644714355469,
    "mfcc_2": -30.680715560913086,
    "mfcc_3": -2.8520874977111816,
    "mfcc_4": -4.4625420570373535,
    "mfcc_5": -4.104671478271484,
    "mfcc_6": -1.6726890802383423,
    "mfcc_7": -5.1196417808532715,
    "mfcc_8": 1.3562278747558594,
    "mfcc_9": -5.530156135559082,
    "mfcc_10": 4.6519060134887695,
    "mfcc_11": 0.19348753988742828,
    "mfcc_12": 2.0821969509124756,
    "mfcc_13": 0.8540664315223694,
    "chroma_1": 0.42994779348373413,
    "chroma_2": 0.2546297609806061,
    "chroma_3": 0.3214819133281708,
    "chroma_4": 0.2841537892818451,
    "chroma_5": 0.7600499987602234,
    "chroma_6": 0.327593058347702,
    "chroma_7": 0.3402012288570404,
    "chroma_8": 0.2687431871891022,
    "chroma_9": 0.20527637004852295,
    "chroma_10": 0.27188876271247864,
    "chroma_11": 0.2280796319246292,
    "chroma_12": 0.3751815855503082,
    "spectral_contrast": 22.840127439893976,
    "spectral_flatness": 0.025978734716773033,
    "zero_crossing_rate": 0.09404620002297794,
    "embed_mfcc_1_mean": -103.68644714355469,
    "embed_mfcc_1_std": 65.41127014160156,
    "embed_mfcc_2_mean": -30.680715560913086,
    "embed_mfcc_2_std": 25.434724807739258,
    "embed_mfcc_3_mean": -2.8520874977111816,
    "embed_mfcc_3_std": 21.650856018066406,
    "embed_mfcc_4_mean": -4.4625420570373535,
    "embed_mfcc_4_std": 15.52645492553711,
    "embed_mfcc_5_mean": -4.104671478271484,
    "embed_mfcc_5_std": 16.399003982543945,
    "embed_mfcc_6_mean": -1.6726890802383423,
    "embed_mfcc_6_std": 13.836531639099121,
    "embed_mfcc_7_mean": -5.1196417808532715,
    "embed_mfcc_7_std": 11.81918716430664,
    "embed_mfcc_8_mean": 1.3562278747558594,
    "embed_mfcc_8_std": 11.149645805358887,
    "embed_mfcc_9_mean": -5.530156135559082,
    "embed_mfcc_9_std": 9.77492618560791,
    "embed_mfcc_10_mean": 4.6519060134887695,
    "embed_mfcc_10_std": 9.43728256225586,
    "embed_mfcc_11_mean": 0.19348753988742828,
    "embed_mfcc_11_std": 9.38657283782959,
    "embed_mfcc_12_mean": 2.0821969509124756,
    "embed_mfcc_12_std": 8.636655807495117,
    "embed_mfcc_13_mean": 0.8540664315223694,
    "embed_mfcc_13_std": 8.30264949798584,
    "embed_mfcc_14_mean": 2.2030510902404785,
    "embed_mfcc_14_std": 7.833166122436523,
    "embed_mfcc_15_mean": 0.8590576648712158,
    "embed_mfcc_15_std": 8.953417778015137,
    "embed_mfcc_16_mean": 1.8895282745361328,
    "embed_mfcc_16_std": 7.76595401763916,
    "embed_mfcc_17_mean": -1.6213349103927612,
    "embed_mfcc_17_std": 7.339630603790283,
    "embed_mfcc_18_mean": 1.4976991415023804,
    "embed_mfcc_18_std": 7.336512565612793,
    "embed_mfcc_19_mean": -1.4720853567123413,
    "embed_mfcc_19_std": 7.677845478057861,
    "embed_mfcc_20_mean": 1.3119497299194336,
    "embed_mfcc_20_std": 7.743237495422363,
    "embed_chroma_1_mean": 0.42994779348373413,
    "embed_chroma_1_std": 0.3431979715824127,
    "embed_chroma_2_mean": 0.2546297609806061,
    "embed_chroma_2_std": 0.2190277874469757,
    "embed_chroma_3_mean": 0.3214819133281708,
    "embed_chroma_3_std": 0.24411587417125702,
    "embed_chroma_4_mean": 0.2841537892818451,
    "embed_chroma_4_std": 0.1654645949602127,
    "embed_chroma_5_mean": 0.7600499987602234,
    "embed_chroma_5_std": 0.3235962390899658,
    "embed_chroma_6_mean": 0.327593058347702,
    "embed_chroma_6_std": 0.2085474282503128,
    "embed_chroma_7_mean": 0.3402012288570404,
    "embed_chroma_7_std": 0.2502634525299072,
    "embed_chroma_8_mean": 0.2687431871891022,
    "embed_chroma_8_std": 0.17343635857105255,
    "embed_chroma_9_mean": 0.20527637004852295,
    "embed_chroma_9_std": 0.12766805291175842,
    "embed_chroma_10_mean": 0.27188876271247864,
    "embed_chroma_10_std": 0.2276749163866043,
    "embed_chroma_11_mean": 0.2280796319246292,
    "embed_chroma_11_std": 0.20391054451465607,
    "embed_chroma_12_mean": 0.3751815855503082,
    "embed_chroma_12_std": 0.24177272617816925,
    "embed_contrast_1_mean": 22.93687629699707,
    "embed_contrast_1_std": 4.986849308013916,
    "embed_contrast_2_mean": 15.45213794708252,
    "embed_contrast_2_std": 4.4523844718933105,
    "embed_contrast_3_mean": 18.54709243774414,
    "embed_contrast_3_std": 4.4155592918396,
    "embed_contrast_4_mean": 18.053701400756836,
    "embed_contrast_4_std": 3.8459079265594482,
    "embed_contrast_5_mean": 18.539283752441406,
    "embed_contrast_5_std": 3.321319818496704,
    "embed_contrast_6_mean": 18.042003631591797,
    "embed_contrast_6_std": 2.9927165508270264,
    "embed_contrast_7_mean": 48.30979537963867,
    "embed_contrast_7_std": 3.5324697494506836,
    "embed_chroma_entropy": 2.413898229598999,
    "embed_centroid_mean": 2933.4801681694835,
    "embed_centroid_std": 837.1721725872151,
    "embed_rolloff_mean": 6550.410390564532,
    "embed_rolloff_std": 1569.9765669699275,
    "embed_flatness_mean": 0.025978734716773033,
    "embed_flatness_std": 0.03213144466280937,
    "embed_zcr_mean": 0.09404620002297794,
    "embed_zcr_std": 0.05622136465724588,
    "embed_rms_mean": 0.2914556562900543,
    "embed_rms_std": 0.12792041897773743,
    "embed_onset_mean": 1.4441932439804077,
    "embed_onset_std": 1.1700358390808105,
    "fingerprint_version": 2.0,
    "fingerprint_duration_seconds": 177.2507029478458,
    "embed_mfcc_delta_mean": -0.003847520099952817,
    "embed_mfcc_delta_std": 2.318760633468628,
    "embed_chroma_delta_mean": 2.1888503397349268e-05,
    "embed_chroma_delta_std": 0.02501501701772213,
    "embed_onset_peak": 9.587081909179688,
    "embed_onset_p95": 3.9194328784942627,
    "embed_rms_p10": 0.08257202059030533,
    "embed_rms_p50": 0.3231867551803589,
    "embed_rms_p90": 0.43784230947494507,
    "embedding_nonzero_count": 100.0
  },
  "rhythm": {
    "onset_count": 615,
    "onset_density": 3.4696625494591466,
    "drum_activity": "High",
    "estimated_bars": 103,
    "seconds_per_bar": 1.7142857142857142
  },
  "sections": [
    {
      "name": "Intro",
      "start": 0.0,
      "end": 16.0,
      "avg_energy": 0.20538140833377838,
      "energy_label": "Low"
    },
    {
      "name": "Chorus / Hook",
      "start": 16.0,
      "end": 32.0,
      "avg_energy": 0.43773889541625977,
      "energy_label": "High"
    },
    {
      "name": "Verse",
      "start": 32.0,
      "end": 48.0,
      "avg_energy": 0.39982181787490845,
      "energy_label": "High"
    },
    {
      "name": "Chorus / Hook",
      "start": 48.0,
      "end": 64.0,
      "avg_energy": 0.41203442215919495,
      "energy_label": "High"
    },
    {
      "name": "Verse",
      "start": 64.0,
      "end": 80.0,
      "avg_energy": 0.20184233784675598,