{
  "basic": {
    "file_name": "Midwxst - lights out.wav",
    "file_path": "/Volumes/POLLY/tracks/Midwxst/Midwxst - lights out.wav",
    "sample_rate": 48000,
    "duration_seconds": 151.50014583333333,
    "bpm": 140.0,
    "key": "C Minor",
    "key_note": "C",
    "key_mode": "Minor",
    "key_confidence": 42.286686053777025
  },
  "loudness": {
    "peak_db": 0.0004928548537937469,
    "rms_db": -9.197460628441537,
    "dynamic_range_db": 9.197953483295331,
    "clipping_detected": true,
    "clipping_samples": 22138,
    "clipping_percent": 0.30442764975336245,
    "headroom_db": -0.0004928548537937469
  },
  "frequency": {
    "band_percentages": {
      "Sub": 15.71962494980108,
      "Bass / 808": 15.034184019244654,
      "Mud": 14.18404313007771,
      "Low Mids": 14.465150420462885,
      "Mids / Melody": 14.376442478021387,
      "Harsh Zone": 13.737810923029809,
      "Highs": 13.692107422859495,
      "Air": 12.52844757781233,
      "Vocal Range": 15.115022854279337
    },
    "brightness_centroid_hz": 3244.3524509746762,
    "brightness_label": "Medium",
    "spectral_rolloff_hz": 7080.407037630245,
    "dominant_band": "Sub",
    "low_end_total_percent": 30.753808969045735,
    "mid_total_percent": 43.02563602856198,
    "top_total_percent": 26.220555000671823
  },
  "fingerprint": {
    "mfcc_1": -91.34746551513672,
    "mfcc_2": -22.625822067260742,
    "mfcc_3": -0.1756790280342102,
    "mfcc_4": -3.634281873703003,
    "mfcc_5": -6.514688491821289,
    "mfcc_6": 1.9804211854934692,
    "mfcc_7": -3.3049800395965576,
    "mfcc_8": -5.179706573486328,
    "mfcc_9": -2.983208417892456,
    "mfcc_10": 5.501086235046387,
    "mfcc_11": 0.5797879695892334,
    "mfcc_12": 6.8837738037109375,
    "mfcc_13": -4.651086807250977,
    "chroma_1": 0.5829582810401917,
    "chroma_2": 0.5707996487617493,
    "chroma_3": 0.6201713681221008,
    "chroma_4": 0.6565001010894775,
    "chroma_5": 0.49498745799064636,
    "chroma_6": 0.6471791863441467,
    "chroma_7": 0.5229390263557434,
    "chroma_8": 0.6998688578605652,
    "chroma_9": 0.7320594191551208,
    "chroma_10": 0.5744571089744568,
    "chroma_11": 0.4895953834056854,
    "chroma_12": 0.4879395067691803,
    "spectral_contrast": 21.678803694973496,
    "spectral_flatness": 0.03431177884340286,
    "zero_crossing_rate": 0.1064536268866099,
    "embed_mfcc_1_mean": -91.34746551513672,
    "embed_mfcc_1_std": 55.431304931640625,
    "embed_mfcc_2_mean": -22.625822067260742,
    "embed_mfcc_2_std": 31.137788772583008,
    "embed_mfcc_3_mean": -0.1756790280342102,
    "embed_mfcc_3_std": 25.272686004638672,
    "embed_mfcc_4_mean": -3.634281873703003,
    "embed_mfcc_4_std": 16.32908821105957,
    "embed_mfcc_5_mean": -6.514688491821289,
    "embed_mfcc_5_std": 13.250007629394531,
    "embed_mfcc_6_mean": 1.9804211854934692,
    "embed_mfcc_6_std": 12.30612564086914,
    "embed_mfcc_7_mean": -3.3049800395965576,
    "embed_mfcc_7_std": 10.472240447998047,
    "embed_mfcc_8_mean": -5.179706573486328,
    "embed_mfcc_8_std": 10.535426139831543,
    "embed_mfcc_9_mean": -2.983208417892456,
    "embed_mfcc_9_std": 10.487226486206055,
    "embed_mfcc_10_mean": 5.501086235046387,
    "embed_mfcc_10_std": 8.694510459899902,
    "embed_mfcc_11_mean": 0.5797879695892334,
    "embed_mfcc_11_std": 9.289395332336426,
    "embed_mfcc_12_mean": 6.8837738037109375,
    "embed_mfcc_12_std": 7.8152899742126465,
    "embed_mfcc_13_mean": -4.651086807250977,
    "embed_mfcc_13_std": 8.155407905578613,
    "embed_mfcc_14_mean": 2.3286783695220947,
    "embed_mfcc_14_std": 7.794156074523926,
    "embed_mfcc_15_mean": 0.1435876488685608,
    "embed_mfcc_15_std": 6.4606428146362305,
    "embed_mfcc_16_mean": 0.15741120278835297,
    "embed_mfcc_16_std": 7.476468563079834,
    "embed_mfcc_17_mean": -0.45814013481140137,
    "embed_mfcc_17_std": 6.64955472946167,
    "embed_mfcc_18_mean": 5.284510135650635,
    "embed_mfcc_18_std": 6.879958629608154,
    "embed_mfcc_19_mean": -2.7726104259490967,
    "embed_mfcc_19_std": 6.507961750030518,
    "embed_mfcc_20_mean": 3.5269060134887695,
    "embed_mfcc_20_std": 6.018732070922852,
    "embed_chroma_1_mean": 0.5829582810401917,
    "embed_chroma_1_std": 0.23896524310112,
    "embed_chroma_2_mean": 0.5707996487617493,
    "embed_chroma_2_std": 0.24475185573101044,
    "embed_chroma_3_mean": 0.6201713681221008,
    "embed_chroma_3_std": 0.21953508257865906,
    "embed_chroma_4_mean": 0.6565001010894775,
    "embed_chroma_4_std": 0.243231400847435,
    "embed_chroma_5_mean": 0.49498745799064636,
    "embed_chroma_5_std": 0.20927463471889496,
    "embed_chroma_6_mean": 0.6471791863441467,
    "embed_chroma_6_std": 0.26262742280960083,
    "embed_chroma_7_mean": 0.5229390263557434,
    "embed_chroma_7_std": 0.21053944528102875,
    "embed_chroma_8_mean": 0.6998688578605652,
    "embed_chroma_8_std": 0.2715270221233368,
    "embed_chroma_9_mean": 0.7320594191551208,
    "embed_chroma_9_std": 0.2723811864852905,
    "embed_chroma_10_mean": 0.5744571089744568,
    "embed_chroma_10_std": 0.2520899772644043,
    "embed_chroma_11_mean": 0.4895953834056854,
    "embed_chroma_11_std": 0.22842638194561005,
    "embed_chroma_12_mean": 0.4879395067691803,
    "embed_chroma_12_std": 0.247325599193573,
    "embed_contrast_1_mean": 21.22425079345703,
    "embed_contrast_1_std": 4.721748352050781,
    "embed_contrast_2_mean": 13.409164428710938,
    "embed_contrast_2_std": 4.264748573303223,
    "embed_contrast_3_mean": 17.49108123779297,
    "embed_contrast_3_std": 4.452372074127197,
    "embed_contrast_4_mean": 17.25472068786621,
    "embed_contrast_4_std": 3.7990992069244385,
    "embed_contrast_5_mean": 17.84732437133789,
    "embed_contrast_5_std": 3.4422247409820557,
    "embed_contrast_6_mean": 16.762752532958984,
    "embed_contrast_6_std": 2.6449718475341797,
    "embed_contrast_7_mean": 47.762332916259766,
    "embed_contrast_7_std": 3.020143985748291,
    "embed_chroma_entropy": 2.4759135246276855,
    "embed_centroid_mean": 2776.6479592335227,
    "embed_centroid_std": 930.6996072196771,
    "embed_rolloff_mean": 6320.930528197864,
    "embed_rolloff_std": 1787.3016039354034,
    "embed_flatness_mean": 0.03431177884340286,
    "embed_flatness_std": 0.043214816600084305,
    "embed_zcr_mean": 0.1064536268866099,
    "embed_zcr_std": 0.07383569707400321,
    "embed_rms_mean": 0.29768121242523193,
    "embed_rms_std": 0.1167626604437828,
    "embed_onset_mean": 1.5180939435958862,
    "embed_onset_std": 1.4927501678466797,
    "fingerprint_version": 2.0,
    "fingerprint_duration_seconds": 151.5001814058957,
    "embed_mfcc_delta_mean": 0.0029491614550352097,
    "embed_mfcc_delta_std": 2.8285844326019287,
    "embed_chroma_delta_mean": -2.4629542167531326e-05,
    "embed_chroma_delta_std": 0.030332647264003754,
    "embed_onset_peak": 13.031146049499512,
    "embed_onset_p95": 4.655209541320801,
    "embed_rms_p10": 0.14608684182167053,
    "embed_rms_p50": 0.28825899958610535,
    "embed_rms_p90": 0.45126795768737793,
    "embedding_nonzero_count": 100.0
  },
  "rhythm": {
    "onset_count": 700,
    "onset_density": 4.620457598569418,
    "drum_activity": "High",
    "estimated_bars": 88,
    "seconds_per_bar": 1.7142857142857142
  },
  "sections": [
    {
      "name": "Intro",
      "start": 0.0,
      "end": 16.0,
      "avg_energy": 0.10766195505857468,
      "energy_label": "Low"
    },
    {
      "name": "Chorus / Hook",
      "start": 16.0,
      "end": 32.0,
      "avg_energy": 0.3030894696712494,
      "energy_label": "Medium"
    },
    {
      "name": "Verse",
      "start": 32.0,
      "end": 48.0,
      "avg_energy": 0.40443775057792664,
      "energy_label": "High"
    },
    {
      "name": "Chorus / Hook",
      "start": 48.0,
      "end": 64.0,
      "avg_energy": 0.3631267249584198,
      "energy_label": "Medium"
    },
    {
      "name": "Verse",
      "start": 64.0,
      "end": 80.0,
      "avg_energy": 0.413688063621521,