{
  "basic": {
    "file_name": "Midwxst - ready for you.wav",
    "file_path": "/Users/jayden/SoundLens/tracks/Midwxst/Midwxst - ready for you.wav",
    "sample_rate": 48000,
    "duration_seconds": 200.26491666666666,
    "bpm": 148.03,
    "key": "F# Major",
    "key_note": "F#",
    "key_mode": "Major",
    "key_confidence": 47.69320600557377
  },
  "loudness": {
    "peak_db": 0.00011596836391083673,
    "rms_db": -10.279080571999522,
    "dynamic_range_db": 10.279196540363433,
    "clipping_detected": true,
    "clipping_samples": 29439,
    "clipping_percent": 0.30625059556529083,
    "headroom_db": -0.00011596836391083673
  },
  "frequency": {
    "band_percentages": {
      "Sub": 15.986573458704381,
      "Bass / 808": 14.561632741570804,
      "Mud": 14.298733180504266,
      "Low Mids": 14.841411862685948,
      "Mids / Melody": 14.502468313024334,
      "Harsh Zone": 13.3715526689098,
      "Highs": 13.428801821225486,
      "Air": 12.38037862055124,
      "Vocal Range": 15.389918208841316
    },
    "brightness_centroid_hz": 2710.2359602056586,
    "brightness_label": "Medium",
    "spectral_rolloff_hz": 5933.990512649801,
    "dominant_band": "Sub",
    "low_end_total_percent": 30.548206200275185,
    "mid_total_percent": 43.642613356214554,
    "top_total_percent": 25.809180441776725
  },
  "fingerprint": {
    "mfcc_1": -143.32904052734375,
    "mfcc_2": 134.33749389648438,
    "mfcc_3": -11.56539249420166,
    "mfcc_4": 24.803272247314453,
    "mfcc_5": -22.867107391357422,
    "mfcc_6": 12.525877952575684,
    "mfcc_7": -11.109901428222656,
    "mfcc_8": -1.2429124116897583,
    "mfcc_9": -6.802367687225342,
    "mfcc_10": 2.459721326828003,
    "mfcc_11": 2.875870943069458,
    "mfcc_12": 0.8236628174781799,
    "mfcc_13": 3.9426660537719727,
    "chroma_1": 0.37124353647232056,
    "chroma_2": 0.557980477809906,
    "chroma_3": 0.39246609807014465,
    "chroma_4": 0.5141452550888062,
    "chroma_5": 0.4318732023239136,
    "chroma_6": 0.5168509483337402,
    "chroma_7": 0.597618043422699,
    "chroma_8": 0.34795621037483215,
    "chroma_9": 0.37667161226272583,
    "chroma_10": 0.288931280374527,
    "chroma_11": 0.5152027606964111,
    "chroma_12": 0.5269291996955872,
    "spectral_contrast": 19.638291402717865,
    "spectral_flatness": 0.0010277724359184504,
    "zero_crossing_rate": 0.04525668899800266
  },
  "rhythm": {
    "onset_count": 628,
    "onset_density": 3.135846310241559,
    "drum_activity": "High",
    "estimated_bars": 124,
    "seconds_per_bar": 1.621292981152469
  },
  "sections": [
    {
      "name": "Intro",
      "start": 0.0,
      "end": 16.0,
      "avg_energy": 0.2100902497768402,
      "energy_label": "Low"
    },
    {
      "name": "Chorus / Hook",
      "start": 16.0,
      "end": 32.0,
      "avg_energy": 0.3769129514694214,
      "energy_label": "High"
    },
    {
      "name": "Verse",
      "start": 32.0,
      "end": 48.0,
      "avg_energy": 0.37619712948799133,
      "energy_label": "High"
    },
    {
      "name": "Chorus / Hook",
      "start": 48.0,
      "end": 64.0,
      "avg_energy": 0.34838688373565674,
      "energy_label": "High"
    },
    {
      "name": "Verse",
      "start": 64.0,
      "end": 80.0,
      "avg_energy": 0.3593156337738037,
      "energy_label": "High"
    },
    {
      "name": "Hook / Drop",
      "start": 80.0,
      "end": 96.0,
      "avg_energy": 0.3885396718978882,
      "energy_label": "High"
    },
    {
      "name": "Hook / Drop",
      "start": 96.0,
      "end": 112.0,
      "avg_energy": 0.3905971944332123,
      "energy_label": "High"
    },
    {
      "name": "Hook / Drop",
      "start": 112.0,
      "end": 128.0,
      "avg_energy": 0.3548891544342041,
      "energy_label": "High"
    },
    {
      "name": "Verse",
      "start": 128.0,
      "end": 144.0,
      "avg_energy": 0.3198922872543335,
      "energy_label": "Medium"
    },
    {
      "name": "Bridge / Breakdown",
      "start": 144.0,
      "end": 160.0,
      "avg_energy": 0.16499795019626617,
      "energy_label": "Low"
    },
    {
      "name": "Bridge / Breakdown",
      "start": 160.0,
      "end": 176.0,
      "avg_energy": 0.18013310432434082,
      "energy_label": "Low"
    },
    {
      "name": "Outro",
      "start": 176.0,
      "end": 200.26491666666666,
      "avg_energy": 0.05178990215063095,
      "energy_label": "Low"
    }
  ],
  "scores": {
    "mix": 81,
    "master": 81,
    "arrangement": 75,
    "release": 79,
    "energy": 7.360459714000239,
    "bass_strength": 6.109641240055037,
    "darkness": 4.579528079588683,
    "brightness": 5.420471920411317,
    "drum_bounce": 7.839615775603898,
    "vocal_space": 2.1603050331288722
  },
  "stem_balance": null,
  "top_problems": [
    "Clipping detected: 29439 samples are near/over the limit.",
    "Mud range is elevated around 250-500 Hz.",
    "Intro may be long for short-form listener retention.",
    "Drum movement is very active; the beat could become overcrowded.",
    "Hook/verse contrast looks low, but arrangement detection is still an estimate."
  ],
  "suggested_fixes": [
    "Lower the master/output, then use a soft clipper or limiter with safer ceiling.",
    "Gently cut 250-500 Hz on melodies, pads, or the master if the mix feels cloudy.",
    "Mute extra percussion in some sections so the hook/drop feels bigger.",
    "Check the waveform/sections by ear. If the hook feels flat, add contrast with melody layers, drum changes, or vocal energy.",
    "Consider bringing drums, 808, or a strong tag/moment in earlier."
  ],
  "artist_notes": [
    "Autotune/key starting point: F# Major. Confidence: 47.7%.",
    "Beat energy: 7.4/10. Darkness: 4.6/10.",
    "Vocal space estimate: 2.2/10. Higher means easier space for vocals."
  ],
  "producer_notes": [
    "Low-end presence looks usable for the selected style.",
    "Selected style preset: rage_trap.",
    "Dominant frequency area: Sub.",
    "Drum activity is high at 3.14 hits/sec.",
    "Estimated length: 124 bars at 148 BPM."
  ],
  "master_notes": [
    "Clipping is the first thing to fix before judging the rest of the mix.",
    "Loudness is in a usable range for the selected style.",
    "Peak: 0.00 dB. RMS: -10.28 dB. Dynamic range: 10.28 dB."
  ],
  "next_steps": [
    "Lower the master/output, then use a soft clipper or limiter with safer ceiling.",
    "Gently cut 250-500 Hz on melodies, pads, or the master if the mix feels cloudy.",
    "Mute extra percussion in some sections so the hook/drop feels bigger.",
    "Fix the top 1-2 issues, export again, then re-run SoundLens."
  ]
}