{
  "basic": {
    "file_name": "Midwxst - Tic Tac Toe.wav",
    "file_path": "/Users/jayden/SoundLens/tracks/Midwxst/Midwxst - Tic Tac Toe.wav",
    "sample_rate": 48000,
    "duration_seconds": 178.972,
    "bpm": 140.62,
    "key": "C# Major",
    "key_note": "C#",
    "key_mode": "Major",
    "key_confidence": 45.14150518339993
  },
  "loudness": {
    "peak_db": -0.000120629450025118,
    "rms_db": -8.093939744687102,
    "dynamic_range_db": 8.093819115237077,
    "clipping_detected": true,
    "clipping_samples": 50719,
    "clipping_percent": 0.5903972874714108,
    "headroom_db": 0.000120629450025118
  },
  "frequency": {
    "band_percentages": {
      "Sub": 15.998745194149883,
      "Bass / 808": 14.97688210460181,
      "Mud": 14.517696381092343,
      "Low Mids": 13.737092318912383,
      "Mids / Melody": 13.78997980064016,
      "Harsh Zone": 13.449530816618827,
      "Highs": 14.091489979210584,
      "Air": 12.888114219693602,
      "Vocal Range": 14.807543635101093
    },
    "brightness_centroid_hz": 4203.550854379067,
    "brightness_label": "High",
    "spectral_rolloff_hz": 8835.162256391919,
    "dominant_band": "Sub",
    "low_end_total_percent": 30.975627298751693,
    "mid_total_percent": 42.044768500644885,
    "top_total_percent": 26.979604198904184
  },
  "fingerprint": {
    "mfcc_1": -84.21875,
    "mfcc_2": 99.53034973144531,
    "mfcc_3": -14.808832168579102,
    "mfcc_4": 50.892799377441406,
    "mfcc_5": -16.98870849609375,
    "mfcc_6": 31.47685432434082,
    "mfcc_7": -13.774595260620117,
    "mfcc_8": 13.234321594238281,
    "mfcc_9": -3.548316240310669,
    "mfcc_10": 0.7993307709693909,
    "mfcc_11": -7.844182014465332,
    "mfcc_12": 5.4848713874816895,
    "mfcc_13": -6.499857425689697,
    "chroma_1": 0.39138558506965637,
    "chroma_2": 0.4787946343421936,
    "chroma_3": 0.39991018176078796,
    "chroma_4": 0.4563324749469757,
    "chroma_5": 0.3731957674026489,
    "chroma_6": 0.5062083005905151,
    "chroma_7": 0.5242961645126343,
    "chroma_8": 0.3998587131500244,
    "chroma_9": 0.4286021292209625,
    "chroma_10": 0.3812112510204315,
    "chroma_11": 0.4365542531013489,
    "chroma_12": 0.2962249219417572,
    "spectral_contrast": 20.11450877586917,
    "spectral_flatness": 0.0036191579420119524,
    "zero_crossing_rate": 0.07524498745641874
  },
  "rhythm": {
    "onset_count": 983,
    "onset_density": 5.4924792705004135,
    "drum_activity": "High",
    "estimated_bars": 105,
    "seconds_per_bar": 1.7067273503057887
  },
  "sections": [
    {
      "name": "Intro",
      "start": 0.0,
      "end": 16.0,
      "avg_energy": 0.371597558259964,
      "energy_label": "Medium"
    },
    {
      "name": "Chorus / Hook",
      "start": 16.0,
      "end": 32.0,
      "avg_energy": 0.2806328237056732,
      "energy_label": "Low"
    },
    {
      "name": "Verse",
      "start": 32.0,
      "end": 48.0,
      "avg_energy": 0.4558084309101105,
      "energy_label": "High"
    },
    {
      "name": "Chorus / Hook",
      "start": 48.0,
      "end": 64.0,
      "avg_energy": 0.4278850257396698,
      "energy_label": "Medium"
    },
    {
      "name": "Verse",
      "start": 64.0,
      "end": 80.0,
      "avg_energy": 0.4540187418460846,
      "energy_label": "High"
    },
    {
      "name": "Verse",
      "start": 80.0,
      "end": 96.0,
      "avg_energy": 0.42279648780822754,
      "energy_label": "Medium"
    },
    {
      "name": "Bridge / Breakdown",
      "start": 96.0,
      "end": 112.0,
      "avg_energy": 0.25340577960014343,
      "energy_label": "Low"
    },
    {
      "name": "Verse",
      "start": 112.0,
      "end": 128.0,
      "avg_energy": 0.44280290603637695,
      "energy_label": "Medium"
    },
    {
      "name": "Hook / Drop",
      "start": 128.0,
      "end": 144.0,
      "avg_energy": 0.45556867122650146,
      "energy_label": "High"
    },
    {
      "name": "Hook / Drop",
      "start": 144.0,
      "end": 160.0,
      "avg_energy": 0.45045337080955505,
      "energy_label": "High"
    },
    {
      "name": "Outro",
      "start": 160.0,
      "end": 178.972,
      "avg_energy": 0.2456800639629364,
      "energy_label": "Low"
    }
  ],
  "scores": {
    "mix": 81,
    "master": 81,
    "arrangement": 81,
    "release": 81,
    "energy": 8.453030127656449,
    "bass_strength": 6.195125459750338,
    "darkness": 1.592898291241866,
    "brightness": 8.407101708758134,
    "drum_bounce": 10,
    "vocal_space": 2.2304796877184367
  },
  "stem_balance": null,
  "top_problems": [
    "Clipping detected: 50719 samples are near/over the limit.",
    "Mud range is elevated around 250-500 Hz.",
    "Intro may be long for short-form listener retention.",
    "Drum movement is very active; the beat could become overcrowded."
  ],
  "suggested_fixes": [
    "Lower the master/output, then use a soft clipper or limiter with safer ceiling.",
    "Gently cut 250-500 Hz on melodies, pads, or the master if the mix feels cloudy.",
    "Mute extra percussion in some sections so the hook/drop feels bigger.",
    "Consider bringing drums, 808, or a strong tag/moment in earlier."
  ],
  "artist_notes": [
    "Autotune/key starting point: C# Major. Confidence: 45.1%.",
    "Beat energy: 8.5/10. Darkness: 1.6/10.",
    "Vocal space estimate: 2.2/10. Higher means easier space for vocals."
  ],
  "producer_notes": [
    "Low-end presence looks usable for the selected style.",
    "Selected style preset: rage_trap.",
    "Dominant frequency area: Sub.",
    "Drum activity is high at 5.49 hits/sec.",
    "Estimated length: 105 bars at 141 BPM."
  ],
  "master_notes": [
    "Clipping is the first thing to fix before judging the rest of the mix.",
    "Loudness is in a usable range for the selected style.",
    "Peak: -0.00 dB. RMS: -8.09 dB. Dynamic range: 8.09 dB."
  ],
  "next_steps": [
    "Lower the master/output, then use a soft clipper or limiter with safer ceiling.",
    "Gently cut 250-500 Hz on melodies, pads, or the master if the mix feels cloudy.",
    "Mute extra percussion in some sections so the hook/drop feels bigger.",
    "Fix the top 1-2 issues, export again, then re-run SoundLens."
  ]
}