{
  "basic": {
    "file_name": "1oneam - function.wav",
    "file_path": "/Users/jayden/SoundLens/tracks/1oneam/1oneam - function.wav",
    "sample_rate": 48000,
    "duration_seconds": 117.771625,
    "bpm": 148.03,
    "key": "C# Major",
    "key_note": "C#",
    "key_mode": "Major",
    "key_confidence": 46.19661343151816
  },
  "loudness": {
    "peak_db": -3.8829039272364105e-05,
    "rms_db": -8.399138909171652,
    "dynamic_range_db": 8.39910008013238,
    "clipping_detected": true,
    "clipping_samples": 589,
    "clipping_percent": 0.01041917637914339,
    "headroom_db": 3.8829039272364105e-05
  },
  "frequency": {
    "band_percentages": {
      "Sub": 16.9297680468,
      "Bass / 808": 15.185096432722098,
      "Mud": 14.20799261285457,
      "Low Mids": 14.640988318321407,
      "Mids / Melody": 14.16524712477447,
      "Harsh Zone": 13.163060768314569,
      "Highs": 13.056603172772688,
      "Air": 11.81430428993489,
      "Vocal Range": 15.177149232676673
    },
    "brightness_centroid_hz": 2841.387504511837,
    "brightness_label": "Medium",
    "spectral_rolloff_hz": 6419.372481208115,
    "dominant_band": "Sub",
    "low_end_total_percent": 32.1148644795221,
    "mid_total_percent": 43.01422805595045,
    "top_total_percent": 24.870907462707578
  },
  "fingerprint": {
    "mfcc_1": -128.25930786132812,
    "mfcc_2": 126.01795196533203,
    "mfcc_3": -7.956000328063965,
    "mfcc_4": 50.827579498291016,
    "mfcc_5": -16.196609497070312,
    "mfcc_6": 24.525407791137695,
    "mfcc_7": -7.763607025146484,
    "mfcc_8": 13.416563987731934,
    "mfcc_9": -5.836490154266357,
    "mfcc_10": 9.782160758972168,
    "mfcc_11": -2.3591561317443848,
    "mfcc_12": 3.0130505561828613,
    "mfcc_13": 3.2671124935150146,
    "chroma_1": 0.5320695638656616,
    "chroma_2": 0.8213976621627808,
    "chroma_3": 0.47850024700164795,
    "chroma_4": 0.42456328868865967,
    "chroma_5": 0.3747645616531372,
    "chroma_6": 0.41196906566619873,
    "chroma_7": 0.35144031047821045,
    "chroma_8": 0.25073087215423584,
    "chroma_9": 0.2937657833099365,
    "chroma_10": 0.28421834111213684,
    "chroma_11": 0.3117203116416931,
    "chroma_12": 0.22730885446071625,
    "spectral_contrast": 19.976543643641783,
    "spectral_flatness": 0.00044738606084138155,
    "zero_crossing_rate": 0.037967338486007966
  },
  "rhythm": {
    "onset_count": 518,
    "onset_density": 4.398342979474045,
    "drum_activity": "High",
    "estimated_bars": 73,
    "seconds_per_bar": 1.621292981152469
  },
  "sections": [
    {
      "name": "Section 1",
      "start": 0.0,
      "end": 12.970343849219752,
      "avg_energy": 0.06862640380859375,
      "energy_label": "Low"
    },
    {
      "name": "Section 2",
      "start": 12.970343849219752,
      "end": 25.940687698439504,
      "avg_energy": 0.29571303725242615,
      "energy_label": "Low"
    },
    {
      "name": "Section 3",
      "start": 25.940687698439504,
      "end": 38.911031547659256,
      "avg_energy": 0.40198928117752075,
      "energy_label": "Medium"
    },
    {
      "name": "Section 4",
      "start": 38.911031547659256,
      "end": 51.88137539687901,
      "avg_energy": 0.37213829159736633,
      "energy_label": "Low"
    },
    {
      "name": "Section 5",
      "start": 51.88137539687901,
      "end": 64.85171924609875,
      "avg_energy": 0.4094369411468506,
      "energy_label": "Medium"
    },
    {
      "name": "Section 6",
      "start": 64.85171924609875,
      "end": 77.8220630953185,
      "avg_energy": 0.4397149682044983,
      "energy_label": "High"
    },
    {
      "name": "Section 7",
      "start": 77.8220630953185,
      "end": 90.79240694453824,
      "avg_energy": 0.4428022801876068,
      "energy_label": "High"
    },
    {
      "name": "Section 8",
      "start": 90.79240694453824,
      "end": 103.76275079375799,
      "avg_energy": 0.40258580446243286,
      "energy_label": "Medium"
    },
    {
      "name": "Section 9",
      "start": 103.76275079375799,
      "end": 117.771625,
      "avg_energy": 0.4317723214626312,
      "energy_label": "High"
    }
  ],
  "scores": {
    "mix": 86,
    "master": 86,
    "arrangement": 81,
    "release": 84,
    "energy": 8.300430545414173,
    "bass_strength": 6.42297289590442,
    "darkness": 4.317224990976326,
    "brightness": 5.682775009023674,
    "drum_bounce": 10,
    "vocal_space": 2.225233195097971
  },
  "stem_balance": null,
  "top_problems": [
    "Clipping detected: 589 samples are near/over the limit.",
    "Mud range is elevated around 250-500 Hz.",
    "Drum movement is very active; the beat could become overcrowded."
  ],
  "suggested_fixes": [
    "Lower the master/output, then use a soft clipper or limiter with safer ceiling.",
    "Gently cut 250-500 Hz on melodies, pads, or the master if the mix feels cloudy.",
    "Mute extra percussion in some sections so the hook/drop feels bigger."
  ],
  "artist_notes": [
    "Autotune/key starting point: C# Major. Confidence: 46.2%.",
    "Beat energy: 8.3/10. Darkness: 4.3/10.",
    "Vocal space estimate: 2.2/10. Higher means easier space for vocals."
  ],
  "producer_notes": [
    "Low-end presence looks usable for the selected style.",
    "Selected style preset: rage_trap.",
    "Dominant frequency area: Sub.",
    "Drum activity is high at 4.40 hits/sec.",
    "Estimated length: 73 bars at 148 BPM."
  ],
  "master_notes": [
    "Clipping is the first thing to fix before judging the rest of the mix.",
    "Loudness is in a usable range for the selected style.",
    "Peak: -0.00 dB. RMS: -8.40 dB. Dynamic range: 8.40 dB."
  ],
  "next_steps": [
    "Lower the master/output, then use a soft clipper or limiter with safer ceiling.",
    "Gently cut 250-500 Hz on melodies, pads, or the master if the mix feels cloudy.",
    "Mute extra percussion in some sections so the hook/drop feels bigger.",
    "Fix the top 1-2 issues, export again, then re-run SoundLens."
  ]
}