{
  "basic": {
    "file_name": "1oneam - Hemi.wav",
    "file_path": "/Volumes/POLLY/tracks/1oneam/1oneam - Hemi.wav",
    "sample_rate": 48000,
    "duration_seconds": 84.439375,
    "bpm": 140.0,
    "key": "C Minor",
    "key_note": "C",
    "key_mode": "Minor",
    "key_confidence": 42.50138215395087
  },
  "loudness": {
    "peak_db": -0.00022779950838443757,
    "rms_db": -8.152680705699403,
    "dynamic_range_db": 8.15245290619102,
    "clipping_detected": true,
    "clipping_samples": 18,
    "clipping_percent": 0.000444105608313657,
    "headroom_db": 0.00022779950838443757
  },
  "frequency": {
    "band_percentages": {
      "Sub": 17.73500175956682,
      "Bass / 808": 14.477056542108253,
      "Mud": 13.68297394337784,
      "Low Mids": 14.56280855527711,
      "Mids / Melody": 14.335233793630135,
      "Harsh Zone": 13.387866543671311,
      "Highs": 13.318111606619063,
      "Air": 11.888813797502097,
      "Vocal Range": 15.153238356857024
    },
    "brightness_centroid_hz": 2430.9775665384236,
    "brightness_label": "Medium",
    "spectral_rolloff_hz": 5415.569344448655,
    "dominant_band": "Sub",
    "low_end_total_percent": 32.21205830167507,
    "mid_total_percent": 42.581016292285085,
    "top_total_percent": 25.206925404121158
  },
  "fingerprint": {
    "mfcc_1": -179.01234436035156,
    "mfcc_2": -16.55466651916504,
    "mfcc_3": -10.522019386291504,
    "mfcc_4": -9.632343292236328,
    "mfcc_5": -8.935043334960938,
    "mfcc_6": -4.151104927062988,
    "mfcc_7": -5.308721542358398,
    "mfcc_8": 4.916648864746094,
    "mfcc_9": -6.713266849517822,
    "mfcc_10": 7.287876605987549,
    "mfcc_11": -0.549055278301239,
    "mfcc_12": 11.25365924835205,
    "mfcc_13": 1.2281137704849243,
    "chroma_1": 0.7882868051528931,
    "chroma_2": 0.7499096989631653,
    "chroma_3": 0.5175729393959045,
    "chroma_4": 0.44595879316329956,
    "chroma_5": 0.3615555465221405,
    "chroma_6": 0.417731374502182,
    "chroma_7": 0.30905207991600037,
    "chroma_8": 0.30385622382164,
    "chroma_9": 0.27039971947669983,
    "chroma_10": 0.20930884778499603,
    "chroma_11": 0.2555864453315735,
    "chroma_12": 0.18335513770580292,
    "spectral_contrast": 22.91894678427524,
    "spectral_flatness": 0.011701800860464573,
    "zero_crossing_rate": 0.05169699550625516,
    "embed_mfcc_1_mean": -179.01234436035156,
    "embed_mfcc_1_std": 71.92073059082031,
    "embed_mfcc_2_mean": -16.55466651916504,
    "embed_mfcc_2_std": 28.242294311523438,
    "embed_mfcc_3_mean": -10.522019386291504,
    "embed_mfcc_3_std": 27.094783782958984,
    "embed_mfcc_4_mean": -9.632343292236328,
    "embed_mfcc_4_std": 17.747753143310547,
    "embed_mfcc_5_mean": -8.935043334960938,
    "embed_mfcc_5_std": 17.53862190246582,
    "embed_mfcc_6_mean": -4.151104927062988,
    "embed_mfcc_6_std": 17.689565658569336,
    "embed_mfcc_7_mean": -5.308721542358398,
    "embed_mfcc_7_std": 13.74491024017334,
    "embed_mfcc_8_mean": 4.916648864746094,
    "embed_mfcc_8_std": 15.207341194152832,
    "embed_mfcc_9_mean": -6.713266849517822,
    "embed_mfcc_9_std": 12.010542869567871,
    "embed_mfcc_10_mean": 7.287876605987549,
    "embed_mfcc_10_std": 11.90480899810791,
    "embed_mfcc_11_mean": -0.549055278301239,
    "embed_mfcc_11_std": 9.817093849182129,
    "embed_mfcc_12_mean": 11.25365924835205,
    "embed_mfcc_12_std": 9.928914070129395,
    "embed_mfcc_13_mean": 1.2281137704849243,
    "embed_mfcc_13_std": 9.261784553527832,
    "embed_mfcc_14_mean": 9.954522132873535,
    "embed_mfcc_14_std": 8.965489387512207,
    "embed_mfcc_15_mean": 2.2741305828094482,
    "embed_mfcc_15_std": 8.32394027709961,
    "embed_mfcc_16_mean": 6.180103778839111,
    "embed_mfcc_16_std": 8.160274505615234,
    "embed_mfcc_17_mean": 1.4413583278656006,
    "embed_mfcc_17_std": 7.809361934661865,
    "embed_mfcc_18_mean": 8.375432968139648,
    "embed_mfcc_18_std": 7.38944673538208,
    "embed_mfcc_19_mean": 1.7974483966827393,
    "embed_mfcc_19_std": 7.638022422790527,
    "embed_mfcc_20_mean": 2.2740750312805176,
    "embed_mfcc_20_std": 6.752850532531738,
    "embed_chroma_1_mean": 0.7882868051528931,
    "embed_chroma_1_std": 0.2572040259838104,
    "embed_chroma_2_mean": 0.7499096989631653,
    "embed_chroma_2_std": 0.25465959310531616,
    "embed_chroma_3_mean": 0.5175729393959045,
    "embed_chroma_3_std": 0.22661453485488892,
    "embed_chroma_4_mean": 0.44595879316329956,
    "embed_chroma_4_std": 0.2423614114522934,
    "embed_chroma_5_mean": 0.3615555465221405,
    "embed_chroma_5_std": 0.15659120678901672,
    "embed_chroma_6_mean": 0.417731374502182,
    "embed_chroma_6_std": 0.27611255645751953,
    "embed_chroma_7_mean": 0.30905207991600037,
    "embed_chroma_7_std": 0.1969607174396515,
    "embed_chroma_8_mean": 0.30385622382164,
    "embed_chroma_8_std": 0.19101130962371826,
    "embed_chroma_9_mean": 0.27039971947669983,
    "embed_chroma_9_std": 0.17125943303108215,
    "embed_chroma_10_mean": 0.20930884778499603,
    "embed_chroma_10_std": 0.13295379281044006,
    "embed_chroma_11_mean": 0.2555864453315735,
    "embed_chroma_11_std": 0.20192937552928925,
    "embed_chroma_12_mean": 0.18335513770580292,
    "embed_chroma_12_std": 0.12790529429912567,
    "embed_contrast_1_mean": 23.191675186157227,
    "embed_contrast_1_std": 5.976068496704102,
    "embed_contrast_2_mean": 13.65318775177002,
    "embed_contrast_2_std": 4.261614799499512,
    "embed_contrast_3_mean": 18.437026977539062,
    "embed_contrast_3_std": 4.1770920753479,
    "embed_contrast_4_mean": 18.772537231445312,
    "embed_contrast_4_std": 3.568984270095825,
    "embed_contrast_5_mean": 18.70733070373535,
    "embed_contrast_5_std": 3.079808473587036,
    "embed_contrast_6_mean": 17.750242233276367,
    "embed_contrast_6_std": 2.65995717048645,
    "embed_contrast_7_mean": 49.920623779296875,
    "embed_contrast_7_std": 4.043878555297852,
    "embed_chroma_entropy": 2.3821020126342773,
    "embed_centroid_mean": 2144.117486909704,
    "embed_centroid_std": 946.4439866958239,
    "embed_rolloff_mean": 4998.192735094601,
    "embed_rolloff_std": 2184.297875411417,
    "embed_flatness_mean": 0.011701800860464573,
    "embed_flatness_std": 0.029771482571959496,
    "embed_zcr_mean": 0.05169699550625516,
    "embed_zcr_std": 0.06463969390938658,
    "embed_rms_mean": 0.330979585647583,
    "embed_rms_std": 0.16567625105381012,
    "embed_onset_mean": 1.4870247840881348,
    "embed_onset_std": 1.1906747817993164,
    "fingerprint_version": 2.0,
    "fingerprint_duration_seconds": 84.439410430839,
    "embed_mfcc_delta_mean": -0.0003245192056056112,
    "embed_mfcc_delta_std": 2.807751417160034,
    "embed_chroma_delta_mean": -4.102548700757325e-05,
    "embed_chroma_delta_std": 0.02229630947113037,
    "embed_onset_peak": 10.298845291137695,
    "embed_onset_p95": 3.726576566696167,
    "embed_rms_p10": 0.06397982686758041,
    "embed_rms_p50": 0.416298508644104,
    "embed_rms_p90": 0.480986624956131,
    "embedding_nonzero_count": 100.0
  },
  "rhythm": {
    "onset_count": 609,
    "onset_density": 7.212275079013789,
    "drum_activity": "High",
    "estimated_bars": 49,
    "seconds_per_bar": 1.7142857142857142
  },
  "sections": [
    {
      "name": "Intro",
      "start": 0.0,
      "end": 16.0,
      "avg_energy": 0.21353679895401,
      "energy_label": "Low"
    },
    {
      "name": "Chorus / Hook",
      "start": 16.0,
      "end": 32.0,
      "avg_energy": 0.41440263390541077,
      "energy_label": "Medium"
    },
    {
      "name": "Verse",
      "start": 32.0,
      "end": 48.0,
      "avg_energy": 0.42307913303375244,
      "energy_label": "Medium"
    },
    {
      "name": "Chorus / Hook",
      "start": 48.0,
      "end": 64.0,
      "avg_energy": 0.41622141003608704,
      "energy_label": "Medium"
    },
    {
      "name": "Outro",
      "start": 64.0,
      "end": 84.439375,
      "avg_energy": 0.43159958720207214,
      "energy_label": "Medium"
    }
  ],