{
  "basic": {
    "file_name": "1oneam - Drunk AF.wav",
    "file_path": "/Volumes/POLLY/tracks/1oneam/1oneam - Drunk AF.wav",
    "sample_rate": 48000,
    "duration_seconds": 100.57725,
    "bpm": 140.0,
    "key": "C Minor",
    "key_note": "C",
    "key_mode": "Minor",
    "key_confidence": 42.099136901563824
  },
  "loudness": {
    "peak_db": -0.4307240426067876,
    "rms_db": -11.390256307066233,
    "dynamic_range_db": 10.959532264459446,
    "clipping_detected": false,
    "clipping_samples": 0,
    "clipping_percent": 0.0,
    "headroom_db": 0.4307240426067876
  },
  "frequency": {
    "band_percentages": {
      "Sub": 16.93597340475047,
      "Bass / 808": 14.992875389284935,
      "Mud": 14.436851111550943,
      "Low Mids": 14.773462944000116,
      "Mids / Melody": 14.21494365770759,
      "Harsh Zone": 13.436538064410536,
      "Highs": 13.017164112255392,
      "Air": 11.628729378554073,
      "Vocal Range": 15.338896632408835
    },
    "brightness_centroid_hz": 2088.739296959305,
    "brightness_label": "Medium",
    "spectral_rolloff_hz": 4640.918279427359,
    "dominant_band": "Sub",
    "low_end_total_percent": 31.928848794035403,
    "mid_total_percent": 43.425257713258645,
    "top_total_percent": 24.645893490809463
  },
  "fingerprint": {
    "mfcc_1": -182.97840881347656,
    "mfcc_2": 2.0893466472625732,
    "mfcc_3": -4.85479211807251,
    "mfcc_4": 15.426149368286133,
    "mfcc_5": -9.553099632263184,
    "mfcc_6": -2.58100962638855,
    "mfcc_7": 3.7592711448669434,
    "mfcc_8": 0.42351701855659485,
    "mfcc_9": 2.6766679286956787,
    "mfcc_10": 6.776418209075928,
    "mfcc_11": -1.4452605247497559,
    "mfcc_12": 8.108379364013672,
    "mfcc_13": -1.8169306516647339,
    "chroma_1": 0.5183972716331482,
    "chroma_2": 0.7444378733634949,
    "chroma_3": 0.512645423412323,
    "chroma_4": 0.38419950008392334,
    "chroma_5": 0.41817712783813477,
    "chroma_6": 0.38622742891311646,
    "chroma_7": 0.4982318878173828,
    "chroma_8": 0.37836989760398865,
    "chroma_9": 0.3564537465572357,
    "chroma_10": 0.22863586246967316,
    "chroma_11": 0.18187730014324188,
    "chroma_12": 0.24293291568756104,
    "spectral_contrast": 24.217092201851997,
    "spectral_flatness": 0.004580812994390726,
    "zero_crossing_rate": 0.034645538470971834,
    "embed_mfcc_1_mean": -182.97840881347656,
    "embed_mfcc_1_std": 77.3602066040039,
    "embed_mfcc_2_mean": 2.0893466472625732,
    "embed_mfcc_2_std": 29.133153915405273,
    "embed_mfcc_3_mean": -4.85479211807251,
    "embed_mfcc_3_std": 20.89508819580078,
    "embed_mfcc_4_mean": 15.426149368286133,
    "embed_mfcc_4_std": 23.99086570739746,
    "embed_mfcc_5_mean": -9.553099632263184,
    "embed_mfcc_5_std": 15.808137893676758,
    "embed_mfcc_6_mean": -2.58100962638855,
    "embed_mfcc_6_std": 20.701171875,
    "embed_mfcc_7_mean": 3.7592711448669434,
    "embed_mfcc_7_std": 11.4139404296875,
    "embed_mfcc_8_mean": 0.42351701855659485,
    "embed_mfcc_8_std": 11.963476181030273,
    "embed_mfcc_9_mean": 2.6766679286956787,
    "embed_mfcc_9_std": 11.869497299194336,
    "embed_mfcc_10_mean": 6.776418209075928,
    "embed_mfcc_10_std": 9.251309394836426,
    "embed_mfcc_11_mean": -1.4452605247497559,
    "embed_mfcc_11_std": 11.128901481628418,
    "embed_mfcc_12_mean": 8.108379364013672,
    "embed_mfcc_12_std": 8.28489875793457,
    "embed_mfcc_13_mean": -1.8169306516647339,
    "embed_mfcc_13_std": 9.47265911102295,
    "embed_mfcc_14_mean": 8.758806228637695,
    "embed_mfcc_14_std": 8.32824993133545,
    "embed_mfcc_15_mean": -0.3738422393798828,
    "embed_mfcc_15_std": 7.377011775970459,
    "embed_mfcc_16_mean": 7.399301052093506,
    "embed_mfcc_16_std": 6.786253452301025,
    "embed_mfcc_17_mean": -1.3971645832061768,
    "embed_mfcc_17_std": 6.676826477050781,
    "embed_mfcc_18_mean": 4.35710334777832,
    "embed_mfcc_18_std": 7.4411163330078125,
    "embed_mfcc_19_mean": 2.8491125106811523,
    "embed_mfcc_19_std": 7.031876087188721,
    "embed_mfcc_20_mean": 3.970996141433716,
    "embed_mfcc_20_std": 7.459517478942871,
    "embed_chroma_1_mean": 0.5183972716331482,
    "embed_chroma_1_std": 0.3666905164718628,
    "embed_chroma_2_mean": 0.7444378733634949,
    "embed_chroma_2_std": 0.25793930888175964,
    "embed_chroma_3_mean": 0.512645423412323,
    "embed_chroma_3_std": 0.269985169172287,
    "embed_chroma_4_mean": 0.38419950008392334,
    "embed_chroma_4_std": 0.20438720285892487,
    "embed_chroma_5_mean": 0.41817712783813477,
    "embed_chroma_5_std": 0.263895183801651,
    "embed_chroma_6_mean": 0.38622742891311646,
    "embed_chroma_6_std": 0.2529299259185791,
    "embed_chroma_7_mean": 0.4982318878173828,
    "embed_chroma_7_std": 0.27782440185546875,
    "embed_chroma_8_mean": 0.37836989760398865,
    "embed_chroma_8_std": 0.2899627387523651,
    "embed_chroma_9_mean": 0.3564537465572357,
    "embed_chroma_9_std": 0.22538477182388306,
    "embed_chroma_10_mean": 0.22863586246967316,
    "embed_chroma_10_std": 0.1538272500038147,
    "embed_chroma_11_mean": 0.18187730014324188,
    "embed_chroma_11_std": 0.1376221477985382,
    "embed_chroma_12_mean": 0.24293291568756104,
    "embed_chroma_12_std": 0.18698547780513763,
    "embed_contrast_1_mean": 21.53781509399414,
    "embed_contrast_1_std": 5.1399922370910645,
    "embed_contrast_2_mean": 15.617786407470703,
    "embed_contrast_2_std": 3.745971441268921,
    "embed_contrast_3_mean": 19.65471649169922,
    "embed_contrast_3_std": 4.447386741638184,
    "embed_contrast_4_mean": 20.980789184570312,
    "embed_contrast_4_std": 4.186845779418945,
    "embed_contrast_5_mean": 20.802873611450195,
    "embed_contrast_5_std": 3.575941801071167,
    "embed_contrast_6_mean": 21.604999542236328,
    "embed_contrast_6_std": 4.498108386993408,
    "embed_contrast_7_mean": 49.3206672668457,
    "embed_contrast_7_std": 4.569927215576172,
    "embed_chroma_entropy": 2.4194176197052,
    "embed_centroid_mean": 1806.9951435188627,
    "embed_centroid_std": 742.4827927142071,
    "embed_rolloff_mean": 4175.617148275191,
    "embed_rolloff_std": 1695.7205150456825,
    "embed_flatness_mean": 0.004580812994390726,
    "embed_flatness_std": 0.011767232790589333,
    "embed_zcr_mean": 0.034645538470971834,
    "embed_zcr_std": 0.03733352573406696,
    "embed_rms_mean": 0.25960347056388855,
    "embed_rms_std": 0.06336819380521774,
    "embed_onset_mean": 1.4924465417861938,
    "embed_onset_std": 1.383104681968689,
    "fingerprint_version": 2.0,
    "fingerprint_duration_seconds": 100.57727891156462,
    "embed_mfcc_delta_mean": -0.00597264152020216,
    "embed_mfcc_delta_std": 2.9238195419311523,
    "embed_chroma_delta_mean": 1.875101588666439e-05,
    "embed_chroma_delta_std": 0.023488132283091545,
    "embed_onset_peak": 19.078256607055664,
    "embed_onset_p95": 4.01503324508667,
    "embed_rms_p10": 0.20626413822174072,
    "embed_rms_p50": 0.26700419187545776,
    "embed_rms_p90": 0.32624560594558716,
    "embedding_nonzero_count": 100.0
  },
  "rhythm": {
    "onset_count": 447,
    "onset_density": 4.4443450183813935,
    "drum_activity": "High",
    "estimated_bars": 59,
    "seconds_per_bar": 1.7142857142857142
  },
  "sections": [
    {
      "name": "Intro",
      "start": 0.0,
      "end": 16.0,
      "avg_energy": 0.2688368856906891,
      "energy_label": "Medium"
    },
    {
      "name": "Chorus / Hook",
      "start": 16.0,
      "end": 32.0,
      "avg_energy": 0.28431034088134766,
      "energy_label": "Medium"
    },
    {
      "name": "Verse",
      "start": 32.0,
      "end": 48.0,
      "avg_energy": 0.27660244703292847,
      "energy_label": "Medium"
    },
    {
      "name": "Chorus / Hook",
      "start": 48.0,
      "end": 64.0,
      "avg_energy": 0.25491204857826233,
      "energy_label": "Medium"
    },
    {
      "name": "Verse",
      "start": 64.0,
      "end": 80.0,
      "avg_energy": 0.25803160667419434,
      "energy_label": "Medium"
    },
    {
      "name": "Outro",