{
  "basic": {
    "file_name": "Slayr - Heard of Em.wav",
    "file_path": "/Users/jayden/SoundLens/tracks/Slayr/Slayr - Heard of Em.wav",
    "sample_rate": 48000,
    "duration_seconds": 148.30358333333334,
    "bpm": 137.2,
    "key": "C# Minor",
    "key_note": "C#",
    "key_mode": "Minor",
    "key_confidence": 46.51922627424136
  },
  "loudness": {
    "peak_db": 0.0013211193472616935,
    "rms_db": -6.209648317800501,
    "dynamic_range_db": 6.210969437147763,
    "clipping_detected": true,
    "clipping_samples": 7840,
    "clipping_percent": 0.11013444831351007,
    "headroom_db": -0.0013211193472616935
  },
  "frequency": {
    "band_percentages": {
      "Sub": 16.73892418254415,
      "Bass / 808": 13.843375790236498,
      "Mud": 14.158255431843623,
      "Low Mids": 14.67006215158378,
      "Mids / Melody": 14.313535049372506,
      "Harsh Zone": 13.692466258136415,
      "Highs": 13.718117947539543,
      "Air": 12.557729445143506,
      "Vocal Range": 15.20752304467104
    },
    "brightness_centroid_hz": 3245.8012473592535,
    "brightness_label": "Medium",
    "spectral_rolloff_hz": 7032.490650172612,
    "dominant_band": "Sub",
    "low_end_total_percent": 30.582299972780646,
    "mid_total_percent": 43.14185263279991,
    "top_total_percent": 26.275847392683048
  },
  "fingerprint": {
    "mfcc_1": -82.22854614257812,
    "mfcc_2": 124.46401977539062,
    "mfcc_3": -11.167243957519531,
    "mfcc_4": 29.96988296508789,
    "mfcc_5": -14.787291526794434,
    "mfcc_6": 21.647974014282227,
    "mfcc_7": -11.845452308654785,
    "mfcc_8": 8.290492057800293,
    "mfcc_9": 1.881791591644287,
    "mfcc_10": 8.997657775878906,
    "mfcc_11": -4.876852989196777,
    "mfcc_12": 13.702810287475586,
    "mfcc_13": -2.16146183013916,
    "chroma_1": 0.7386833429336548,
    "chroma_2": 0.7348718643188477,
    "chroma_3": 0.540178120136261,
    "chroma_4": 0.41030675172805786,
    "chroma_5": 0.41337087750434875,
    "chroma_6": 0.3118837773799896,
    "chroma_7": 0.4936763048171997,
    "chroma_8": 0.34919387102127075,
    "chroma_9": 0.2676265239715576,
    "chroma_10": 0.3447779417037964,
    "chroma_11": 0.24108660221099854,
    "chroma_12": 0.4152110815048218,
    "spectral_contrast": 18.692825440171443,
    "spectral_flatness": 0.001797660137526691,
    "zero_crossing_rate": 0.037839338612090045
  },
  "rhythm": {
    "onset_count": 679,
    "onset_density": 4.578446351318775,
    "drum_activity": "High",
    "estimated_bars": 85,
    "seconds_per_bar": 1.7492711370262393
  },
  "sections": [
    {
      "name": "Intro",
      "start": 0.0,
      "end": 16.0,
      "avg_energy": 0.5794370174407959,
      "energy_label": "High"
    },
    {
      "name": "Chorus / Hook",
      "start": 16.0,
      "end": 32.0,
      "avg_energy": 0.5582066178321838,
      "energy_label": "High"
    },
    {
      "name": "Verse",
      "start": 32.0,
      "end": 48.0,
      "avg_energy": 0.5353122353553772,
      "energy_label": "Medium"
    },
    {
      "name": "Chorus / Hook",
      "start": 48.0,
      "end": 64.0,
      "avg_energy": 0.5104055404663086,
      "energy_label": "Medium"
    },
    {
      "name": "Verse",
      "start": 64.0,
      "end": 80.0,
      "avg_energy": 0.562828779220581,
      "energy_label": "High"
    },
    {
      "name": "Hook / Drop",
      "start": 80.0,
      "end": 96.0,
      "avg_energy": 0.5648019909858704,
      "energy_label": "High"
    },
    {
      "name": "Verse",
      "start": 96.0,
      "end": 112.0,
      "avg_energy": 0.5221995711326599,
      "energy_label": "Medium"
    },
    {
      "name": "Bridge / Breakdown",
      "start": 112.0,
      "end": 128.0,
      "avg_energy": 0.21746660768985748,
      "energy_label": "Low"
    },
    {
      "name": "Outro",
      "start": 128.0,
      "end": 148.30358333333334,
      "avg_energy": 0.23210154473781586,
      "energy_label": "Low"
    }
  ],
  "scores": {
    "mix": 81,
    "master": 81,
    "arrangement": 75,
    "release": 79,
    "energy": 9.39517584109975,
    "bass_strength": 6.116459994556129,
    "darkness": 3.5083975052814926,
    "brightness": 6.491602494718507,
    "drum_bounce": 10,
    "vocal_space": 2.240974662750583
  },
  "stem_balance": null,
  "top_problems": [
    "Clipping detected: 7840 samples are near/over the limit.",
    "Mud range is elevated around 250-500 Hz.",
    "Intro may be long for short-form listener retention.",
    "Drum movement is very active; the beat could become overcrowded.",
    "Hook/verse contrast looks low, but arrangement detection is still an estimate."
  ],
  "suggested_fixes": [
    "Lower the master/output, then use a soft clipper or limiter with safer ceiling.",
    "Gently cut 250-500 Hz on melodies, pads, or the master if the mix feels cloudy.",
    "Mute extra percussion in some sections so the hook/drop feels bigger.",
    "Check the waveform/sections by ear. If the hook feels flat, add contrast with melody layers, drum changes, or vocal energy.",
    "Consider bringing drums, 808, or a strong tag/moment in earlier."
  ],
  "artist_notes": [
    "Autotune/key starting point: C# Minor. Confidence: 46.5%.",
    "Beat energy: 9.4/10. Darkness: 3.5/10.",
    "Vocal space estimate: 2.2/10. Higher means easier space for vocals."
  ],
  "producer_notes": [
    "Low-end presence looks usable for the selected style.",
    "Selected style preset: rage_trap.",
    "Dominant frequency area: Sub.",
    "Drum activity is high at 4.58 hits/sec.",
    "Estimated length: 85 bars at 137 BPM."
  ],
  "master_notes": [
    "Clipping is the first thing to fix before judging the rest of the mix.",
    "Loudness is in a usable range for the selected style.",
    "Peak: 0.00 dB. RMS: -6.21 dB. Dynamic range: 6.21 dB."
  ],
  "next_steps": [
    "Lower the master/output, then use a soft clipper or limiter with safer ceiling.",
    "Gently cut 250-500 Hz on melodies, pads, or the master if the mix feels cloudy.",
    "Mute extra percussion in some sections so the hook/drop feels bigger.",
    "Fix the top 1-2 issues, export again, then re-run SoundLens."
  ]
}