{
  "basic": {
    "file_name": "Slayr - Character.wav",
    "file_path": "/Volumes/POLLY/tracks/Slayr/Slayr - Character.wav",
    "sample_rate": 48000,
    "duration_seconds": 175.26341666666667,
    "bpm": 140.0,
    "key": "C Minor",
    "key_note": "C",
    "key_mode": "Minor",
    "key_confidence": 43.95045349562281
  },
  "loudness": {
    "peak_db": 0.00021743941223032848,
    "rms_db": -8.354231663386031,
    "dynamic_range_db": 8.354449102798261,
    "clipping_detected": true,
    "clipping_samples": 64306,
    "clipping_percent": 0.7643970195339301,
    "headroom_db": -0.00021743941223032848
  },
  "frequency": {
    "band_percentages": {
      "Sub": 15.821391496880938,
      "Bass / 808": 14.460939772343743,
      "Mud": 14.985060836422775,
      "Low Mids": 14.99549023953646,
      "Mids / Melody": 14.629067286831493,
      "Harsh Zone": 13.535101873828426,
      "Highs": 13.058863249712074,
      "Air": 12.0491871165651,
      "Vocal Range": 15.645760674110932
    },
    "brightness_centroid_hz": 2370.095524907053,
    "brightness_label": "Medium",
    "spectral_rolloff_hz": 4626.015610735804,
    "dominant_band": "Sub",
    "low_end_total_percent": 30.28233126922468,
    "mid_total_percent": 44.60961836279073,
    "top_total_percent": 25.108050366277176
  },
  "fingerprint": {
    "mfcc_1": -120.57181549072266,
    "mfcc_2": 27.529069900512695,
    "mfcc_3": -26.594970703125,
    "mfcc_4": -19.39569091796875,
    "mfcc_5": -6.768744468688965,
    "mfcc_6": -9.023453712463379,
    "mfcc_7": -14.315895080566406,
    "mfcc_8": -3.839521646499634,
    "mfcc_9": -10.209412574768066,
    "mfcc_10": -4.344845294952393,
    "mfcc_11": -5.489139080047607,
    "mfcc_12": 1.8902817964553833,
    "mfcc_13": -2.192315101623535,
    "chroma_1": 0.6301227807998657,
    "chroma_2": 0.3738993704319,
    "chroma_3": 0.43625056743621826,
    "chroma_4": 0.4237542748451233,
    "chroma_5": 0.31125566363334656,
    "chroma_6": 0.3744604289531708,
    "chroma_7": 0.2885155975818634,
    "chroma_8": 0.5192838907241821,
    "chroma_9": 0.5160361528396606,
    "chroma_10": 0.3092772364616394,
    "chroma_11": 0.42752963304519653,
    "chroma_12": 0.28040528297424316,
    "spectral_contrast": 22.402559309991645,
    "spectral_flatness": 0.013841480948030949,
    "zero_crossing_rate": 0.07589787816853716,
    "embed_mfcc_1_mean": -120.57181549072266,
    "embed_mfcc_1_std": 52.81657791137695,
    "embed_mfcc_2_mean": 27.529069900512695,
    "embed_mfcc_2_std": 48.76899337768555,
    "embed_mfcc_3_mean": -26.594970703125,
    "embed_mfcc_3_std": 28.043048858642578,
    "embed_mfcc_4_mean": -19.39569091796875,
    "embed_mfcc_4_std": 20.9025936126709,
    "embed_mfcc_5_mean": -6.768744468688965,
    "embed_mfcc_5_std": 17.174341201782227,
    "embed_mfcc_6_mean": -9.023453712463379,
    "embed_mfcc_6_std": 13.629948616027832,
    "embed_mfcc_7_mean": -14.315895080566406,
    "embed_mfcc_7_std": 12.681314468383789,
    "embed_mfcc_8_mean": -3.839521646499634,
    "embed_mfcc_8_std": 11.701817512512207,
    "embed_mfcc_9_mean": -10.209412574768066,
    "embed_mfcc_9_std": 10.80849838256836,
    "embed_mfcc_10_mean": -4.344845294952393,
    "embed_mfcc_10_std": 10.62861156463623,
    "embed_mfcc_11_mean": -5.489139080047607,
    "embed_mfcc_11_std": 10.21304988861084,
    "embed_mfcc_12_mean": 1.8902817964553833,
    "embed_mfcc_12_std": 11.268070220947266,
    "embed_mfcc_13_mean": -2.192315101623535,
    "embed_mfcc_13_std": 9.859965324401855,
    "embed_mfcc_14_mean": 0.06252145022153854,
    "embed_mfcc_14_std": 9.875664710998535,
    "embed_mfcc_15_mean": -1.046658992767334,
    "embed_mfcc_15_std": 9.327001571655273,
    "embed_mfcc_16_mean": 0.7644346952438354,
    "embed_mfcc_16_std": 9.923063278198242,
    "embed_mfcc_17_mean": -5.076234817504883,
    "embed_mfcc_17_std": 8.878097534179688,
    "embed_mfcc_18_mean": 5.669551372528076,
    "embed_mfcc_18_std": 8.56367301940918,
    "embed_mfcc_19_mean": -4.459763526916504,
    "embed_mfcc_19_std": 8.376720428466797,
    "embed_mfcc_20_mean": 3.833721399307251,
    "embed_mfcc_20_std": 7.41635799407959,
    "embed_chroma_1_mean": 0.6301227807998657,
    "embed_chroma_1_std": 0.3221456706523895,
    "embed_chroma_2_mean": 0.3738993704319,
    "embed_chroma_2_std": 0.24145269393920898,
    "embed_chroma_3_mean": 0.43625056743621826,
    "embed_chroma_3_std": 0.24478888511657715,
    "embed_chroma_4_mean": 0.4237542748451233,
    "embed_chroma_4_std": 0.24741913378238678,
    "embed_chroma_5_mean": 0.31125566363334656,
    "embed_chroma_5_std": 0.18212518095970154,
    "embed_chroma_6_mean": 0.3744604289531708,
    "embed_chroma_6_std": 0.2418183833360672,
    "embed_chroma_7_mean": 0.2885155975818634,
    "embed_chroma_7_std": 0.17007730901241302,
    "embed_chroma_8_mean": 0.5192838907241821,
    "embed_chroma_8_std": 0.2872384786605835,
    "embed_chroma_9_mean": 0.5160361528396606,
    "embed_chroma_9_std": 0.34942588210105896,
    "embed_chroma_10_mean": 0.3092772364616394,
    "embed_chroma_10_std": 0.19688569009304047,
    "embed_chroma_11_mean": 0.42752963304519653,
    "embed_chroma_11_std": 0.28834861516952515,
    "embed_chroma_12_mean": 0.28040528297424316,
    "embed_chroma_12_std": 0.18346206843852997,
    "embed_contrast_1_mean": 20.21111297607422,
    "embed_contrast_1_std": 5.919074535369873,
    "embed_contrast_2_mean": 14.120465278625488,
    "embed_contrast_2_std": 4.071786880493164,
    "embed_contrast_3_mean": 18.066679000854492,
    "embed_contrast_3_std": 4.153578758239746,
    "embed_contrast_4_mean": 17.686767578125,
    "embed_contrast_4_std": 3.479041814804077,
    "embed_contrast_5_mean": 19.48455047607422,
    "embed_contrast_5_std": 3.532747983932495,
    "embed_contrast_6_mean": 18.037372589111328,
    "embed_contrast_6_std": 2.8373143672943115,
    "embed_contrast_7_mean": 49.210968017578125,
    "embed_contrast_7_std": 3.640601396560669,
    "embed_chroma_entropy": 2.4540343284606934,
    "embed_centroid_mean": 1880.063215596063,
    "embed_centroid_std": 985.7914629080419,
    "embed_rolloff_mean": 3789.7458339254185,
    "embed_rolloff_std": 2376.6939406641613,
    "embed_flatness_mean": 0.013841480948030949,
    "embed_flatness_std": 0.034252773970365524,
    "embed_zcr_mean": 0.07589787816853716,
    "embed_zcr_std": 0.061798550889580535,
    "embed_rms_mean": 0.3167223036289215,
    "embed_rms_std": 0.13185398280620575,
    "embed_onset_mean": 1.4598362445831299,
    "embed_onset_std": 1.248397946357727,
    "fingerprint_version": 2.0,
    "fingerprint_duration_seconds": 175.26344671201815,
    "embed_mfcc_delta_mean": -0.002297735307365656,
    "embed_mfcc_delta_std": 2.960090398788452,
    "embed_chroma_delta_mean": -5.892412445973605e-06,
    "embed_chroma_delta_std": 0.03201320767402649,
    "embed_onset_peak": 11.378227233886719,
    "embed_onset_p95": 4.131236553192139,
    "embed_rms_p10": 0.16606470942497253,
    "embed_rms_p50": 0.28273284435272217,
    "embed_rms_p90": 0.5093715786933899,
    "embedding_nonzero_count": 100.0
  },
  "rhythm": {
    "onset_count": 811,
    "onset_density": 4.627320495197467,
    "drum_activity": "High",
    "estimated_bars": 102,
    "seconds_per_bar": 1.7142857142857142
  },
  "sections": [
    {
      "name": "Intro",
      "start": 0.0,
      "end": 16.0,
      "avg_energy": 0.2913340628147125,
      "energy_label": "Low"
    },
    {
      "name": "Chorus / Hook",
      "start": 16.0,
      "end": 32.0,
      "avg_energy": 0.6485655307769775,
      "energy_label": "High"
    },
    {
      "name": "Verse",
      "start": 32.0,
      "end": 48.0,
      "avg_energy": 0.3286224901676178,
      "energy_label": "Medium"
    },
    {
      "name": "Chorus / Hook",
      "start": 48.0,
      "end": 64.0,
      "avg_energy": 0.25635215640068054,
      "energy_label": "Low"
    },
    {
      "name": "Verse",
      "start": 64.0,
      "end": 80.0,
      "avg_energy": 0.4116208255290985,