{
  "basic": {
    "file_name": "Slayr - Roll Up.wav",
    "file_path": "/Volumes/POLLY/tracks/Slayr/Slayr - Roll Up.wav",
    "sample_rate": 48000,
    "duration_seconds": 68.18752083333334,
    "bpm": 140.0,
    "key": "D# Minor",
    "key_note": "D#",
    "key_mode": "Minor",
    "key_confidence": 42.272430480954625
  },
  "loudness": {
    "peak_db": -2.3815123504345573e-05,
    "rms_db": -6.776168752218444,
    "dynamic_range_db": 6.77614493709494,
    "clipping_detected": true,
    "clipping_samples": 6615,
    "clipping_percent": 0.2021080959034232,
    "headroom_db": 2.3815123504345573e-05
  },
  "frequency": {
    "band_percentages": {
      "Sub": 15.549563419544269,
      "Bass / 808": 14.273132897521876,
      "Mud": 14.456463946092516,
      "Low Mids": 14.742228997959364,
      "Mids / Melody": 14.429229711384743,
      "Harsh Zone": 13.391995017930194,
      "Highs": 13.835701331678985,
      "Air": 12.713679694090658,
      "Vocal Range": 15.359022630436353
    },
    "brightness_centroid_hz": 4056.470339944295,
    "brightness_label": "High",
    "spectral_rolloff_hz": 8558.767890661662,
    "dominant_band": "Sub",
    "low_end_total_percent": 29.822696317066146,
    "mid_total_percent": 43.62792265543662,
    "top_total_percent": 26.54938102576964
  },
  "fingerprint": {
    "mfcc_1": -81.31856536865234,
    "mfcc_2": -30.51915740966797,
    "mfcc_3": -14.440899848937988,
    "mfcc_4": -31.469524383544922,
    "mfcc_5": -12.412836074829102,
    "mfcc_6": -9.627808570861816,
    "mfcc_7": -21.095462799072266,
    "mfcc_8": -3.3266148567199707,
    "mfcc_9": -16.249181747436523,
    "mfcc_10": -1.0094366073608398,
    "mfcc_11": -8.329304695129395,
    "mfcc_12": 1.8920658826828003,
    "mfcc_13": -5.039367198944092,
    "chroma_1": 0.31996577978134155,
    "chroma_2": 0.4078454375267029,
    "chroma_3": 0.34217244386672974,
    "chroma_4": 0.5976938009262085,
    "chroma_5": 0.5806885361671448,
    "chroma_6": 0.611335039138794,
    "chroma_7": 0.46355339884757996,
    "chroma_8": 0.31333139538764954,
    "chroma_9": 0.3163900077342987,
    "chroma_10": 0.2451312094926834,
    "chroma_11": 0.35388755798339844,
    "chroma_12": 0.2553950846195221,
    "spectral_contrast": 21.662060390002683,
    "spectral_flatness": 0.04230530187487602,
    "zero_crossing_rate": 0.13166669326693906,
    "embed_mfcc_1_mean": -81.31856536865234,
    "embed_mfcc_1_std": 72.81620788574219,
    "embed_mfcc_2_mean": -30.51915740966797,
    "embed_mfcc_2_std": 32.941383361816406,
    "embed_mfcc_3_mean": -14.440899848937988,
    "embed_mfcc_3_std": 23.373374938964844,
    "embed_mfcc_4_mean": -31.469524383544922,
    "embed_mfcc_4_std": 20.163908004760742,
    "embed_mfcc_5_mean": -12.412836074829102,
    "embed_mfcc_5_std": 14.895264625549316,
    "embed_mfcc_6_mean": -9.627808570861816,
    "embed_mfcc_6_std": 14.283001899719238,
    "embed_mfcc_7_mean": -21.095462799072266,
    "embed_mfcc_7_std": 16.639123916625977,
    "embed_mfcc_8_mean": -3.3266148567199707,
    "embed_mfcc_8_std": 13.381060600280762,
    "embed_mfcc_9_mean": -16.249181747436523,
    "embed_mfcc_9_std": 12.60023307800293,
    "embed_mfcc_10_mean": -1.0094366073608398,
    "embed_mfcc_10_std": 12.49409008026123,
    "embed_mfcc_11_mean": -8.329304695129395,
    "embed_mfcc_11_std": 13.290214538574219,
    "embed_mfcc_12_mean": 1.8920658826828003,
    "embed_mfcc_12_std": 10.721921920776367,
    "embed_mfcc_13_mean": -5.039367198944092,
    "embed_mfcc_13_std": 9.42177963256836,
    "embed_mfcc_14_mean": -0.48141413927078247,
    "embed_mfcc_14_std": 8.760337829589844,
    "embed_mfcc_15_mean": -0.6697664260864258,
    "embed_mfcc_15_std": 7.910836219787598,
    "embed_mfcc_16_mean": -0.593881368637085,
    "embed_mfcc_16_std": 7.388800144195557,
    "embed_mfcc_17_mean": -3.210557222366333,
    "embed_mfcc_17_std": 7.0095696449279785,
    "embed_mfcc_18_mean": 1.6831302642822266,
    "embed_mfcc_18_std": 7.171835422515869,
    "embed_mfcc_19_mean": -3.8583030700683594,
    "embed_mfcc_19_std": 7.162310600280762,
    "embed_mfcc_20_mean": 3.3097634315490723,
    "embed_mfcc_20_std": 6.73771333694458,
    "embed_chroma_1_mean": 0.31996577978134155,
    "embed_chroma_1_std": 0.21664269268512726,
    "embed_chroma_2_mean": 0.4078454375267029,
    "embed_chroma_2_std": 0.28478261828422546,
    "embed_chroma_3_mean": 0.34217244386672974,
    "embed_chroma_3_std": 0.20019204914569855,
    "embed_chroma_4_mean": 0.5976938009262085,
    "embed_chroma_4_std": 0.33135172724723816,
    "embed_chroma_5_mean": 0.5806885361671448,
    "embed_chroma_5_std": 0.27941060066223145,
    "embed_chroma_6_mean": 0.611335039138794,
    "embed_chroma_6_std": 0.29423242807388306,
    "embed_chroma_7_mean": 0.46355339884757996,
    "embed_chroma_7_std": 0.23928914964199066,
    "embed_chroma_8_mean": 0.31333139538764954,
    "embed_chroma_8_std": 0.1640409231185913,
    "embed_chroma_9_mean": 0.3163900077342987,
    "embed_chroma_9_std": 0.1988874226808548,
    "embed_chroma_10_mean": 0.2451312094926834,
    "embed_chroma_10_std": 0.140226349234581,
    "embed_chroma_11_mean": 0.35388755798339844,
    "embed_chroma_11_std": 0.23994140326976776,
    "embed_chroma_12_mean": 0.2553950846195221,
    "embed_chroma_12_std": 0.20358167588710785,
    "embed_contrast_1_mean": 19.829753875732422,
    "embed_contrast_1_std": 5.572598457336426,
    "embed_contrast_2_mean": 13.871217727661133,
    "embed_contrast_2_std": 4.365626335144043,
    "embed_contrast_3_mean": 17.664426803588867,
    "embed_contrast_3_std": 4.217368125915527,
    "embed_contrast_4_mean": 17.366823196411133,
    "embed_contrast_4_std": 3.401089668273926,
    "embed_contrast_5_mean": 17.842378616333008,
    "embed_contrast_5_std": 3.0211875438690186,
    "embed_contrast_6_mean": 15.907164573669434,
    "embed_contrast_6_std": 1.916353702545166,
    "embed_contrast_7_mean": 49.152652740478516,
    "embed_contrast_7_std": 3.130690336227417,
    "embed_chroma_entropy": 2.4368228912353516,
    "embed_centroid_mean": 3064.8681413057125,
    "embed_centroid_std": 1061.879621888289,
    "embed_rolloff_mean": 6589.314121951609,
    "embed_rolloff_std": 1786.9453768599647,
    "embed_flatness_mean": 0.04230530187487602,
    "embed_flatness_std": 0.05174530670046806,
    "embed_zcr_mean": 0.13166669326693906,
    "embed_zcr_std": 0.09150822347101065,
    "embed_rms_mean": 0.3201902508735657,
    "embed_rms_std": 0.1036723256111145,
    "embed_onset_mean": 1.4956860542297363,
    "embed_onset_std": 1.2296191453933716,
    "fingerprint_version": 2.0,
    "fingerprint_duration_seconds": 68.18752834467121,
    "embed_mfcc_delta_mean": -0.006317364051938057,
    "embed_mfcc_delta_std": 2.712709665298462,
    "embed_chroma_delta_mean": -2.9217208066256717e-05,
    "embed_chroma_delta_std": 0.029565677046775818,
    "embed_onset_peak": 11.956416130065918,
    "embed_onset_p95": 3.9587299823760986,
    "embed_rms_p10": 0.1860595941543579,
    "embed_rms_p50": 0.3084767460823059,
    "embed_rms_p90": 0.4534889757633209,
    "embedding_nonzero_count": 100.0
  },
  "rhythm": {
    "onset_count": 379,
    "onset_density": 5.558201784845162,
    "drum_activity": "High",
    "estimated_bars": 40,
    "seconds_per_bar": 1.7142857142857142
  },
  "sections": [
    {
      "name": "Intro",
      "start": 0.0,
      "end": 16.0,
      "avg_energy": 0.46462947130203247,
      "energy_label": "Medium"
    },
    {
      "name": "Chorus / Hook",
      "start": 16.0,
      "end": 32.0,
      "avg_energy": 0.4762297570705414,
      "energy_label": "Medium"
    },
    {
      "name": "Verse",
      "start": 32.0,
      "end": 48.0,
      "avg_energy": 0.47834908962249756,
      "energy_label": "Medium"
    },
    {
      "name": "Outro",
      "start": 48.0,
      "end": 68.18752083333334,
      "avg_energy": 0.4211667478084564,
      "energy_label": "Medium"
    }
  ],
  "scores": {
    "mix": 81,
    "master": 81,
    "arrangement": 65,
    "release": 76,