{
  "basic": {
    "file_name": "Slayr - back to back.wav",
    "file_path": "/Volumes/POLLY/tracks/Slayr/Slayr - back to back.wav",
    "sample_rate": 48000,
    "duration_seconds": 121.6,
    "bpm": 140.0,
    "key": "F# Minor",
    "key_note": "F#",
    "key_mode": "Minor",
    "key_confidence": 42.87406838751753
  },
  "loudness": {
    "peak_db": 0.0012124141352429858,
    "rms_db": -6.343007594435494,
    "dynamic_range_db": 6.344220008570737,
    "clipping_detected": true,
    "clipping_samples": 166120,
    "clipping_percent": 2.846080043859649,
    "headroom_db": -0.0012124141352429858
  },
  "frequency": {
    "band_percentages": {
      "Sub": 16.38836551175119,
      "Bass / 808": 14.523576410093005,
      "Mud": 14.189190732285894,
      "Low Mids": 14.163269795023112,
      "Mids / Melody": 14.235442203073159,
      "Harsh Zone": 14.033300302821509,
      "Highs": 13.792488978475278,
      "Air": 12.707666367575277,
      "Vocal Range": 14.927709029777992
    },
    "brightness_centroid_hz": 3743.3978271276433,
    "brightness_label": "High",
    "spectral_rolloff_hz": 7818.370510262258,
    "dominant_band": "Sub",
    "low_end_total_percent": 30.911941921844196,
    "mid_total_percent": 42.58790273038217,
    "top_total_percent": 26.500155346050555
  },
  "fingerprint": {
    "mfcc_1": -78.16705322265625,
    "mfcc_2": -39.61457061767578,
    "mfcc_3": -8.202695846557617,
    "mfcc_4": 15.343024253845215,
    "mfcc_5": -4.702155113220215,
    "mfcc_6": -2.213710069656372,
    "mfcc_7": -1.1721314191818237,
    "mfcc_8": 6.628169059753418,
    "mfcc_9": -1.3768612146377563,
    "mfcc_10": 7.82724666595459,
    "mfcc_11": -1.7992159128189087,
    "mfcc_12": 8.949304580688477,
    "mfcc_13": 1.859364628791809,
    "chroma_1": 0.26716771721839905,
    "chroma_2": 0.3019752502441406,
    "chroma_3": 0.2408647984266281,
    "chroma_4": 0.2344484180212021,
    "chroma_5": 0.2562713027000427,
    "chroma_6": 0.25820863246917725,
    "chroma_7": 0.5542353391647339,
    "chroma_8": 0.4614933431148529,
    "chroma_9": 0.50018709897995,
    "chroma_10": 0.6444960832595825,
    "chroma_11": 0.4647020399570465,
    "chroma_12": 0.3089396357536316,
    "spectral_contrast": 21.61724410050396,
    "spectral_flatness": 0.023098254576325417,
    "zero_crossing_rate": 0.07905233755200271,
    "embed_mfcc_1_mean": -78.16705322265625,
    "embed_mfcc_1_std": 45.022247314453125,
    "embed_mfcc_2_mean": -39.61457061767578,
    "embed_mfcc_2_std": 26.213380813598633,
    "embed_mfcc_3_mean": -8.202695846557617,
    "embed_mfcc_3_std": 19.274364471435547,
    "embed_mfcc_4_mean": 15.343024253845215,
    "embed_mfcc_4_std": 16.99018669128418,
    "embed_mfcc_5_mean": -4.702155113220215,
    "embed_mfcc_5_std": 12.130247116088867,
    "embed_mfcc_6_mean": -2.213710069656372,
    "embed_mfcc_6_std": 11.76471996307373,
    "embed_mfcc_7_mean": -1.1721314191818237,
    "embed_mfcc_7_std": 10.084016799926758,
    "embed_mfcc_8_mean": 6.628169059753418,
    "embed_mfcc_8_std": 9.439756393432617,
    "embed_mfcc_9_mean": -1.3768612146377563,
    "embed_mfcc_9_std": 9.157448768615723,
    "embed_mfcc_10_mean": 7.82724666595459,
    "embed_mfcc_10_std": 8.766098976135254,
    "embed_mfcc_11_mean": -1.7992159128189087,
    "embed_mfcc_11_std": 7.679446220397949,
    "embed_mfcc_12_mean": 8.949304580688477,
    "embed_mfcc_12_std": 7.708736896514893,
    "embed_mfcc_13_mean": 1.859364628791809,
    "embed_mfcc_13_std": 6.792794704437256,
    "embed_mfcc_14_mean": 4.3874030113220215,
    "embed_mfcc_14_std": 6.648529052734375,
    "embed_mfcc_15_mean": 2.41110897064209,
    "embed_mfcc_15_std": 6.125679016113281,
    "embed_mfcc_16_mean": 4.962977409362793,
    "embed_mfcc_16_std": 5.697262287139893,
    "embed_mfcc_17_mean": 2.077777862548828,
    "embed_mfcc_17_std": 6.29494571685791,
    "embed_mfcc_18_mean": 6.596710681915283,
    "embed_mfcc_18_std": 6.163367748260498,
    "embed_mfcc_19_mean": 1.2289258241653442,
    "embed_mfcc_19_std": 6.01183557510376,
    "embed_mfcc_20_mean": 3.7960031032562256,
    "embed_mfcc_20_std": 5.868509292602539,
    "embed_chroma_1_mean": 0.26716771721839905,
    "embed_chroma_1_std": 0.16998237371444702,
    "embed_chroma_2_mean": 0.3019752502441406,
    "embed_chroma_2_std": 0.18207114934921265,
    "embed_chroma_3_mean": 0.2408647984266281,
    "embed_chroma_3_std": 0.14425647258758545,
    "embed_chroma_4_mean": 0.2344484180212021,
    "embed_chroma_4_std": 0.15365511178970337,
    "embed_chroma_5_mean": 0.2562713027000427,
    "embed_chroma_5_std": 0.1477142870426178,
    "embed_chroma_6_mean": 0.25820863246917725,
    "embed_chroma_6_std": 0.14912420511245728,
    "embed_chroma_7_mean": 0.5542353391647339,
    "embed_chroma_7_std": 0.38027429580688477,
    "embed_chroma_8_mean": 0.4614933431148529,
    "embed_chroma_8_std": 0.29594337940216064,
    "embed_chroma_9_mean": 0.50018709897995,
    "embed_chroma_9_std": 0.2961866855621338,
    "embed_chroma_10_mean": 0.6444960832595825,
    "embed_chroma_10_std": 0.3242565095424652,
    "embed_chroma_11_mean": 0.4647020399570465,
    "embed_chroma_11_std": 0.251373291015625,
    "embed_chroma_12_mean": 0.3089396357536316,
    "embed_chroma_12_std": 0.19786623120307922,
    "embed_contrast_1_mean": 24.142574310302734,
    "embed_contrast_1_std": 5.807873725891113,
    "embed_contrast_2_mean": 13.206982612609863,
    "embed_contrast_2_std": 3.7403476238250732,
    "embed_contrast_3_mean": 16.27522087097168,
    "embed_contrast_3_std": 4.1195807456970215,
    "embed_contrast_4_mean": 15.813966751098633,
    "embed_contrast_4_std": 3.0678024291992188,
    "embed_contrast_5_mean": 16.58036231994629,
    "embed_contrast_5_std": 2.5845108032226562,
    "embed_contrast_6_mean": 16.548418045043945,
    "embed_contrast_6_std": 2.2665295600891113,
    "embed_contrast_7_mean": 48.75318145751953,
    "embed_contrast_7_std": 3.2557992935180664,
    "embed_chroma_entropy": 2.421349287033081,
    "embed_centroid_mean": 2872.542951895625,
    "embed_centroid_std": 786.0700264058408,
    "embed_rolloff_mean": 6248.233051122896,
    "embed_rolloff_std": 1484.9138815738565,
    "embed_flatness_mean": 0.023098254576325417,
    "embed_flatness_std": 0.03477627784013748,
    "embed_zcr_mean": 0.07905233755200271,
    "embed_zcr_std": 0.05862323286012014,
    "embed_rms_mean": 0.4217725694179535,
    "embed_rms_std": 0.10671064257621765,
    "embed_onset_mean": 1.6449267864227295,
    "embed_onset_std": 1.717187523841858,
    "fingerprint_version": 2.0,
    "fingerprint_duration_seconds": 121.6,
    "embed_mfcc_delta_mean": 0.0018829138716682792,
    "embed_mfcc_delta_std": 2.747588634490967,
    "embed_chroma_delta_mean": 1.777640136424452e-05,
    "embed_chroma_delta_std": 0.02906017377972603,
    "embed_onset_peak": 18.623414993286133,
    "embed_onset_p95": 5.34249210357666,
    "embed_rms_p10": 0.20079904794692993,
    "embed_rms_p50": 0.4543219804763794,
    "embed_rms_p90": 0.4956212639808655,
    "embedding_nonzero_count": 100.0
  },
  "rhythm": {
    "onset_count": 737,
    "onset_density": 6.060855263157895,
    "drum_activity": "High",
    "estimated_bars": 71,
    "seconds_per_bar": 1.7142857142857142
  },
  "sections": [
    {
      "name": "Intro",
      "start": 0.0,
      "end": 16.0,
      "avg_energy": 0.17415396869182587,
      "energy_label": "Low"
    },
    {
      "name": "Chorus / Hook",
      "start": 16.0,
      "end": 32.0,
      "avg_energy": 0.5160781145095825,
      "energy_label": "Medium"
    },
    {
      "name": "Verse",
      "start": 32.0,
      "end": 48.0,
      "avg_energy": 0.569744348526001,
      "energy_label": "High"
    },
    {
      "name": "Chorus / Hook",
      "start": 48.0,
      "end": 64.0,
      "avg_energy": 0.5126944184303284,
      "energy_label": "Medium"
    },
    {
      "name": "Verse",
      "start": 64.0,
      "end": 80.0,
      "avg_energy": 0.5815663933753967,
      "energy_label": "High"
    },
    {
      "name": "Verse",