{
  "basic": {
    "file_name": "Slayr - SwagStealin.wav",
    "file_path": "/Volumes/POLLY/tracks/Slayr/Slayr - SwagStealin.wav",
    "sample_rate": 48000,
    "duration_seconds": 125.9776875,
    "bpm": 140.0,
    "key": "D# Minor",
    "key_note": "D#",
    "key_mode": "Minor",
    "key_confidence": 43.80232162426847
  },
  "loudness": {
    "peak_db": 0.0015302436433091708,
    "rms_db": -7.548331287195707,
    "dynamic_range_db": 7.549861530839016,
    "clipping_detected": true,
    "clipping_samples": 58984,
    "clipping_percent": 0.9754372839502498,
    "headroom_db": -0.0015302436433091708
  },
  "frequency": {
    "band_percentages": {
      "Sub": 15.51248545195386,
      "Bass / 808": 14.467339313659602,
      "Mud": 14.326535021797081,
      "Low Mids": 14.549671708741407,
      "Mids / Melody": 14.417146993700017,
      "Harsh Zone": 13.89402930023226,
      "Highs": 14.022531679079938,
      "Air": 12.704289829381004,
      "Vocal Range": 15.200027158557544
    },
    "brightness_centroid_hz": 3525.1602978500036,
    "brightness_label": "High",
    "spectral_rolloff_hz": 7134.12219011938,
    "dominant_band": "Sub",
    "low_end_total_percent": 29.979824765613465,
    "mid_total_percent": 43.29335372423851,
    "top_total_percent": 26.726821508460944
  },
  "fingerprint": {
    "mfcc_1": -68.59830474853516,
    "mfcc_2": -30.593568801879883,
    "mfcc_3": -5.605157375335693,
    "mfcc_4": -10.173093795776367,
    "mfcc_5": -6.23662805557251,
    "mfcc_6": -2.575666666030884,
    "mfcc_7": -12.342040061950684,
    "mfcc_8": 2.146456003189087,
    "mfcc_9": -7.2926106452941895,
    "mfcc_10": 3.182577133178711,
    "mfcc_11": -7.576630115509033,
    "mfcc_12": 7.756940841674805,
    "mfcc_13": -6.355264663696289,
    "chroma_1": 0.22421911358833313,
    "chroma_2": 0.27890902757644653,
    "chroma_3": 0.21153131127357483,
    "chroma_4": 0.5358580946922302,
    "chroma_5": 0.2142581343650818,
    "chroma_6": 0.28444093465805054,
    "chroma_7": 0.298418790102005,
    "chroma_8": 0.20343957841396332,
    "chroma_9": 0.32144880294799805,
    "chroma_10": 0.21729309856891632,
    "chroma_11": 0.5580072999000549,
    "chroma_12": 0.39988023042678833,
    "spectral_contrast": 22.38378705173878,
    "spectral_flatness": 0.040109340101480484,
    "zero_crossing_rate": 0.1218902304445627,
    "embed_mfcc_1_mean": -68.59830474853516,
    "embed_mfcc_1_std": 33.06406021118164,
    "embed_mfcc_2_mean": -30.593568801879883,
    "embed_mfcc_2_std": 27.078479766845703,
    "embed_mfcc_3_mean": -5.605157375335693,
    "embed_mfcc_3_std": 19.82170295715332,
    "embed_mfcc_4_mean": -10.173093795776367,
    "embed_mfcc_4_std": 17.005014419555664,
    "embed_mfcc_5_mean": -6.23662805557251,
    "embed_mfcc_5_std": 14.557137489318848,
    "embed_mfcc_6_mean": -2.575666666030884,
    "embed_mfcc_6_std": 12.638395309448242,
    "embed_mfcc_7_mean": -12.342040061950684,
    "embed_mfcc_7_std": 11.912129402160645,
    "embed_mfcc_8_mean": 2.146456003189087,
    "embed_mfcc_8_std": 10.371578216552734,
    "embed_mfcc_9_mean": -7.2926106452941895,
    "embed_mfcc_9_std": 10.128890037536621,
    "embed_mfcc_10_mean": 3.182577133178711,
    "embed_mfcc_10_std": 9.636530876159668,
    "embed_mfcc_11_mean": -7.576630115509033,
    "embed_mfcc_11_std": 8.010295867919922,
    "embed_mfcc_12_mean": 7.756940841674805,
    "embed_mfcc_12_std": 7.620185852050781,
    "embed_mfcc_13_mean": -6.355264663696289,
    "embed_mfcc_13_std": 7.2803473472595215,
    "embed_mfcc_14_mean": 4.351761817932129,
    "embed_mfcc_14_std": 6.533453941345215,
    "embed_mfcc_15_mean": 0.15592266619205475,
    "embed_mfcc_15_std": 6.5880560874938965,
    "embed_mfcc_16_mean": 1.3849694728851318,
    "embed_mfcc_16_std": 6.243736743927002,
    "embed_mfcc_17_mean": -1.239313006401062,
    "embed_mfcc_17_std": 5.908143520355225,
    "embed_mfcc_18_mean": 1.0522470474243164,
    "embed_mfcc_18_std": 5.884512901306152,
    "embed_mfcc_19_mean": -1.8014259338378906,
    "embed_mfcc_19_std": 5.379280090332031,
    "embed_mfcc_20_mean": 0.4158184826374054,
    "embed_mfcc_20_std": 5.903944969177246,
    "embed_chroma_1_mean": 0.22421911358833313,
    "embed_chroma_1_std": 0.1580158919095993,
    "embed_chroma_2_mean": 0.27890902757644653,
    "embed_chroma_2_std": 0.2363877147436142,
    "embed_chroma_3_mean": 0.21153131127357483,
    "embed_chroma_3_std": 0.16392818093299866,
    "embed_chroma_4_mean": 0.5358580946922302,
    "embed_chroma_4_std": 0.367416650056839,
    "embed_chroma_5_mean": 0.2142581343650818,
    "embed_chroma_5_std": 0.15200252830982208,
    "embed_chroma_6_mean": 0.28444093465805054,
    "embed_chroma_6_std": 0.2205592691898346,
    "embed_chroma_7_mean": 0.298418790102005,
    "embed_chroma_7_std": 0.2529423236846924,
    "embed_chroma_8_mean": 0.20343957841396332,
    "embed_chroma_8_std": 0.1650044322013855,
    "embed_chroma_9_mean": 0.32144880294799805,
    "embed_chroma_9_std": 0.30241891741752625,
    "embed_chroma_10_mean": 0.21729309856891632,
    "embed_chroma_10_std": 0.1702078878879547,
    "embed_chroma_11_mean": 0.5580072999000549,
    "embed_chroma_11_std": 0.33096131682395935,
    "embed_chroma_12_mean": 0.39988023042678833,
    "embed_chroma_12_std": 0.3429776728153229,
    "embed_contrast_1_mean": 21.132455825805664,
    "embed_contrast_1_std": 4.844750881195068,
    "embed_contrast_2_mean": 14.583062171936035,
    "embed_contrast_2_std": 3.4029407501220703,
    "embed_contrast_3_mean": 17.825407028198242,
    "embed_contrast_3_std": 3.825585126876831,
    "embed_contrast_4_mean": 17.848073959350586,
    "embed_contrast_4_std": 2.945767879486084,
    "embed_contrast_5_mean": 18.622270584106445,
    "embed_contrast_5_std": 2.8680214881896973,
    "embed_contrast_6_mean": 17.414865493774414,
    "embed_contrast_6_std": 2.3211560249328613,
    "embed_contrast_7_mean": 49.260372161865234,
    "embed_contrast_7_std": 3.006627321243286,
    "embed_chroma_entropy": 2.419243574142456,
    "embed_centroid_mean": 3228.6291671987,
    "embed_centroid_std": 940.8187801936933,
    "embed_rolloff_mean": 6805.794262959861,
    "embed_rolloff_std": 1569.8681829001023,
    "embed_flatness_mean": 0.040109340101480484,
    "embed_flatness_std": 0.04125961661338806,
    "embed_zcr_mean": 0.1218902304445627,
    "embed_zcr_std": 0.06706836649029312,
    "embed_rms_mean": 0.29157382249832153,
    "embed_rms_std": 0.06955035030841827,
    "embed_onset_mean": 1.579050898551941,
    "embed_onset_std": 1.2554582357406616,
    "fingerprint_version": 2.0,
    "fingerprint_duration_seconds": 125.97773242630386,
    "embed_mfcc_delta_mean": -0.0010231893975287676,
    "embed_mfcc_delta_std": 2.1468305587768555,
    "embed_chroma_delta_mean": 7.489248673664406e-05,
    "embed_chroma_delta_std": 0.024832911789417267,
    "embed_onset_peak": 9.711396217346191,
    "embed_onset_p95": 4.078786373138428,
    "embed_rms_p10": 0.17544253170490265,
    "embed_rms_p50": 0.3184049725532532,
    "embed_rms_p90": 0.35136333107948303,
    "embedding_nonzero_count": 100.0
  },
  "rhythm": {
    "onset_count": 1092,
    "onset_density": 8.66820166071075,
    "drum_activity": "High",
    "estimated_bars": 73,
    "seconds_per_bar": 1.7142857142857142
  },
  "sections": [
    {
      "name": "Intro",
      "start": 0.0,
      "end": 16.0,
      "avg_energy": 0.4525524079799652,
      "energy_label": "Medium"
    },
    {
      "name": "Chorus / Hook",
      "start": 16.0,
      "end": 32.0,
      "avg_energy": 0.4586486518383026,
      "energy_label": "Medium"
    },
    {
      "name": "Verse",
      "start": 32.0,
      "end": 48.0,
      "avg_energy": 0.4068922698497772,
      "energy_label": "Medium"
    },
    {
      "name": "Chorus / Hook",
      "start": 48.0,
      "end": 64.0,
      "avg_energy": 0.3810756504535675,
      "energy_label": "Medium"
    },
    {
      "name": "Verse",
      "start": 64.0,
      "end": 80.0,
      "avg_energy": 0.46431973576545715,