{
  "basic": {
    "file_name": "Slayr - LINK.wav",
    "file_path": "/Volumes/POLLY/tracks/Slayr/Slayr - LINK.wav",
    "sample_rate": 48000,
    "duration_seconds": 156.73470833333334,
    "bpm": 140.0,
    "key": "C Minor",
    "key_note": "C",
    "key_mode": "Minor",
    "key_confidence": 42.54514061093379
  },
  "loudness": {
    "peak_db": 0.0006139934669082674,
    "rms_db": -8.070133564346463,
    "dynamic_range_db": 8.070747557813371,
    "clipping_detected": true,
    "clipping_samples": 41332,
    "clipping_percent": 0.5493890552321292,
    "headroom_db": -0.0006139934669082674
  },
  "frequency": {
    "band_percentages": {
      "Sub": 16.298311665592564,
      "Bass / 808": 14.035324721790342,
      "Mud": 13.589512699652015,
      "Low Mids": 14.348567552994144,
      "Mids / Melody": 14.431924230987056,
      "Harsh Zone": 13.870417525948275,
      "Highs": 14.054571770177345,
      "Air": 13.24178735708011,
      "Vocal Range": 14.987289662246237
    },
    "brightness_centroid_hz": 4617.067726830116,
    "brightness_label": "High",
    "spectral_rolloff_hz": 9766.127437219273,
    "dominant_band": "Sub",
    "low_end_total_percent": 30.333636387382906,
    "mid_total_percent": 42.37000448363322,
    "top_total_percent": 27.296359127257453
  },
  "fingerprint": {
    "mfcc_1": -125.60594177246094,
    "mfcc_2": -49.96595764160156,
    "mfcc_3": -7.447825908660889,
    "mfcc_4": -21.21269416809082,
    "mfcc_5": -1.1454724073410034,
    "mfcc_6": -12.994773864746094,
    "mfcc_7": -12.992063522338867,
    "mfcc_8": 7.026182651519775,
    "mfcc_9": -12.976422309875488,
    "mfcc_10": 10.050742149353027,
    "mfcc_11": 0.24384942650794983,
    "mfcc_12": 1.8808554410934448,
    "mfcc_13": -0.287605881690979,
    "chroma_1": 0.3583298921585083,
    "chroma_2": 0.6345602869987488,
    "chroma_3": 0.41970524191856384,
    "chroma_4": 0.5779057145118713,
    "chroma_5": 0.43401268124580383,
    "chroma_6": 0.3093077540397644,
    "chroma_7": 0.3298415243625641,
    "chroma_8": 0.2445020228624344,
    "chroma_9": 0.31171339750289917,
    "chroma_10": 0.21049369871616364,
    "chroma_11": 0.27280882000923157,
    "chroma_12": 0.27329862117767334,
    "spectral_contrast": 23.186349862178595,
    "spectral_flatness": 0.030563903972506523,
    "zero_crossing_rate": 0.12123074841573142,
    "embed_mfcc_1_mean": -125.60594177246094,
    "embed_mfcc_1_std": 44.13434600830078,
    "embed_mfcc_2_mean": -49.96595764160156,
    "embed_mfcc_2_std": 31.186767578125,
    "embed_mfcc_3_mean": -7.447825908660889,
    "embed_mfcc_3_std": 27.96265983581543,
    "embed_mfcc_4_mean": -21.21269416809082,
    "embed_mfcc_4_std": 20.738615036010742,
    "embed_mfcc_5_mean": -1.1454724073410034,
    "embed_mfcc_5_std": 16.841720581054688,
    "embed_mfcc_6_mean": -12.994773864746094,
    "embed_mfcc_6_std": 18.42917251586914,
    "embed_mfcc_7_mean": -12.992063522338867,
    "embed_mfcc_7_std": 15.683507919311523,
    "embed_mfcc_8_mean": 7.026182651519775,
    "embed_mfcc_8_std": 13.671996116638184,
    "embed_mfcc_9_mean": -12.976422309875488,
    "embed_mfcc_9_std": 14.928605079650879,
    "embed_mfcc_10_mean": 10.050742149353027,
    "embed_mfcc_10_std": 13.523967742919922,
    "embed_mfcc_11_mean": 0.24384942650794983,
    "embed_mfcc_11_std": 11.909636497497559,
    "embed_mfcc_12_mean": 1.8808554410934448,
    "embed_mfcc_12_std": 12.590102195739746,
    "embed_mfcc_13_mean": -0.287605881690979,
    "embed_mfcc_13_std": 11.168451309204102,
    "embed_mfcc_14_mean": 5.538530349731445,
    "embed_mfcc_14_std": 9.70014476776123,
    "embed_mfcc_15_mean": 1.195943832397461,
    "embed_mfcc_15_std": 9.934796333312988,
    "embed_mfcc_16_mean": 2.6749963760375977,
    "embed_mfcc_16_std": 8.814546585083008,
    "embed_mfcc_17_mean": -0.6821017861366272,
    "embed_mfcc_17_std": 9.108860969543457,
    "embed_mfcc_18_mean": 3.357992649078369,
    "embed_mfcc_18_std": 8.97618579864502,
    "embed_mfcc_19_mean": -2.872021198272705,
    "embed_mfcc_19_std": 9.348456382751465,
    "embed_mfcc_20_mean": 5.352349758148193,
    "embed_mfcc_20_std": 9.046076774597168,
    "embed_chroma_1_mean": 0.3583298921585083,
    "embed_chroma_1_std": 0.2911646068096161,
    "embed_chroma_2_mean": 0.6345602869987488,
    "embed_chroma_2_std": 0.36920443177223206,
    "embed_chroma_3_mean": 0.41970524191856384,
    "embed_chroma_3_std": 0.2370336502790451,
    "embed_chroma_4_mean": 0.5779057145118713,
    "embed_chroma_4_std": 0.31637606024742126,
    "embed_chroma_5_mean": 0.43401268124580383,
    "embed_chroma_5_std": 0.28818151354789734,
    "embed_chroma_6_mean": 0.3093077540397644,
    "embed_chroma_6_std": 0.17908692359924316,
    "embed_chroma_7_mean": 0.3298415243625641,
    "embed_chroma_7_std": 0.24470829963684082,
    "embed_chroma_8_mean": 0.2445020228624344,
    "embed_chroma_8_std": 0.16974829137325287,
    "embed_chroma_9_mean": 0.31171339750289917,
    "embed_chroma_9_std": 0.23343774676322937,
    "embed_chroma_10_mean": 0.21049369871616364,
    "embed_chroma_10_std": 0.1497403234243393,
    "embed_chroma_11_mean": 0.27280882000923157,
    "embed_chroma_11_std": 0.20739220082759857,
    "embed_chroma_12_mean": 0.27329862117767334,
    "embed_chroma_12_std": 0.21808458864688873,
    "embed_contrast_1_mean": 21.454002380371094,
    "embed_contrast_1_std": 6.770936012268066,
    "embed_contrast_2_mean": 15.372729301452637,
    "embed_contrast_2_std": 4.457916736602783,
    "embed_contrast_3_mean": 19.028244018554688,
    "embed_contrast_3_std": 4.386364459991455,
    "embed_contrast_4_mean": 18.393442153930664,
    "embed_contrast_4_std": 3.965859889984131,
    "embed_contrast_5_mean": 19.638113021850586,
    "embed_contrast_5_std": 4.080780982971191,
    "embed_contrast_6_mean": 18.989633560180664,
    "embed_contrast_6_std": 3.7310783863067627,
    "embed_contrast_7_mean": 49.428279876708984,
    "embed_contrast_7_std": 3.107226610183716,
    "embed_chroma_entropy": 2.42983078956604,
    "embed_centroid_mean": 3402.8206386211828,
    "embed_centroid_std": 1116.2323450951462,
    "embed_rolloff_mean": 7343.734760107271,
    "embed_rolloff_std": 1596.9949662123067,
    "embed_flatness_mean": 0.030563903972506523,
    "embed_flatness_std": 0.0431438572704792,
    "embed_zcr_mean": 0.12123074841573142,
    "embed_zcr_std": 0.11117525213010553,
    "embed_rms_mean": 0.2784103453159332,
    "embed_rms_std": 0.11471102386713028,
    "embed_onset_mean": 1.6842243671417236,
    "embed_onset_std": 1.3886293172836304,
    "fingerprint_version": 2.0,
    "fingerprint_duration_seconds": 156.73473922902494,
    "embed_mfcc_delta_mean": -0.0007871012785471976,
    "embed_mfcc_delta_std": 2.895085096359253,
    "embed_chroma_delta_mean": 7.926609214337077e-06,
    "embed_chroma_delta_std": 0.026559092104434967,
    "embed_onset_peak": 9.282672882080078,
    "embed_onset_p95": 4.689026832580566,
    "embed_rms_p10": 0.11121609061956406,
    "embed_rms_p50": 0.336406409740448,
    "embed_rms_p90": 0.3875989019870758,
    "embedding_nonzero_count": 100.0
  },
  "rhythm": {
    "onset_count": 1034,
    "onset_density": 6.597134808206967,
    "drum_activity": "High",
    "estimated_bars": 91,
    "seconds_per_bar": 1.7142857142857142
  },
  "sections": [
    {
      "name": "Intro",
      "start": 0.0,
      "end": 16.0,
      "avg_energy": 0.36740735173225403,
      "energy_label": "Medium"
    },
    {
      "name": "Chorus / Hook",
      "start": 16.0,
      "end": 32.0,
      "avg_energy": 0.41255560517311096,
      "energy_label": "Medium"
    },
    {
      "name": "Verse",
      "start": 32.0,
      "end": 48.0,
      "avg_energy": 0.4702399671077728,
      "energy_label": "High"
    },
    {
      "name": "Chorus / Hook",
      "start": 48.0,
      "end": 64.0,
      "avg_energy": 0.4813369810581207,
      "energy_label": "High"
    },
    {
      "name": "Verse",
      "start": 64.0,
      "end": 80.0,
      "avg_energy": 0.4424475133419037,