{
  "basic": {
    "file_name": "Slayr - Too Many Blues.wav",
    "file_path": "/Volumes/POLLY/tracks/Slayr/Slayr - Too Many Blues.wav",
    "sample_rate": 48000,
    "duration_seconds": 131.14535416666666,
    "bpm": 140.0,
    "key": "F Minor",
    "key_note": "F",
    "key_mode": "Minor",
    "key_confidence": 42.41603964460846
  },
  "loudness": {
    "peak_db": -5.125436849964706e-05,
    "rms_db": -10.606879369721211,
    "dynamic_range_db": 10.60682811535271,
    "clipping_detected": true,
    "clipping_samples": 539,
    "clipping_percent": 0.008562382356599556,
    "headroom_db": 5.125436849964706e-05
  },
  "frequency": {
    "band_percentages": {
      "Sub": 16.306524074762805,
      "Bass / 808": 14.475505632702419,
      "Mud": 13.727258927300126,
      "Low Mids": 13.937296393203008,
      "Mids / Melody": 14.33192064036613,
      "Harsh Zone": 13.72443230956729,
      "Highs": 14.0360919459688,
      "Air": 13.185402383902032,
      "Vocal Range": 14.84392269202101
    },
    "brightness_centroid_hz": 4470.685958785337,
    "brightness_label": "High",
    "spectral_rolloff_hz": 9442.533168971126,
    "dominant_band": "Sub",
    "low_end_total_percent": 30.782029707465224,
    "mid_total_percent": 41.99647596086926,
    "top_total_percent": 27.22149432987083
  },
  "fingerprint": {
    "mfcc_1": -124.63080596923828,
    "mfcc_2": -38.15632247924805,
    "mfcc_3": -5.687129020690918,
    "mfcc_4": -14.364645957946777,
    "mfcc_5": 1.2670586109161377,
    "mfcc_6": -4.615786552429199,
    "mfcc_7": -4.679422378540039,
    "mfcc_8": 0.7293888926506042,
    "mfcc_9": -5.9903998374938965,
    "mfcc_10": 5.408123970031738,
    "mfcc_11": 1.2276203632354736,
    "mfcc_12": 7.4437432289123535,
    "mfcc_13": -2.1424338817596436,
    "chroma_1": 0.6450693607330322,
    "chroma_2": 0.6509106755256653,
    "chroma_3": 0.5924128293991089,
    "chroma_4": 0.6418564915657043,
    "chroma_5": 0.6593113541603088,
    "chroma_6": 0.8455742597579956,
    "chroma_7": 0.672775387763977,
    "chroma_8": 0.479093462228775,
    "chroma_9": 0.41909167170524597,
    "chroma_10": 0.3427383303642273,
    "chroma_11": 0.4954233169555664,
    "chroma_12": 0.38562512397766113,
    "spectral_contrast": 20.846845806935562,
    "spectral_flatness": 0.049482353031635284,
    "zero_crossing_rate": 0.12645341146841138,
    "embed_mfcc_1_mean": -124.63080596923828,
    "embed_mfcc_1_std": 48.13298797607422,
    "embed_mfcc_2_mean": -38.15632247924805,
    "embed_mfcc_2_std": 32.4330940246582,
    "embed_mfcc_3_mean": -5.687129020690918,
    "embed_mfcc_3_std": 23.968379974365234,
    "embed_mfcc_4_mean": -14.364645957946777,
    "embed_mfcc_4_std": 17.965282440185547,
    "embed_mfcc_5_mean": 1.2670586109161377,
    "embed_mfcc_5_std": 14.12225341796875,
    "embed_mfcc_6_mean": -4.615786552429199,
    "embed_mfcc_6_std": 14.760838508605957,
    "embed_mfcc_7_mean": -4.679422378540039,
    "embed_mfcc_7_std": 12.858016014099121,
    "embed_mfcc_8_mean": 0.7293888926506042,
    "embed_mfcc_8_std": 12.474418640136719,
    "embed_mfcc_9_mean": -5.9903998374938965,
    "embed_mfcc_9_std": 11.844870567321777,
    "embed_mfcc_10_mean": 5.408123970031738,
    "embed_mfcc_10_std": 10.825993537902832,
    "embed_mfcc_11_mean": 1.2276203632354736,
    "embed_mfcc_11_std": 10.204380989074707,
    "embed_mfcc_12_mean": 7.4437432289123535,
    "embed_mfcc_12_std": 10.094874382019043,
    "embed_mfcc_13_mean": -2.1424338817596436,
    "embed_mfcc_13_std": 8.967597961425781,
    "embed_mfcc_14_mean": 4.799463748931885,
    "embed_mfcc_14_std": 8.404236793518066,
    "embed_mfcc_15_mean": 1.9525258541107178,
    "embed_mfcc_15_std": 8.581779479980469,
    "embed_mfcc_16_mean": 3.2617619037628174,
    "embed_mfcc_16_std": 8.157938003540039,
    "embed_mfcc_17_mean": 0.9843747019767761,
    "embed_mfcc_17_std": 7.737337112426758,
    "embed_mfcc_18_mean": 4.4699788093566895,
    "embed_mfcc_18_std": 6.966592311859131,
    "embed_mfcc_19_mean": 0.2007007598876953,
    "embed_mfcc_19_std": 7.0619354248046875,
    "embed_mfcc_20_mean": 3.711810827255249,
    "embed_mfcc_20_std": 7.097999572753906,
    "embed_chroma_1_mean": 0.6450693607330322,
    "embed_chroma_1_std": 0.2118435949087143,
    "embed_chroma_2_mean": 0.6509106755256653,
    "embed_chroma_2_std": 0.1916573941707611,
    "embed_chroma_3_mean": 0.5924128293991089,
    "embed_chroma_3_std": 0.16330406069755554,
    "embed_chroma_4_mean": 0.6418564915657043,
    "embed_chroma_4_std": 0.1913372427225113,
    "embed_chroma_5_mean": 0.6593113541603088,
    "embed_chroma_5_std": 0.21648038923740387,
    "embed_chroma_6_mean": 0.8455742597579956,
    "embed_chroma_6_std": 0.2000809758901596,
    "embed_chroma_7_mean": 0.672775387763977,
    "embed_chroma_7_std": 0.23251649737358093,
    "embed_chroma_8_mean": 0.479093462228775,
    "embed_chroma_8_std": 0.16476452350616455,
    "embed_chroma_9_mean": 0.41909167170524597,
    "embed_chroma_9_std": 0.1735088974237442,
    "embed_chroma_10_mean": 0.3427383303642273,
    "embed_chroma_10_std": 0.14569027721881866,
    "embed_chroma_11_mean": 0.4954233169555664,
    "embed_chroma_11_std": 0.2296977937221527,
    "embed_chroma_12_mean": 0.38562512397766113,
    "embed_chroma_12_std": 0.17219427227973938,
    "embed_contrast_1_mean": 18.212894439697266,
    "embed_contrast_1_std": 5.294378280639648,
    "embed_contrast_2_mean": 12.929917335510254,
    "embed_contrast_2_std": 3.827615976333618,
    "embed_contrast_3_mean": 16.4847469329834,
    "embed_contrast_3_std": 3.929723024368286,
    "embed_contrast_4_mean": 16.41224479675293,
    "embed_contrast_4_std": 3.321838617324829,
    "embed_contrast_5_mean": 17.437070846557617,
    "embed_contrast_5_std": 2.9520490169525146,
    "embed_contrast_6_mean": 16.947479248046875,
    "embed_contrast_6_std": 2.796966791152954,
    "embed_contrast_7_mean": 47.50356674194336,
    "embed_contrast_7_std": 3.32871675491333,
    "embed_chroma_entropy": 2.4542007446289062,
    "embed_centroid_mean": 3265.391178280126,
    "embed_centroid_std": 1158.3552213322548,
    "embed_rolloff_mean": 7168.925400488886,
    "embed_rolloff_std": 1754.394812714728,
    "embed_flatness_mean": 0.049482353031635284,
    "embed_flatness_std": 0.06398408114910126,
    "embed_zcr_mean": 0.12645341146841138,
    "embed_zcr_std": 0.11950040699016722,
    "embed_rms_mean": 0.24506616592407227,
    "embed_rms_std": 0.12488254904747009,
    "embed_onset_mean": 1.7043205499649048,
    "embed_onset_std": 1.4166343212127686,
    "fingerprint_version": 2.0,
    "fingerprint_duration_seconds": 131.14539682539683,
    "embed_mfcc_delta_mean": 0.0028994905296713114,
    "embed_mfcc_delta_std": 2.962864637374878,
    "embed_chroma_delta_mean": 2.1103758626850322e-05,
    "embed_chroma_delta_std": 0.02487606555223465,
    "embed_onset_peak": 12.022649765014648,
    "embed_onset_p95": 4.520994663238525,
    "embed_rms_p10": 0.078279048204422,
    "embed_rms_p50": 0.2707401514053345,
    "embed_rms_p90": 0.3860991895198822,
    "embedding_nonzero_count": 100.0
  },
  "rhythm": {
    "onset_count": 850,
    "onset_density": 6.481358073270164,
    "drum_activity": "High",
    "estimated_bars": 77,
    "seconds_per_bar": 1.7142857142857142
  },
  "sections": [
    {
      "name": "Intro",
      "start": 0.0,
      "end": 16.0,
      "avg_energy": 0.22334764897823334,
      "energy_label": "Low"
    },
    {
      "name": "Chorus / Hook",
      "start": 16.0,
      "end": 32.0,
      "avg_energy": 0.24704322218894958,
      "energy_label": "Low"
    },
    {
      "name": "Verse",
      "start": 32.0,
      "end": 48.0,
      "avg_energy": 0.30666813254356384,
      "energy_label": "Medium"
    },
    {
      "name": "Chorus / Hook",
      "start": 48.0,
      "end": 64.0,
      "avg_energy": 0.311602920293808,
      "energy_label": "Medium"
    },
    {
      "name": "Verse",
      "start": 64.0,
      "end": 80.0,
      "avg_energy": 0.32738935947418213,