{
  "basic": {
    "file_name": "Lelo - Bagpipes.wav",
    "file_path": "/Users/jayden/SoundLens/tracks/Lelo/Lelo - Bagpipes.wav",
    "sample_rate": 48000,
    "duration_seconds": 148.5,
    "bpm": 145.47,
    "key": "A# Minor",
    "key_note": "A#",
    "key_mode": "Minor",
    "key_confidence": 48.78277100250774
  },
  "loudness": {
    "peak_db": -0.33410983996801846,
    "rms_db": -10.427932267883932,
    "dynamic_range_db": 10.093822427915914,
    "clipping_detected": false,
    "clipping_samples": 0,
    "clipping_percent": 0.0,
    "headroom_db": 0.33410983996801846
  },
  "frequency": {
    "band_percentages": {
      "Sub": 15.996198858680879,
      "Bass / 808": 16.360219994775036,
      "Mud": 15.279014261681843,
      "Low Mids": 14.481971507061624,
      "Mids / Melody": 13.943108819472222,
      "Harsh Zone": 13.392415518732934,
      "Highs": 12.752928827273049,
      "Air": 11.186557729235187,
      "Vocal Range": 15.342186663466576
    },
    "brightness_centroid_hz": 1484.4178425927475,
    "brightness_label": "Low",
    "spectral_rolloff_hz": 2956.8707576138486,
    "dominant_band": "Bass / 808",
    "low_end_total_percent": 32.356418853455914,
    "mid_total_percent": 43.70409458821569,
    "top_total_percent": 23.939486556508236
  },
  "fingerprint": {
    "mfcc_1": -186.8790740966797,
    "mfcc_2": 169.90478515625,
    "mfcc_3": 26.239709854125977,
    "mfcc_4": 47.769134521484375,
    "mfcc_5": 12.70620346069336,
    "mfcc_6": 19.04352378845215,
    "mfcc_7": -5.7647576332092285,
    "mfcc_8": 14.682759284973145,
    "mfcc_9": 12.500439643859863,
    "mfcc_10": 1.6908496618270874,
    "mfcc_11": 5.492898941040039,
    "mfcc_12": 4.169878005981445,
    "mfcc_13": -3.582080841064453,
    "chroma_1": 0.5991419553756714,
    "chroma_2": 0.5442982316017151,
    "chroma_3": 0.2626294195652008,
    "chroma_4": 0.21568994224071503,
    "chroma_5": 0.239511638879776,
    "chroma_6": 0.5507515668869019,
    "chroma_7": 0.3374289870262146,
    "chroma_8": 0.1865556836128235,
    "chroma_9": 0.20189516246318817,
    "chroma_10": 0.2378738820552826,
    "chroma_11": 0.5465500354766846,
    "chroma_12": 0.30550825595855713,
    "spectral_contrast": 20.70836307394208,
    "spectral_flatness": 0.00012712787429336458,
    "zero_crossing_rate": 0.0189169527658562
  },
  "rhythm": {
    "onset_count": 783,
    "onset_density": 5.2727272727272725,
    "drum_activity": "High",
    "estimated_bars": 90,
    "seconds_per_bar": 1.6498247061249742
  },
  "sections": [
    {
      "name": "Intro",
      "start": 0.0,
      "end": 16.0,
      "avg_energy": 0.30720940232276917,
      "energy_label": "Medium"
    },
    {
      "name": "Chorus / Hook",
      "start": 16.0,
      "end": 32.0,
      "avg_energy": 0.31983402371406555,
      "energy_label": "Medium"
    },
    {
      "name": "Verse",
      "start": 32.0,
      "end": 48.0,
      "avg_energy": 0.30414438247680664,
      "energy_label": "Medium"
    },
    {
      "name": "Chorus / Hook",
      "start": 48.0,
      "end": 64.0,
      "avg_energy": 0.32171928882598877,
      "energy_label": "Medium"
    },
    {
      "name": "Verse",
      "start": 64.0,
      "end": 80.0,
      "avg_energy": 0.3251453936100006,
      "energy_label": "Medium"
    },
    {
      "name": "Verse",
      "start": 80.0,
      "end": 96.0,
      "avg_energy": 0.3172024190425873,
      "energy_label": "Medium"
    },
    {
      "name": "Verse",
      "start": 96.0,
      "end": 112.0,
      "avg_energy": 0.30414852499961853,
      "energy_label": "Medium"
    },
    {
      "name": "Verse",
      "start": 112.0,
      "end": 128.0,
      "avg_energy": 0.3242146968841553,
      "energy_label": "Medium"
    },
    {
      "name": "Outro",
      "start": 128.0,
      "end": 148.5,
      "avg_energy": 0.18614739179611206,
      "energy_label": "Low"
    }
  ],
  "scores": {
    "mix": 94,
    "master": 94,
    "arrangement": 75,
    "release": 88,
    "energy": 7.286033866058034,
    "bass_strength": 6.4712837706911825,
    "darkness": 7.0311643148145055,
    "brightness": 2.968835685185495,
    "drum_bounce": 10,
    "vocal_space": 1.8195412228898888
  },
  "stem_balance": null,
  "top_problems": [
    "Mud range is elevated around 250-500 Hz.",
    "Intro may be long for short-form listener retention.",
    "Drum movement is very active; the beat could become overcrowded.",
    "Hook/verse contrast looks low, but arrangement detection is still an estimate."
  ],
  "suggested_fixes": [
    "Gently cut 250-500 Hz on melodies, pads, or the master if the mix feels cloudy.",
    "Mute extra percussion in some sections so the hook/drop feels bigger.",
    "Check the waveform/sections by ear. If the hook feels flat, add contrast with melody layers, drum changes, or vocal energy.",
    "Consider bringing drums, 808, or a strong tag/moment in earlier."
  ],
  "artist_notes": [
    "Autotune/key starting point: A# Minor. Confidence: 48.8%.",
    "Beat energy: 7.3/10. Darkness: 7.0/10.",
    "Vocal space estimate: 1.8/10. Higher means easier space for vocals.",
    "Beat leans dark, so brighter vocals/adlibs may cut through well."
  ],
  "producer_notes": [
    "Low-end presence looks usable for the selected style.",
    "Selected style preset: rage_trap.",
    "Dominant frequency area: Bass / 808.",
    "Drum activity is high at 5.27 hits/sec.",
    "Estimated length: 90 bars at 145 BPM."
  ],
  "master_notes": [
    "No obvious clipping problem detected.",
    "Loudness is in a usable range for the selected style.",
    "Peak: -0.33 dB. RMS: -10.43 dB. Dynamic range: 10.09 dB."
  ],
  "next_steps": [
    "Gently cut 250-500 Hz on melodies, pads, or the master if the mix feels cloudy.",
    "Mute extra percussion in some sections so the hook/drop feels bigger.",
    "Check the waveform/sections by ear. If the hook feels flat, add contrast with melody layers, drum changes, or vocal energy.",
    "This is close. Only make small changes unless you hear a clear problem."
  ]
}