{
  "basic": {
    "file_name": "Lelo - Kapital.wav",
    "file_path": "/Volumes/POLLY/tracks/Lelo/Lelo - Kapital.wav",
    "sample_rate": 48000,
    "duration_seconds": 145.82279166666666,
    "bpm": 140.0,
    "key": "D Minor",
    "key_note": "D",
    "key_mode": "Minor",
    "key_confidence": 42.80909826098798
  },
  "loudness": {
    "peak_db": -0.38180653123072017,
    "rms_db": -15.031647995717512,
    "dynamic_range_db": 14.64984146448679,
    "clipping_detected": false,
    "clipping_samples": 0,
    "clipping_percent": 0.0,
    "headroom_db": 0.38180653123072017
  },
  "frequency": {
    "band_percentages": {
      "Sub": 16.51774711267119,
      "Bass / 808": 14.42191746373997,
      "Mud": 14.265865249295079,
      "Low Mids": 14.604815704763082,
      "Mids / Melody": 14.623284864853911,
      "Harsh Zone": 13.834378692425037,
      "Highs": 13.416821258746008,
      "Air": 12.149548344030336,
      "Vocal Range": 15.37729528060855
    },
    "brightness_centroid_hz": 2667.0522653242115,
    "brightness_label": "Medium",
    "spectral_rolloff_hz": 5526.4839806890495,
    "dominant_band": "Sub",
    "low_end_total_percent": 30.93966457641116,
    "mid_total_percent": 43.49396581891207,
    "top_total_percent": 25.566369602776344
  },
  "fingerprint": {
    "mfcc_1": -167.99046325683594,
    "mfcc_2": -10.13184642791748,
    "mfcc_3": -9.903304100036621,
    "mfcc_4": 4.446811199188232,
    "mfcc_5": 5.3346028327941895,
    "mfcc_6": -2.8754055500030518,
    "mfcc_7": 0.26061561703681946,
    "mfcc_8": 0.8196840286254883,
    "mfcc_9": -7.815951347351074,
    "mfcc_10": 6.937034606933594,
    "mfcc_11": -3.2614595890045166,
    "mfcc_12": 8.7447509765625,
    "mfcc_13": 1.981130838394165,
    "chroma_1": 0.15080171823501587,
    "chroma_2": 0.18658530712127686,
    "chroma_3": 0.9781588912010193,
    "chroma_4": 0.3380129337310791,
    "chroma_5": 0.24269285798072815,
    "chroma_6": 0.21509870886802673,
    "chroma_7": 0.18568278849124908,
    "chroma_8": 0.1817619651556015,
    "chroma_9": 0.16823247075080872,
    "chroma_10": 0.1524801105260849,
    "chroma_11": 0.12397229671478271,
    "chroma_12": 0.08890219032764435,
    "spectral_contrast": 22.78687068860221,
    "spectral_flatness": 0.01573055423796177,
    "zero_crossing_rate": 0.07004445551349651,
    "embed_mfcc_1_mean": -167.99046325683594,
    "embed_mfcc_1_std": 39.229896545410156,
    "embed_mfcc_2_mean": -10.13184642791748,
    "embed_mfcc_2_std": 34.38881301879883,
    "embed_mfcc_3_mean": -9.903304100036621,
    "embed_mfcc_3_std": 26.989803314208984,
    "embed_mfcc_4_mean": 4.446811199188232,
    "embed_mfcc_4_std": 16.710790634155273,
    "embed_mfcc_5_mean": 5.3346028327941895,
    "embed_mfcc_5_std": 14.403335571289062,
    "embed_mfcc_6_mean": -2.8754055500030518,
    "embed_mfcc_6_std": 15.519006729125977,
    "embed_mfcc_7_mean": 0.26061561703681946,
    "embed_mfcc_7_std": 11.205605506896973,
    "embed_mfcc_8_mean": 0.8196840286254883,
    "embed_mfcc_8_std": 13.953993797302246,
    "embed_mfcc_9_mean": -7.815951347351074,
    "embed_mfcc_9_std": 9.670459747314453,
    "embed_mfcc_10_mean": 6.937034606933594,
    "embed_mfcc_10_std": 9.425281524658203,
    "embed_mfcc_11_mean": -3.2614595890045166,
    "embed_mfcc_11_std": 10.06702995300293,
    "embed_mfcc_12_mean": 8.7447509765625,
    "embed_mfcc_12_std": 9.065309524536133,
    "embed_mfcc_13_mean": 1.981130838394165,
    "embed_mfcc_13_std": 7.69303035736084,
    "embed_mfcc_14_mean": -1.1643648147583008,
    "embed_mfcc_14_std": 8.688132286071777,
    "embed_mfcc_15_mean": 6.305828094482422,
    "embed_mfcc_15_std": 9.746742248535156,
    "embed_mfcc_16_mean": 3.724529981613159,
    "embed_mfcc_16_std": 7.846017837524414,
    "embed_mfcc_17_mean": -1.5788021087646484,
    "embed_mfcc_17_std": 8.071884155273438,
    "embed_mfcc_18_mean": 6.241213321685791,
    "embed_mfcc_18_std": 7.821171760559082,
    "embed_mfcc_19_mean": 2.4988491535186768,
    "embed_mfcc_19_std": 7.853373050689697,
    "embed_mfcc_20_mean": 2.0235435962677,
    "embed_mfcc_20_std": 7.308710098266602,
    "embed_chroma_1_mean": 0.15080171823501587,
    "embed_chroma_1_std": 0.11226687580347061,
    "embed_chroma_2_mean": 0.18658530712127686,
    "embed_chroma_2_std": 0.12915056943893433,
    "embed_chroma_3_mean": 0.9781588912010193,
    "embed_chroma_3_std": 0.10905466973781586,
    "embed_chroma_4_mean": 0.3380129337310791,
    "embed_chroma_4_std": 0.18505431711673737,
    "embed_chroma_5_mean": 0.24269285798072815,
    "embed_chroma_5_std": 0.17372310161590576,
    "embed_chroma_6_mean": 0.21509870886802673,
    "embed_chroma_6_std": 0.1581876575946808,
    "embed_chroma_7_mean": 0.18568278849124908,
    "embed_chroma_7_std": 0.133529931306839,
    "embed_chroma_8_mean": 0.1817619651556015,
    "embed_chroma_8_std": 0.14325913786888123,
    "embed_chroma_9_mean": 0.16823247075080872,
    "embed_chroma_9_std": 0.1381072700023651,
    "embed_chroma_10_mean": 0.1524801105260849,
    "embed_chroma_10_std": 0.057295218110084534,
    "embed_chroma_11_mean": 0.12397229671478271,
    "embed_chroma_11_std": 0.10124801099300385,
    "embed_chroma_12_mean": 0.08890219032764435,
    "embed_chroma_12_std": 0.06716921925544739,
    "embed_contrast_1_mean": 20.618671417236328,
    "embed_contrast_1_std": 4.3777756690979,
    "embed_contrast_2_mean": 14.095734596252441,
    "embed_contrast_2_std": 3.6413779258728027,
    "embed_contrast_3_mean": 19.768688201904297,
    "embed_contrast_3_std": 4.006072521209717,
    "embed_contrast_4_mean": 19.418615341186523,
    "embed_contrast_4_std": 3.452885150909424,
    "embed_contrast_5_mean": 18.944883346557617,
    "embed_contrast_5_std": 3.382981538772583,
    "embed_contrast_6_mean": 19.4412841796875,
    "embed_contrast_6_std": 3.567552328109741,
    "embed_contrast_7_mean": 47.220218658447266,
    "embed_contrast_7_std": 3.2124826908111572,
    "embed_chroma_entropy": 2.2128524780273438,
    "embed_centroid_mean": 2352.7813404966046,
    "embed_centroid_std": 958.0237781749547,
    "embed_rolloff_mean": 5080.4588624936505,
    "embed_rolloff_std": 2008.5598328906694,
    "embed_flatness_mean": 0.01573055423796177,
    "embed_flatness_std": 0.028175709769129753,
    "embed_zcr_mean": 0.07004445551349651,
    "embed_zcr_std": 0.054278745297875235,
    "embed_rms_mean": 0.18562155961990356,
    "embed_rms_std": 0.04833480715751648,
    "embed_onset_mean": 1.8395576477050781,
    "embed_onset_std": 1.413114070892334,
    "fingerprint_version": 2.0,
    "fingerprint_duration_seconds": 145.82281179138323,
    "embed_mfcc_delta_mean": 0.002738183131441474,
    "embed_mfcc_delta_std": 3.0276830196380615,
    "embed_chroma_delta_mean": -3.2733682019170374e-05,
    "embed_chroma_delta_std": 0.013892185874283314,
    "embed_onset_peak": 12.477453231811523,
    "embed_onset_p95": 4.618255615234375,
    "embed_rms_p10": 0.10951998829841614,
    "embed_rms_p50": 0.20195724070072174,
    "embed_rms_p90": 0.232662171125412,
    "embedding_nonzero_count": 100.0
  },
  "rhythm": {
    "onset_count": 741,
    "onset_density": 5.081510177735705,
    "drum_activity": "High",
    "estimated_bars": 85,
    "seconds_per_bar": 1.7142857142857142
  },
  "sections": [
    {
      "name": "Intro",
      "start": 0.0,
      "end": 16.0,
      "avg_energy": 0.17324116826057434,
      "energy_label": "Medium"
    },
    {
      "name": "Chorus / Hook",
      "start": 16.0,
      "end": 32.0,
      "avg_energy": 0.15220090746879578,
      "energy_label": "Medium"
    },
    {
      "name": "Verse",
      "start": 32.0,
      "end": 48.0,
      "avg_energy": 0.18739362061023712,
      "energy_label": "Medium"
    },
    {
      "name": "Chorus / Hook",
      "start": 48.0,
      "end": 64.0,
      "avg_energy": 0.191849946975708,
      "energy_label": "Medium"
    },
    {
      "name": "Verse",
      "start": 64.0,
      "end": 80.0,
      "avg_energy": 0.1923932582139969,