{
  "basic": {
    "file_name": "Lelo - Holes.wav",
    "file_path": "/Users/jayden/SoundLens/tracks/Lelo/Lelo - Holes.wav",
    "sample_rate": 48000,
    "duration_seconds": 123.5088125,
    "bpm": 172.19,
    "key": "D# Major",
    "key_note": "D#",
    "key_mode": "Major",
    "key_confidence": 47.499131301908875
  },
  "loudness": {
    "peak_db": -0.6496711610434285,
    "rms_db": -10.303695479241705,
    "dynamic_range_db": 9.654024318198276,
    "clipping_detected": false,
    "clipping_samples": 0,
    "clipping_percent": 0.0,
    "headroom_db": 0.6496711610434285
  },
  "frequency": {
    "band_percentages": {
      "Sub": 17.464456661609344,
      "Bass / 808": 14.659972415197817,
      "Mud": 14.01589118761677,
      "Low Mids": 13.846519462045734,
      "Mids / Melody": 14.052588606181441,
      "Harsh Zone": 13.57064070978567,
      "Highs": 13.37073565947991,
      "Air": 12.589836005969355,
      "Vocal Range": 14.814098312223397
    },
    "brightness_centroid_hz": 2726.961046234509,
    "brightness_label": "Medium",
    "spectral_rolloff_hz": 5778.563293462303,
    "dominant_band": "Sub",
    "low_end_total_percent": 32.12442907680716,
    "mid_total_percent": 41.914999255843945,
    "top_total_percent": 25.960571665449265
  },
  "fingerprint": {
    "mfcc_1": -223.44235229492188,
    "mfcc_2": 117.49859619140625,
    "mfcc_3": 8.810507774353027,
    "mfcc_4": 32.24806594848633,
    "mfcc_5": 5.912713527679443,
    "mfcc_6": 33.68110275268555,
    "mfcc_7": -12.541354179382324,
    "mfcc_8": 16.125314712524414,
    "mfcc_9": 2.769606113433838,
    "mfcc_10": -2.166163921356201,
    "mfcc_11": 3.6250274181365967,
    "mfcc_12": 2.7484498023986816,
    "mfcc_13": -0.5601234436035156,
    "chroma_1": 0.1705208718776703,
    "chroma_2": 0.21375276148319244,
    "chroma_3": 0.5003421306610107,
    "chroma_4": 0.8517890572547913,
    "chroma_5": 0.426900178194046,
    "chroma_6": 0.2699778378009796,
    "chroma_7": 0.23493604362010956,
    "chroma_8": 0.3990115225315094,
    "chroma_9": 0.2103414684534073,
    "chroma_10": 0.15360981225967407,
    "chroma_11": 0.13125820457935333,
    "chroma_12": 0.11809748411178589,
    "spectral_contrast": 21.29737275214502,
    "spectral_flatness": 0.0010766370687633753,
    "zero_crossing_rate": 0.0409956366320494
  },
  "rhythm": {
    "onset_count": 922,
    "onset_density": 7.465054366059912,
    "drum_activity": "High",
    "estimated_bars": 89,
    "seconds_per_bar": 1.3938091642952553
  },
  "sections": [
    {
      "name": "Intro",
      "start": 0.0,
      "end": 16.0,
      "avg_energy": 0.3207617402076721,
      "energy_label": "Medium"
    },
    {
      "name": "Chorus / Hook",
      "start": 16.0,
      "end": 32.0,
      "avg_energy": 0.31444162130355835,
      "energy_label": "Medium"
    },
    {
      "name": "Verse",
      "start": 32.0,
      "end": 48.0,
      "avg_energy": 0.31182989478111267,
      "energy_label": "Medium"
    },
    {
      "name": "Chorus / Hook",
      "start": 48.0,
      "end": 64.0,
      "avg_energy": 0.31143489480018616,
      "energy_label": "Medium"
    },
    {
      "name": "Verse",
      "start": 64.0,
      "end": 80.0,
      "avg_energy": 0.31702789664268494,
      "energy_label": "Medium"
    },
    {
      "name": "Verse",
      "start": 80.0,
      "end": 96.0,
      "avg_energy": 0.3199813663959503,
      "energy_label": "Medium"
    },
    {
      "name": "Outro",
      "start": 96.0,
      "end": 123.5088125,
      "avg_energy": 0.2651869058609009,
      "energy_label": "Medium"
    }
  ],
  "scores": {
    "mix": 94,
    "master": 94,
    "arrangement": 75,
    "release": 88,
    "energy": 7.348152260379147,
    "bass_strength": 6.424885815361432,
    "darkness": 4.546077907530982,
    "brightness": 5.453922092469018,
    "drum_bounce": 10,
    "vocal_space": 2.4155693160896163
  },
  "stem_balance": null,
  "top_problems": [
    "Mud range is elevated around 250-500 Hz.",
    "Intro may be long for short-form listener retention.",
    "Drum movement is very active; the beat could become overcrowded.",
    "Hook/verse contrast looks low, but arrangement detection is still an estimate."
  ],
  "suggested_fixes": [
    "Gently cut 250-500 Hz on melodies, pads, or the master if the mix feels cloudy.",
    "Mute extra percussion in some sections so the hook/drop feels bigger.",
    "Check the waveform/sections by ear. If the hook feels flat, add contrast with melody layers, drum changes, or vocal energy.",
    "Consider bringing drums, 808, or a strong tag/moment in earlier."
  ],
  "artist_notes": [
    "Autotune/key starting point: D# Major. Confidence: 47.5%.",
    "Beat energy: 7.3/10. Darkness: 4.5/10.",
    "Vocal space estimate: 2.4/10. Higher means easier space for vocals."
  ],
  "producer_notes": [
    "Low-end presence looks usable for the selected style.",
    "Selected style preset: rage_trap.",
    "Dominant frequency area: Sub.",
    "Drum activity is high at 7.47 hits/sec.",
    "Estimated length: 89 bars at 172 BPM."
  ],
  "master_notes": [
    "No obvious clipping problem detected.",
    "Loudness is in a usable range for the selected style.",
    "Peak: -0.65 dB. RMS: -10.30 dB. Dynamic range: 9.65 dB."
  ],
  "next_steps": [
    "Gently cut 250-500 Hz on melodies, pads, or the master if the mix feels cloudy.",
    "Mute extra percussion in some sections so the hook/drop feels bigger.",
    "Check the waveform/sections by ear. If the hook feels flat, add contrast with melody layers, drum changes, or vocal energy.",
    "This is close. Only make small changes unless you hear a clear problem."
  ]
}