{
  "basic": {
    "file_name": "Lelo - Wise.wav",
    "file_path": "/Volumes/POLLY/tracks/Lelo/Lelo - Wise.wav",
    "sample_rate": 48000,
    "duration_seconds": 109.75,
    "bpm": 140.0,
    "key": "G Minor",
    "key_note": "G",
    "key_mode": "Minor",
    "key_confidence": 42.54038342541592
  },
  "loudness": {
    "peak_db": 0.000546694445977045,
    "rms_db": -11.258218956139384,
    "dynamic_range_db": 11.25876565058536,
    "clipping_detected": true,
    "clipping_samples": 3,
    "clipping_percent": 5.6947608200455584e-05,
    "headroom_db": -0.000546694445977045
  },
  "frequency": {
    "band_percentages": {
      "Sub": 16.215605846204824,
      "Bass / 808": 15.003859923605562,
      "Mud": 14.530048305098845,
      "Low Mids": 14.565071025780341,
      "Mids / Melody": 14.131964169871983,
      "Harsh Zone": 13.290390918322496,
      "Highs": 13.699732947261476,
      "Air": 11.853717780351591,
      "Vocal Range": 15.224159164578923
    },
    "brightness_centroid_hz": 2490.9007518658527,
    "brightness_label": "Medium",
    "spectral_rolloff_hz": 4961.393039358601,
    "dominant_band": "Sub",
    "low_end_total_percent": 31.219465769810384,
    "mid_total_percent": 43.22708350075117,
    "top_total_percent": 25.55345072761307
  },
  "fingerprint": {
    "mfcc_1": -189.96446228027344,
    "mfcc_2": 12.210715293884277,
    "mfcc_3": 2.0593199729919434,
    "mfcc_4": -6.602169990539551,
    "mfcc_5": -12.954561233520508,
    "mfcc_6": -10.118375778198242,
    "mfcc_7": -10.58697509765625,
    "mfcc_8": -5.5183634757995605,
    "mfcc_9": -16.184162139892578,
    "mfcc_10": -0.4894667863845825,
    "mfcc_11": -8.907400131225586,
    "mfcc_12": 1.192523717880249,
    "mfcc_13": -5.818358898162842,
    "chroma_1": 0.35604995489120483,
    "chroma_2": 0.2984220087528229,
    "chroma_3": 0.47735297679901123,
    "chroma_4": 0.2834508717060089,
    "chroma_5": 0.3331008553504944,
    "chroma_6": 0.5263063907623291,
    "chroma_7": 0.5654820799827576,
    "chroma_8": 0.8182289004325867,
    "chroma_9": 0.5424666404724121,
    "chroma_10": 0.5166056752204895,
    "chroma_11": 0.38157129287719727,
    "chroma_12": 0.3783394992351532,
    "spectral_contrast": 22.527589998501025,
    "spectral_flatness": 0.018164176493883133,
    "zero_crossing_rate": 0.07973259913132008,
    "embed_mfcc_1_mean": -189.96446228027344,
    "embed_mfcc_1_std": 104.56394958496094,
    "embed_mfcc_2_mean": 12.210715293884277,
    "embed_mfcc_2_std": 63.28499221801758,
    "embed_mfcc_3_mean": 2.0593199729919434,
    "embed_mfcc_3_std": 45.447635650634766,
    "embed_mfcc_4_mean": -6.602169990539551,
    "embed_mfcc_4_std": 23.683427810668945,
    "embed_mfcc_5_mean": -12.954561233520508,
    "embed_mfcc_5_std": 19.33457374572754,
    "embed_mfcc_6_mean": -10.118375778198242,
    "embed_mfcc_6_std": 22.063579559326172,
    "embed_mfcc_7_mean": -10.58697509765625,
    "embed_mfcc_7_std": 15.24891471862793,
    "embed_mfcc_8_mean": -5.5183634757995605,
    "embed_mfcc_8_std": 17.10411834716797,
    "embed_mfcc_9_mean": -16.184162139892578,
    "embed_mfcc_9_std": 14.37955379486084,
    "embed_mfcc_10_mean": -0.4894667863845825,
    "embed_mfcc_10_std": 13.517379760742188,
    "embed_mfcc_11_mean": -8.907400131225586,
    "embed_mfcc_11_std": 11.413414001464844,
    "embed_mfcc_12_mean": 1.192523717880249,
    "embed_mfcc_12_std": 11.930937767028809,
    "embed_mfcc_13_mean": -5.818358898162842,
    "embed_mfcc_13_std": 9.698629379272461,
    "embed_mfcc_14_mean": -4.268976211547852,
    "embed_mfcc_14_std": 9.360260963439941,
    "embed_mfcc_15_mean": 1.5774296522140503,
    "embed_mfcc_15_std": 9.342451095581055,
    "embed_mfcc_16_mean": 0.6735004782676697,
    "embed_mfcc_16_std": 7.201959133148193,
    "embed_mfcc_17_mean": -3.4231157302856445,
    "embed_mfcc_17_std": 8.589869499206543,
    "embed_mfcc_18_mean": -1.6973915100097656,
    "embed_mfcc_18_std": 7.046740531921387,
    "embed_mfcc_19_mean": -2.6556777954101562,
    "embed_mfcc_19_std": 7.859111309051514,
    "embed_mfcc_20_mean": 0.8578129410743713,
    "embed_mfcc_20_std": 7.799373626708984,
    "embed_chroma_1_mean": 0.35604995489120483,
    "embed_chroma_1_std": 0.24082575738430023,
    "embed_chroma_2_mean": 0.2984220087528229,
    "embed_chroma_2_std": 0.19956865906715393,
    "embed_chroma_3_mean": 0.47735297679901123,
    "embed_chroma_3_std": 0.25873494148254395,
    "embed_chroma_4_mean": 0.2834508717060089,
    "embed_chroma_4_std": 0.18033234775066376,
    "embed_chroma_5_mean": 0.3331008553504944,
    "embed_chroma_5_std": 0.21146045625209808,
    "embed_chroma_6_mean": 0.5263063907623291,
    "embed_chroma_6_std": 0.2932283282279968,
    "embed_chroma_7_mean": 0.5654820799827576,
    "embed_chroma_7_std": 0.21660679578781128,
    "embed_chroma_8_mean": 0.8182289004325867,
    "embed_chroma_8_std": 0.22646760940551758,
    "embed_chroma_9_mean": 0.5424666404724121,
    "embed_chroma_9_std": 0.301666259765625,
    "embed_chroma_10_mean": 0.5166056752204895,
    "embed_chroma_10_std": 0.22490184009075165,
    "embed_chroma_11_mean": 0.38157129287719727,
    "embed_chroma_11_std": 0.20828382670879364,
    "embed_chroma_12_mean": 0.3783394992351532,
    "embed_chroma_12_std": 0.24835854768753052,
    "embed_contrast_1_mean": 19.425607681274414,
    "embed_contrast_1_std": 5.372413158416748,
    "embed_contrast_2_mean": 15.925153732299805,
    "embed_contrast_2_std": 4.99822473526001,
    "embed_contrast_3_mean": 18.838592529296875,
    "embed_contrast_3_std": 4.793494701385498,
    "embed_contrast_4_mean": 18.789051055908203,
    "embed_contrast_4_std": 4.283758640289307,
    "embed_contrast_5_mean": 17.876840591430664,
    "embed_contrast_5_std": 3.7837443351745605,
    "embed_contrast_6_mean": 18.451313018798828,
    "embed_contrast_6_std": 3.9812934398651123,
    "embed_contrast_7_mean": 48.38656997680664,
    "embed_contrast_7_std": 5.194058895111084,
    "embed_chroma_entropy": 2.4377999305725098,
    "embed_centroid_mean": 2185.6891964418883,
    "embed_centroid_std": 1264.291683358079,
    "embed_rolloff_mean": 4596.792223571041,
    "embed_rolloff_std": 2564.643554488829,
    "embed_flatness_mean": 0.018164176493883133,
    "embed_flatness_std": 0.03428327292203903,
    "embed_zcr_mean": 0.07973259913132008,
    "embed_zcr_std": 0.0697467096857645,
    "embed_rms_mean": 0.22971156239509583,
    "embed_rms_std": 0.1296488642692566,
    "embed_onset_mean": 2.276660203933716,
    "embed_onset_std": 2.891667127609253,
    "fingerprint_version": 2.0,
    "fingerprint_duration_seconds": 109.75002267573696,
    "embed_mfcc_delta_mean": -0.0017626851331442595,
    "embed_mfcc_delta_std": 5.73397970199585,
    "embed_chroma_delta_mean": 3.446394111961126e-05,
    "embed_chroma_delta_std": 0.03385840728878975,
    "embed_onset_peak": 31.098657608032227,
    "embed_onset_p95": 7.8892974853515625,
    "embed_rms_p10": 0.10896919667720795,
    "embed_rms_p50": 0.17244163155555725,
    "embed_rms_p90": 0.44151344895362854,
    "embedding_nonzero_count": 100.0
  },
  "rhythm": {
    "onset_count": 663,
    "onset_density": 6.041002277904328,
    "drum_activity": "High",
    "estimated_bars": 64,
    "seconds_per_bar": 1.7142857142857142
  },
  "sections": [
    {
      "name": "Intro",
      "start": 0.0,
      "end": 16.0,
      "avg_energy": 0.2661823034286499,
      "energy_label": "Medium"
    },
    {
      "name": "Chorus / Hook",
      "start": 16.0,
      "end": 32.0,
      "avg_energy": 0.2824248969554901,
      "energy_label": "Medium"
    },
    {
      "name": "Verse",
      "start": 32.0,
      "end": 48.0,
      "avg_energy": 0.2680738568305969,
      "energy_label": "Medium"
    },
    {
      "name": "Chorus / Hook",
      "start": 48.0,
      "end": 64.0,
      "avg_energy": 0.2765890657901764,
      "energy_label": "Medium"
    },
    {
      "name": "Verse",
      "start": 64.0,
      "end": 80.0,
      "avg_energy": 0.280752032995224,