{
  "basic": {
    "file_name": "Lelo - Terraces.wav",
    "file_path": "/Volumes/POLLY/tracks/Lelo/Lelo - Terraces.wav",
    "sample_rate": 48000,
    "duration_seconds": 144.0,
    "bpm": 140.0,
    "key": "C# Minor",
    "key_note": "C#",
    "key_mode": "Minor",
    "key_confidence": 42.822648022784904
  },
  "loudness": {
    "peak_db": -2.102784645809121,
    "rms_db": -11.586209968019803,
    "dynamic_range_db": 9.483425322210682,
    "clipping_detected": false,
    "clipping_samples": 0,
    "clipping_percent": 0.0,
    "headroom_db": 2.102784645809121
  },
  "frequency": {
    "band_percentages": {
      "Sub": 16.659903556971525,
      "Bass / 808": 14.955098933369618,
      "Mud": 13.96574409442945,
      "Low Mids": 14.048148795203005,
      "Mids / Melody": 13.888569839147847,
      "Harsh Zone": 13.4820351933361,
      "Highs": 13.734061901172224,
      "Air": 12.748472877869288,
      "Vocal Range": 14.735337881077049
    },
    "brightness_centroid_hz": 2995.666310468829,
    "brightness_label": "Medium",
    "spectral_rolloff_hz": 6087.05431542108,
    "dominant_band": "Sub",
    "low_end_total_percent": 31.61500249034114,
    "mid_total_percent": 41.9024627287803,
    "top_total_percent": 26.48253477904151
  },
  "fingerprint": {
    "mfcc_1": -164.67330932617188,
    "mfcc_2": -16.945768356323242,
    "mfcc_3": -9.92803955078125,
    "mfcc_4": 5.579070568084717,
    "mfcc_5": -2.960285186767578,
    "mfcc_6": -10.971911430358887,
    "mfcc_7": -4.9798665046691895,
    "mfcc_8": 0.27896425127983093,
    "mfcc_9": -13.522282600402832,
    "mfcc_10": 4.233152389526367,
    "mfcc_11": -5.619850158691406,
    "mfcc_12": 1.1983999013900757,
    "mfcc_13": -0.22248977422714233,
    "chroma_1": 0.6154906153678894,
    "chroma_2": 0.5198385119438171,
    "chroma_3": 0.4307088553905487,
    "chroma_4": 0.617533802986145,
    "chroma_5": 0.3927933871746063,
    "chroma_6": 0.317592978477478,
    "chroma_7": 0.23584693670272827,
    "chroma_8": 0.26718008518218994,
    "chroma_9": 0.2512616515159607,
    "chroma_10": 0.19678759574890137,
    "chroma_11": 0.23059819638729095,
    "chroma_12": 0.19743452966213226,
    "spectral_contrast": 23.167530521706517,
    "spectral_flatness": 0.020380305126309395,
    "zero_crossing_rate": 0.07643642366486068,
    "embed_mfcc_1_mean": -164.67330932617188,
    "embed_mfcc_1_std": 64.73316955566406,
    "embed_mfcc_2_mean": -16.945768356323242,
    "embed_mfcc_2_std": 42.878639221191406,
    "embed_mfcc_3_mean": -9.92803955078125,
    "embed_mfcc_3_std": 37.74782180786133,
    "embed_mfcc_4_mean": 5.579070568084717,
    "embed_mfcc_4_std": 18.786603927612305,
    "embed_mfcc_5_mean": -2.960285186767578,
    "embed_mfcc_5_std": 18.7175235748291,
    "embed_mfcc_6_mean": -10.971911430358887,
    "embed_mfcc_6_std": 18.837556838989258,
    "embed_mfcc_7_mean": -4.9798665046691895,
    "embed_mfcc_7_std": 16.423120498657227,
    "embed_mfcc_8_mean": 0.27896425127983093,
    "embed_mfcc_8_std": 17.577980041503906,
    "embed_mfcc_9_mean": -13.522282600402832,
    "embed_mfcc_9_std": 13.807596206665039,
    "embed_mfcc_10_mean": 4.233152389526367,
    "embed_mfcc_10_std": 15.617727279663086,
    "embed_mfcc_11_mean": -5.619850158691406,
    "embed_mfcc_11_std": 13.281052589416504,
    "embed_mfcc_12_mean": 1.1983999013900757,
    "embed_mfcc_12_std": 11.894208908081055,
    "embed_mfcc_13_mean": -0.22248977422714233,
    "embed_mfcc_13_std": 11.127423286437988,
    "embed_mfcc_14_mean": -4.143152713775635,
    "embed_mfcc_14_std": 9.948472023010254,
    "embed_mfcc_15_mean": 0.9182737469673157,
    "embed_mfcc_15_std": 10.317795753479004,
    "embed_mfcc_16_mean": 2.477780818939209,
    "embed_mfcc_16_std": 9.017803192138672,
    "embed_mfcc_17_mean": -0.17155897617340088,
    "embed_mfcc_17_std": 8.568754196166992,
    "embed_mfcc_18_mean": 3.054839611053467,
    "embed_mfcc_18_std": 7.991728782653809,
    "embed_mfcc_19_mean": -0.2827507257461548,
    "embed_mfcc_19_std": 7.988595008850098,
    "embed_mfcc_20_mean": -1.0962529182434082,
    "embed_mfcc_20_std": 6.331970691680908,
    "embed_chroma_1_mean": 0.6154906153678894,
    "embed_chroma_1_std": 0.3387417793273926,
    "embed_chroma_2_mean": 0.5198385119438171,
    "embed_chroma_2_std": 0.28517064452171326,
    "embed_chroma_3_mean": 0.4307088553905487,
    "embed_chroma_3_std": 0.2470780611038208,
    "embed_chroma_4_mean": 0.617533802986145,
    "embed_chroma_4_std": 0.3498953878879547,
    "embed_chroma_5_mean": 0.3927933871746063,
    "embed_chroma_5_std": 0.23359183967113495,
    "embed_chroma_6_mean": 0.317592978477478,
    "embed_chroma_6_std": 0.17257709801197052,
    "embed_chroma_7_mean": 0.23584693670272827,
    "embed_chroma_7_std": 0.1267489641904831,
    "embed_chroma_8_mean": 0.26718008518218994,
    "embed_chroma_8_std": 0.13423700630664825,
    "embed_chroma_9_mean": 0.2512616515159607,
    "embed_chroma_9_std": 0.14390361309051514,
    "embed_chroma_10_mean": 0.19678759574890137,
    "embed_chroma_10_std": 0.1175699532032013,
    "embed_chroma_11_mean": 0.23059819638729095,
    "embed_chroma_11_std": 0.14792168140411377,
    "embed_chroma_12_mean": 0.19743452966213226,
    "embed_chroma_12_std": 0.12069344520568848,
    "embed_contrast_1_mean": 21.809778213500977,
    "embed_contrast_1_std": 5.078957557678223,
    "embed_contrast_2_mean": 16.040122985839844,
    "embed_contrast_2_std": 4.542603015899658,
    "embed_contrast_3_mean": 19.85131072998047,
    "embed_contrast_3_std": 4.392867088317871,
    "embed_contrast_4_mean": 18.90962028503418,
    "embed_contrast_4_std": 3.6039750576019287,
    "embed_contrast_5_mean": 17.92669105529785,
    "embed_contrast_5_std": 3.0901196002960205,
    "embed_contrast_6_mean": 19.650585174560547,
    "embed_contrast_6_std": 3.819944143295288,
    "embed_contrast_7_mean": 47.98460388183594,
    "embed_contrast_7_std": 3.5322072505950928,
    "embed_chroma_entropy": 2.4000144004821777,
    "embed_centroid_mean": 2521.844854177518,
    "embed_centroid_std": 1230.0826934705178,
    "embed_rolloff_mean": 5327.894866281988,
    "embed_rolloff_std": 2316.8877728365956,
    "embed_flatness_mean": 0.020380305126309395,
    "embed_flatness_std": 0.0446002334356308,
    "embed_zcr_mean": 0.07643642366486068,
    "embed_zcr_std": 0.07175872168847587,
    "embed_rms_mean": 0.28002163767814636,
    "embed_rms_std": 0.15905490517616272,
    "embed_onset_mean": 1.7419520616531372,
    "embed_onset_std": 1.620998501777649,
    "fingerprint_version": 2.0,
    "fingerprint_duration_seconds": 144.0,
    "embed_mfcc_delta_mean": -0.00015540541789960116,
    "embed_mfcc_delta_std": 3.232928991317749,
    "embed_chroma_delta_mean": -1.512946937509696e-06,
    "embed_chroma_delta_std": 0.022148171439766884,
    "embed_onset_peak": 14.191034317016602,
    "embed_onset_p95": 4.943990707397461,
    "embed_rms_p10": 0.0585169717669487,
    "embed_rms_p50": 0.30342137813568115,
    "embed_rms_p90": 0.48195916414260864,
    "embedding_nonzero_count": 100.0
  },
  "rhythm": {
    "onset_count": 901,
    "onset_density": 6.256944444444445,
    "drum_activity": "High",
    "estimated_bars": 84,
    "seconds_per_bar": 1.7142857142857142
  },
  "sections": [
    {
      "name": "Intro",
      "start": 0.0,
      "end": 16.0,
      "avg_energy": 0.19230659306049347,
      "energy_label": "Low"
    },
    {
      "name": "Chorus / Hook",
      "start": 16.0,
      "end": 32.0,
      "avg_energy": 0.30178481340408325,
      "energy_label": "High"
    },
    {
      "name": "Verse",
      "start": 32.0,
      "end": 48.0,
      "avg_energy": 0.30395326018333435,
      "energy_label": "High"
    },
    {
      "name": "Chorus / Hook",
      "start": 48.0,
      "end": 64.0,
      "avg_energy": 0.19928719103336334,
      "energy_label": "Low"
    },
    {
      "name": "Verse",
      "start": 64.0,
      "end": 80.0,
      "avg_energy": 0.30027157068252563,
      "energy_label": "High"
    },
    {
      "name": "Hook / Drop",