{
  "basic": {
    "file_name": "Lelo - Revenge.wav",
    "file_path": "/Volumes/POLLY/tracks/Lelo/Lelo - Revenge.wav",
    "sample_rate": 48000,
    "duration_seconds": 128.0,
    "bpm": 140.0,
    "key": "D# Minor",
    "key_note": "D#",
    "key_mode": "Minor",
    "key_confidence": 42.03430747399579
  },
  "loudness": {
    "peak_db": -0.36156701871958474,
    "rms_db": -7.630733751233101,
    "dynamic_range_db": 7.269166732513516,
    "clipping_detected": false,
    "clipping_samples": 0,
    "clipping_percent": 0.0,
    "headroom_db": 0.36156701871958474
  },
  "frequency": {
    "band_percentages": {
      "Sub": 17.378677145509972,
      "Bass / 808": 15.150522969996105,
      "Mud": 14.029244153179581,
      "Low Mids": 14.141838513479923,
      "Mids / Melody": 14.102113807523809,
      "Harsh Zone": 13.571889243062078,
      "Highs": 13.310818899510322,
      "Air": 11.886784508963158,
      "Vocal Range": 14.906188039648875
    },
    "brightness_centroid_hz": 2163.2409901132896,
    "brightness_label": "Medium",
    "spectral_rolloff_hz": 4825.267816223648,
    "dominant_band": "Sub",
    "low_end_total_percent": 32.52920011550608,
    "mid_total_percent": 42.273196474183315,
    "top_total_percent": 25.19760340847348
  },
  "fingerprint": {
    "mfcc_1": -163.55296325683594,
    "mfcc_2": -5.771673202514648,
    "mfcc_3": -8.883940696716309,
    "mfcc_4": 12.444729804992676,
    "mfcc_5": -1.5328633785247803,
    "mfcc_6": -0.24783183634281158,
    "mfcc_7": -1.5857999324798584,
    "mfcc_8": 1.3676443099975586,
    "mfcc_9": -1.2110482454299927,
    "mfcc_10": 11.294318199157715,
    "mfcc_11": 0.2300049215555191,
    "mfcc_12": 11.87447738647461,
    "mfcc_13": 1.6239601373672485,
    "chroma_1": 0.14133740961551666,
    "chroma_2": 0.17846472561359406,
    "chroma_3": 0.23700527846813202,
    "chroma_4": 0.6858352422714233,
    "chroma_5": 0.6122024655342102,
    "chroma_6": 0.26724693179130554,
    "chroma_7": 0.17187775671482086,
    "chroma_8": 0.16296939551830292,
    "chroma_9": 0.18793314695358276,
    "chroma_10": 0.16210947930812836,
    "chroma_11": 0.19043028354644775,
    "chroma_12": 0.179482102394104,
    "spectral_contrast": 22.630094924838584,
    "spectral_flatness": 0.005216085352003574,
    "zero_crossing_rate": 0.038720287405669504,
    "embed_mfcc_1_mean": -163.55296325683594,
    "embed_mfcc_1_std": 63.925445556640625,
    "embed_mfcc_2_mean": -5.771673202514648,
    "embed_mfcc_2_std": 38.7798957824707,
    "embed_mfcc_3_mean": -8.883940696716309,
    "embed_mfcc_3_std": 31.013578414916992,
    "embed_mfcc_4_mean": 12.444729804992676,
    "embed_mfcc_4_std": 20.693967819213867,
    "embed_mfcc_5_mean": -1.5328633785247803,
    "embed_mfcc_5_std": 16.04684829711914,
    "embed_mfcc_6_mean": -0.24783183634281158,
    "embed_mfcc_6_std": 15.099285125732422,
    "embed_mfcc_7_mean": -1.5857999324798584,
    "embed_mfcc_7_std": 11.256414413452148,
    "embed_mfcc_8_mean": 1.3676443099975586,
    "embed_mfcc_8_std": 13.948829650878906,
    "embed_mfcc_9_mean": -1.2110482454299927,
    "embed_mfcc_9_std": 11.789283752441406,
    "embed_mfcc_10_mean": 11.294318199157715,
    "embed_mfcc_10_std": 10.654389381408691,
    "embed_mfcc_11_mean": 0.2300049215555191,
    "embed_mfcc_11_std": 10.266253471374512,
    "embed_mfcc_12_mean": 11.87447738647461,
    "embed_mfcc_12_std": 9.536023139953613,
    "embed_mfcc_13_mean": 1.6239601373672485,
    "embed_mfcc_13_std": 9.548410415649414,
    "embed_mfcc_14_mean": 7.2072014808654785,
    "embed_mfcc_14_std": 9.151145935058594,
    "embed_mfcc_15_mean": 7.312880039215088,
    "embed_mfcc_15_std": 8.95046329498291,
    "embed_mfcc_16_mean": 2.518066883087158,
    "embed_mfcc_16_std": 8.353110313415527,
    "embed_mfcc_17_mean": 4.412991523742676,
    "embed_mfcc_17_std": 7.459791660308838,
    "embed_mfcc_18_mean": 4.28865909576416,
    "embed_mfcc_18_std": 8.336414337158203,
    "embed_mfcc_19_mean": -0.9956862330436707,
    "embed_mfcc_19_std": 7.550560474395752,
    "embed_mfcc_20_mean": 3.7828898429870605,
    "embed_mfcc_20_std": 6.6805009841918945,
    "embed_chroma_1_mean": 0.14133740961551666,
    "embed_chroma_1_std": 0.10188228636980057,
    "embed_chroma_2_mean": 0.17846472561359406,
    "embed_chroma_2_std": 0.13920025527477264,
    "embed_chroma_3_mean": 0.23700527846813202,
    "embed_chroma_3_std": 0.14176514744758606,
    "embed_chroma_4_mean": 0.6858352422714233,
    "embed_chroma_4_std": 0.32343900203704834,
    "embed_chroma_5_mean": 0.6122024655342102,
    "embed_chroma_5_std": 0.36969369649887085,
    "embed_chroma_6_mean": 0.26724693179130554,
    "embed_chroma_6_std": 0.19236983358860016,
    "embed_chroma_7_mean": 0.17187775671482086,
    "embed_chroma_7_std": 0.12155196815729141,
    "embed_chroma_8_mean": 0.16296939551830292,
    "embed_chroma_8_std": 0.1321050226688385,
    "embed_chroma_9_mean": 0.18793314695358276,
    "embed_chroma_9_std": 0.19680055975914001,
    "embed_chroma_10_mean": 0.16210947930812836,
    "embed_chroma_10_std": 0.17930403351783752,
    "embed_chroma_11_mean": 0.19043028354644775,
    "embed_chroma_11_std": 0.15664313733577728,
    "embed_chroma_12_mean": 0.179482102394104,
    "embed_chroma_12_std": 0.16027887165546417,
    "embed_contrast_1_mean": 22.790294647216797,
    "embed_contrast_1_std": 5.283349514007568,
    "embed_contrast_2_mean": 14.08011245727539,
    "embed_contrast_2_std": 4.246915340423584,
    "embed_contrast_3_mean": 18.26177978515625,
    "embed_contrast_3_std": 4.211585998535156,
    "embed_contrast_4_mean": 17.522802352905273,
    "embed_contrast_4_std": 3.3865060806274414,
    "embed_contrast_5_mean": 18.062496185302734,
    "embed_contrast_5_std": 2.9740076065063477,
    "embed_contrast_6_mean": 18.723737716674805,
    "embed_contrast_6_std": 3.3306424617767334,
    "embed_contrast_7_mean": 48.96943664550781,
    "embed_contrast_7_std": 3.582735300064087,
    "embed_chroma_entropy": 2.310671091079712,
    "embed_centroid_mean": 1932.0297845237983,
    "embed_centroid_std": 843.871237984533,
    "embed_rolloff_mean": 4514.051870812573,
    "embed_rolloff_std": 1970.4707547599266,
    "embed_flatness_mean": 0.005216085352003574,
    "embed_flatness_std": 0.01700623519718647,
    "embed_zcr_mean": 0.038720287405669504,
    "embed_zcr_std": 0.043759681526038624,
    "embed_rms_mean": 0.37887659668922424,
    "embed_rms_std": 0.1429411619901657,
    "embed_onset_mean": 1.7146053314208984,
    "embed_onset_std": 1.4820276498794556,
    "fingerprint_version": 2.0,
    "fingerprint_duration_seconds": 128.0,
    "embed_mfcc_delta_mean": 0.0005624871701002121,
    "embed_mfcc_delta_std": 2.997553586959839,
    "embed_chroma_delta_mean": -1.1554298907867633e-05,
    "embed_chroma_delta_std": 0.020482193678617477,
    "embed_onset_peak": 12.54939079284668,
    "embed_onset_p95": 4.542664527893066,
    "embed_rms_p10": 0.07925260066986084,
    "embed_rms_p50": 0.4368927478790283,
    "embed_rms_p90": 0.4777434170246124,
    "embedding_nonzero_count": 100.0
  },
  "rhythm": {
    "onset_count": 654,
    "onset_density": 5.109375,
    "drum_activity": "High",
    "estimated_bars": 75,
    "seconds_per_bar": 1.7142857142857142
  },
  "sections": [
    {
      "name": "Intro",
      "start": 0.0,
      "end": 16.0,
      "avg_energy": 0.43962639570236206,
      "energy_label": "Medium"
    },
    {
      "name": "Chorus / Hook",
      "start": 16.0,
      "end": 32.0,
      "avg_energy": 0.29510220885276794,
      "energy_label": "Low"
    },
    {
      "name": "Verse",
      "start": 32.0,
      "end": 48.0,
      "avg_energy": 0.4449835419654846,
      "energy_label": "Medium"
    },
    {
      "name": "Chorus / Hook",
      "start": 48.0,
      "end": 64.0,
      "avg_energy": 0.4456547498703003,
      "energy_label": "Medium"
    },
    {
      "name": "Verse",
      "start": 64.0,
      "end": 80.0,
      "avg_energy": 0.35890620946884155,
      "energy_label": "Medium"
    },
    {
      "name": "Verse",