{
  "basic": {
    "file_name": "Dom Corleo - Sicilian Shooters.wav",
    "file_path": "/Users/jayden/SoundLens/tracks/Dom Corleo/Dom Corleo - Sicilian Shooters.wav",
    "sample_rate": 48000,
    "duration_seconds": 113.29016666666666,
    "bpm": 144.23,
    "key": "F Minor",
    "key_note": "F",
    "key_mode": "Minor",
    "key_confidence": 46.21306672427238
  },
  "loudness": {
    "peak_db": 4.659461800276743e-05,
    "rms_db": -9.593183289487667,
    "dynamic_range_db": 9.59322988410567,
    "clipping_detected": true,
    "clipping_samples": 429,
    "clipping_percent": 0.007889034205675396,
    "headroom_db": -4.659461800276743e-05
  },
  "frequency": {
    "band_percentages": {
      "Sub": 16.300924878147164,
      "Bass / 808": 14.589859098024125,
      "Mud": 13.731872425375027,
      "Low Mids": 14.611925255358038,
      "Mids / Melody": 14.090355497143298,
      "Harsh Zone": 13.220134831752794,
      "Highs": 13.841555910841347,
      "Air": 12.833506933324838,
      "Vocal Range": 15.06146742389336
    },
    "brightness_centroid_hz": 3612.4260242882015,
    "brightness_label": "High",
    "spectral_rolloff_hz": 7904.477273797194,
    "dominant_band": "Sub",
    "low_end_total_percent": 30.89078397617129,
    "mid_total_percent": 42.43415317787636,
    "top_total_percent": 26.675062844166185
  },
  "fingerprint": {
    "mfcc_1": -101.06472778320312,
    "mfcc_2": 118.63228607177734,
    "mfcc_3": -4.268141269683838,
    "mfcc_4": 51.748268127441406,
    "mfcc_5": -19.68142318725586,
    "mfcc_6": 36.37351608276367,
    "mfcc_7": -3.33302903175354,
    "mfcc_8": 11.646039962768555,
    "mfcc_9": -0.27019166946411133,
    "mfcc_10": 10.372869491577148,
    "mfcc_11": -1.3593899011611938,
    "mfcc_12": 9.232224464416504,
    "mfcc_13": 5.905115127563477,
    "chroma_1": 0.1716463416814804,
    "chroma_2": 0.18409022688865662,
    "chroma_3": 0.10676585882902145,
    "chroma_4": 0.13533832132816315,
    "chroma_5": 0.20553763210773468,
    "chroma_6": 0.6965157389640808,
    "chroma_7": 0.6665913462638855,
    "chroma_8": 0.21075835824012756,
    "chroma_9": 0.11411064863204956,
    "chroma_10": 0.11042898148298264,
    "chroma_11": 0.09430563449859619,
    "chroma_12": 0.06715569645166397,
    "spectral_contrast": 20.050021837699532,
    "spectral_flatness": 0.0011406894773244858,
    "zero_crossing_rate": 0.04245288483605593
  },
  "rhythm": {
    "onset_count": 582,
    "onset_density": 5.137250805821629,
    "drum_activity": "High",
    "estimated_bars": 68,
    "seconds_per_bar": 1.6640088747139985
  },
  "sections": [
    {
      "name": "Intro",
      "start": 0.0,
      "end": 16.0,
      "avg_energy": 0.3229559361934662,
      "energy_label": "Medium"
    },
    {
      "name": "Chorus / Hook",
      "start": 16.0,
      "end": 32.0,
      "avg_energy": 0.3221065402030945,
      "energy_label": "Medium"
    },
    {
      "name": "Verse",
      "start": 32.0,
      "end": 48.0,
      "avg_energy": 0.3186979293823242,
      "energy_label": "Medium"
    },
    {
      "name": "Chorus / Hook",
      "start": 48.0,
      "end": 64.0,
      "avg_energy": 0.33634862303733826,
      "energy_label": "Medium"
    },
    {
      "name": "Verse",
      "start": 64.0,
      "end": 80.0,
      "avg_energy": 0.37566816806793213,
      "energy_label": "Medium"
    },
    {
      "name": "Verse",
      "start": 80.0,
      "end": 96.0,
      "avg_energy": 0.32404884696006775,
      "energy_label": "Medium"
    },
    {
      "name": "Outro",
      "start": 96.0,
      "end": 113.29016666666666,
      "avg_energy": 0.3171718120574951,
      "energy_label": "Medium"
    }
  ],
  "scores": {
    "mix": 86,
    "master": 86,
    "arrangement": 75,
    "release": 83,
    "energy": 7.703408355256166,
    "bass_strength": 6.1781567952342575,
    "darkness": 2.7751479514235973,
    "brightness": 7.224852048576403,
    "drum_bounce": 10,
    "vocal_space": 2.419833136227412
  },
  "stem_balance": null,
  "top_problems": [
    "Clipping detected: 429 samples are near/over the limit.",
    "Mud range is elevated around 250-500 Hz.",
    "Intro may be long for short-form listener retention.",
    "Drum movement is very active; the beat could become overcrowded.",
    "Hook/verse contrast looks low, but arrangement detection is still an estimate."
  ],
  "suggested_fixes": [
    "Lower the master/output, then use a soft clipper or limiter with safer ceiling.",
    "Gently cut 250-500 Hz on melodies, pads, or the master if the mix feels cloudy.",
    "Mute extra percussion in some sections so the hook/drop feels bigger.",
    "Check the waveform/sections by ear. If the hook feels flat, add contrast with melody layers, drum changes, or vocal energy.",
    "Consider bringing drums, 808, or a strong tag/moment in earlier."
  ],
  "artist_notes": [
    "Autotune/key starting point: F Minor. Confidence: 46.2%.",
    "Beat energy: 7.7/10. Darkness: 2.8/10.",
    "Vocal space estimate: 2.4/10. Higher means easier space for vocals."
  ],
  "producer_notes": [
    "Low-end presence looks usable for the selected style.",
    "Selected style preset: rage_trap.",
    "Dominant frequency area: Sub.",
    "Drum activity is high at 5.14 hits/sec.",
    "Estimated length: 68 bars at 144 BPM."
  ],
  "master_notes": [
    "Clipping is the first thing to fix before judging the rest of the mix.",
    "Loudness is in a usable range for the selected style.",
    "Peak: 0.00 dB. RMS: -9.59 dB. Dynamic range: 9.59 dB."
  ],
  "next_steps": [
    "Lower the master/output, then use a soft clipper or limiter with safer ceiling.",
    "Gently cut 250-500 Hz on melodies, pads, or the master if the mix feels cloudy.",
    "Mute extra percussion in some sections so the hook/drop feels bigger.",
    "Fix the top 1-2 issues, export again, then re-run SoundLens."
  ]
}