{
  "basic": {
    "file_name": "Dom Corleo - 30 POINTER.wav",
    "file_path": "/Volumes/POLLY/tracks/Dom Corleo/Dom Corleo - 30 POINTER.wav",
    "sample_rate": 48000,
    "duration_seconds": 104.08345833333334,
    "bpm": 140.0,
    "key": "D# Minor",
    "key_note": "D#",
    "key_mode": "Minor",
    "key_confidence": 42.031202973792745
  },
  "loudness": {
    "peak_db": 8.179927472363207e-05,
    "rms_db": -10.072409479598821,
    "dynamic_range_db": 10.072491278873546,
    "clipping_detected": true,
    "clipping_samples": 602,
    "clipping_percent": 0.012049625240642226,
    "headroom_db": -8.179927472363207e-05
  },
  "frequency": {
    "band_percentages": {
      "Sub": 16.431724415016724,
      "Bass / 808": 14.945443404850145,
      "Mud": 14.352826812055838,
      "Low Mids": 14.364532358560766,
      "Mids / Melody": 14.186688857325016,
      "Harsh Zone": 13.00739991489156,
      "Highs": 13.529260419639005,
      "Air": 12.189523730734255,
      "Vocal Range": 15.145111364764663
    },
    "brightness_centroid_hz": 3037.6713156447695,
    "brightness_label": "Medium",
    "spectral_rolloff_hz": 6587.717289659767,
    "dominant_band": "Sub",
    "low_end_total_percent": 31.37716781986687,
    "mid_total_percent": 42.90404802794162,
    "top_total_percent": 25.71878415037326
  },
  "fingerprint": {
    "mfcc_1": -166.5850830078125,
    "mfcc_2": -14.05640983581543,
    "mfcc_3": -12.802148818969727,
    "mfcc_4": -19.522720336914062,
    "mfcc_5": -2.7825849056243896,
    "mfcc_6": 2.1234445571899414,
    "mfcc_7": -17.582426071166992,
    "mfcc_8": 0.02918223850429058,
    "mfcc_9": -7.883835315704346,
    "mfcc_10": 0.9430522322654724,
    "mfcc_11": -3.2968556880950928,
    "mfcc_12": 6.165834903717041,
    "mfcc_13": -1.2895182371139526,
    "chroma_1": 0.3095110058784485,
    "chroma_2": 0.31927603483200073,
    "chroma_3": 0.27477920055389404,
    "chroma_4": 0.34625619649887085,
    "chroma_5": 0.44105982780456543,
    "chroma_6": 0.37864744663238525,
    "chroma_7": 0.5007114410400391,
    "chroma_8": 0.48993223905563354,
    "chroma_9": 0.4880821406841278,
    "chroma_10": 0.38791635632514954,
    "chroma_11": 0.4117128551006317,
    "chroma_12": 0.4384574592113495,
    "spectral_contrast": 22.397912748944123,
    "spectral_flatness": 0.017996884882450104,
    "zero_crossing_rate": 0.08252748229422262,
    "embed_mfcc_1_mean": -166.5850830078125,
    "embed_mfcc_1_std": 92.39295196533203,
    "embed_mfcc_2_mean": -14.05640983581543,
    "embed_mfcc_2_std": 35.81806945800781,
    "embed_mfcc_3_mean": -12.802148818969727,
    "embed_mfcc_3_std": 43.99869918823242,
    "embed_mfcc_4_mean": -19.522720336914062,
    "embed_mfcc_4_std": 18.15421485900879,
    "embed_mfcc_5_mean": -2.7825849056243896,
    "embed_mfcc_5_std": 19.916748046875,
    "embed_mfcc_6_mean": 2.1234445571899414,
    "embed_mfcc_6_std": 16.01534080505371,
    "embed_mfcc_7_mean": -17.582426071166992,
    "embed_mfcc_7_std": 15.29902172088623,
    "embed_mfcc_8_mean": 0.02918223850429058,
    "embed_mfcc_8_std": 13.138325691223145,
    "embed_mfcc_9_mean": -7.883835315704346,
    "embed_mfcc_9_std": 11.826836585998535,
    "embed_mfcc_10_mean": 0.9430522322654724,
    "embed_mfcc_10_std": 11.859600067138672,
    "embed_mfcc_11_mean": -3.2968556880950928,
    "embed_mfcc_11_std": 11.405610084533691,
    "embed_mfcc_12_mean": 6.165834903717041,
    "embed_mfcc_12_std": 10.376111030578613,
    "embed_mfcc_13_mean": -1.2895182371139526,
    "embed_mfcc_13_std": 9.479393005371094,
    "embed_mfcc_14_mean": 7.379585266113281,
    "embed_mfcc_14_std": 9.507614135742188,
    "embed_mfcc_15_mean": 2.102675437927246,
    "embed_mfcc_15_std": 9.242860794067383,
    "embed_mfcc_16_mean": 1.809167742729187,
    "embed_mfcc_16_std": 7.90581750869751,
    "embed_mfcc_17_mean": -0.4254555404186249,
    "embed_mfcc_17_std": 7.8780198097229,
    "embed_mfcc_18_mean": 3.376162052154541,
    "embed_mfcc_18_std": 7.735880374908447,
    "embed_mfcc_19_mean": -3.3516430854797363,
    "embed_mfcc_19_std": 7.339712619781494,
    "embed_mfcc_20_mean": 2.520498752593994,
    "embed_mfcc_20_std": 7.2823286056518555,
    "embed_chroma_1_mean": 0.3095110058784485,
    "embed_chroma_1_std": 0.2280091941356659,
    "embed_chroma_2_mean": 0.31927603483200073,
    "embed_chroma_2_std": 0.2415188103914261,
    "embed_chroma_3_mean": 0.27477920055389404,
    "embed_chroma_3_std": 0.19174514710903168,
    "embed_chroma_4_mean": 0.34625619649887085,
    "embed_chroma_4_std": 0.25898703932762146,
    "embed_chroma_5_mean": 0.44105982780456543,
    "embed_chroma_5_std": 0.31180015206336975,
    "embed_chroma_6_mean": 0.37864744663238525,
    "embed_chroma_6_std": 0.2680446207523346,
    "embed_chroma_7_mean": 0.5007114410400391,
    "embed_chroma_7_std": 0.3220508098602295,
    "embed_chroma_8_mean": 0.48993223905563354,
    "embed_chroma_8_std": 0.33605262637138367,
    "embed_chroma_9_mean": 0.4880821406841278,
    "embed_chroma_9_std": 0.2784518897533417,
    "embed_chroma_10_mean": 0.38791635632514954,
    "embed_chroma_10_std": 0.2671630084514618,
    "embed_chroma_11_mean": 0.4117128551006317,
    "embed_chroma_11_std": 0.28723180294036865,
    "embed_chroma_12_mean": 0.4384574592113495,
    "embed_chroma_12_std": 0.31450438499450684,
    "embed_contrast_1_mean": 22.145896911621094,
    "embed_contrast_1_std": 5.5918049812316895,
    "embed_contrast_2_mean": 14.730164527893066,
    "embed_contrast_2_std": 4.287273406982422,
    "embed_contrast_3_mean": 18.155214309692383,
    "embed_contrast_3_std": 4.434891700744629,
    "embed_contrast_4_mean": 17.670452117919922,
    "embed_contrast_4_std": 3.551027297973633,
    "embed_contrast_5_mean": 18.847301483154297,
    "embed_contrast_5_std": 3.2084319591522217,
    "embed_contrast_6_mean": 16.606975555419922,
    "embed_contrast_6_std": 2.2761521339416504,
    "embed_contrast_7_mean": 48.62938690185547,
    "embed_contrast_7_std": 2.8780345916748047,
    "embed_chroma_entropy": 2.4680566787719727,
    "embed_centroid_mean": 2567.546830031249,
    "embed_centroid_std": 1005.2426620612953,
    "embed_rolloff_mean": 5713.1267220001255,
    "embed_rolloff_std": 2244.862810928157,
    "embed_flatness_mean": 0.017996884882450104,
    "embed_flatness_std": 0.03005349077284336,
    "embed_zcr_mean": 0.08252748229422262,
    "embed_zcr_std": 0.06822040937863282,
    "embed_rms_mean": 0.242314413189888,
    "embed_rms_std": 0.1524365395307541,
    "embed_onset_mean": 1.4421112537384033,
    "embed_onset_std": 1.2265263795852661,
    "fingerprint_version": 2.0,
    "fingerprint_duration_seconds": 104.08349206349206,
    "embed_mfcc_delta_mean": -0.003314596600830555,
    "embed_mfcc_delta_std": 2.6672773361206055,
    "embed_chroma_delta_mean": 3.604119046940468e-05,
    "embed_chroma_delta_std": 0.028006410226225853,
    "embed_onset_peak": 14.973014831542969,
    "embed_onset_p95": 3.9363393783569336,
    "embed_rms_p10": 0.04803874343633652,
    "embed_rms_p50": 0.23201590776443481,
    "embed_rms_p90": 0.4563513398170471,
    "embedding_nonzero_count": 100.0
  },
  "rhythm": {
    "onset_count": 624,
    "onset_density": 5.995188956938803,
    "drum_activity": "High",
    "estimated_bars": 61,
    "seconds_per_bar": 1.7142857142857142
  },
  "sections": [
    {
      "name": "Intro",
      "start": 0.0,
      "end": 16.0,
      "avg_energy": 0.31362542510032654,
      "energy_label": "Medium"
    },
    {
      "name": "Chorus / Hook",
      "start": 16.0,
      "end": 32.0,
      "avg_energy": 0.3838675916194916,
      "energy_label": "High"
    },
    {
      "name": "Verse",
      "start": 32.0,
      "end": 48.0,
      "avg_energy": 0.3200521767139435,
      "energy_label": "Medium"
    },
    {
      "name": "Chorus / Hook",
      "start": 48.0,
      "end": 64.0,
      "avg_energy": 0.3112284243106842,
      "energy_label": "Medium"
    },
    {
      "name": "Verse",
      "start": 64.0,
      "end": 80.0,
      "avg_energy": 0.3655262291431427,