{
  "basic": {
    "file_name": "Tana - gon b ok.wav",
    "file_path": "/Users/jayden/SoundLens/tracks/Tana/Tana - gon b ok.wav",
    "sample_rate": 48000,
    "duration_seconds": 147.05691666666667,
    "bpm": 133.93,
    "key": "C# Major",
    "key_note": "C#",
    "key_mode": "Major",
    "key_confidence": 47.68772932195252
  },
  "loudness": {
    "peak_db": 1.5531567106754417e-05,
    "rms_db": -10.294950629979507,
    "dynamic_range_db": 10.294966161546613,
    "clipping_detected": true,
    "clipping_samples": 221,
    "clipping_percent": 0.003130873930331963,
    "headroom_db": -1.5531567106754417e-05
  },
  "frequency": {
    "band_percentages": {
      "Sub": 15.66707743036031,
      "Bass / 808": 14.409499789664071,
      "Mud": 14.018250535343387,
      "Low Mids": 14.939179059699825,
      "Mids / Melody": 14.596874555584483,
      "Harsh Zone": 13.819031325785646,
      "Highs": 13.688000456243007,
      "Air": 12.681118171364359,
      "Vocal Range": 15.3853903171423
    },
    "brightness_centroid_hz": 3576.70068111151,
    "brightness_label": "High",
    "spectral_rolloff_hz": 7830.16156524262,
    "dominant_band": "Sub",
    "low_end_total_percent": 30.076577220024383,
    "mid_total_percent": 43.554304150627694,
    "top_total_percent": 26.369118627607364
  },
  "fingerprint": {
    "mfcc_1": -93.308349609375,
    "mfcc_2": 122.89640808105469,
    "mfcc_3": -25.429210662841797,
    "mfcc_4": 23.916759490966797,
    "mfcc_5": -29.533336639404297,
    "mfcc_6": 23.039031982421875,
    "mfcc_7": -23.412689208984375,
    "mfcc_8": 10.695528030395508,
    "mfcc_9": -8.259820938110352,
    "mfcc_10": 4.486400127410889,
    "mfcc_11": -3.941161632537842,
    "mfcc_12": 11.857812881469727,
    "mfcc_13": -3.940965414047241,
    "chroma_1": 0.3263823986053467,
    "chroma_2": 0.6600039601325989,
    "chroma_3": 0.2932034432888031,
    "chroma_4": 0.2281840592622757,
    "chroma_5": 0.29763320088386536,
    "chroma_6": 0.3374384343624115,
    "chroma_7": 0.5079004764556885,
    "chroma_8": 0.2246667444705963,
    "chroma_9": 0.3298098146915436,
    "chroma_10": 0.25712060928344727,
    "chroma_11": 0.20498062670230865,
    "chroma_12": 0.27977269887924194,
    "spectral_contrast": 20.46628240020994,
    "spectral_flatness": 0.001543190679512918,
    "zero_crossing_rate": 0.05830117790989701
  },
  "rhythm": {
    "onset_count": 843,
    "onset_density": 5.732474331083826,
    "drum_activity": "High",
    "estimated_bars": 82,
    "seconds_per_bar": 1.7919808855372208
  },
  "sections": [
    {
      "name": "Intro",
      "start": 0.0,
      "end": 16.0,
      "avg_energy": 0.12617403268814087,
      "energy_label": "Low"
    },
    {
      "name": "Chorus / Hook",
      "start": 16.0,
      "end": 32.0,
      "avg_energy": 0.32504788041114807,
      "energy_label": "Medium"
    },
    {
      "name": "Verse",
      "start": 32.0,
      "end": 48.0,
      "avg_energy": 0.32217666506767273,
      "energy_label": "Medium"
    },
    {
      "name": "Chorus / Hook",
      "start": 48.0,
      "end": 64.0,
      "avg_energy": 0.34894996881484985,
      "energy_label": "High"
    },
    {
      "name": "Verse",
      "start": 64.0,
      "end": 80.0,
      "avg_energy": 0.3291473686695099,
      "energy_label": "Medium"
    },
    {
      "name": "Hook / Drop",
      "start": 80.0,
      "end": 96.0,
      "avg_energy": 0.3755147159099579,
      "energy_label": "High"
    },
    {
      "name": "Verse",
      "start": 96.0,
      "end": 112.0,
      "avg_energy": 0.32836806774139404,
      "energy_label": "Medium"
    },
    {
      "name": "Verse",
      "start": 112.0,
      "end": 128.0,
      "avg_energy": 0.32173821330070496,
      "energy_label": "Medium"
    },
    {
      "name": "Outro",
      "start": 128.0,
      "end": 147.05691666666667,
      "avg_energy": 0.20677992701530457,
      "energy_label": "Low"
    }
  ],
  "scores": {
    "mix": 86,
    "master": 86,
    "arrangement": 75,
    "release": 83,
    "energy": 7.352524685010247,
    "bass_strength": 6.015315444004877,
    "darkness": 2.84659863777698,
    "brightness": 7.15340136222302,
    "drum_bounce": 10,
    "vocal_space": 2.25853134876267
  },
  "stem_balance": null,
  "top_problems": [
    "Clipping detected: 221 samples are near/over the limit.",
    "Mud range is elevated around 250-500 Hz.",
    "Intro may be long for short-form listener retention.",
    "Drum movement is very active; the beat could become overcrowded.",
    "Hook/verse contrast looks low, but arrangement detection is still an estimate."
  ],
  "suggested_fixes": [
    "Lower the master/output, then use a soft clipper or limiter with safer ceiling.",
    "Gently cut 250-500 Hz on melodies, pads, or the master if the mix feels cloudy.",
    "Mute extra percussion in some sections so the hook/drop feels bigger.",
    "Check the waveform/sections by ear. If the hook feels flat, add contrast with melody layers, drum changes, or vocal energy.",
    "Consider bringing drums, 808, or a strong tag/moment in earlier."
  ],
  "artist_notes": [
    "Autotune/key starting point: C# Major. Confidence: 47.7%.",
    "Beat energy: 7.4/10. Darkness: 2.8/10.",
    "Vocal space estimate: 2.3/10. Higher means easier space for vocals."
  ],
  "producer_notes": [
    "Low-end presence looks usable for the selected style.",
    "Selected style preset: rage_trap.",
    "Dominant frequency area: Sub.",
    "Drum activity is high at 5.73 hits/sec.",
    "Estimated length: 82 bars at 134 BPM."
  ],
  "master_notes": [
    "Clipping is the first thing to fix before judging the rest of the mix.",
    "Loudness is in a usable range for the selected style.",
    "Peak: 0.00 dB. RMS: -10.29 dB. Dynamic range: 10.29 dB."
  ],
  "next_steps": [
    "Lower the master/output, then use a soft clipper or limiter with safer ceiling.",
    "Gently cut 250-500 Hz on melodies, pads, or the master if the mix feels cloudy.",
    "Mute extra percussion in some sections so the hook/drop feels bigger.",
    "Fix the top 1-2 issues, export again, then re-run SoundLens."
  ]
}