{
  "basic": {
    "file_name": "Nettspend - Shut Up.wav",
    "file_path": "/Users/jayden/SoundLens/tracks/Nettspend/Nettspend - Shut Up.wav",
    "sample_rate": 48000,
    "duration_seconds": 125.8405625,
    "bpm": 160.71,
    "key": "G Minor",
    "key_note": "G",
    "key_mode": "Minor",
    "key_confidence": 45.428177991660114
  },
  "loudness": {
    "peak_db": 0.00020812069191993024,
    "rms_db": -6.962454085823432,
    "dynamic_range_db": 6.962662206515352,
    "clipping_detected": true,
    "clipping_samples": 826,
    "clipping_percent": 0.01367471107206258,
    "headroom_db": -0.00020812069191993024
  },
  "frequency": {
    "band_percentages": {
      "Sub": 16.84169092968543,
      "Bass / 808": 14.259006645042064,
      "Mud": 13.765158664544222,
      "Low Mids": 13.915699747433205,
      "Mids / Melody": 14.60991434920306,
      "Harsh Zone": 14.04660055570574,
      "Highs": 14.149405329355119,
      "Air": 12.459124332965201,
      "Vocal Range": 14.97200234389546
    },
    "brightness_centroid_hz": 3885.960306901975,
    "brightness_label": "High",
    "spectral_rolloff_hz": 8216.268117477539,
    "dominant_band": "Sub",
    "low_end_total_percent": 31.100697574727494,
    "mid_total_percent": 42.290772761180484,
    "top_total_percent": 26.608529662320322
  },
  "fingerprint": {
    "mfcc_1": -82.84477233886719,
    "mfcc_2": 100.79345703125,
    "mfcc_3": -31.193025588989258,
    "mfcc_4": 49.72657012939453,
    "mfcc_5": -16.460430145263672,
    "mfcc_6": 28.290624618530273,
    "mfcc_7": 0.4928061366081238,
    "mfcc_8": 14.119964599609375,
    "mfcc_9": 0.3647909462451935,
    "mfcc_10": 4.56460428237915,
    "mfcc_11": -10.078553199768066,
    "mfcc_12": 11.966872215270996,
    "mfcc_13": -1.1577861309051514,
    "chroma_1": 0.1922360509634018,
    "chroma_2": 0.16528034210205078,
    "chroma_3": 0.27257776260375977,
    "chroma_4": 0.43605121970176697,
    "chroma_5": 0.4183656573295593,
    "chroma_6": 0.5227846503257751,
    "chroma_7": 0.40879887342453003,
    "chroma_8": 0.5678584575653076,
    "chroma_9": 0.36183270812034607,
    "chroma_10": 0.2205934077501297,
    "chroma_11": 0.17625905573368073,
    "chroma_12": 0.13815627992153168,
    "spectral_contrast": 19.617790964701005,
    "spectral_flatness": 0.0017651562811806798,
    "zero_crossing_rate": 0.06322902815890405
  },
  "rhythm": {
    "onset_count": 518,
    "onset_density": 4.11631980745477,
    "drum_activity": "High",
    "estimated_bars": 84,
    "seconds_per_bar": 1.4933731566175097
  },
  "sections": [
    {
      "name": "Section 1",
      "start": 0.0,
      "end": 12.0,
      "avg_energy": 0.10835309326648712,
      "energy_label": "Low"
    },
    {
      "name": "Section 2",
      "start": 12.0,
      "end": 24.0,
      "avg_energy": 0.5159025192260742,
      "energy_label": "High"
    },
    {
      "name": "Section 3",
      "start": 24.0,
      "end": 36.0,
      "avg_energy": 0.5167821645736694,
      "energy_label": "High"
    },
    {
      "name": "Section 4",
      "start": 36.0,
      "end": 48.0,
      "avg_energy": 0.488750159740448,
      "energy_label": "Medium"
    },
    {
      "name": "Section 5",
      "start": 48.0,
      "end": 60.0,
      "avg_energy": 0.4871474504470825,
      "energy_label": "Medium"
    },
    {
      "name": "Section 6",
      "start": 60.0,
      "end": 72.0,
      "avg_energy": 0.5162851810455322,
      "energy_label": "High"
    },
    {
      "name": "Section 7",
      "start": 72.0,
      "end": 84.0,
      "avg_energy": 0.3733535706996918,
      "energy_label": "Low"
    },
    {
      "name": "Section 8",
      "start": 84.0,
      "end": 96.0,
      "avg_energy": 0.4678075313568115,
      "energy_label": "Medium"
    },
    {
      "name": "Section 9",
      "start": 96.0,
      "end": 108.0,
      "avg_energy": 0.4879276752471924,
      "energy_label": "Medium"
    },
    {
      "name": "Section 10",
      "start": 108.0,
      "end": 125.8405625,
      "avg_energy": 0.390347421169281,
      "energy_label": "Low"
    }
  ],
  "scores": {
    "mix": 86,
    "master": 86,
    "arrangement": 81,
    "release": 84,
    "energy": 9.018772957088284,
    "bass_strength": 6.220139514945499,
    "darkness": 2.2280793861960504,
    "brightness": 7.77192061380395,
    "drum_bounce": 10,
    "vocal_space": 2.505979427406139
  },
  "stem_balance": null,
  "top_problems": [
    "Clipping detected: 826 samples are near/over the limit.",
    "Mud range is elevated around 250-500 Hz.",
    "Drum movement is very active; the beat could become overcrowded.",
    "Hook/verse contrast looks low, but arrangement detection is still an estimate."
  ],
  "suggested_fixes": [
    "Lower the master/output, then use a soft clipper or limiter with safer ceiling.",
    "Gently cut 250-500 Hz on melodies, pads, or the master if the mix feels cloudy.",
    "Mute extra percussion in some sections so the hook/drop feels bigger.",
    "Check the waveform/sections by ear. If the hook feels flat, add contrast with melody layers, drum changes, or vocal energy."
  ],
  "artist_notes": [
    "Autotune/key starting point: G Minor. Confidence: 45.4%.",
    "Beat energy: 9.0/10. Darkness: 2.2/10.",
    "Vocal space estimate: 2.5/10. Higher means easier space for vocals."
  ],
  "producer_notes": [
    "Low-end presence looks usable for the selected style.",
    "Selected style preset: rage_trap.",
    "Dominant frequency area: Sub.",
    "Drum activity is high at 4.12 hits/sec.",
    "Estimated length: 84 bars at 161 BPM."
  ],
  "master_notes": [
    "Clipping is the first thing to fix before judging the rest of the mix.",
    "Loudness is in a usable range for the selected style.",
    "Peak: 0.00 dB. RMS: -6.96 dB. Dynamic range: 6.96 dB."
  ],
  "next_steps": [
    "Lower the master/output, then use a soft clipper or limiter with safer ceiling.",
    "Gently cut 250-500 Hz on melodies, pads, or the master if the mix feels cloudy.",
    "Mute extra percussion in some sections so the hook/drop feels bigger.",
    "Fix the top 1-2 issues, export again, then re-run SoundLens."
  ]
}