{
  "basic": {
    "file_name": "Nettspend - still standing.wav",
    "file_path": "/Volumes/POLLY/tracks/Nettspend/Nettspend - still standing.wav",
    "sample_rate": 48000,
    "duration_seconds": 119.296,
    "bpm": 140.0,
    "key": "C Minor",
    "key_note": "C",
    "key_mode": "Minor",
    "key_confidence": 42.1411274887818
  },
  "loudness": {
    "peak_db": 0.0013956592777907713,
    "rms_db": -5.765182731879884,
    "dynamic_range_db": 5.766578391157675,
    "clipping_detected": true,
    "clipping_samples": 78560,
    "clipping_percent": 1.3719375894134478,
    "headroom_db": -0.0013956592777907713
  },
  "frequency": {
    "band_percentages": {
      "Sub": 15.913696636762676,
      "Bass / 808": 14.546776922954038,
      "Mud": 13.73392060618251,
      "Low Mids": 14.107366892812474,
      "Mids / Melody": 14.675517190595617,
      "Harsh Zone": 14.343245163397956,
      "Highs": 14.092906627503382,
      "Air": 12.929815121509048,
      "Vocal Range": 15.01101008805827
    },
    "brightness_centroid_hz": 4339.525822667909,
    "brightness_label": "High",
    "spectral_rolloff_hz": 8984.931688645507,
    "dominant_band": "Sub",
    "low_end_total_percent": 30.460473559716714,
    "mid_total_percent": 42.5168046895906,
    "top_total_percent": 27.02272174901243
  },
  "fingerprint": {
    "mfcc_1": -63.47726058959961,
    "mfcc_2": -54.78712463378906,
    "mfcc_3": -16.64802360534668,
    "mfcc_4": 2.314969778060913,
    "mfcc_5": -3.566584825515747,
    "mfcc_6": -5.030417442321777,
    "mfcc_7": -2.3445143699645996,
    "mfcc_8": 4.020535469055176,
    "mfcc_9": -7.32293701171875,
    "mfcc_10": 6.932243347167969,
    "mfcc_11": -4.533407688140869,
    "mfcc_12": 4.405457019805908,
    "mfcc_13": 2.8686602115631104,
    "chroma_1": 0.35929858684539795,
    "chroma_2": 0.4215112030506134,
    "chroma_3": 0.5612369775772095,
    "chroma_4": 0.39243659377098083,
    "chroma_5": 0.588670551776886,
    "chroma_6": 0.33826571702957153,
    "chroma_7": 0.5365622639656067,
    "chroma_8": 0.3540819585323334,
    "chroma_9": 0.26092755794525146,
    "chroma_10": 0.26347213983535767,
    "chroma_11": 0.24705640971660614,
    "chroma_12": 0.39107075333595276,
    "spectral_contrast": 21.33789842686448,
    "spectral_flatness": 0.05263902246952057,
    "zero_crossing_rate": 0.12997499483018685,
    "embed_mfcc_1_mean": -63.47726058959961,
    "embed_mfcc_1_std": 66.8514175415039,
    "embed_mfcc_2_mean": -54.78712463378906,
    "embed_mfcc_2_std": 30.864269256591797,
    "embed_mfcc_3_mean": -16.64802360534668,
    "embed_mfcc_3_std": 27.360851287841797,
    "embed_mfcc_4_mean": 2.314969778060913,
    "embed_mfcc_4_std": 21.639230728149414,
    "embed_mfcc_5_mean": -3.566584825515747,
    "embed_mfcc_5_std": 18.653297424316406,
    "embed_mfcc_6_mean": -5.030417442321777,
    "embed_mfcc_6_std": 16.16572380065918,
    "embed_mfcc_7_mean": -2.3445143699645996,
    "embed_mfcc_7_std": 14.51842212677002,
    "embed_mfcc_8_mean": 4.020535469055176,
    "embed_mfcc_8_std": 12.139272689819336,
    "embed_mfcc_9_mean": -7.32293701171875,
    "embed_mfcc_9_std": 12.088451385498047,
    "embed_mfcc_10_mean": 6.932243347167969,
    "embed_mfcc_10_std": 10.651534080505371,
    "embed_mfcc_11_mean": -4.533407688140869,
    "embed_mfcc_11_std": 11.38808536529541,
    "embed_mfcc_12_mean": 4.405457019805908,
    "embed_mfcc_12_std": 8.82519817352295,
    "embed_mfcc_13_mean": 2.8686602115631104,
    "embed_mfcc_13_std": 7.622045516967773,
    "embed_mfcc_14_mean": 3.7851953506469727,
    "embed_mfcc_14_std": 7.926401615142822,
    "embed_mfcc_15_mean": 0.31056103110313416,
    "embed_mfcc_15_std": 7.812733173370361,
    "embed_mfcc_16_mean": 2.2395999431610107,
    "embed_mfcc_16_std": 7.364496231079102,
    "embed_mfcc_17_mean": 0.49027690291404724,
    "embed_mfcc_17_std": 7.039547920227051,
    "embed_mfcc_18_mean": 2.4361231327056885,
    "embed_mfcc_18_std": 6.856637477874756,
    "embed_mfcc_19_mean": -2.721428155899048,
    "embed_mfcc_19_std": 6.298713207244873,
    "embed_mfcc_20_mean": 4.048665523529053,
    "embed_mfcc_20_std": 6.769983291625977,
    "embed_chroma_1_mean": 0.35929858684539795,
    "embed_chroma_1_std": 0.18575583398342133,
    "embed_chroma_2_mean": 0.4215112030506134,
    "embed_chroma_2_std": 0.20022082328796387,
    "embed_chroma_3_mean": 0.5612369775772095,
    "embed_chroma_3_std": 0.33586832880973816,
    "embed_chroma_4_mean": 0.39243659377098083,
    "embed_chroma_4_std": 0.1789836436510086,
    "embed_chroma_5_mean": 0.588670551776886,
    "embed_chroma_5_std": 0.33566927909851074,
    "embed_chroma_6_mean": 0.33826571702957153,
    "embed_chroma_6_std": 0.16456438601016998,
    "embed_chroma_7_mean": 0.5365622639656067,
    "embed_chroma_7_std": 0.32831627130508423,
    "embed_chroma_8_mean": 0.3540819585323334,
    "embed_chroma_8_std": 0.2711866497993469,
    "embed_chroma_9_mean": 0.26092755794525146,
    "embed_chroma_9_std": 0.1500682234764099,
    "embed_chroma_10_mean": 0.26347213983535767,
    "embed_chroma_10_std": 0.15812020003795624,
    "embed_chroma_11_mean": 0.24705640971660614,
    "embed_chroma_11_std": 0.150433748960495,
    "embed_chroma_12_mean": 0.39107075333595276,
    "embed_chroma_12_std": 0.2270430624485016,
    "embed_contrast_1_mean": 19.942283630371094,
    "embed_contrast_1_std": 5.112695217132568,
    "embed_contrast_2_mean": 14.000718116760254,
    "embed_contrast_2_std": 4.132062911987305,
    "embed_contrast_3_mean": 16.478321075439453,
    "embed_contrast_3_std": 4.0920538902282715,
    "embed_contrast_4_mean": 15.73585319519043,
    "embed_contrast_4_std": 3.186429977416992,
    "embed_contrast_5_mean": 17.087873458862305,
    "embed_contrast_5_std": 2.9506349563598633,
    "embed_contrast_6_mean": 17.231515884399414,
    "embed_contrast_6_std": 2.6685285568237305,
    "embed_contrast_7_mean": 48.888729095458984,
    "embed_contrast_7_std": 2.8169469833374023,
    "embed_chroma_entropy": 2.4453303813934326,
    "embed_centroid_mean": 3360.8721097180746,
    "embed_centroid_std": 924.2150368255615,
    "embed_rolloff_mean": 6973.2436842749485,
    "embed_rolloff_std": 1374.2143978914482,
    "embed_flatness_mean": 0.05263902246952057,
    "embed_flatness_std": 0.05834124982357025,
    "embed_zcr_mean": 0.12997499483018685,
    "embed_zcr_std": 0.10509146842084438,
    "embed_rms_mean": 0.3618585169315338,
    "embed_rms_std": 0.11382277309894562,
    "embed_onset_mean": 1.5107020139694214,
    "embed_onset_std": 1.357715368270874,
    "fingerprint_version": 2.0,
    "fingerprint_duration_seconds": 119.29600907029479,
    "embed_mfcc_delta_mean": -0.0050447736866772175,
    "embed_mfcc_delta_std": 2.8850150108337402,
    "embed_chroma_delta_mean": 3.5267654311610386e-05,
    "embed_chroma_delta_std": 0.028915217146277428,
    "embed_onset_peak": 13.510885238647461,
    "embed_onset_p95": 3.972238779067993,
    "embed_rms_p10": 0.17221064865589142,
    "embed_rms_p50": 0.41853269934654236,
    "embed_rms_p90": 0.45055916905403137,
    "embedding_nonzero_count": 100.0
  },
  "rhythm": {
    "onset_count": 363,
    "onset_density": 3.042851394849785,
    "drum_activity": "High",
    "estimated_bars": 70,
    "seconds_per_bar": 1.7142857142857142
  },
  "sections": [
    {
      "name": "Intro",
      "start": 0.0,
      "end": 16.0,
      "avg_energy": 0.5423587560653687,
      "energy_label": "Medium"
    },
    {
      "name": "Chorus / Hook",
      "start": 16.0,
      "end": 32.0,
      "avg_energy": 0.5664896965026855,
      "energy_label": "Medium"
    },
    {
      "name": "Verse",
      "start": 32.0,
      "end": 48.0,
      "avg_energy": 0.5644859075546265,
      "energy_label": "Medium"
    },
    {
      "name": "Chorus / Hook",
      "start": 48.0,
      "end": 64.0,
      "avg_energy": 0.49354392290115356,
      "energy_label": "Medium"
    },
    {
      "name": "Verse",
      "start": 64.0,
      "end": 80.0,
      "avg_energy": 0.4990902841091156,