{
  "basic": {
    "file_name": "Nettspend - you ready\uff1f .wav",
    "file_path": "/Volumes/POLLY/tracks/Nettspend/Nettspend - you ready\uff1f .wav",
    "sample_rate": 48000,
    "duration_seconds": 148.2478125,
    "bpm": 140.0,
    "key": "C Minor",
    "key_note": "C",
    "key_mode": "Minor",
    "key_confidence": 43.50762184790107
  },
  "loudness": {
    "peak_db": 0.0010043175058745803,
    "rms_db": -7.12929467897887,
    "dynamic_range_db": 7.130298996484745,
    "clipping_detected": true,
    "clipping_samples": 46038,
    "clipping_percent": 0.6469741332608197,
    "headroom_db": -0.0010043175058745803
  },
  "frequency": {
    "band_percentages": {
      "Sub": 15.130653995216814,
      "Bass / 808": 14.806145125940773,
      "Mud": 14.180957753113486,
      "Low Mids": 14.339562847449505,
      "Mids / Melody": 14.702261203111192,
      "Harsh Zone": 14.014165703815474,
      "Highs": 13.929429378869642,
      "Air": 12.9109896946442,
      "Vocal Range": 15.185730160916053
    },
    "brightness_centroid_hz": 4655.485233375218,
    "brightness_label": "High",
    "spectral_rolloff_hz": 10209.305188322902,
    "dominant_band": "Sub",
    "low_end_total_percent": 29.936799121157588,
    "mid_total_percent": 43.22278180367418,
    "top_total_percent": 26.840419073513843
  },
  "fingerprint": {
    "mfcc_1": -37.49992370605469,
    "mfcc_2": -36.68980407714844,
    "mfcc_3": -11.727213859558105,
    "mfcc_4": -8.814598083496094,
    "mfcc_5": 1.178253173828125,
    "mfcc_6": -2.0710439682006836,
    "mfcc_7": -9.549251556396484,
    "mfcc_8": -0.0395907461643219,
    "mfcc_9": -8.867463111877441,
    "mfcc_10": 5.059873580932617,
    "mfcc_11": -0.9981451630592346,
    "mfcc_12": 4.336442947387695,
    "mfcc_13": -2.5035481452941895,
    "chroma_1": 0.570652425289154,
    "chroma_2": 0.3408775329589844,
    "chroma_3": 0.40974706411361694,
    "chroma_4": 0.5018653273582458,
    "chroma_5": 0.33798110485076904,
    "chroma_6": 0.3584984838962555,
    "chroma_7": 0.28208571672439575,
    "chroma_8": 0.6834820508956909,
    "chroma_9": 0.5845777988433838,
    "chroma_10": 0.3259800672531128,
    "chroma_11": 0.47561579942703247,
    "chroma_12": 0.2915496230125427,
    "spectral_contrast": 21.03245022051033,
    "spectral_flatness": 0.05810411646962166,
    "zero_crossing_rate": 0.15044240095297987,
    "embed_mfcc_1_mean": -37.49992370605469,
    "embed_mfcc_1_std": 29.08910369873047,
    "embed_mfcc_2_mean": -36.68980407714844,
    "embed_mfcc_2_std": 21.250244140625,
    "embed_mfcc_3_mean": -11.727213859558105,
    "embed_mfcc_3_std": 19.43410301208496,
    "embed_mfcc_4_mean": -8.814598083496094,
    "embed_mfcc_4_std": 17.046558380126953,
    "embed_mfcc_5_mean": 1.178253173828125,
    "embed_mfcc_5_std": 11.50181770324707,
    "embed_mfcc_6_mean": -2.0710439682006836,
    "embed_mfcc_6_std": 12.258703231811523,
    "embed_mfcc_7_mean": -9.549251556396484,
    "embed_mfcc_7_std": 10.227775573730469,
    "embed_mfcc_8_mean": -0.0395907461643219,
    "embed_mfcc_8_std": 11.431843757629395,
    "embed_mfcc_9_mean": -8.867463111877441,
    "embed_mfcc_9_std": 10.097519874572754,
    "embed_mfcc_10_mean": 5.059873580932617,
    "embed_mfcc_10_std": 8.644124984741211,
    "embed_mfcc_11_mean": -0.9981451630592346,
    "embed_mfcc_11_std": 8.962099075317383,
    "embed_mfcc_12_mean": 4.336442947387695,
    "embed_mfcc_12_std": 7.721682548522949,
    "embed_mfcc_13_mean": -2.5035481452941895,
    "embed_mfcc_13_std": 7.735474109649658,
    "embed_mfcc_14_mean": 4.770707130432129,
    "embed_mfcc_14_std": 6.804464817047119,
    "embed_mfcc_15_mean": -3.6804659366607666,
    "embed_mfcc_15_std": 7.1435675621032715,
    "embed_mfcc_16_mean": 0.5457866191864014,
    "embed_mfcc_16_std": 7.01598596572876,
    "embed_mfcc_17_mean": -2.6115667819976807,
    "embed_mfcc_17_std": 7.133789539337158,
    "embed_mfcc_18_mean": -2.0780091285705566,
    "embed_mfcc_18_std": 7.198227882385254,
    "embed_mfcc_19_mean": -4.944260120391846,
    "embed_mfcc_19_std": 6.447576999664307,
    "embed_mfcc_20_mean": -2.9289324283599854,
    "embed_mfcc_20_std": 6.4350361824035645,
    "embed_chroma_1_mean": 0.570652425289154,
    "embed_chroma_1_std": 0.3191542625427246,
    "embed_chroma_2_mean": 0.3408775329589844,
    "embed_chroma_2_std": 0.22993126511573792,
    "embed_chroma_3_mean": 0.40974706411361694,
    "embed_chroma_3_std": 0.19420954585075378,
    "embed_chroma_4_mean": 0.5018653273582458,
    "embed_chroma_4_std": 0.2744429409503937,
    "embed_chroma_5_mean": 0.33798110485076904,
    "embed_chroma_5_std": 0.20363973081111908,
    "embed_chroma_6_mean": 0.3584984838962555,
    "embed_chroma_6_std": 0.2017233669757843,
    "embed_chroma_7_mean": 0.28208571672439575,
    "embed_chroma_7_std": 0.14454559981822968,
    "embed_chroma_8_mean": 0.6834820508956909,
    "embed_chroma_8_std": 0.2619451880455017,
    "embed_chroma_9_mean": 0.5845777988433838,
    "embed_chroma_9_std": 0.2808566987514496,
    "embed_chroma_10_mean": 0.3259800672531128,
    "embed_chroma_10_std": 0.17198322713375092,
    "embed_chroma_11_mean": 0.47561579942703247,
    "embed_chroma_11_std": 0.2629059851169586,
    "embed_chroma_12_mean": 0.2915496230125427,
    "embed_chroma_12_std": 0.13746945559978485,
    "embed_contrast_1_mean": 18.856056213378906,
    "embed_contrast_1_std": 4.4246625900268555,
    "embed_contrast_2_mean": 13.907389640808105,
    "embed_contrast_2_std": 3.638488292694092,
    "embed_contrast_3_mean": 16.578569412231445,
    "embed_contrast_3_std": 3.816673755645752,
    "embed_contrast_4_mean": 16.259021759033203,
    "embed_contrast_4_std": 3.1281585693359375,
    "embed_contrast_5_mean": 17.67708969116211,
    "embed_contrast_5_std": 3.1479668617248535,
    "embed_contrast_6_mean": 16.64486312866211,
    "embed_contrast_6_std": 2.188933849334717,
    "embed_contrast_7_mean": 47.30415725708008,
    "embed_contrast_7_std": 2.4050512313842773,
    "embed_chroma_entropy": 2.443777561187744,
    "embed_centroid_mean": 3224.5226867219208,
    "embed_centroid_std": 706.96616020136,
    "embed_rolloff_mean": 7135.321437020789,
    "embed_rolloff_std": 1025.4855510186424,
    "embed_flatness_mean": 0.05810411646962166,
    "embed_flatness_std": 0.049693770706653595,
    "embed_zcr_mean": 0.15044240095297987,
    "embed_zcr_std": 0.07130176264640592,
    "embed_rms_mean": 0.32275745272636414,
    "embed_rms_std": 0.05635986477136612,
    "embed_onset_mean": 1.326849341392517,
    "embed_onset_std": 0.883655846118927,
    "fingerprint_version": 2.0,
    "fingerprint_duration_seconds": 148.24784580498866,
    "embed_mfcc_delta_mean": 0.001921116141602397,
    "embed_mfcc_delta_std": 1.9991791248321533,
    "embed_chroma_delta_mean": -3.26184781442862e-05,
    "embed_chroma_delta_std": 0.028520449995994568,
    "embed_onset_peak": 8.583374977111816,
    "embed_onset_p95": 3.1029326915740967,
    "embed_rms_p10": 0.24595938622951508,
    "embed_rms_p50": 0.3373569846153259,
    "embed_rms_p90": 0.3694598078727722,
    "embedding_nonzero_count": 100.0
  },
  "rhythm": {
    "onset_count": 570,
    "onset_density": 3.8449133945905607,
    "drum_activity": "High",
    "estimated_bars": 86,
    "seconds_per_bar": 1.7142857142857142
  },
  "sections": [
    {
      "name": "Intro",
      "start": 0.0,
      "end": 16.0,
      "avg_energy": 0.2580395042896271,
      "energy_label": "Low"
    },
    {
      "name": "Chorus / Hook",
      "start": 16.0,
      "end": 32.0,
      "avg_energy": 0.44329261779785156,
      "energy_label": "Medium"
    },
    {
      "name": "Verse",
      "start": 32.0,
      "end": 48.0,
      "avg_energy": 0.5026658177375793,
      "energy_label": "High"
    },
    {
      "name": "Chorus / Hook",
      "start": 48.0,
      "end": 64.0,
      "avg_energy": 0.5327239036560059,
      "energy_label": "High"
    },
    {
      "name": "Verse",
      "start": 64.0,
      "end": 80.0,
      "avg_energy": 0.3852258324623108,