{
  "basic": {
    "file_name": "Nettspend - no sleep.wav",
    "file_path": "/Users/jayden/SoundLens/tracks/Nettspend/Nettspend - no sleep.wav",
    "sample_rate": 48000,
    "duration_seconds": 132.56272916666666,
    "bpm": 117.19,
    "key": "D Major",
    "key_note": "D",
    "key_mode": "Major",
    "key_confidence": 45.40797761206734
  },
  "loudness": {
    "peak_db": 0.0001946603004880342,
    "rms_db": -5.69965803447435,
    "dynamic_range_db": 5.699852694774838,
    "clipping_detected": true,
    "clipping_samples": 66089,
    "clipping_percent": 1.0386434975517094,
    "headroom_db": -0.0001946603004880342
  },
  "frequency": {
    "band_percentages": {
      "Sub": 16.080544436588088,
      "Bass / 808": 14.782797825227073,
      "Mud": 13.83502421659221,
      "Low Mids": 14.015362063249109,
      "Mids / Melody": 14.676217467149415,
      "Harsh Zone": 13.972238074924553,
      "Highs": 14.028429208368498,
      "Air": 12.581624781141299,
      "Vocal Range": 15.027841732958876
    },
    "brightness_centroid_hz": 3811.957339920443,
    "brightness_label": "High",
    "spectral_rolloff_hz": 8218.447633368201,
    "dominant_band": "Sub",
    "low_end_total_percent": 30.863342261815163,
    "mid_total_percent": 42.52660374699073,
    "top_total_percent": 26.610053989509797
  },
  "fingerprint": {
    "mfcc_1": -23.186416625976562,
    "mfcc_2": 106.75132751464844,
    "mfcc_3": -28.371288299560547,
    "mfcc_4": 48.08754348754883,
    "mfcc_5": -18.119335174560547,
    "mfcc_6": 34.848670959472656,
    "mfcc_7": 1.8919347524642944,
    "mfcc_8": 19.60341453552246,
    "mfcc_9": -3.942437171936035,
    "mfcc_10": 13.463004112243652,
    "mfcc_11": -1.6183507442474365,
    "mfcc_12": 11.2040376663208,
    "mfcc_13": 5.872247219085693,
    "chroma_1": 0.1584024727344513,
    "chroma_2": 0.5909401178359985,
    "chroma_3": 0.5931320190429688,
    "chroma_4": 0.18905724585056305,
    "chroma_5": 0.20972944796085358,
    "chroma_6": 0.18000191450119019,
    "chroma_7": 0.18142803013324738,
    "chroma_8": 0.13639149069786072,
    "chroma_9": 0.19850151240825653,
    "chroma_10": 0.21771179139614105,
    "chroma_11": 0.11098067462444305,
    "chroma_12": 0.11212402582168579,
    "spectral_contrast": 17.858194607760158,
    "spectral_flatness": 0.003962559625506401,
    "zero_crossing_rate": 0.052616783611099935
  },
  "rhythm": {
    "onset_count": 246,
    "onset_density": 1.8557252219114506,
    "drum_activity": "Medium",
    "estimated_bars": 65,
    "seconds_per_bar": 2.047956310265381
  },
  "sections": [
    {
      "name": "Section 1",
      "start": 0.0,
      "end": 16.38365048212305,
      "avg_energy": 0.5458390116691589,
      "energy_label": "High"
    },
    {
      "name": "Section 2",
      "start": 16.38365048212305,
      "end": 32.7673009642461,
      "avg_energy": 0.5286204218864441,
      "energy_label": "High"
    },
    {
      "name": "Section 3",
      "start": 32.7673009642461,
      "end": 49.15095144636915,
      "avg_energy": 0.4836406409740448,
      "energy_label": "Low"
    },
    {
      "name": "Section 4",
      "start": 49.15095144636915,
      "end": 65.5346019284922,
      "avg_energy": 0.5272749662399292,
      "energy_label": "Medium"
    },
    {
      "name": "Section 5",
      "start": 65.5346019284922,
      "end": 81.91825241061524,
      "avg_energy": 0.5294000506401062,
      "energy_label": "High"
    },
    {
      "name": "Section 6",
      "start": 81.91825241061524,
      "end": 98.30190289273828,
      "avg_energy": 0.5284190773963928,
      "energy_label": "Medium"
    },
    {
      "name": "Section 7",
      "start": 98.30190289273828,
      "end": 114.68555337486133,
      "avg_energy": 0.4947105646133423,
      "energy_label": "Low"
    },
    {
      "name": "Section 8",
      "start": 114.68555337486133,
      "end": 132.56272916666666,
      "avg_energy": 0.5105286240577698,
      "energy_label": "Low"
    }
  ],
  "scores": {
    "mix": 53,
    "master": 53,
    "arrangement": 80,
    "release": 61,
    "energy": 9.650170982762825,
    "bass_strength": 6.172668452363032,
    "darkness": 2.376085320159114,
    "brightness": 7.623914679840886,
    "drum_bounce": 4.6393130547786265,
    "vocal_space": 2.4637957328989586
  },
  "stem_balance": null,
  "top_problems": [
    "Clipping detected: 66089 samples are near/over the limit.",
    "Mud range is elevated around 250-500 Hz.",
    "Track is extremely loud for the selected style and may be crushed.",
    "Dynamic range is tight, which can make the beat feel flattened.",
    "Hook/verse contrast looks low, but arrangement detection is still an estimate."
  ],
  "suggested_fixes": [
    "Lower the master/output, then use a soft clipper or limiter with safer ceiling.",
    "Back off limiting/clipping only if the punch or clarity disappears.",
    "Reduce over-compression or clipping on the master and let transients breathe.",
    "Gently cut 250-500 Hz on melodies, pads, or the master if the mix feels cloudy.",
    "Check the waveform/sections by ear. If the hook feels flat, add contrast with melody layers, drum changes, or vocal energy."
  ],
  "artist_notes": [
    "Autotune/key starting point: D Major. Confidence: 45.4%.",
    "Beat energy: 9.7/10. Darkness: 2.4/10.",
    "Vocal space estimate: 2.5/10. Higher means easier space for vocals."
  ],
  "producer_notes": [
    "Low-end presence looks usable for the selected style.",
    "Selected style preset: rage_trap.",
    "Dominant frequency area: Sub.",
    "Drum activity is medium at 1.86 hits/sec.",
    "Estimated length: 65 bars at 117 BPM."
  ],
  "master_notes": [
    "Clipping is the first thing to fix before judging the rest of the mix.",
    "Peak: 0.00 dB. RMS: -5.70 dB. Dynamic range: 5.70 dB."
  ],
  "next_steps": [
    "Lower the master/output, then use a soft clipper or limiter with safer ceiling.",
    "Back off limiting/clipping only if the punch or clarity disappears.",
    "Reduce over-compression or clipping on the master and let transients breathe.",
    "Fix the technical problems first before worrying about tiny creative details."
  ]
}