{
  "basic": {
    "file_name": "Nettspend - still standing.wav",
    "file_path": "/Users/jayden/SoundLens/tracks/Nettspend/Nettspend - still standing.wav",
    "sample_rate": 48000,
    "duration_seconds": 119.296,
    "bpm": 165.44,
    "key": "E Minor",
    "key_note": "E",
    "key_mode": "Minor",
    "key_confidence": 46.06962111314903
  },
  "loudness": {
    "peak_db": 0.0013956592777907713,
    "rms_db": -5.765182731879884,
    "dynamic_range_db": 5.766578391157675,
    "clipping_detected": true,
    "clipping_samples": 78560,
    "clipping_percent": 1.3719375894134478,
    "headroom_db": -0.0013956592777907713
  },
  "frequency": {
    "band_percentages": {
      "Sub": 15.913696636762676,
      "Bass / 808": 14.546776922954038,
      "Mud": 13.73392060618251,
      "Low Mids": 14.107366892812474,
      "Mids / Melody": 14.675517190595617,
      "Harsh Zone": 14.343245163397956,
      "Highs": 14.092906627503382,
      "Air": 12.929815121509048,
      "Vocal Range": 15.01101008805827
    },
    "brightness_centroid_hz": 4339.525822667909,
    "brightness_label": "High",
    "spectral_rolloff_hz": 8984.931688645507,
    "dominant_band": "Sub",
    "low_end_total_percent": 30.460473559716714,
    "mid_total_percent": 42.5168046895906,
    "top_total_percent": 27.02272174901243
  },
  "fingerprint": {
    "mfcc_1": -11.419846534729004,
    "mfcc_2": 96.34886932373047,
    "mfcc_3": -34.887664794921875,
    "mfcc_4": 43.039710998535156,
    "mfcc_5": -12.890750885009766,
    "mfcc_6": 29.115215301513672,
    "mfcc_7": -15.066900253295898,
    "mfcc_8": 15.541747093200684,
    "mfcc_9": -1.6335488557815552,
    "mfcc_10": 9.39749813079834,
    "mfcc_11": -6.3373003005981445,
    "mfcc_12": 11.941067695617676,
    "mfcc_13": -3.750649929046631,
    "chroma_1": 0.355055034160614,
    "chroma_2": 0.42584386467933655,
    "chroma_3": 0.560529351234436,
    "chroma_4": 0.3950486481189728,
    "chroma_5": 0.5873381495475769,
    "chroma_6": 0.3380259573459625,
    "chroma_7": 0.5380697846412659,
    "chroma_8": 0.3524703085422516,
    "chroma_9": 0.259294331073761,
    "chroma_10": 0.2633715867996216,
    "chroma_11": 0.2503817081451416,
    "chroma_12": 0.3916136920452118,
    "spectral_contrast": 16.94718063103877,
    "spectral_flatness": 0.008524098433554173,
    "zero_crossing_rate": 0.07630096285482789
  },
  "rhythm": {
    "onset_count": 363,
    "onset_density": 3.042851394849785,
    "drum_activity": "High",
    "estimated_bars": 82,
    "seconds_per_bar": 1.4506769825918762
  },
  "sections": [
    {
      "name": "Section 1",
      "start": 0.0,
      "end": 12.0,
      "avg_energy": 0.535378098487854,
      "energy_label": "Medium"
    },
    {
      "name": "Section 2",
      "start": 12.0,
      "end": 24.0,
      "avg_energy": 0.5662142038345337,
      "energy_label": "High"
    },
    {
      "name": "Section 3",
      "start": 24.0,
      "end": 36.0,
      "avg_energy": 0.569089412689209,
      "energy_label": "High"
    },
    {
      "name": "Section 4",
      "start": 36.0,
      "end": 48.0,
      "avg_energy": 0.5602257251739502,
      "energy_label": "Medium"
    },
    {
      "name": "Section 5",
      "start": 48.0,
      "end": 60.0,
      "avg_energy": 0.5349550843238831,
      "energy_label": "Medium"
    },
    {
      "name": "Section 6",
      "start": 60.0,
      "end": 72.0,
      "avg_energy": 0.38979583978652954,
      "energy_label": "Low"
    },
    {
      "name": "Section 7",
      "start": 72.0,
      "end": 84.0,
      "avg_energy": 0.5783824920654297,
      "energy_label": "High"
    },
    {
      "name": "Section 8",
      "start": 84.0,
      "end": 96.0,
      "avg_energy": 0.5616535544395447,
      "energy_label": "Medium"
    },
    {
      "name": "Section 9",
      "start": 96.0,
      "end": 108.0,
      "avg_energy": 0.506418764591217,
      "energy_label": "Low"
    },
    {
      "name": "Section 10",
      "start": 108.0,
      "end": 119.296,
      "avg_energy": 0.22197429835796356,
      "energy_label": "Low"
    }
  ],
  "scores": {
    "mix": 53,
    "master": 53,
    "arrangement": 81,
    "release": 61,
    "energy": 9.617408634060059,
    "bass_strength": 6.092094711943343,
    "darkness": 1.320948354664182,
    "brightness": 8.679051645335818,
    "drum_bounce": 7.607128487124463,
    "vocal_space": 2.491093629982357
  },
  "stem_balance": null,
  "top_problems": [
    "Clipping detected: 78560 samples are near/over the limit.",
    "Mud range is elevated around 250-500 Hz.",
    "Track is extremely loud for the selected style and may be crushed.",
    "Dynamic range is tight, which can make the beat feel flattened.",
    "Drum movement is very active; the beat could become overcrowded."
  ],
  "suggested_fixes": [
    "Lower the master/output, then use a soft clipper or limiter with safer ceiling.",
    "Back off limiting/clipping only if the punch or clarity disappears.",
    "Reduce over-compression or clipping on the master and let transients breathe.",
    "Gently cut 250-500 Hz on melodies, pads, or the master if the mix feels cloudy.",
    "Mute extra percussion in some sections so the hook/drop feels bigger.",
    "Check the waveform/sections by ear. If the hook feels flat, add contrast with melody layers, drum changes, or vocal energy."
  ],
  "artist_notes": [
    "Autotune/key starting point: E Minor. Confidence: 46.1%.",
    "Beat energy: 9.6/10. Darkness: 1.3/10.",
    "Vocal space estimate: 2.5/10. Higher means easier space for vocals."
  ],
  "producer_notes": [
    "Low-end presence looks usable for the selected style.",
    "Selected style preset: rage_trap.",
    "Dominant frequency area: Sub.",
    "Drum activity is high at 3.04 hits/sec.",
    "Estimated length: 82 bars at 165 BPM."
  ],
  "master_notes": [
    "Clipping is the first thing to fix before judging the rest of the mix.",
    "Peak: 0.00 dB. RMS: -5.77 dB. Dynamic range: 5.77 dB."
  ],
  "next_steps": [
    "Lower the master/output, then use a soft clipper or limiter with safer ceiling.",
    "Back off limiting/clipping only if the punch or clarity disappears.",
    "Reduce over-compression or clipping on the master and let transients breathe.",
    "Fix the technical problems first before worrying about tiny creative details."
  ]
}