{
  "basic": {
    "file_name": "Eskdeekid - Prague.wav",
    "file_path": "/Users/jayden/SoundLens/tracks/Eskdeekid/Eskdeekid - Prague.wav",
    "sample_rate": 48000,
    "duration_seconds": 97.71429166666667,
    "bpm": 140.62,
    "key": "D# Major",
    "key_note": "D#",
    "key_mode": "Major",
    "key_confidence": 45.51456728946698
  },
  "loudness": {
    "peak_db": 0.003945160922480515,
    "rms_db": -6.421981284216845,
    "dynamic_range_db": 6.425926445139326,
    "clipping_detected": true,
    "clipping_samples": 48542,
    "clipping_percent": 1.0349475490407194,
    "headroom_db": -0.003945160922480515
  },
  "frequency": {
    "band_percentages": {
      "Sub": 15.664679701069462,
      "Bass / 808": 15.971949405607882,
      "Mud": 14.402211099120052,
      "Low Mids": 14.365844072007713,
      "Mids / Melody": 14.041049982502937,
      "Harsh Zone": 13.096994245216376,
      "Highs": 13.416411102486547,
      "Air": 12.137854635471044,
      "Vocal Range": 15.069325317120017
    },
    "brightness_centroid_hz": 2908.8360073984,
    "brightness_label": "Medium",
    "spectral_rolloff_hz": 6304.349791234581,
    "dominant_band": "Bass / 808",
    "low_end_total_percent": 31.636629106677344,
    "mid_total_percent": 42.809105153630696,
    "top_total_percent": 25.554265737957593
  },
  "fingerprint": {
    "mfcc_1": -69.74436950683594,
    "mfcc_2": 141.2275848388672,
    "mfcc_3": -4.899639129638672,
    "mfcc_4": 40.29889678955078,
    "mfcc_5": -18.28866195678711,
    "mfcc_6": 29.993106842041016,
    "mfcc_7": -2.8107192516326904,
    "mfcc_8": 12.810633659362793,
    "mfcc_9": 2.1171865463256836,
    "mfcc_10": 7.267729759216309,
    "mfcc_11": -2.2942092418670654,
    "mfcc_12": 9.778691291809082,
    "mfcc_13": 2.0408377647399902,
    "chroma_1": 0.26550090312957764,
    "chroma_2": 0.32267239689826965,
    "chroma_3": 0.3243963122367859,
    "chroma_4": 0.9200016260147095,
    "chroma_5": 0.4915071725845337,
    "chroma_6": 0.42476728558540344,
    "chroma_7": 0.3988431692123413,
    "chroma_8": 0.3714592158794403,
    "chroma_9": 0.31589046120643616,
    "chroma_10": 0.2783423364162445,
    "chroma_11": 0.6317135691642761,
    "chroma_12": 0.29574745893478394,
    "spectral_contrast": 17.512015213348974,
    "spectral_flatness": 0.0021993122063577175,
    "zero_crossing_rate": 0.042577741240039296
  },
  "rhythm": {
    "onset_count": 591,
    "onset_density": 6.048245245599095,
    "drum_activity": "High",
    "estimated_bars": 57,
    "seconds_per_bar": 1.7067273503057887
  },
  "sections": [
    {
      "name": "Section 1",
      "start": 0.0,
      "end": 13.65381880244631,
      "avg_energy": 0.42454859614372253,
      "energy_label": "Low"
    },
    {
      "name": "Section 2",
      "start": 13.65381880244631,
      "end": 27.30763760489262,
      "avg_energy": 0.5222821235656738,
      "energy_label": "High"
    },
    {
      "name": "Section 3",
      "start": 27.30763760489262,
      "end": 40.96145640733893,
      "avg_energy": 0.5267025232315063,
      "energy_label": "High"
    },
    {
      "name": "Section 4",
      "start": 40.96145640733893,
      "end": 54.61527520978524,
      "avg_energy": 0.4724007248878479,
      "energy_label": "Medium"
    },
    {
      "name": "Section 5",
      "start": 54.61527520978524,
      "end": 68.26909401223155,
      "avg_energy": 0.47185656428337097,
      "energy_label": "Medium"
    },
    {
      "name": "Section 6",
      "start": 68.26909401223155,
      "end": 81.92291281467786,
      "avg_energy": 0.4187728464603424,
      "energy_label": "Low"
    },
    {
      "name": "Section 7",
      "start": 81.92291281467786,
      "end": 97.71429166666667,
      "avg_energy": 0.49166354537010193,
      "energy_label": "Medium"
    }
  ],
  "scores": {
    "mix": 69,
    "master": 69,
    "arrangement": 71,
    "release": 70,
    "energy": 9.289009357891578,
    "bass_strength": 6.327325821335469,
    "darkness": 4.1823279852032,
    "brightness": 5.8176720147968,
    "drum_bounce": 10,
    "vocal_space": 2.186852121493734
  },
  "stem_balance": null,
  "top_problems": [
    "Clipping detected: 48542 samples are near/over the limit.",
    "Mud range is elevated around 250-500 Hz.",
    "Drum movement is very active; the beat could become overcrowded.",
    "Hook/verse contrast looks low, but arrangement detection is still an estimate."
  ],
  "suggested_fixes": [
    "Lower the master/output, then use a soft clipper or limiter with safer ceiling.",
    "Gently cut 250-500 Hz on melodies, pads, or the master if the mix feels cloudy.",
    "Mute extra percussion in some sections so the hook/drop feels bigger.",
    "Check the waveform/sections by ear. If the hook feels flat, add contrast with melody layers, drum changes, or vocal energy."
  ],
  "artist_notes": [
    "Autotune/key starting point: D# Major. Confidence: 45.5%.",
    "Beat energy: 9.3/10. Darkness: 4.2/10.",
    "Vocal space estimate: 2.2/10. Higher means easier space for vocals."
  ],
  "producer_notes": [
    "Low-end presence looks usable for the selected style.",
    "Selected style preset: rage_trap.",
    "Dominant frequency area: Bass / 808.",
    "Drum activity is high at 6.05 hits/sec.",
    "Estimated length: 57 bars at 141 BPM."
  ],
  "master_notes": [
    "Clipping is the first thing to fix before judging the rest of the mix.",
    "Loudness is in a usable range for the selected style.",
    "Peak: 0.00 dB. RMS: -6.42 dB. Dynamic range: 6.43 dB."
  ],
  "next_steps": [
    "Lower the master/output, then use a soft clipper or limiter with safer ceiling.",
    "Gently cut 250-500 Hz on melodies, pads, or the master if the mix feels cloudy.",
    "Mute extra percussion in some sections so the hook/drop feels bigger.",
    "Fix the top 1-2 issues, export again, then re-run SoundLens."
  ]
}