{
  "basic": {
    "file_name": "Eskdeekid - Little Kidda.wav",
    "file_path": "/Volumes/POLLY/tracks/Eskdeekid/Eskdeekid - Little Kidda.wav",
    "sample_rate": 48000,
    "duration_seconds": 99.42204166666667,
    "bpm": 140.0,
    "key": "A# Minor",
    "key_note": "A#",
    "key_mode": "Minor",
    "key_confidence": 43.00412778127566
  },
  "loudness": {
    "peak_db": -6.989239566813794e-05,
    "rms_db": -8.159437885637299,
    "dynamic_range_db": 8.15936799324163,
    "clipping_detected": true,
    "clipping_samples": 53227,
    "clipping_percent": 1.1153420456312295,
    "headroom_db": 6.989239566813794e-05
  },
  "frequency": {
    "band_percentages": {
      "Sub": 14.687327840887598,
      "Bass / 808": 15.3552199712029,
      "Mud": 14.383891919994221,
      "Low Mids": 13.99594257387361,
      "Mids / Melody": 13.989124191580188,
      "Harsh Zone": 12.940764538408228,
      "Highs": 14.090440989216782,
      "Air": 13.498052511537544,
      "Vocal Range": 14.8746347286846
    },
    "brightness_centroid_hz": 4881.698979318879,
    "brightness_label": "High",
    "spectral_rolloff_hz": 10538.798479240424,
    "dominant_band": "Bass / 808",
    "low_end_total_percent": 30.042547812090497,
    "mid_total_percent": 42.36895868544802,
    "top_total_percent": 27.588493500754325
  },
  "fingerprint": {
    "mfcc_1": -119.00186920166016,
    "mfcc_2": -37.88806915283203,
    "mfcc_3": 29.575294494628906,
    "mfcc_4": -6.845225811004639,
    "mfcc_5": 4.49799108505249,
    "mfcc_6": 19.9227237701416,
    "mfcc_7": -3.4527387619018555,
    "mfcc_8": 7.016871452331543,
    "mfcc_9": -9.006743431091309,
    "mfcc_10": 0.2581871449947357,
    "mfcc_11": -7.846432209014893,
    "mfcc_12": -7.867281436920166,
    "mfcc_13": -6.707139015197754,
    "chroma_1": 0.6630096435546875,
    "chroma_2": 0.8101617693901062,
    "chroma_3": 0.659028947353363,
    "chroma_4": 0.5232530236244202,
    "chroma_5": 0.4888096749782562,
    "chroma_6": 0.6063629984855652,
    "chroma_7": 0.7260660529136658,
    "chroma_8": 0.5974642038345337,
    "chroma_9": 0.5093868374824524,
    "chroma_10": 0.5435202717781067,
    "chroma_11": 0.6799994111061096,
    "chroma_12": 0.5767782926559448,
    "spectral_contrast": 22.104974176751348,
    "spectral_flatness": 0.036626823246479034,
    "zero_crossing_rate": 0.13249697589473378,
    "embed_mfcc_1_mean": -119.00186920166016,
    "embed_mfcc_1_std": 120.3884048461914,
    "embed_mfcc_2_mean": -37.88806915283203,
    "embed_mfcc_2_std": 23.01243019104004,
    "embed_mfcc_3_mean": 29.575294494628906,
    "embed_mfcc_3_std": 21.086040496826172,
    "embed_mfcc_4_mean": -6.845225811004639,
    "embed_mfcc_4_std": 14.546306610107422,
    "embed_mfcc_5_mean": 4.49799108505249,
    "embed_mfcc_5_std": 13.946427345275879,
    "embed_mfcc_6_mean": 19.9227237701416,
    "embed_mfcc_6_std": 10.801417350769043,
    "embed_mfcc_7_mean": -3.4527387619018555,
    "embed_mfcc_7_std": 10.40467643737793,
    "embed_mfcc_8_mean": 7.016871452331543,
    "embed_mfcc_8_std": 9.7919340133667,
    "embed_mfcc_9_mean": -9.006743431091309,
    "embed_mfcc_9_std": 8.432708740234375,
    "embed_mfcc_10_mean": 0.2581871449947357,
    "embed_mfcc_10_std": 7.376924514770508,
    "embed_mfcc_11_mean": -7.846432209014893,
    "embed_mfcc_11_std": 7.692002773284912,
    "embed_mfcc_12_mean": -7.867281436920166,
    "embed_mfcc_12_std": 7.670834064483643,
    "embed_mfcc_13_mean": -6.707139015197754,
    "embed_mfcc_13_std": 7.568121910095215,
    "embed_mfcc_14_mean": -0.84185391664505,
    "embed_mfcc_14_std": 6.875962734222412,
    "embed_mfcc_15_mean": -0.44755515456199646,
    "embed_mfcc_15_std": 6.2623186111450195,
    "embed_mfcc_16_mean": 3.11599063873291,
    "embed_mfcc_16_std": 5.93186616897583,
    "embed_mfcc_17_mean": -0.8542965650558472,
    "embed_mfcc_17_std": 6.061622619628906,
    "embed_mfcc_18_mean": -3.6305601596832275,
    "embed_mfcc_18_std": 6.710409641265869,
    "embed_mfcc_19_mean": -5.42222785949707,
    "embed_mfcc_19_std": 7.592087268829346,
    "embed_mfcc_20_mean": 1.7864408493041992,
    "embed_mfcc_20_std": 8.189845085144043,
    "embed_chroma_1_mean": 0.6630096435546875,
    "embed_chroma_1_std": 0.23488563299179077,
    "embed_chroma_2_mean": 0.8101617693901062,
    "embed_chroma_2_std": 0.21028006076812744,
    "embed_chroma_3_mean": 0.659028947353363,
    "embed_chroma_3_std": 0.24013389647006989,
    "embed_chroma_4_mean": 0.5232530236244202,
    "embed_chroma_4_std": 0.1866731494665146,
    "embed_chroma_5_mean": 0.4888096749782562,
    "embed_chroma_5_std": 0.1651519238948822,
    "embed_chroma_6_mean": 0.6063629984855652,
    "embed_chroma_6_std": 0.22941195964813232,
    "embed_chroma_7_mean": 0.7260660529136658,
    "embed_chroma_7_std": 0.16873154044151306,
    "embed_chroma_8_mean": 0.5974642038345337,
    "embed_chroma_8_std": 0.18916690349578857,
    "embed_chroma_9_mean": 0.5093868374824524,
    "embed_chroma_9_std": 0.16315214335918427,
    "embed_chroma_10_mean": 0.5435202717781067,
    "embed_chroma_10_std": 0.17856016755104065,
    "embed_chroma_11_mean": 0.6799994111061096,
    "embed_chroma_11_std": 0.21868786215782166,
    "embed_chroma_12_mean": 0.5767782926559448,
    "embed_chroma_12_std": 0.21252354979515076,
    "embed_contrast_1_mean": 18.771343231201172,
    "embed_contrast_1_std": 4.945114612579346,
    "embed_contrast_2_mean": 14.990446090698242,
    "embed_contrast_2_std": 4.003905296325684,
    "embed_contrast_3_mean": 18.522876739501953,
    "embed_contrast_3_std": 4.131636619567871,
    "embed_contrast_4_mean": 19.62286376953125,
    "embed_contrast_4_std": 4.2700066566467285,
    "embed_contrast_5_mean": 17.560409545898438,
    "embed_contrast_5_std": 2.886977195739746,
    "embed_contrast_6_mean": 16.130691528320312,
    "embed_contrast_6_std": 1.7570147514343262,
    "embed_contrast_7_mean": 49.13618850708008,
    "embed_contrast_7_std": 2.5579898357391357,
    "embed_chroma_entropy": 2.473947048187256,
    "embed_centroid_mean": 3378.6825532987095,
    "embed_centroid_std": 883.8088817530893,
    "embed_rolloff_mean": 7576.345880785483,
    "embed_rolloff_std": 904.5436837071469,
    "embed_flatness_mean": 0.036626823246479034,
    "embed_flatness_std": 0.03163360059261322,
    "embed_zcr_mean": 0.13249697589473378,
    "embed_zcr_std": 0.06489588458410092,
    "embed_rms_mean": 0.2694580852985382,
    "embed_rms_std": 0.12034233659505844,
    "embed_onset_mean": 1.463111162185669,
    "embed_onset_std": 1.3873282670974731,
    "fingerprint_version": 2.0,
    "fingerprint_duration_seconds": 99.42208616780046,
    "embed_mfcc_delta_mean": -6.96193310432136e-05,
    "embed_mfcc_delta_std": 2.7056732177734375,
    "embed_chroma_delta_mean": 9.508624498266727e-05,
    "embed_chroma_delta_std": 0.0332518145442009,
    "embed_onset_peak": 9.862687110900879,
    "embed_onset_p95": 4.4389729499816895,
    "embed_rms_p10": 0.049936991184949875,
    "embed_rms_p50": 0.295422226190567,
    "embed_rms_p90": 0.4124740660190582,
    "embedding_nonzero_count": 100.0
  },
  "rhythm": {
    "onset_count": 625,
    "onset_density": 6.286332381862003,
    "drum_activity": "High",
    "estimated_bars": 58,
    "seconds_per_bar": 1.7142857142857142
  },
  "sections": [
    {
      "name": "Intro",
      "start": 0.0,
      "end": 16.0,
      "avg_energy": 0.2767229378223419,
      "energy_label": "Low"
    },
    {
      "name": "Chorus / Hook",
      "start": 16.0,
      "end": 32.0,
      "avg_energy": 0.4512300193309784,
      "energy_label": "High"
    },
    {
      "name": "Verse",
      "start": 32.0,
      "end": 48.0,
      "avg_energy": 0.412837952375412,
      "energy_label": "Medium"
    },
    {
      "name": "Chorus / Hook",
      "start": 48.0,
      "end": 64.0,
      "avg_energy": 0.423148512840271,
      "energy_label": "Medium"
    },
    {
      "name": "Verse",
      "start": 64.0,
      "end": 80.0,
      "avg_energy": 0.44556570053100586,