{
  "basic": {
    "file_name": "Eskdeekid - Tapped In.wav",
    "file_path": "/Volumes/POLLY/tracks/Eskdeekid/Eskdeekid - Tapped In.wav",
    "sample_rate": 48000,
    "duration_seconds": 156.9959375,
    "bpm": 140.0,
    "key": "F Minor",
    "key_note": "F",
    "key_mode": "Minor",
    "key_confidence": 42.41201707400849
  },
  "loudness": {
    "peak_db": 0.00021122693313424727,
    "rms_db": -9.184670297737155,
    "dynamic_range_db": 9.184881524670288,
    "clipping_detected": true,
    "clipping_samples": 62403,
    "clipping_percent": 0.828086714027234,
    "headroom_db": -0.00021122693313424727
  },
  "frequency": {
    "band_percentages": {
      "Sub": 15.682956402670827,
      "Bass / 808": 15.325100978235367,
      "Mud": 13.900751975587713,
      "Low Mids": 14.091472157065038,
      "Mids / Melody": 14.160148600112885,
      "Harsh Zone": 13.625989654617468,
      "Highs": 13.837027238653318,
      "Air": 13.002542645956142,
      "Vocal Range": 14.831523567268224
    },
    "brightness_centroid_hz": 4430.888157905706,
    "brightness_label": "High",
    "spectral_rolloff_hz": 9609.209397717235,
    "dominant_band": "Sub",
    "low_end_total_percent": 31.008057380906195,
    "mid_total_percent": 42.152372732765635,
    "top_total_percent": 26.83956988460946
  },
  "fingerprint": {
    "mfcc_1": -113.80133819580078,
    "mfcc_2": -43.692623138427734,
    "mfcc_3": -4.894585609436035,
    "mfcc_4": -7.025856018066406,
    "mfcc_5": -4.400519371032715,
    "mfcc_6": 13.781951904296875,
    "mfcc_7": 0.47574079036712646,
    "mfcc_8": 10.987710952758789,
    "mfcc_9": 1.9614839553833008,
    "mfcc_10": 4.0427069664001465,
    "mfcc_11": -0.8351683020591736,
    "mfcc_12": 4.075176239013672,
    "mfcc_13": 4.250045299530029,
    "chroma_1": 0.5700613856315613,
    "chroma_2": 0.5441663265228271,
    "chroma_3": 0.538675844669342,
    "chroma_4": 0.5933181047439575,
    "chroma_5": 0.7216184735298157,
    "chroma_6": 0.6985610723495483,
    "chroma_7": 0.5770949721336365,
    "chroma_8": 0.6456441283226013,
    "chroma_9": 0.4901246726512909,
    "chroma_10": 0.48925989866256714,
    "chroma_11": 0.43983179330825806,
    "chroma_12": 0.31894370913505554,
    "spectral_contrast": 21.040633383403783,
    "spectral_flatness": 0.039443209767341614,
    "zero_crossing_rate": 0.120182568812887,
    "embed_mfcc_1_mean": -113.80133819580078,
    "embed_mfcc_1_std": 57.50273132324219,
    "embed_mfcc_2_mean": -43.692623138427734,
    "embed_mfcc_2_std": 30.89042091369629,
    "embed_mfcc_3_mean": -4.894585609436035,
    "embed_mfcc_3_std": 28.536766052246094,
    "embed_mfcc_4_mean": -7.025856018066406,
    "embed_mfcc_4_std": 23.944791793823242,
    "embed_mfcc_5_mean": -4.400519371032715,
    "embed_mfcc_5_std": 17.87923812866211,
    "embed_mfcc_6_mean": 13.781951904296875,
    "embed_mfcc_6_std": 18.165586471557617,
    "embed_mfcc_7_mean": 0.47574079036712646,
    "embed_mfcc_7_std": 12.702710151672363,
    "embed_mfcc_8_mean": 10.987710952758789,
    "embed_mfcc_8_std": 13.594938278198242,
    "embed_mfcc_9_mean": 1.9614839553833008,
    "embed_mfcc_9_std": 12.470409393310547,
    "embed_mfcc_10_mean": 4.0427069664001465,
    "embed_mfcc_10_std": 11.023639678955078,
    "embed_mfcc_11_mean": -0.8351683020591736,
    "embed_mfcc_11_std": 10.831780433654785,
    "embed_mfcc_12_mean": 4.075176239013672,
    "embed_mfcc_12_std": 8.843001365661621,
    "embed_mfcc_13_mean": 4.250045299530029,
    "embed_mfcc_13_std": 7.732227325439453,
    "embed_mfcc_14_mean": 4.11826229095459,
    "embed_mfcc_14_std": 7.5987725257873535,
    "embed_mfcc_15_mean": -0.502992570400238,
    "embed_mfcc_15_std": 6.843267917633057,
    "embed_mfcc_16_mean": 4.3461761474609375,
    "embed_mfcc_16_std": 6.204662322998047,
    "embed_mfcc_17_mean": 0.3435171842575073,
    "embed_mfcc_17_std": 6.723483562469482,
    "embed_mfcc_18_mean": 4.049245357513428,
    "embed_mfcc_18_std": 5.563175678253174,
    "embed_mfcc_19_mean": -0.07018419355154037,
    "embed_mfcc_19_std": 6.082005023956299,
    "embed_mfcc_20_mean": 1.9546453952789307,
    "embed_mfcc_20_std": 6.020686626434326,
    "embed_chroma_1_mean": 0.5700613856315613,
    "embed_chroma_1_std": 0.24203473329544067,
    "embed_chroma_2_mean": 0.5441663265228271,
    "embed_chroma_2_std": 0.17767687141895294,
    "embed_chroma_3_mean": 0.538675844669342,
    "embed_chroma_3_std": 0.19006238877773285,
    "embed_chroma_4_mean": 0.5933181047439575,
    "embed_chroma_4_std": 0.21760864555835724,
    "embed_chroma_5_mean": 0.7216184735298157,
    "embed_chroma_5_std": 0.24398988485336304,
    "embed_chroma_6_mean": 0.6985610723495483,
    "embed_chroma_6_std": 0.24713684618473053,
    "embed_chroma_7_mean": 0.5770949721336365,
    "embed_chroma_7_std": 0.20975157618522644,
    "embed_chroma_8_mean": 0.6456441283226013,
    "embed_chroma_8_std": 0.22928278148174286,
    "embed_chroma_9_mean": 0.4901246726512909,
    "embed_chroma_9_std": 0.20573210716247559,
    "embed_chroma_10_mean": 0.48925989866256714,
    "embed_chroma_10_std": 0.1879694163799286,
    "embed_chroma_11_mean": 0.43983179330825806,
    "embed_chroma_11_std": 0.19322557747364044,
    "embed_chroma_12_mean": 0.31894370913505554,
    "embed_chroma_12_std": 0.16198131442070007,
    "embed_contrast_1_mean": 18.3126163482666,
    "embed_contrast_1_std": 4.757504940032959,
    "embed_contrast_2_mean": 14.921829223632812,
    "embed_contrast_2_std": 4.706740856170654,
    "embed_contrast_3_mean": 17.47829818725586,
    "embed_contrast_3_std": 4.630202770233154,
    "embed_contrast_4_mean": 16.142288208007812,
    "embed_contrast_4_std": 3.360879898071289,
    "embed_contrast_5_mean": 16.53673553466797,
    "embed_contrast_5_std": 2.6211581230163574,
    "embed_contrast_6_mean": 16.04848861694336,
    "embed_contrast_6_std": 2.369051218032837,
    "embed_contrast_7_mean": 47.84417724609375,
    "embed_contrast_7_std": 2.887504816055298,
    "embed_chroma_entropy": 2.4653730392456055,
    "embed_centroid_mean": 3020.1494419717847,
    "embed_centroid_std": 965.674351897392,
    "embed_rolloff_mean": 6596.876776255322,
    "embed_rolloff_std": 1470.13235357243,
    "embed_flatness_mean": 0.039443209767341614,
    "embed_flatness_std": 0.0475899875164032,
    "embed_zcr_mean": 0.120182568812887,
    "embed_zcr_std": 0.09334065454106288,
    "embed_rms_mean": 0.2685713768005371,
    "embed_rms_std": 0.11524907499551773,
    "embed_onset_mean": 1.855849266052246,
    "embed_onset_std": 1.9586234092712402,
    "fingerprint_version": 2.0,
    "fingerprint_duration_seconds": 156.99596371882086,
    "embed_mfcc_delta_mean": -0.00014999648556113243,
    "embed_mfcc_delta_std": 3.3576276302337646,
    "embed_chroma_delta_mean": 3.5750614188145846e-05,
    "embed_chroma_delta_std": 0.032937757670879364,
    "embed_onset_peak": 12.284303665161133,
    "embed_onset_p95": 6.001095294952393,
    "embed_rms_p10": 0.11227899044752121,
    "embed_rms_p50": 0.27041298151016235,
    "embed_rms_p90": 0.42674803733825684,
    "embedding_nonzero_count": 100.0
  },
  "rhythm": {
    "onset_count": 756,
    "onset_density": 4.815411226803241,
    "drum_activity": "High",
    "estimated_bars": 92,
    "seconds_per_bar": 1.7142857142857142
  },
  "sections": [
    {
      "name": "Intro",
      "start": 0.0,
      "end": 16.0,
      "avg_energy": 0.40490272641181946,
      "energy_label": "High"
    },
    {
      "name": "Chorus / Hook",
      "start": 16.0,
      "end": 32.0,
      "avg_energy": 0.40036115050315857,
      "energy_label": "Medium"
    },
    {
      "name": "Verse",
      "start": 32.0,
      "end": 48.0,
      "avg_energy": 0.2650834023952484,
      "energy_label": "Low"
    },
    {
      "name": "Chorus / Hook",
      "start": 48.0,
      "end": 64.0,
      "avg_energy": 0.4192359149456024,
      "energy_label": "High"
    },
    {
      "name": "Verse",
      "start": 64.0,
      "end": 80.0,
      "avg_energy": 0.42126888036727905,