{
  "basic": {
    "file_name": "Eskdeekid - Rottweiler.wav",
    "file_path": "/Users/jayden/SoundLens/tracks/Eskdeekid/Eskdeekid - Rottweiler.wav",
    "sample_rate": 48000,
    "duration_seconds": 96.0,
    "bpm": 140.62,
    "key": "D# Major",
    "key_note": "D#",
    "key_mode": "Major",
    "key_confidence": 46.00628546138434
  },
  "loudness": {
    "peak_db": 0.006949155071620162,
    "rms_db": -5.672604835492834,
    "dynamic_range_db": 5.679553990564454,
    "clipping_detected": true,
    "clipping_samples": 66963,
    "clipping_percent": 1.4531901041666666,
    "headroom_db": -0.006949155071620162
  },
  "frequency": {
    "band_percentages": {
      "Sub": 16.618405724176906,
      "Bass / 808": 15.117950426515048,
      "Mud": 13.879967686906358,
      "Low Mids": 14.036125017864851,
      "Mids / Melody": 14.062431849234795,
      "Harsh Zone": 13.258713197651959,
      "Highs": 13.386965267294801,
      "Air": 12.898154026254948,
      "Vocal Range": 14.773635414331068
    },
    "brightness_centroid_hz": 3500.256440062188,
    "brightness_label": "High",
    "spectral_rolloff_hz": 8004.438742917454,
    "dominant_band": "Sub",
    "low_end_total_percent": 31.736356150691954,
    "mid_total_percent": 41.978524554006,
    "top_total_percent": 26.285119293549748
  },
  "fingerprint": {
    "mfcc_1": -78.86123657226562,
    "mfcc_2": 116.0553207397461,
    "mfcc_3": 0.4829515516757965,
    "mfcc_4": 32.473167419433594,
    "mfcc_5": -11.938323974609375,
    "mfcc_6": 41.48589324951172,
    "mfcc_7": -1.5011194944381714,
    "mfcc_8": 24.041120529174805,
    "mfcc_9": -1.4191601276397705,
    "mfcc_10": 19.297761917114258,
    "mfcc_11": 2.5548689365386963,
    "mfcc_12": 11.711877822875977,
    "mfcc_13": -0.1401246041059494,
    "chroma_1": 0.10665176808834076,
    "chroma_2": 0.15363088250160217,
    "chroma_3": 0.22122585773468018,
    "chroma_4": 0.955323338508606,
    "chroma_5": 0.42807191610336304,
    "chroma_6": 0.2703738212585449,
    "chroma_7": 0.18172386288642883,
    "chroma_8": 0.17887845635414124,
    "chroma_9": 0.1609419882297516,
    "chroma_10": 0.15789638459682465,
    "chroma_11": 0.2511782646179199,
    "chroma_12": 0.11991731077432632,
    "spectral_contrast": 17.793806390007045,
    "spectral_flatness": 0.0036741357762366533,
    "zero_crossing_rate": 0.039529733241445396
  },
  "rhythm": {
    "onset_count": 620,
    "onset_density": 6.458333333333333,
    "drum_activity": "High",
    "estimated_bars": 56,
    "seconds_per_bar": 1.7067273503057887
  },
  "sections": [
    {
      "name": "Section 1",
      "start": 0.0,
      "end": 13.65381880244631,
      "avg_energy": 0.5377799272537231,
      "energy_label": "High"
    },
    {
      "name": "Section 2",
      "start": 13.65381880244631,
      "end": 27.30763760489262,
      "avg_energy": 0.5122369527816772,
      "energy_label": "Medium"
    },
    {
      "name": "Section 3",
      "start": 27.30763760489262,
      "end": 40.96145640733893,
      "avg_energy": 0.513692319393158,
      "energy_label": "Medium"
    },
    {
      "name": "Section 4",
      "start": 40.96145640733893,
      "end": 54.61527520978524,
      "avg_energy": 0.5152443051338196,
      "energy_label": "Medium"
    },
    {
      "name": "Section 5",
      "start": 54.61527520978524,
      "end": 68.26909401223155,
      "avg_energy": 0.5118793845176697,
      "energy_label": "Low"
    },
    {
      "name": "Section 6",
      "start": 68.26909401223155,
      "end": 81.92291281467786,
      "avg_energy": 0.5116983652114868,
      "energy_label": "Low"
    },
    {
      "name": "Section 7",
      "start": 81.92291281467786,
      "end": 96.0,
      "avg_energy": 0.5390537977218628,
      "energy_label": "High"
    }
  ],
  "scores": {
    "mix": 53,
    "master": 53,
    "arrangement": 66,
    "release": 57,
    "energy": 9.663697582253583,
    "bass_strength": 6.347271230138391,
    "darkness": 2.9994871198756234,
    "brightness": 7.000512880124377,
    "drum_bounce": 10,
    "vocal_space": 2.4428522083996214
  },
  "stem_balance": null,
  "top_problems": [
    "Clipping detected: 66963 samples are near/over the limit.",
    "Mud range is elevated around 250-500 Hz.",
    "Track is extremely loud for the selected style and may be crushed.",
    "Dynamic range is tight, which can make the beat feel flattened.",
    "Drum movement is very active; the beat could become overcrowded."
  ],
  "suggested_fixes": [
    "Lower the master/output, then use a soft clipper or limiter with safer ceiling.",
    "Back off limiting/clipping only if the punch or clarity disappears.",
    "Reduce over-compression or clipping on the master and let transients breathe.",
    "Gently cut 250-500 Hz on melodies, pads, or the master if the mix feels cloudy.",
    "Mute extra percussion in some sections so the hook/drop feels bigger.",
    "Check the waveform/sections by ear. If the hook feels flat, add contrast with melody layers, drum changes, or vocal energy."
  ],
  "artist_notes": [
    "Autotune/key starting point: D# Major. Confidence: 46.0%.",
    "Beat energy: 9.7/10. Darkness: 3.0/10.",
    "Vocal space estimate: 2.4/10. Higher means easier space for vocals."
  ],
  "producer_notes": [
    "Low-end presence looks usable for the selected style.",
    "Selected style preset: rage_trap.",
    "Dominant frequency area: Sub.",
    "Drum activity is high at 6.46 hits/sec.",
    "Estimated length: 56 bars at 141 BPM."
  ],
  "master_notes": [
    "Clipping is the first thing to fix before judging the rest of the mix.",
    "Peak: 0.01 dB. RMS: -5.67 dB. Dynamic range: 5.68 dB."
  ],
  "next_steps": [
    "Lower the master/output, then use a soft clipper or limiter with safer ceiling.",
    "Back off limiting/clipping only if the punch or clarity disappears.",
    "Reduce over-compression or clipping on the master and let transients breathe.",
    "Fix the technical problems first before worrying about tiny creative details."
  ]
}