{
  "basic": {
    "file_name": "Ken Carson - Naked.wav",
    "file_path": "/Volumes/POLLY/tracks/Ken Carson/Ken Carson - Naked.wav",
    "sample_rate": 48000,
    "duration_seconds": 165.70920833333332,
    "bpm": 140.0,
    "key": "D Minor",
    "key_note": "D",
    "key_mode": "Minor",
    "key_confidence": 43.01837517689986
  },
  "loudness": {
    "peak_db": 0.0021927824252294882,
    "rms_db": -3.783273007698144,
    "dynamic_range_db": 3.7854657901233733,
    "clipping_detected": true,
    "clipping_samples": 188197,
    "clipping_percent": 2.366054893851453,
    "headroom_db": -0.0021927824252294882
  },
  "frequency": {
    "band_percentages": {
      "Sub": 17.225773704646812,
      "Bass / 808": 14.946788350088081,
      "Mud": 13.537353724904552,
      "Low Mids": 13.624135346662028,
      "Mids / Melody": 14.31357206348971,
      "Harsh Zone": 13.403493085703587,
      "Highs": 13.638220736076203,
      "Air": 12.714156072404576,
      "Vocal Range": 14.670261849311055
    },
    "brightness_centroid_hz": 3380.1570398455106,
    "brightness_label": "Medium",
    "spectral_rolloff_hz": 8264.3195642379,
    "dominant_band": "Sub",
    "low_end_total_percent": 32.1725620547349,
    "mid_total_percent": 41.475061135056286,
    "top_total_percent": 26.352376808480777
  },
  "fingerprint": {
    "mfcc_1": -108.34373474121094,
    "mfcc_2": -30.219053268432617,
    "mfcc_3": 7.085716724395752,
    "mfcc_4": -2.523859739303589,
    "mfcc_5": 8.423501968383789,
    "mfcc_6": 19.01772689819336,
    "mfcc_7": 3.535645008087158,
    "mfcc_8": 6.575186252593994,
    "mfcc_9": 3.312631130218506,
    "mfcc_10": 7.820277690887451,
    "mfcc_11": 6.040936470031738,
    "mfcc_12": 15.764312744140625,
    "mfcc_13": 6.693004131317139,
    "chroma_1": 0.13407042622566223,
    "chroma_2": 0.2178739607334137,
    "chroma_3": 0.36816492676734924,
    "chroma_4": 0.25088441371917725,
    "chroma_5": 0.41340136528015137,
    "chroma_6": 0.22021690011024475,
    "chroma_7": 0.36241036653518677,
    "chroma_8": 0.14139346778392792,
    "chroma_9": 0.13905005156993866,
    "chroma_10": 0.32635191082954407,
    "chroma_11": 0.1153978779911995,
    "chroma_12": 0.11753678321838379,
    "spectral_contrast": 21.975975549658564,
    "spectral_flatness": 0.0064551145769655704,
    "zero_crossing_rate": 0.026250597124129256,
    "embed_mfcc_1_mean": -108.34373474121094,
    "embed_mfcc_1_std": 36.38391876220703,
    "embed_mfcc_2_mean": -30.219053268432617,
    "embed_mfcc_2_std": 24.168188095092773,
    "embed_mfcc_3_mean": 7.085716724395752,
    "embed_mfcc_3_std": 17.580589294433594,
    "embed_mfcc_4_mean": -2.523859739303589,
    "embed_mfcc_4_std": 16.1893253326416,
    "embed_mfcc_5_mean": 8.423501968383789,
    "embed_mfcc_5_std": 11.137819290161133,
    "embed_mfcc_6_mean": 19.01772689819336,
    "embed_mfcc_6_std": 9.41222858428955,
    "embed_mfcc_7_mean": 3.535645008087158,
    "embed_mfcc_7_std": 10.90825080871582,
    "embed_mfcc_8_mean": 6.575186252593994,
    "embed_mfcc_8_std": 9.289183616638184,
    "embed_mfcc_9_mean": 3.312631130218506,
    "embed_mfcc_9_std": 8.269108772277832,
    "embed_mfcc_10_mean": 7.820277690887451,
    "embed_mfcc_10_std": 8.147266387939453,
    "embed_mfcc_11_mean": 6.040936470031738,
    "embed_mfcc_11_std": 8.08017635345459,
    "embed_mfcc_12_mean": 15.764312744140625,
    "embed_mfcc_12_std": 6.875584602355957,
    "embed_mfcc_13_mean": 6.693004131317139,
    "embed_mfcc_13_std": 7.441890716552734,
    "embed_mfcc_14_mean": 8.83946704864502,
    "embed_mfcc_14_std": 7.754839897155762,
    "embed_mfcc_15_mean": 5.518495559692383,
    "embed_mfcc_15_std": 6.718496799468994,
    "embed_mfcc_16_mean": 9.49563980102539,
    "embed_mfcc_16_std": 6.662360668182373,
    "embed_mfcc_17_mean": -0.7194006443023682,
    "embed_mfcc_17_std": 6.500223636627197,
    "embed_mfcc_18_mean": 8.4995756149292,
    "embed_mfcc_18_std": 5.5823187828063965,
    "embed_mfcc_19_mean": -1.750821590423584,
    "embed_mfcc_19_std": 5.895843029022217,
    "embed_mfcc_20_mean": 2.1069109439849854,
    "embed_mfcc_20_std": 5.594577312469482,
    "embed_chroma_1_mean": 0.13407042622566223,
    "embed_chroma_1_std": 0.11976639181375504,
    "embed_chroma_2_mean": 0.2178739607334137,
    "embed_chroma_2_std": 0.19371375441551208,
    "embed_chroma_3_mean": 0.36816492676734924,
    "embed_chroma_3_std": 0.3800201416015625,
    "embed_chroma_4_mean": 0.25088441371917725,
    "embed_chroma_4_std": 0.2695717513561249,
    "embed_chroma_5_mean": 0.41340136528015137,
    "embed_chroma_5_std": 0.37509214878082275,
    "embed_chroma_6_mean": 0.22021690011024475,
    "embed_chroma_6_std": 0.24544201791286469,
    "embed_chroma_7_mean": 0.36241036653518677,
    "embed_chroma_7_std": 0.3862133324146271,
    "embed_chroma_8_mean": 0.14139346778392792,
    "embed_chroma_8_std": 0.15513676404953003,
    "embed_chroma_9_mean": 0.13905005156993866,
    "embed_chroma_9_std": 0.15895402431488037,
    "embed_chroma_10_mean": 0.32635191082954407,
    "embed_chroma_10_std": 0.3782479465007782,
    "embed_chroma_11_mean": 0.1153978779911995,
    "embed_chroma_11_std": 0.14232395589351654,
    "embed_chroma_12_mean": 0.11753678321838379,
    "embed_chroma_12_std": 0.08632069826126099,
    "embed_contrast_1_mean": 23.658193588256836,
    "embed_contrast_1_std": 5.02010440826416,
    "embed_contrast_2_mean": 13.653294563293457,
    "embed_contrast_2_std": 3.436002016067505,
    "embed_contrast_3_mean": 16.89603042602539,
    "embed_contrast_3_std": 3.6975290775299072,
    "embed_contrast_4_mean": 16.52041244506836,
    "embed_contrast_4_std": 3.2738866806030273,
    "embed_contrast_5_mean": 18.915075302124023,
    "embed_contrast_5_std": 3.1187071800231934,
    "embed_contrast_6_mean": 16.144987106323242,
    "embed_contrast_6_std": 2.337305784225464,
    "embed_contrast_7_mean": 48.0438346862793,
    "embed_contrast_7_std": 3.0995452404022217,
    "embed_chroma_entropy": 2.385775327682495,
    "embed_centroid_mean": 2412.8751079553267,
    "embed_centroid_std": 727.7671788182893,
    "embed_rolloff_mean": 6215.3124168561335,
    "embed_rolloff_std": 1660.691187512023,
    "embed_flatness_mean": 0.0064551145769655704,
    "embed_flatness_std": 0.012018276378512383,
    "embed_zcr_mean": 0.026250597124129256,
    "embed_zcr_std": 0.022579782283549354,
    "embed_rms_mean": 0.5476350784301758,
    "embed_rms_std": 0.049210596829652786,
    "embed_onset_mean": 1.4820425510406494,
    "embed_onset_std": 1.2036817073822021,
    "fingerprint_version": 2.0,
    "fingerprint_duration_seconds": 165.70925170068028,
    "embed_mfcc_delta_mean": -0.00029612809885293245,
    "embed_mfcc_delta_std": 2.5838065147399902,
    "embed_chroma_delta_mean": -2.778365887934342e-05,
    "embed_chroma_delta_std": 0.01531592383980751,
    "embed_onset_peak": 10.229732513427734,
    "embed_onset_p95": 3.80603289604187,
    "embed_rms_p10": 0.5259557962417603,
    "embed_rms_p50": 0.5555427074432373,
    "embed_rms_p90": 0.5781718492507935,
    "embedding_nonzero_count": 100.0
  },
  "rhythm": {
    "onset_count": 947,
    "onset_density": 5.714830271200479,
    "drum_activity": "High",
    "estimated_bars": 97,
    "seconds_per_bar": 1.7142857142857142
  },
  "sections": [
    {
      "name": "Intro",
      "start": 0.0,
      "end": 16.0,
      "avg_energy": 0.5988884568214417,
      "energy_label": "Medium"
    },
    {
      "name": "Chorus / Hook",
      "start": 16.0,
      "end": 32.0,
      "avg_energy": 0.6631677746772766,
      "energy_label": "Medium"
    },
    {
      "name": "Verse",
      "start": 32.0,
      "end": 48.0,
      "avg_energy": 0.6601883769035339,
      "energy_label": "Medium"
    },
    {
      "name": "Chorus / Hook",
      "start": 48.0,
      "end": 64.0,
      "avg_energy": 0.6313165426254272,
      "energy_label": "Medium"
    },
    {
      "name": "Verse",
      "start": 64.0,
      "end": 80.0,
      "avg_energy": 0.6509289741516113,