{
  "basic": {
    "file_name": "Rich Amiri - WHAT IT COST.wav",
    "file_path": "/Volumes/POLLY/tracks/Rich Amiri/Rich Amiri - WHAT IT COST.wav",
    "sample_rate": 48000,
    "duration_seconds": 131.904,
    "bpm": 140.0,
    "key": "A Minor",
    "key_note": "A",
    "key_mode": "Minor",
    "key_confidence": 43.30736771661041
  },
  "loudness": {
    "peak_db": -8.387094229005541e-05,
    "rms_db": -9.995501455210919,
    "dynamic_range_db": 9.995417584268628,
    "clipping_detected": true,
    "clipping_samples": 538,
    "clipping_percent": 0.008497341500889537,
    "headroom_db": 8.387094229005541e-05
  },
  "frequency": {
    "band_percentages": {
      "Sub": 16.017810246560984,
      "Bass / 808": 13.9645089363105,
      "Mud": 14.250414309721924,
      "Low Mids": 14.537865081244888,
      "Mids / Melody": 14.720111132604544,
      "Harsh Zone": 13.936808578534098,
      "Highs": 14.010308687521606,
      "Air": 12.498981604273224,
      "Vocal Range": 15.256049147189454
    },
    "brightness_centroid_hz": 3201.6733693609267,
    "brightness_label": "Medium",
    "spectral_rolloff_hz": 6586.868025794453,
    "dominant_band": "Sub",
    "low_end_total_percent": 29.982319182871485,
    "mid_total_percent": 43.50839052357136,
    "top_total_percent": 26.50929029179483
  },
  "fingerprint": {
    "mfcc_1": -117.5837631225586,
    "mfcc_2": -35.954158782958984,
    "mfcc_3": -9.194243431091309,
    "mfcc_4": -7.85961389541626,
    "mfcc_5": -12.246849060058594,
    "mfcc_6": 8.042712211608887,
    "mfcc_7": -14.720551490783691,
    "mfcc_8": -9.526565551757812,
    "mfcc_9": -4.490734100341797,
    "mfcc_10": 0.657215416431427,
    "mfcc_11": -14.046324729919434,
    "mfcc_12": 4.197056770324707,
    "mfcc_13": -0.17610494792461395,
    "chroma_1": 0.3564581274986267,
    "chroma_2": 0.3467384874820709,
    "chroma_3": 0.3327878713607788,
    "chroma_4": 0.26300179958343506,
    "chroma_5": 0.40697410702705383,
    "chroma_6": 0.2667750120162964,
    "chroma_7": 0.21125175058841705,
    "chroma_8": 0.21736390888690948,
    "chroma_9": 0.3005247414112091,
    "chroma_10": 0.7483680248260498,
    "chroma_11": 0.28756457567214966,
    "chroma_12": 0.34926190972328186,
    "spectral_contrast": 23.483730510326996,
    "spectral_flatness": 0.02636656165122986,
    "zero_crossing_rate": 0.10061239236648607,
    "embed_mfcc_1_mean": -117.5837631225586,
    "embed_mfcc_1_std": 57.35281753540039,
    "embed_mfcc_2_mean": -35.954158782958984,
    "embed_mfcc_2_std": 30.7142333984375,
    "embed_mfcc_3_mean": -9.194243431091309,
    "embed_mfcc_3_std": 29.22064971923828,
    "embed_mfcc_4_mean": -7.85961389541626,
    "embed_mfcc_4_std": 18.923633575439453,
    "embed_mfcc_5_mean": -12.246849060058594,
    "embed_mfcc_5_std": 19.43599510192871,
    "embed_mfcc_6_mean": 8.042712211608887,
    "embed_mfcc_6_std": 13.725685119628906,
    "embed_mfcc_7_mean": -14.720551490783691,
    "embed_mfcc_7_std": 15.894696235656738,
    "embed_mfcc_8_mean": -9.526565551757812,
    "embed_mfcc_8_std": 16.0802001953125,
    "embed_mfcc_9_mean": -4.490734100341797,
    "embed_mfcc_9_std": 12.180732727050781,
    "embed_mfcc_10_mean": 0.657215416431427,
    "embed_mfcc_10_std": 13.929189682006836,
    "embed_mfcc_11_mean": -14.046324729919434,
    "embed_mfcc_11_std": 12.999763488769531,
    "embed_mfcc_12_mean": 4.197056770324707,
    "embed_mfcc_12_std": 12.001055717468262,
    "embed_mfcc_13_mean": -0.17610494792461395,
    "embed_mfcc_13_std": 11.534701347351074,
    "embed_mfcc_14_mean": -6.302086353302002,
    "embed_mfcc_14_std": 11.242949485778809,
    "embed_mfcc_15_mean": -1.0403727293014526,
    "embed_mfcc_15_std": 9.677513122558594,
    "embed_mfcc_16_mean": 5.800638198852539,
    "embed_mfcc_16_std": 8.033048629760742,
    "embed_mfcc_17_mean": -4.226550102233887,
    "embed_mfcc_17_std": 7.876682758331299,
    "embed_mfcc_18_mean": 0.32982322573661804,
    "embed_mfcc_18_std": 7.726511478424072,
    "embed_mfcc_19_mean": -1.6338495016098022,
    "embed_mfcc_19_std": 7.405966758728027,
    "embed_mfcc_20_mean": -2.6876285076141357,
    "embed_mfcc_20_std": 8.32996940612793,
    "embed_chroma_1_mean": 0.3564581274986267,
    "embed_chroma_1_std": 0.26442986726760864,
    "embed_chroma_2_mean": 0.3467384874820709,
    "embed_chroma_2_std": 0.24408739805221558,
    "embed_chroma_3_mean": 0.3327878713607788,
    "embed_chroma_3_std": 0.25825124979019165,
    "embed_chroma_4_mean": 0.26300179958343506,
    "embed_chroma_4_std": 0.1977435201406479,
    "embed_chroma_5_mean": 0.40697410702705383,
    "embed_chroma_5_std": 0.279463529586792,
    "embed_chroma_6_mean": 0.2667750120162964,
    "embed_chroma_6_std": 0.2619673013687134,
    "embed_chroma_7_mean": 0.21125175058841705,
    "embed_chroma_7_std": 0.147308811545372,
    "embed_chroma_8_mean": 0.21736390888690948,
    "embed_chroma_8_std": 0.14616215229034424,
    "embed_chroma_9_mean": 0.3005247414112091,
    "embed_chroma_9_std": 0.1667809933423996,
    "embed_chroma_10_mean": 0.7483680248260498,
    "embed_chroma_10_std": 0.33363449573516846,
    "embed_chroma_11_mean": 0.28756457567214966,
    "embed_chroma_11_std": 0.17003843188285828,
    "embed_chroma_12_mean": 0.34926190972328186,
    "embed_chroma_12_std": 0.2378125935792923,
    "embed_contrast_1_mean": 21.465816497802734,
    "embed_contrast_1_std": 6.464321613311768,
    "embed_contrast_2_mean": 16.002178192138672,
    "embed_contrast_2_std": 4.5182695388793945,
    "embed_contrast_3_mean": 19.123414993286133,
    "embed_contrast_3_std": 4.54187536239624,
    "embed_contrast_4_mean": 19.131702423095703,
    "embed_contrast_4_std": 4.199537754058838,
    "embed_contrast_5_mean": 21.09566879272461,
    "embed_contrast_5_std": 4.691196441650391,
    "embed_contrast_6_mean": 18.37204360961914,
    "embed_contrast_6_std": 3.2439005374908447,
    "embed_contrast_7_mean": 49.19529342651367,
    "embed_contrast_7_std": 3.0725250244140625,
    "embed_chroma_entropy": 2.419539451599121,
    "embed_centroid_mean": 2963.777392118258,
    "embed_centroid_std": 987.6443339427625,
    "embed_rolloff_mean": 6241.016428094161,
    "embed_rolloff_std": 1612.9123282135554,
    "embed_flatness_mean": 0.02636656165122986,
    "embed_flatness_std": 0.03641051426529884,
    "embed_zcr_mean": 0.10061239236648607,
    "embed_zcr_std": 0.07306667871359185,
    "embed_rms_mean": 0.2613493800163269,
    "embed_rms_std": 0.09221134334802628,
    "embed_onset_mean": 1.7615731954574585,
    "embed_onset_std": 1.540841817855835,
    "fingerprint_version": 2.0,
    "fingerprint_duration_seconds": 131.90403628117915,
    "embed_mfcc_delta_mean": 1.7043183106579818e-05,
    "embed_mfcc_delta_std": 3.1884570121765137,
    "embed_chroma_delta_mean": 6.176119882184139e-07,
    "embed_chroma_delta_std": 0.028609151020646095,
    "embed_onset_peak": 13.686676979064941,
    "embed_onset_p95": 4.947749137878418,
    "embed_rms_p10": 0.1030295193195343,
    "embed_rms_p50": 0.296206533908844,
    "embed_rms_p90": 0.35223501920700073,
    "embedding_nonzero_count": 100.0
  },
  "rhythm": {
    "onset_count": 570,
    "onset_density": 4.32132459970888,
    "drum_activity": "High",
    "estimated_bars": 77,
    "seconds_per_bar": 1.7142857142857142
  },
  "sections": [
    {
      "name": "Intro",
      "start": 0.0,
      "end": 16.0,
      "avg_energy": 0.11844517290592194,
      "energy_label": "Low"
    },
    {
      "name": "Chorus / Hook",
      "start": 16.0,
      "end": 32.0,
      "avg_energy": 0.3735988736152649,
      "energy_label": "High"
    },
    {
      "name": "Verse",
      "start": 32.0,
      "end": 48.0,
      "avg_energy": 0.34367525577545166,
      "energy_label": "Medium"
    },
    {
      "name": "Chorus / Hook",
      "start": 48.0,
      "end": 64.0,
      "avg_energy": 0.3367571532726288,
      "energy_label": "Medium"
    },
    {
      "name": "Verse",
      "start": 64.0,
      "end": 80.0,
      "avg_energy": 0.3058520257472992,