{
  "basic": {
    "file_name": "Rich Amiri - Twin Flame.wav",
    "file_path": "/Users/jayden/SoundLens/tracks/Rich Amiri/Rich Amiri - Twin Flame.wav",
    "sample_rate": 48000,
    "duration_seconds": 150.67429166666668,
    "bpm": 152.03,
    "key": "A Major",
    "key_note": "A",
    "key_mode": "Major",
    "key_confidence": 47.24194740167736
  },
  "loudness": {
    "peak_db": 2.5885929748733617e-05,
    "rms_db": -9.614384809961138,
    "dynamic_range_db": 9.614410695890886,
    "clipping_detected": true,
    "clipping_samples": 8303,
    "clipping_percent": 0.11480337140017526,
    "headroom_db": -2.5885929748733617e-05
  },
  "frequency": {
    "band_percentages": {
      "Sub": 16.38795892613884,
      "Bass / 808": 14.555397769938171,
      "Mud": 14.13438631584349,
      "Low Mids": 14.269959725171974,
      "Mids / Melody": 14.430315787996086,
      "Harsh Zone": 13.556411024300175,
      "Highs": 13.621984766017354,
      "Air": 12.599996707124433,
      "Vocal Range": 15.049501554828518
    },
    "brightness_centroid_hz": 2745.633373492993,
    "brightness_label": "Medium",
    "spectral_rolloff_hz": 5695.818548244372,
    "dominant_band": "Sub",
    "low_end_total_percent": 30.94335669607701,
    "mid_total_percent": 42.83466182901155,
    "top_total_percent": 26.22198147314179
  },
  "fingerprint": {
    "mfcc_1": -170.26319885253906,
    "mfcc_2": 116.43009185791016,
    "mfcc_3": 0.1973787248134613,
    "mfcc_4": 41.15388107299805,
    "mfcc_5": -9.6351957321167,
    "mfcc_6": 18.47410011291504,
    "mfcc_7": -3.5823652744293213,
    "mfcc_8": 12.860702514648438,
    "mfcc_9": -6.574572563171387,
    "mfcc_10": 3.064823627471924,
    "mfcc_11": -0.8704438805580139,
    "mfcc_12": 4.561534404754639,
    "mfcc_13": 1.5899550914764404,
    "chroma_1": 0.3760428726673126,
    "chroma_2": 0.4762754738330841,
    "chroma_3": 0.5041531920433044,
    "chroma_4": 0.39067578315734863,
    "chroma_5": 0.4914338290691376,
    "chroma_6": 0.28980007767677307,
    "chroma_7": 0.3899673521518707,
    "chroma_8": 0.282563179731369,
    "chroma_9": 0.28404489159584045,
    "chroma_10": 0.4454275965690613,
    "chroma_11": 0.2678179144859314,
    "chroma_12": 0.39254140853881836,
    "spectral_contrast": 20.330999163167487,
    "spectral_flatness": 0.000700320873875171,
    "zero_crossing_rate": 0.038427554631088066
  },
  "rhythm": {
    "onset_count": 728,
    "onset_density": 4.831613886797211,
    "drum_activity": "High",
    "estimated_bars": 95,
    "seconds_per_bar": 1.5786357955666646
  },
  "sections": [
    {
      "name": "Intro",
      "start": 0.0,
      "end": 16.0,
      "avg_energy": 0.11073531210422516,
      "energy_label": "Low"
    },
    {
      "name": "Chorus / Hook",
      "start": 16.0,
      "end": 32.0,
      "avg_energy": 0.3440467119216919,
      "energy_label": "High"
    },
    {
      "name": "Verse",
      "start": 32.0,
      "end": 48.0,
      "avg_energy": 0.4531879127025604,
      "energy_label": "High"
    },
    {
      "name": "Chorus / Hook",
      "start": 48.0,
      "end": 64.0,
      "avg_energy": 0.45304739475250244,
      "energy_label": "High"
    },
    {
      "name": "Verse",
      "start": 64.0,
      "end": 80.0,
      "avg_energy": 0.38496071100234985,
      "energy_label": "High"
    },
    {
      "name": "Hook / Drop",
      "start": 80.0,
      "end": 96.0,
      "avg_energy": 0.3665628731250763,
      "energy_label": "High"
    },
    {
      "name": "Hook / Drop",
      "start": 96.0,
      "end": 112.0,
      "avg_energy": 0.4487781822681427,
      "energy_label": "High"
    },
    {
      "name": "Bridge / Breakdown",
      "start": 112.0,
      "end": 128.0,
      "avg_energy": 0.04954053834080696,
      "energy_label": "Low"
    },
    {
      "name": "Outro",
      "start": 128.0,
      "end": 150.67429166666668,
      "avg_energy": 0.03224972262978554,
      "energy_label": "Low"
    }
  ],
  "scores": {
    "mix": 81,
    "master": 81,
    "arrangement": 81,
    "release": 81,
    "energy": 7.692807595019431,
    "bass_strength": 6.188671339215402,
    "darkness": 4.508733253014014,
    "brightness": 5.491266746985986,
    "drum_bounce": 10,
    "vocal_space": 2.307679798638036
  },
  "stem_balance": null,
  "top_problems": [
    "Clipping detected: 8303 samples are near/over the limit.",
    "Mud range is elevated around 250-500 Hz.",
    "Intro may be long for short-form listener retention.",
    "Drum movement is very active; the beat could become overcrowded."
  ],
  "suggested_fixes": [
    "Lower the master/output, then use a soft clipper or limiter with safer ceiling.",
    "Gently cut 250-500 Hz on melodies, pads, or the master if the mix feels cloudy.",
    "Mute extra percussion in some sections so the hook/drop feels bigger.",
    "Consider bringing drums, 808, or a strong tag/moment in earlier."
  ],
  "artist_notes": [
    "Autotune/key starting point: A Major. Confidence: 47.2%.",
    "Beat energy: 7.7/10. Darkness: 4.5/10.",
    "Vocal space estimate: 2.3/10. Higher means easier space for vocals."
  ],
  "producer_notes": [
    "Low-end presence looks usable for the selected style.",
    "Selected style preset: rage_trap.",
    "Dominant frequency area: Sub.",
    "Drum activity is high at 4.83 hits/sec.",
    "Estimated length: 95 bars at 152 BPM."
  ],
  "master_notes": [
    "Clipping is the first thing to fix before judging the rest of the mix.",
    "Loudness is in a usable range for the selected style.",
    "Peak: 0.00 dB. RMS: -9.61 dB. Dynamic range: 9.61 dB."
  ],
  "next_steps": [
    "Lower the master/output, then use a soft clipper or limiter with safer ceiling.",
    "Gently cut 250-500 Hz on melodies, pads, or the master if the mix feels cloudy.",
    "Mute extra percussion in some sections so the hook/drop feels bigger.",
    "Fix the top 1-2 issues, export again, then re-run SoundLens."
  ]
}