{
  "basic": {
    "file_name": "Rich Amiri - HANDOUTS.wav",
    "file_path": "/Volumes/POLLY/tracks/Rich Amiri/Rich Amiri - HANDOUTS.wav",
    "sample_rate": 48000,
    "duration_seconds": 160.27733333333333,
    "bpm": 140.0,
    "key": "D Minor",
    "key_note": "D",
    "key_mode": "Minor",
    "key_confidence": 42.50108054462811
  },
  "loudness": {
    "peak_db": -0.00010561539286119766,
    "rms_db": -8.297519931574378,
    "dynamic_range_db": 8.297414316181516,
    "clipping_detected": true,
    "clipping_samples": 1278,
    "clipping_percent": 0.01661183115932384,
    "headroom_db": 0.00010561539286119766
  },
  "frequency": {
    "band_percentages": {
      "Sub": 16.460830209291196,
      "Bass / 808": 14.629658748606374,
      "Mud": 13.938757532165196,
      "Low Mids": 14.241546876922007,
      "Mids / Melody": 14.491233529985378,
      "Harsh Zone": 13.76351856630856,
      "Highs": 13.713281136749838,
      "Air": 12.52469196453375,
      "Vocal Range": 15.012366507749539
    },
    "brightness_centroid_hz": 3015.7311534353503,
    "brightness_label": "Medium",
    "spectral_rolloff_hz": 6516.225481633061,
    "dominant_band": "Sub",
    "low_end_total_percent": 31.09048895789757,
    "mid_total_percent": 42.67153793907258,
    "top_total_percent": 26.237973101283586
  },
  "fingerprint": {
    "mfcc_1": -108.3497085571289,
    "mfcc_2": -29.800750732421875,
    "mfcc_3": -7.40471887588501,
    "mfcc_4": -0.8612115383148193,
    "mfcc_5": -7.674018383026123,
    "mfcc_6": 9.829940795898438,
    "mfcc_7": -6.235987186431885,
    "mfcc_8": -1.1839566230773926,
    "mfcc_9": -0.08102677017450333,
    "mfcc_10": 7.453097820281982,
    "mfcc_11": -2.3442881107330322,
    "mfcc_12": 8.395050048828125,
    "mfcc_13": 4.75248908996582,
    "chroma_1": 0.5200809240341187,
    "chroma_2": 0.5565863847732544,
    "chroma_3": 0.6161383390426636,
    "chroma_4": 0.6064472198486328,
    "chroma_5": 0.4693962633609772,
    "chroma_6": 0.4104904234409332,
    "chroma_7": 0.28677067160606384,
    "chroma_8": 0.3375992476940155,
    "chroma_9": 0.3271113932132721,
    "chroma_10": 0.4757574200630188,
    "chroma_11": 0.3960172235965729,
    "chroma_12": 0.2580140233039856,
    "spectral_contrast": 22.685869674321516,
    "spectral_flatness": 0.01851564832031727,
    "zero_crossing_rate": 0.0655020604561726,
    "embed_mfcc_1_mean": -108.3497085571289,
    "embed_mfcc_1_std": 46.57948303222656,
    "embed_mfcc_2_mean": -29.800750732421875,
    "embed_mfcc_2_std": 32.174800872802734,
    "embed_mfcc_3_mean": -7.40471887588501,
    "embed_mfcc_3_std": 24.009246826171875,
    "embed_mfcc_4_mean": -0.8612115383148193,
    "embed_mfcc_4_std": 18.140220642089844,
    "embed_mfcc_5_mean": -7.674018383026123,
    "embed_mfcc_5_std": 15.969008445739746,
    "embed_mfcc_6_mean": 9.829940795898438,
    "embed_mfcc_6_std": 11.827279090881348,
    "embed_mfcc_7_mean": -6.235987186431885,
    "embed_mfcc_7_std": 11.523964881896973,
    "embed_mfcc_8_mean": -1.1839566230773926,
    "embed_mfcc_8_std": 11.082368850708008,
    "embed_mfcc_9_mean": -0.08102677017450333,
    "embed_mfcc_9_std": 11.255379676818848,
    "embed_mfcc_10_mean": 7.453097820281982,
    "embed_mfcc_10_std": 10.329216003417969,
    "embed_mfcc_11_mean": -2.3442881107330322,
    "embed_mfcc_11_std": 9.970521926879883,
    "embed_mfcc_12_mean": 8.395050048828125,
    "embed_mfcc_12_std": 8.884079933166504,
    "embed_mfcc_13_mean": 4.75248908996582,
    "embed_mfcc_13_std": 8.652938842773438,
    "embed_mfcc_14_mean": 5.462796688079834,
    "embed_mfcc_14_std": 8.261528015136719,
    "embed_mfcc_15_mean": 4.022440433502197,
    "embed_mfcc_15_std": 8.480470657348633,
    "embed_mfcc_16_mean": 10.21103572845459,
    "embed_mfcc_16_std": 8.215624809265137,
    "embed_mfcc_17_mean": 0.2544177770614624,
    "embed_mfcc_17_std": 8.526185989379883,
    "embed_mfcc_18_mean": 4.096246242523193,
    "embed_mfcc_18_std": 7.680482387542725,
    "embed_mfcc_19_mean": 5.631777286529541,
    "embed_mfcc_19_std": 8.048911094665527,
    "embed_mfcc_20_mean": 4.011449813842773,
    "embed_mfcc_20_std": 7.705753803253174,
    "embed_chroma_1_mean": 0.5200809240341187,
    "embed_chroma_1_std": 0.30104827880859375,
    "embed_chroma_2_mean": 0.5565863847732544,
    "embed_chroma_2_std": 0.3458290994167328,
    "embed_chroma_3_mean": 0.6161383390426636,
    "embed_chroma_3_std": 0.27293387055397034,
    "embed_chroma_4_mean": 0.6064472198486328,
    "embed_chroma_4_std": 0.311170369386673,
    "embed_chroma_5_mean": 0.4693962633609772,
    "embed_chroma_5_std": 0.24429793655872345,
    "embed_chroma_6_mean": 0.4104904234409332,
    "embed_chroma_6_std": 0.24438585340976715,
    "embed_chroma_7_mean": 0.28677067160606384,
    "embed_chroma_7_std": 0.16080260276794434,
    "embed_chroma_8_mean": 0.3375992476940155,
    "embed_chroma_8_std": 0.21945048868656158,
    "embed_chroma_9_mean": 0.3271113932132721,
    "embed_chroma_9_std": 0.21160636842250824,
    "embed_chroma_10_mean": 0.4757574200630188,
    "embed_chroma_10_std": 0.29620376229286194,
    "embed_chroma_11_mean": 0.3960172235965729,
    "embed_chroma_11_std": 0.2527514696121216,
    "embed_chroma_12_mean": 0.2580140233039856,
    "embed_chroma_12_std": 0.1522367298603058,
    "embed_contrast_1_mean": 22.074321746826172,
    "embed_contrast_1_std": 5.035712718963623,
    "embed_contrast_2_mean": 13.727880477905273,
    "embed_contrast_2_std": 3.9825587272644043,
    "embed_contrast_3_mean": 18.492868423461914,
    "embed_contrast_3_std": 4.013732433319092,
    "embed_contrast_4_mean": 18.351070404052734,
    "embed_contrast_4_std": 3.572237968444824,
    "embed_contrast_5_mean": 19.448318481445312,
    "embed_contrast_5_std": 3.836832046508789,
    "embed_contrast_6_mean": 18.106698989868164,
    "embed_contrast_6_std": 3.270904302597046,
    "embed_contrast_7_mean": 48.59992980957031,
    "embed_contrast_7_std": 3.2756431102752686,
    "embed_chroma_entropy": 2.448826789855957,
    "embed_centroid_mean": 2713.184046016338,
    "embed_centroid_std": 929.6884947040268,
    "embed_rolloff_mean": 6072.398697702508,
    "embed_rolloff_std": 1783.491532249125,
    "embed_flatness_mean": 0.01851564832031727,
    "embed_flatness_std": 0.027798276394605637,
    "embed_zcr_mean": 0.0655020604561726,
    "embed_zcr_std": 0.05994026081695445,
    "embed_rms_mean": 0.3557344675064087,
    "embed_rms_std": 0.12297801673412323,
    "embed_onset_mean": 1.6009495258331299,
    "embed_onset_std": 1.3890081644058228,
    "fingerprint_version": 2.0,
    "fingerprint_duration_seconds": 160.27736961451248,
    "embed_mfcc_delta_mean": 0.0005275401053950191,
    "embed_mfcc_delta_std": 2.9095375537872314,
    "embed_chroma_delta_mean": -8.480052201775834e-05,
    "embed_chroma_delta_std": 0.022316904738545418,
    "embed_onset_peak": 12.088887214660645,
    "embed_onset_p95": 4.362407684326172,
    "embed_rms_p10": 0.14791902899742126,
    "embed_rms_p50": 0.4096505343914032,
    "embed_rms_p90": 0.47327885031700134,
    "embedding_nonzero_count": 100.0
  },
  "rhythm": {
    "onset_count": 728,
    "onset_density": 4.5421269799015045,
    "drum_activity": "High",
    "estimated_bars": 93,
    "seconds_per_bar": 1.7142857142857142
  },
  "sections": [
    {
      "name": "Intro",
      "start": 0.0,
      "end": 16.0,
      "avg_energy": 0.21308714151382446,
      "energy_label": "Low"
    },
    {
      "name": "Chorus / Hook",
      "start": 16.0,
      "end": 32.0,
      "avg_energy": 0.42699486017227173,
      "energy_label": "Medium"
    },
    {
      "name": "Verse",
      "start": 32.0,
      "end": 48.0,
      "avg_energy": 0.4318610727787018,
      "energy_label": "High"
    },
    {
      "name": "Chorus / Hook",
      "start": 48.0,
      "end": 64.0,
      "avg_energy": 0.40409114956855774,
      "energy_label": "Medium"
    },
    {
      "name": "Verse",
      "start": 64.0,
      "end": 80.0,
      "avg_energy": 0.339955598115921,