{
  "basic": {
    "file_name": "Rich Amiri - PAPER BACK TAGS.wav",
    "file_path": "/Users/jayden/SoundLens/tracks/Rich Amiri/Rich Amiri - PAPER BACK TAGS.wav",
    "sample_rate": 48000,
    "duration_seconds": 143.9405,
    "bpm": 119.68,
    "key": "E Minor",
    "key_note": "E",
    "key_mode": "Minor",
    "key_confidence": 47.357188997254376
  },
  "loudness": {
    "peak_db": 0.00013874768202671626,
    "rms_db": -10.390360928337468,
    "dynamic_range_db": 10.390499676019495,
    "clipping_detected": true,
    "clipping_samples": 2991,
    "clipping_percent": 0.04329045682070022,
    "headroom_db": -0.00013874768202671626
  },
  "frequency": {
    "band_percentages": {
      "Sub": 16.438794611017194,
      "Bass / 808": 14.550943500726495,
      "Mud": 14.504740650232002,
      "Low Mids": 14.540005004576265,
      "Mids / Melody": 14.556231954293722,
      "Harsh Zone": 13.604575077609635,
      "Highs": 13.530278817019765,
      "Air": 11.87900546033763,
      "Vocal Range": 15.345738435398484
    },
    "brightness_centroid_hz": 2710.009488123561,
    "brightness_label": "Medium",
    "spectral_rolloff_hz": 5415.861777510189,
    "dominant_band": "Sub",
    "low_end_total_percent": 30.98973811174369,
    "mid_total_percent": 43.60097760910199,
    "top_total_percent": 25.409284277357393
  },
  "fingerprint": {
    "mfcc_1": -157.54013061523438,
    "mfcc_2": 134.18199157714844,
    "mfcc_3": -15.122594833374023,
    "mfcc_4": 36.851417541503906,
    "mfcc_5": -15.446537971496582,
    "mfcc_6": 10.393719673156738,
    "mfcc_7": 3.3540565967559814,
    "mfcc_8": 4.5594964027404785,
    "mfcc_9": -9.63086986541748,
    "mfcc_10": -4.211584568023682,
    "mfcc_11": 0.11851032823324203,
    "mfcc_12": -0.35732778906822205,
    "mfcc_13": -2.1365480422973633,
    "chroma_1": 0.3950159549713135,
    "chroma_2": 0.3226113021373749,
    "chroma_3": 0.39601942896842957,
    "chroma_4": 0.37036773562431335,
    "chroma_5": 0.6631292700767517,
    "chroma_6": 0.5411608815193176,
    "chroma_7": 0.3386162519454956,
    "chroma_8": 0.40194016695022583,
    "chroma_9": 0.298767626285553,
    "chroma_10": 0.4487292170524597,
    "chroma_11": 0.32123667001724243,
    "chroma_12": 0.36986809968948364,
    "spectral_contrast": 20.647024229795104,
    "spectral_flatness": 0.00089353317162022,
    "zero_crossing_rate": 0.05431930807706558
  },
  "rhythm": {
    "onset_count": 837,
    "onset_density": 5.814902685484628,
    "drum_activity": "High",
    "estimated_bars": 72,
    "seconds_per_bar": 2.0053475935828877
  },
  "sections": [
    {
      "name": "Intro",
      "start": 0.0,
      "end": 16.0427807486631,
      "avg_energy": 0.09946589916944504,
      "energy_label": "Low"
    },
    {
      "name": "Chorus / Hook",
      "start": 16.0427807486631,
      "end": 32.0855614973262,
      "avg_energy": 0.39097458124160767,
      "energy_label": "High"
    },
    {
      "name": "Verse",
      "start": 32.0855614973262,
      "end": 48.1283422459893,
      "avg_energy": 0.38134148716926575,
      "energy_label": "High"
    },
    {
      "name": "Chorus / Hook",
      "start": 48.1283422459893,
      "end": 64.1711229946524,
      "avg_energy": 0.27930572628974915,
      "energy_label": "Medium"
    },
    {
      "name": "Verse",
      "start": 64.1711229946524,
      "end": 80.21390374331551,
      "avg_energy": 0.2625870406627655,
      "energy_label": "Medium"
    },
    {
      "name": "Bridge / Breakdown",
      "start": 80.21390374331551,
      "end": 96.25668449197862,
      "avg_energy": 0.16680029034614563,
      "energy_label": "Low"
    },
    {
      "name": "Hook / Drop",
      "start": 96.25668449197862,
      "end": 112.29946524064172,
      "avg_energy": 0.38998013734817505,
      "energy_label": "High"
    },
    {
      "name": "Outro",
      "start": 112.29946524064172,
      "end": 143.9405,
      "avg_energy": 0.3063121438026428,
      "energy_label": "Medium"
    }
  ],
  "scores": {
    "mix": 86,
    "master": 86,
    "arrangement": 75,
    "release": 83,
    "energy": 7.304819535831266,
    "bass_strength": 6.197947622348738,
    "darkness": 4.579981023752878,
    "brightness": 5.420018976247122,
    "drum_bounce": 10,
    "vocal_space": 2.120960167824876
  },
  "stem_balance": null,
  "top_problems": [
    "Clipping detected: 2991 samples are near/over the limit.",
    "Mud range is elevated around 250-500 Hz.",
    "Drum movement is very active; the beat could become overcrowded.",
    "Hook/verse contrast looks low, but arrangement detection is still an estimate."
  ],
  "suggested_fixes": [
    "Lower the master/output, then use a soft clipper or limiter with safer ceiling.",
    "Gently cut 250-500 Hz on melodies, pads, or the master if the mix feels cloudy.",
    "Mute extra percussion in some sections so the hook/drop feels bigger.",
    "Check the waveform/sections by ear. If the hook feels flat, add contrast with melody layers, drum changes, or vocal energy."
  ],
  "artist_notes": [
    "Autotune/key starting point: E Minor. Confidence: 47.4%.",
    "Beat energy: 7.3/10. Darkness: 4.6/10.",
    "Vocal space estimate: 2.1/10. Higher means easier space for vocals."
  ],
  "producer_notes": [
    "Low-end presence looks usable for the selected style.",
    "Selected style preset: rage_trap.",
    "Dominant frequency area: Sub.",
    "Drum activity is high at 5.81 hits/sec.",
    "Estimated length: 72 bars at 120 BPM."
  ],
  "master_notes": [
    "Clipping is the first thing to fix before judging the rest of the mix.",
    "Loudness is in a usable range for the selected style.",
    "Peak: 0.00 dB. RMS: -10.39 dB. Dynamic range: 10.39 dB."
  ],
  "next_steps": [
    "Lower the master/output, then use a soft clipper or limiter with safer ceiling.",
    "Gently cut 250-500 Hz on melodies, pads, or the master if the mix feels cloudy.",
    "Mute extra percussion in some sections so the hook/drop feels bigger.",
    "Fix the top 1-2 issues, export again, then re-run SoundLens."
  ]
}