{
  "basic": {
    "file_name": "Rich Amiri - Punt.wav",
    "file_path": "/Users/jayden/SoundLens/tracks/Rich Amiri/Rich Amiri - Punt.wav",
    "sample_rate": 48000,
    "duration_seconds": 129.06666666666666,
    "bpm": 133.93,
    "key": "D# Minor",
    "key_note": "D#",
    "key_mode": "Minor",
    "key_confidence": 48.59386290552527
  },
  "loudness": {
    "peak_db": -1.1755717310375766,
    "rms_db": -12.228098718878737,
    "dynamic_range_db": 11.05252698784116,
    "clipping_detected": false,
    "clipping_samples": 0,
    "clipping_percent": 0.0,
    "headroom_db": 1.1755717310375766
  },
  "frequency": {
    "band_percentages": {
      "Sub": 16.403904029473598,
      "Bass / 808": 14.030119000157573,
      "Mud": 14.82256237921266,
      "Low Mids": 14.90858141117713,
      "Mids / Melody": 14.603310484456456,
      "Harsh Zone": 13.448410631882265,
      "Highs": 13.28751659863531,
      "Air": 11.94400609504154,
      "Vocal Range": 15.59111148493138
    },
    "brightness_centroid_hz": 2002.671892312706,
    "brightness_label": "Medium",
    "spectral_rolloff_hz": 4258.261197421701,
    "dominant_band": "Sub",
    "low_end_total_percent": 30.43402302963117,
    "mid_total_percent": 44.334454274846244,
    "top_total_percent": 25.23152269367685
  },
  "fingerprint": {
    "mfcc_1": -185.03611755371094,
    "mfcc_2": 140.8515167236328,
    "mfcc_3": -6.698229789733887,
    "mfcc_4": 36.389808654785156,
    "mfcc_5": -13.60021686553955,
    "mfcc_6": 14.904589653015137,
    "mfcc_7": 1.2282813787460327,
    "mfcc_8": 2.7678606510162354,
    "mfcc_9": -7.0561628341674805,
    "mfcc_10": -1.6247847080230713,
    "mfcc_11": 1.2142964601516724,
    "mfcc_12": -1.6622178554534912,
    "mfcc_13": -0.20175985991954803,
    "chroma_1": 0.15472595393657684,
    "chroma_2": 0.26846393942832947,
    "chroma_3": 0.5621910095214844,
    "chroma_4": 0.6553078293800354,
    "chroma_5": 0.4266575276851654,
    "chroma_6": 0.23798780143260956,
    "chroma_7": 0.30568572878837585,
    "chroma_8": 0.16903641819953918,
    "chroma_9": 0.20406052470207214,
    "chroma_10": 0.2342066913843155,
    "chroma_11": 0.1539519727230072,
    "chroma_12": 0.23400042951107025,
    "spectral_contrast": 19.401765716632642,
    "spectral_flatness": 0.0003074448322877288,
    "zero_crossing_rate": 0.03395949488936865
  },
  "rhythm": {
    "onset_count": 753,
    "onset_density": 5.8341942148760335,
    "drum_activity": "High",
    "estimated_bars": 72,
    "seconds_per_bar": 1.7919808855372208
  },
  "sections": [
    {
      "name": "Intro",
      "start": 0.0,
      "end": 16.0,
      "avg_energy": 0.267682284116745,
      "energy_label": "Medium"
    },
    {
      "name": "Chorus / Hook",
      "start": 16.0,
      "end": 32.0,
      "avg_energy": 0.2421693354845047,
      "energy_label": "Medium"
    },
    {
      "name": "Verse",
      "start": 32.0,
      "end": 48.0,
      "avg_energy": 0.25026968121528625,
      "energy_label": "Medium"
    },
    {
      "name": "Chorus / Hook",
      "start": 48.0,
      "end": 64.0,
      "avg_energy": 0.2540622055530548,
      "energy_label": "Medium"
    },
    {
      "name": "Verse",
      "start": 64.0,
      "end": 80.0,
      "avg_energy": 0.25497835874557495,
      "energy_label": "Medium"
    },
    {
      "name": "Hook / Drop",
      "start": 80.0,
      "end": 96.0,
      "avg_energy": 0.2699231207370758,
      "energy_label": "High"
    },
    {
      "name": "Hook / Drop",
      "start": 96.0,
      "end": 112.0,
      "avg_energy": 0.29401832818984985,
      "energy_label": "High"
    },
    {
      "name": "Outro",
      "start": 112.0,
      "end": 129.06666666666666,
      "avg_energy": 0.032526303082704544,
      "energy_label": "Low"
    }
  ],
  "scores": {
    "mix": 94,
    "master": 94,
    "arrangement": 81,
    "release": 90,
    "energy": 6.385950640560631,
    "bass_strength": 6.086804605926234,
    "darkness": 5.994656215374588,
    "brightness": 4.005343784625412,
    "drum_bounce": 10,
    "vocal_space": 1.9411777038610598
  },
  "stem_balance": null,
  "top_problems": [
    "Mud range is elevated around 250-500 Hz.",
    "Intro may be long for short-form listener retention.",
    "Drum movement is very active; the beat could become overcrowded."
  ],
  "suggested_fixes": [
    "Gently cut 250-500 Hz on melodies, pads, or the master if the mix feels cloudy.",
    "Mute extra percussion in some sections so the hook/drop feels bigger.",
    "Consider bringing drums, 808, or a strong tag/moment in earlier."
  ],
  "artist_notes": [
    "Autotune/key starting point: D# Minor. Confidence: 48.6%.",
    "Beat energy: 6.4/10. Darkness: 6.0/10.",
    "Vocal space estimate: 1.9/10. Higher means easier space for vocals."
  ],
  "producer_notes": [
    "Low-end presence looks usable for the selected style.",
    "Selected style preset: rage_trap.",
    "Dominant frequency area: Sub.",
    "Drum activity is high at 5.83 hits/sec.",
    "Estimated length: 72 bars at 134 BPM."
  ],
  "master_notes": [
    "No obvious clipping problem detected.",
    "Loudness is in a usable range for the selected style.",
    "Peak: -1.18 dB. RMS: -12.23 dB. Dynamic range: 11.05 dB."
  ],
  "next_steps": [
    "Gently cut 250-500 Hz on melodies, pads, or the master if the mix feels cloudy.",
    "Mute extra percussion in some sections so the hook/drop feels bigger.",
    "Consider bringing drums, 808, or a strong tag/moment in earlier.",
    "This is close. Only make small changes unless you hear a clear problem."
  ]
}