{
  "basic": {
    "file_name": "Rich Amiri - DONT MAKE ME.wav",
    "file_path": "/Volumes/POLLY/tracks/Rich Amiri/Rich Amiri - DONT MAKE ME.wav",
    "sample_rate": 48000,
    "duration_seconds": 131.43466666666666,
    "bpm": 140.0,
    "key": "C# Minor",
    "key_note": "C#",
    "key_mode": "Minor",
    "key_confidence": 43.46667957858091
  },
  "loudness": {
    "peak_db": 0.0011275195949930993,
    "rms_db": -6.235820503782296,
    "dynamic_range_db": 6.236948023377289,
    "clipping_detected": true,
    "clipping_samples": 27088,
    "clipping_percent": 0.42936414543093654,
    "headroom_db": -0.0011275195949930993
  },
  "frequency": {
    "band_percentages": {
      "Sub": 16.384674984722743,
      "Bass / 808": 14.66854565354216,
      "Mud": 14.118374717205572,
      "Low Mids": 14.137894042457253,
      "Mids / Melody": 13.987452333929271,
      "Harsh Zone": 13.213195848471779,
      "Highs": 13.80901679329926,
      "Air": 12.894041473129258,
      "Vocal Range": 14.86789031892661
    },
    "brightness_centroid_hz": 4110.631917328902,
    "brightness_label": "High",
    "spectral_rolloff_hz": 9314.244705023128,
    "dominant_band": "Sub",
    "low_end_total_percent": 31.053220638264904,
    "mid_total_percent": 42.24372109359209,
    "top_total_percent": 26.70305826642852
  },
  "fingerprint": {
    "mfcc_1": -91.91439819335938,
    "mfcc_2": -33.985652923583984,
    "mfcc_3": 11.14753246307373,
    "mfcc_4": -11.983697891235352,
    "mfcc_5": -4.409498691558838,
    "mfcc_6": 6.281641483306885,
    "mfcc_7": -3.007009267807007,
    "mfcc_8": -5.103236675262451,
    "mfcc_9": -1.4504568576812744,
    "mfcc_10": 7.797245502471924,
    "mfcc_11": -5.243118762969971,
    "mfcc_12": 4.274642467498779,
    "mfcc_13": 3.075479030609131,
    "chroma_1": 0.2761005461215973,
    "chroma_2": 0.829971432685852,
    "chroma_3": 0.49879300594329834,
    "chroma_4": 0.39266493916511536,
    "chroma_5": 0.31339022517204285,
    "chroma_6": 0.2523424029350281,
    "chroma_7": 0.24187873303890228,
    "chroma_8": 0.19953306019306183,
    "chroma_9": 0.29322612285614014,
    "chroma_10": 0.1924581378698349,
    "chroma_11": 0.15260249376296997,
    "chroma_12": 0.182219997048378,
    "spectral_contrast": 22.370848471825497,
    "spectral_flatness": 0.024613359943032265,
    "zero_crossing_rate": 0.08046342123403638,
    "embed_mfcc_1_mean": -91.91439819335938,
    "embed_mfcc_1_std": 34.084896087646484,
    "embed_mfcc_2_mean": -33.985652923583984,
    "embed_mfcc_2_std": 26.537851333618164,
    "embed_mfcc_3_mean": 11.14753246307373,
    "embed_mfcc_3_std": 25.03526496887207,
    "embed_mfcc_4_mean": -11.983697891235352,
    "embed_mfcc_4_std": 17.187374114990234,
    "embed_mfcc_5_mean": -4.409498691558838,
    "embed_mfcc_5_std": 15.151626586914062,
    "embed_mfcc_6_mean": 6.281641483306885,
    "embed_mfcc_6_std": 12.901350021362305,
    "embed_mfcc_7_mean": -3.007009267807007,
    "embed_mfcc_7_std": 11.853318214416504,
    "embed_mfcc_8_mean": -5.103236675262451,
    "embed_mfcc_8_std": 15.200129508972168,
    "embed_mfcc_9_mean": -1.4504568576812744,
    "embed_mfcc_9_std": 10.980867385864258,
    "embed_mfcc_10_mean": 7.797245502471924,
    "embed_mfcc_10_std": 12.69828987121582,
    "embed_mfcc_11_mean": -5.243118762969971,
    "embed_mfcc_11_std": 11.517557144165039,
    "embed_mfcc_12_mean": 4.274642467498779,
    "embed_mfcc_12_std": 10.872538566589355,
    "embed_mfcc_13_mean": 3.075479030609131,
    "embed_mfcc_13_std": 9.411856651306152,
    "embed_mfcc_14_mean": 5.637260913848877,
    "embed_mfcc_14_std": 8.874104499816895,
    "embed_mfcc_15_mean": -0.11263688653707504,
    "embed_mfcc_15_std": 7.3355393409729,
    "embed_mfcc_16_mean": 9.756457328796387,
    "embed_mfcc_16_std": 7.457154750823975,
    "embed_mfcc_17_mean": 3.2864511013031006,
    "embed_mfcc_17_std": 6.9021430015563965,
    "embed_mfcc_18_mean": -0.10651504248380661,
    "embed_mfcc_18_std": 7.685947895050049,
    "embed_mfcc_19_mean": 4.06918478012085,
    "embed_mfcc_19_std": 6.4681830406188965,
    "embed_mfcc_20_mean": 3.9571585655212402,
    "embed_mfcc_20_std": 6.4806809425354,
    "embed_chroma_1_mean": 0.2761005461215973,
    "embed_chroma_1_std": 0.16263367235660553,
    "embed_chroma_2_mean": 0.829971432685852,
    "embed_chroma_2_std": 0.26658251881599426,
    "embed_chroma_3_mean": 0.49879300594329834,
    "embed_chroma_3_std": 0.31448283791542053,
    "embed_chroma_4_mean": 0.39266493916511536,
    "embed_chroma_4_std": 0.2941534221172333,
    "embed_chroma_5_mean": 0.31339022517204285,
    "embed_chroma_5_std": 0.2258002609014511,
    "embed_chroma_6_mean": 0.2523424029350281,
    "embed_chroma_6_std": 0.17425671219825745,
    "embed_chroma_7_mean": 0.24187873303890228,
    "embed_chroma_7_std": 0.19368688762187958,
    "embed_chroma_8_mean": 0.19953306019306183,
    "embed_chroma_8_std": 0.14556744694709778,
    "embed_chroma_9_mean": 0.29322612285614014,
    "embed_chroma_9_std": 0.1886729598045349,
    "embed_chroma_10_mean": 0.1924581378698349,
    "embed_chroma_10_std": 0.14217062294483185,
    "embed_chroma_11_mean": 0.15260249376296997,
    "embed_chroma_11_std": 0.1240108534693718,
    "embed_chroma_12_mean": 0.182219997048378,
    "embed_chroma_12_std": 0.18606457114219666,
    "embed_contrast_1_mean": 19.338069915771484,
    "embed_contrast_1_std": 4.770685195922852,
    "embed_contrast_2_mean": 14.483631134033203,
    "embed_contrast_2_std": 4.2959370613098145,
    "embed_contrast_3_mean": 19.601966857910156,
    "embed_contrast_3_std": 4.097848415374756,
    "embed_contrast_4_mean": 18.48755645751953,
    "embed_contrast_4_std": 3.526681661605835,
    "embed_contrast_5_mean": 19.568836212158203,
    "embed_contrast_5_std": 3.3545706272125244,
    "embed_contrast_6_mean": 18.032960891723633,
    "embed_contrast_6_std": 2.9822802543640137,
    "embed_contrast_7_mean": 47.08292007446289,
    "embed_contrast_7_std": 3.0973987579345703,
    "embed_chroma_entropy": 2.3543736934661865,
    "embed_centroid_mean": 3058.1968088981057,
    "embed_centroid_std": 932.6501466572031,
    "embed_rolloff_mean": 7082.28217440862,
    "embed_rolloff_std": 1476.634880939093,
    "embed_flatness_mean": 0.024613359943032265,
    "embed_flatness_std": 0.03484494611620903,
    "embed_zcr_mean": 0.08046342123403638,
    "embed_zcr_std": 0.07381946248029655,
    "embed_rms_mean": 0.3861220180988312,
    "embed_rms_std": 0.12519606947898865,
    "embed_onset_mean": 1.4756311178207397,
    "embed_onset_std": 1.2897080183029175,
    "fingerprint_version": 2.0,
    "fingerprint_duration_seconds": 131.434693877551,
    "embed_mfcc_delta_mean": 0.00010992109309881926,
    "embed_mfcc_delta_std": 2.6926498413085938,
    "embed_chroma_delta_mean": 2.878535451600328e-05,
    "embed_chroma_delta_std": 0.02190237306058407,
    "embed_onset_peak": 10.576727867126465,
    "embed_onset_p95": 4.16328239440918,
    "embed_rms_p10": 0.17810995876789093,
    "embed_rms_p50": 0.42986059188842773,
    "embed_rms_p90": 0.5105618834495544,
    "embedding_nonzero_count": 100.0
  },
  "rhythm": {
    "onset_count": 831,
    "onset_density": 6.322532868040903,
    "drum_activity": "High",
    "estimated_bars": 77,
    "seconds_per_bar": 1.7142857142857142
  },
  "sections": [
    {
      "name": "Intro",
      "start": 0.0,
      "end": 16.0,
      "avg_energy": 0.4977177679538727,
      "energy_label": "Medium"
    },
    {
      "name": "Chorus / Hook",
      "start": 16.0,
      "end": 32.0,
      "avg_energy": 0.5020256638526917,
      "energy_label": "Medium"
    },
    {
      "name": "Verse",
      "start": 32.0,
      "end": 48.0,
      "avg_energy": 0.5074539184570312,
      "energy_label": "Medium"
    },
    {
      "name": "Chorus / Hook",
      "start": 48.0,
      "end": 64.0,
      "avg_energy": 0.49737265706062317,
      "energy_label": "Medium"
    },
    {
      "name": "Verse",
      "start": 64.0,
      "end": 80.0,
      "avg_energy": 0.4102548360824585,