{
  "basic": {
    "file_name": "Eem Triplin - IF YOU GO.wav",
    "file_path": "/Users/jayden/SoundLens/tracks/Eem Triplin/Eem Triplin - IF YOU GO.wav",
    "sample_rate": 48000,
    "duration_seconds": 131.7268125,
    "bpm": 140.62,
    "key": "C# Major",
    "key_note": "C#",
    "key_mode": "Major",
    "key_confidence": 46.3481190619267
  },
  "loudness": {
    "peak_db": 0.00034168806104672295,
    "rms_db": -11.482236452485573,
    "dynamic_range_db": 11.48257814054662,
    "clipping_detected": true,
    "clipping_samples": 401,
    "clipping_percent": 0.006342039641069024,
    "headroom_db": -0.00034168806104672295
  },
  "frequency": {
    "band_percentages": {
      "Sub": 15.697091160556537,
      "Bass / 808": 14.937229363889948,
      "Mud": 14.850424992036833,
      "Low Mids": 14.1120059621547,
      "Mids / Melody": 13.504274569624602,
      "Harsh Zone": 12.617213809476702,
      "Highs": 13.27141172929395,
      "Air": 13.627562220667212,
      "Vocal Range": 15.062930035534086
    },
    "brightness_centroid_hz": 3545.356126780061,
    "brightness_label": "High",
    "spectral_rolloff_hz": 7559.115637651822,
    "dominant_band": "Sub",
    "low_end_total_percent": 30.634320524446487,
    "mid_total_percent": 42.46670552381613,
    "top_total_percent": 26.89897394996116
  },
  "fingerprint": {
    "mfcc_1": -174.1036834716797,
    "mfcc_2": 137.62258911132812,
    "mfcc_3": 40.406089782714844,
    "mfcc_4": 33.21352767944336,
    "mfcc_5": 0.36150145530700684,
    "mfcc_6": 29.925283432006836,
    "mfcc_7": -29.98516273498535,
    "mfcc_8": 24.747690200805664,
    "mfcc_9": -1.301921010017395,
    "mfcc_10": -7.714860916137695,
    "mfcc_11": -0.8072397708892822,
    "mfcc_12": -1.170729637145996,
    "mfcc_13": -6.250946521759033,
    "chroma_1": 0.2885414659976959,
    "chroma_2": 0.6302679777145386,
    "chroma_3": 0.4625917673110962,
    "chroma_4": 0.43450990319252014,
    "chroma_5": 0.38605859875679016,
    "chroma_6": 0.46755093336105347,
    "chroma_7": 0.4140988886356354,
    "chroma_8": 0.2838910222053528,
    "chroma_9": 0.4046899378299713,
    "chroma_10": 0.302979975938797,
    "chroma_11": 0.28298419713974,
    "chroma_12": 0.3122677206993103,
    "spectral_contrast": 21.00734903879307,
    "spectral_flatness": 0.000530953286215663,
    "zero_crossing_rate": 0.07456264233299595
  },
  "rhythm": {
    "onset_count": 523,
    "onset_density": 3.97033823315204,
    "drum_activity": "High",
    "estimated_bars": 77,
    "seconds_per_bar": 1.7067273503057887
  },
  "sections": [
    {
      "name": "Section 1",
      "start": 0.0,
      "end": 13.65381880244631,
      "avg_energy": 0.1761748492717743,
      "energy_label": "Low"
    },
    {
      "name": "Section 2",
      "start": 13.65381880244631,
      "end": 27.30763760489262,
      "avg_energy": 0.26807382702827454,
      "energy_label": "Medium"
    },
    {
      "name": "Section 3",
      "start": 27.30763760489262,
      "end": 40.96145640733893,
      "avg_energy": 0.2908687889575958,
      "energy_label": "Medium"
    },
    {
      "name": "Section 4",
      "start": 40.96145640733893,
      "end": 54.61527520978524,
      "avg_energy": 0.30155715346336365,
      "energy_label": "High"
    },
    {
      "name": "Section 5",
      "start": 54.61527520978524,
      "end": 68.26909401223155,
      "avg_energy": 0.3131943941116333,
      "energy_label": "High"
    },
    {
      "name": "Section 6",
      "start": 68.26909401223155,
      "end": 81.92291281467786,
      "avg_energy": 0.3015010952949524,
      "energy_label": "High"
    },
    {
      "name": "Section 7",
      "start": 81.92291281467786,
      "end": 95.57673161712417,
      "avg_energy": 0.2820252776145935,
      "energy_label": "Medium"
    },
    {
      "name": "Section 8",
      "start": 95.57673161712417,
      "end": 109.23055041957048,
      "avg_energy": 0.23072339594364166,
      "energy_label": "Low"
    },
    {
      "name": "Section 9",
      "start": 109.23055041957048,
      "end": 122.88436922201679,
      "avg_energy": 0.23323656618595123,
      "energy_label": "Medium"
    },
    {
      "name": "Section 10",
      "start": 122.88436922201679,
      "end": 131.7268125,
      "avg_energy": 0.21946081519126892,
      "energy_label": "Low"
    }
  ],
  "scores": {
    "mix": 86,
    "master": 86,
    "arrangement": 81,
    "release": 84,
    "energy": 6.7588817737572136,
    "bass_strength": 6.126864104889298,
    "darkness": 2.909287746439878,
    "brightness": 7.090712253560122,
    "drum_bounce": 9.9258455828801,
    "vocal_space": 2.0438291514488807
  },
  "stem_balance": null,
  "top_problems": [
    "Clipping detected: 401 samples are near/over the limit.",
    "Mud range is elevated around 250-500 Hz.",
    "Drum movement is very active; the beat could become overcrowded."
  ],
  "suggested_fixes": [
    "Lower the master/output, then use a soft clipper or limiter with safer ceiling.",
    "Gently cut 250-500 Hz on melodies, pads, or the master if the mix feels cloudy.",
    "Mute extra percussion in some sections so the hook/drop feels bigger."
  ],
  "artist_notes": [
    "Autotune/key starting point: C# Major. Confidence: 46.3%.",
    "Beat energy: 6.8/10. Darkness: 2.9/10.",
    "Vocal space estimate: 2.0/10. Higher means easier space for vocals."
  ],
  "producer_notes": [
    "Low-end presence looks usable for the selected style.",
    "Selected style preset: rage_trap.",
    "Dominant frequency area: Sub.",
    "Drum activity is high at 3.97 hits/sec.",
    "Estimated length: 77 bars at 141 BPM."
  ],
  "master_notes": [
    "Clipping is the first thing to fix before judging the rest of the mix.",
    "Loudness is in a usable range for the selected style.",
    "Peak: 0.00 dB. RMS: -11.48 dB. Dynamic range: 11.48 dB."
  ],
  "next_steps": [
    "Lower the master/output, then use a soft clipper or limiter with safer ceiling.",
    "Gently cut 250-500 Hz on melodies, pads, or the master if the mix feels cloudy.",
    "Mute extra percussion in some sections so the hook/drop feels bigger.",
    "Fix the top 1-2 issues, export again, then re-run SoundLens."
  ]
}