{
  "basic": {
    "file_name": "Yung Fazo - B4U.wav",
    "file_path": "/Users/jayden/SoundLens/tracks/Yung Fazo/Yung Fazo - B4U.wav",
    "sample_rate": 48000,
    "duration_seconds": 193.2596875,
    "bpm": 148.03,
    "key": "D# Minor",
    "key_note": "D#",
    "key_mode": "Minor",
    "key_confidence": 47.29908254160092
  },
  "loudness": {
    "peak_db": 0.00012011006255721704,
    "rms_db": -8.274962539733567,
    "dynamic_range_db": 8.275082649796124,
    "clipping_detected": true,
    "clipping_samples": 13572,
    "clipping_percent": 0.14630573176312311,
    "headroom_db": -0.00012011006255721704
  },
  "frequency": {
    "band_percentages": {
      "Sub": 15.983157286566826,
      "Bass / 808": 14.507838352666885,
      "Mud": 13.893457826454064,
      "Low Mids": 14.367793398645068,
      "Mids / Melody": 14.274304948403538,
      "Harsh Zone": 13.552713783661613,
      "Highs": 13.624333100573061,
      "Air": 13.349115085000948,
      "Vocal Range": 14.945117893381916
    },
    "brightness_centroid_hz": 5052.318847504906,
    "brightness_label": "High",
    "spectral_rolloff_hz": 11046.906475936861,
    "dominant_band": "Sub",
    "low_end_total_percent": 30.49099563923371,
    "mid_total_percent": 42.53555617350267,
    "top_total_percent": 26.973448185574007
  },
  "fingerprint": {
    "mfcc_1": -46.873573303222656,
    "mfcc_2": 98.6170425415039,
    "mfcc_3": -24.190914154052734,
    "mfcc_4": 39.616024017333984,
    "mfcc_5": -33.89414978027344,
    "mfcc_6": 33.030025482177734,
    "mfcc_7": -24.180683135986328,
    "mfcc_8": 21.214981079101562,
    "mfcc_9": -12.991647720336914,
    "mfcc_10": 14.637417793273926,
    "mfcc_11": -8.426154136657715,
    "mfcc_12": 6.05098819732666,
    "mfcc_13": -3.703981399536133,
    "chroma_1": 0.22919774055480957,
    "chroma_2": 0.3412564694881439,
    "chroma_3": 0.2820141911506653,
    "chroma_4": 0.6130280494689941,
    "chroma_5": 0.6371952295303345,
    "chroma_6": 0.4015737771987915,
    "chroma_7": 0.4128436744213104,
    "chroma_8": 0.2691958546638489,
    "chroma_9": 0.35218507051467896,
    "chroma_10": 0.22069613635540009,
    "chroma_11": 0.3560267984867096,
    "chroma_12": 0.3625760078430176,
    "spectral_contrast": 18.955127615389912,
    "spectral_flatness": 0.003111779922619462,
    "zero_crossing_rate": 0.10140997105938518
  },
  "rhythm": {
    "onset_count": 337,
    "onset_density": 1.7437676959919537,
    "drum_activity": "Medium",
    "estimated_bars": 119,
    "seconds_per_bar": 1.621292981152469
  },
  "sections": [
    {
      "name": "Intro",
      "start": 0.0,
      "end": 16.0,
      "avg_energy": 0.12045947462320328,
      "energy_label": "Low"
    },
    {
      "name": "Chorus / Hook",
      "start": 16.0,
      "end": 32.0,
      "avg_energy": 0.35630351305007935,
      "energy_label": "Medium"
    },
    {
      "name": "Verse",
      "start": 32.0,
      "end": 48.0,
      "avg_energy": 0.5503208041191101,
      "energy_label": "High"
    },
    {
      "name": "Chorus / Hook",
      "start": 48.0,
      "end": 64.0,
      "avg_energy": 0.42645177245140076,
      "energy_label": "High"
    },
    {
      "name": "Verse",
      "start": 64.0,
      "end": 80.0,
      "avg_energy": 0.5301834940910339,
      "energy_label": "High"
    },
    {
      "name": "Hook / Drop",
      "start": 80.0,
      "end": 96.0,
      "avg_energy": 0.456635057926178,
      "energy_label": "High"
    },
    {
      "name": "Bridge / Breakdown",
      "start": 96.0,
      "end": 112.0,
      "avg_energy": 0.27861618995666504,
      "energy_label": "Low"
    },
    {
      "name": "Verse",
      "start": 112.0,
      "end": 128.0,
      "avg_energy": 0.30088701844215393,
      "energy_label": "Medium"
    },
    {
      "name": "Hook / Drop",
      "start": 128.0,
      "end": 144.0,
      "avg_energy": 0.537102997303009,
      "energy_label": "High"
    },
    {
      "name": "Hook / Drop",
      "start": 144.0,
      "end": 160.0,
      "avg_energy": 0.4476875364780426,
      "energy_label": "High"
    },
    {
      "name": "Bridge / Breakdown",
      "start": 160.0,
      "end": 176.0,
      "avg_energy": 0.1298932582139969,
      "energy_label": "Low"
    },
    {
      "name": "Outro",
      "start": 176.0,
      "end": 193.2596875,
      "avg_energy": 0.08159253001213074,
      "energy_label": "Low"
    }
  ],
  "scores": {
    "mix": 81,
    "master": 81,
    "arrangement": 85,
    "release": 82,
    "energy": 8.362518730133218,
    "bass_strength": 6.098199127846742,
    "darkness": 0,
    "brightness": 10,
    "drum_bounce": 4.359419239979884,
    "vocal_space": 2.390074955326222
  },
  "stem_balance": null,
  "top_problems": [
    "Clipping detected: 13572 samples are near/over the limit.",
    "Mud range is elevated around 250-500 Hz.",
    "Intro may be long for short-form listener retention."
  ],
  "suggested_fixes": [
    "Lower the master/output, then use a soft clipper or limiter with safer ceiling.",
    "Gently cut 250-500 Hz on melodies, pads, or the master if the mix feels cloudy.",
    "Consider bringing drums, 808, or a strong tag/moment in earlier."
  ],
  "artist_notes": [
    "Autotune/key starting point: D# Minor. Confidence: 47.3%.",
    "Beat energy: 8.4/10. Darkness: 0.0/10.",
    "Vocal space estimate: 2.4/10. Higher means easier space for vocals."
  ],
  "producer_notes": [
    "Low-end presence looks usable for the selected style.",
    "Selected style preset: rage_trap.",
    "Dominant frequency area: Sub.",
    "Drum activity is medium at 1.74 hits/sec.",
    "Estimated length: 119 bars at 148 BPM."
  ],
  "master_notes": [
    "Clipping is the first thing to fix before judging the rest of the mix.",
    "Loudness is in a usable range for the selected style.",
    "Peak: 0.00 dB. RMS: -8.27 dB. Dynamic range: 8.28 dB."
  ],
  "next_steps": [
    "Lower the master/output, then use a soft clipper or limiter with safer ceiling.",
    "Gently cut 250-500 Hz on melodies, pads, or the master if the mix feels cloudy.",
    "Consider bringing drums, 808, or a strong tag/moment in earlier.",
    "Fix the top 1-2 issues, export again, then re-run SoundLens."
  ]
}