{
  "basic": {
    "file_name": "Yung Fazo - Frozone.wav",
    "file_path": "/Volumes/POLLY/tracks/Yung Fazo/Yung Fazo - Frozone.wav",
    "sample_rate": 48000,
    "duration_seconds": 134.74541666666667,
    "bpm": 140.0,
    "key": "F Minor",
    "key_note": "F",
    "key_mode": "Minor",
    "key_confidence": 43.20907750194128
  },
  "loudness": {
    "peak_db": -0.0001040622160151401,
    "rms_db": -10.968599125727,
    "dynamic_range_db": 10.968495063510984,
    "clipping_detected": true,
    "clipping_samples": 385,
    "clipping_percent": 0.005952583421204803,
    "headroom_db": 0.0001040622160151401
  },
  "frequency": {
    "band_percentages": {
      "Sub": 16.592182026086032,
      "Bass / 808": 15.18587965671934,
      "Mud": 14.147979907457572,
      "Low Mids": 14.111841283414542,
      "Mids / Melody": 13.70500799867508,
      "Harsh Zone": 13.183249481373352,
      "Highs": 13.53460336169278,
      "Air": 12.722505764127689,
      "Vocal Range": 14.778868653895247
    },
    "brightness_centroid_hz": 2888.350352408895,
    "brightness_label": "Medium",
    "spectral_rolloff_hz": 6049.264574922821,
    "dominant_band": "Sub",
    "low_end_total_percent": 31.778061682805372,
    "mid_total_percent": 41.964829189547196,
    "top_total_percent": 26.25710912582047
  },
  "fingerprint": {
    "mfcc_1": -180.11898803710938,
    "mfcc_2": -35.83462142944336,
    "mfcc_3": 9.324172019958496,
    "mfcc_4": -2.488738536834717,
    "mfcc_5": -14.239439010620117,
    "mfcc_6": -12.014936447143555,
    "mfcc_7": -11.946826934814453,
    "mfcc_8": -3.673624038696289,
    "mfcc_9": -15.41210651397705,
    "mfcc_10": 4.049206256866455,
    "mfcc_11": -12.31240463256836,
    "mfcc_12": 2.007967472076416,
    "mfcc_13": -5.075719833374023,
    "chroma_1": 0.4429455101490021,
    "chroma_2": 0.44756627082824707,
    "chroma_3": 0.27845633029937744,
    "chroma_4": 0.23198069632053375,
    "chroma_5": 0.26524215936660767,
    "chroma_6": 0.5159379243850708,
    "chroma_7": 0.29091593623161316,
    "chroma_8": 0.3201678395271301,
    "chroma_9": 0.42989638447761536,
    "chroma_10": 0.2648719847202301,
    "chroma_11": 0.40983766317367554,
    "chroma_12": 0.22364729642868042,
    "spectral_contrast": 23.202716028842705,
    "spectral_flatness": 0.028690580278635025,
    "zero_crossing_rate": 0.1085253263774671,
    "embed_mfcc_1_mean": -180.11898803710938,
    "embed_mfcc_1_std": 68.08289337158203,
    "embed_mfcc_2_mean": -35.83462142944336,
    "embed_mfcc_2_std": 44.507442474365234,
    "embed_mfcc_3_mean": 9.324172019958496,
    "embed_mfcc_3_std": 32.5936393737793,
    "embed_mfcc_4_mean": -2.488738536834717,
    "embed_mfcc_4_std": 24.578289031982422,
    "embed_mfcc_5_mean": -14.239439010620117,
    "embed_mfcc_5_std": 19.312963485717773,
    "embed_mfcc_6_mean": -12.014936447143555,
    "embed_mfcc_6_std": 20.56510353088379,
    "embed_mfcc_7_mean": -11.946826934814453,
    "embed_mfcc_7_std": 18.232093811035156,
    "embed_mfcc_8_mean": -3.673624038696289,
    "embed_mfcc_8_std": 16.78163719177246,
    "embed_mfcc_9_mean": -15.41210651397705,
    "embed_mfcc_9_std": 15.963128089904785,
    "embed_mfcc_10_mean": 4.049206256866455,
    "embed_mfcc_10_std": 15.270977020263672,
    "embed_mfcc_11_mean": -12.31240463256836,
    "embed_mfcc_11_std": 13.121338844299316,
    "embed_mfcc_12_mean": 2.007967472076416,
    "embed_mfcc_12_std": 11.87208080291748,
    "embed_mfcc_13_mean": -5.075719833374023,
    "embed_mfcc_13_std": 11.095694541931152,
    "embed_mfcc_14_mean": 1.240399956703186,
    "embed_mfcc_14_std": 10.106121063232422,
    "embed_mfcc_15_mean": 0.14069940149784088,
    "embed_mfcc_15_std": 9.794601440429688,
    "embed_mfcc_16_mean": -3.461237907409668,
    "embed_mfcc_16_std": 9.669120788574219,
    "embed_mfcc_17_mean": 1.550721287727356,
    "embed_mfcc_17_std": 8.125894546508789,
    "embed_mfcc_18_mean": 2.3041203022003174,
    "embed_mfcc_18_std": 8.333150863647461,
    "embed_mfcc_19_mean": -4.121786117553711,
    "embed_mfcc_19_std": 7.266286849975586,
    "embed_mfcc_20_mean": -0.3862820863723755,
    "embed_mfcc_20_std": 6.985972881317139,
    "embed_chroma_1_mean": 0.4429455101490021,
    "embed_chroma_1_std": 0.29565685987472534,
    "embed_chroma_2_mean": 0.44756627082824707,
    "embed_chroma_2_std": 0.3624487519264221,
    "embed_chroma_3_mean": 0.27845633029937744,
    "embed_chroma_3_std": 0.22018182277679443,
    "embed_chroma_4_mean": 0.23198069632053375,
    "embed_chroma_4_std": 0.16325800120830536,
    "embed_chroma_5_mean": 0.26524215936660767,
    "embed_chroma_5_std": 0.17356805503368378,
    "embed_chroma_6_mean": 0.5159379243850708,
    "embed_chroma_6_std": 0.3353753983974457,
    "embed_chroma_7_mean": 0.29091593623161316,
    "embed_chroma_7_std": 0.19134049117565155,
    "embed_chroma_8_mean": 0.3201678395271301,
    "embed_chroma_8_std": 0.22664880752563477,
    "embed_chroma_9_mean": 0.42989638447761536,
    "embed_chroma_9_std": 0.3016584515571594,
    "embed_chroma_10_mean": 0.2648719847202301,
    "embed_chroma_10_std": 0.1819067746400833,
    "embed_chroma_11_mean": 0.40983766317367554,
    "embed_chroma_11_std": 0.3142454922199249,
    "embed_chroma_12_mean": 0.22364729642868042,
    "embed_chroma_12_std": 0.17198270559310913,
    "embed_contrast_1_mean": 20.444936752319336,
    "embed_contrast_1_std": 5.969357967376709,
    "embed_contrast_2_mean": 17.23699951171875,
    "embed_contrast_2_std": 4.592845439910889,
    "embed_contrast_3_mean": 19.844730377197266,
    "embed_contrast_3_std": 4.449429035186768,
    "embed_contrast_4_mean": 18.32494354248047,
    "embed_contrast_4_std": 3.928804397583008,
    "embed_contrast_5_mean": 18.645633697509766,
    "embed_contrast_5_std": 3.4663469791412354,
    "embed_contrast_6_mean": 18.640117645263672,
    "embed_contrast_6_std": 3.163425922393799,
    "embed_contrast_7_mean": 49.28165054321289,
    "embed_contrast_7_std": 3.496814012527466,
    "embed_chroma_entropy": 2.446927785873413,
    "embed_centroid_mean": 2950.4507297409946,
    "embed_centroid_std": 1333.52952348886,
    "embed_rolloff_mean": 6356.303230970637,
    "embed_rolloff_std": 2188.6230428195354,
    "embed_flatness_mean": 0.028690580278635025,
    "embed_flatness_std": 0.044526200741529465,
    "embed_zcr_mean": 0.1085253263774671,
    "embed_zcr_std": 0.10596452203087568,
    "embed_rms_mean": 0.23910413682460785,
    "embed_rms_std": 0.16056576371192932,
    "embed_onset_mean": 1.845064401626587,
    "embed_onset_std": 2.0735175609588623,
    "fingerprint_version": 2.0,
    "fingerprint_duration_seconds": 134.74544217687074,
    "embed_mfcc_delta_mean": 0.002149239182472229,
    "embed_mfcc_delta_std": 3.3505802154541016,
    "embed_chroma_delta_mean": -9.740519453771412e-05,
    "embed_chroma_delta_std": 0.032732557505369186,
    "embed_onset_peak": 17.87765884399414,
    "embed_onset_p95": 6.264729022979736,
    "embed_rms_p10": 0.06577040255069733,
    "embed_rms_p50": 0.17509907484054565,
    "embed_rms_p90": 0.4604411721229553,
    "embedding_nonzero_count": 100.0
  },
  "rhythm": {
    "onset_count": 646,
    "onset_density": 4.794226148693988,
    "drum_activity": "High",
    "estimated_bars": 79,
    "seconds_per_bar": 1.7142857142857142
  },
  "sections": [
    {
      "name": "Intro",
      "start": 0.0,
      "end": 16.0,
      "avg_energy": 0.09192592650651932,
      "energy_label": "Low"
    },
    {
      "name": "Chorus / Hook",
      "start": 16.0,
      "end": 32.0,
      "avg_energy": 0.35999199748039246,
      "energy_label": "High"
    },
    {
      "name": "Verse",
      "start": 32.0,
      "end": 48.0,
      "avg_energy": 0.26941585540771484,
      "energy_label": "Medium"
    },
    {
      "name": "Chorus / Hook",
      "start": 48.0,
      "end": 64.0,
      "avg_energy": 0.36843276023864746,
      "energy_label": "High"
    },
    {
      "name": "Verse",
      "start": 64.0,
      "end": 80.0,
      "avg_energy": 0.33796149492263794,