{
  "basic": {
    "file_name": "Yung Fazo - mia\u29f8hate when u around.wav",
    "file_path": "/Users/jayden/SoundLens/tracks/Yung Fazo/Yung Fazo - mia\u29f8hate when u around.wav",
    "sample_rate": 48000,
    "duration_seconds": 159.59466666666665,
    "bpm": 160.71,
    "key": "D Minor",
    "key_note": "D",
    "key_mode": "Minor",
    "key_confidence": 45.007215919108894
  },
  "loudness": {
    "peak_db": -0.0001734377193252119,
    "rms_db": -8.383099035728781,
    "dynamic_range_db": 8.382925598009455,
    "clipping_detected": true,
    "clipping_samples": 60,
    "clipping_percent": 0.0007832341932896672,
    "headroom_db": 0.0001734377193252119
  },
  "frequency": {
    "band_percentages": {
      "Sub": 17.55564413619117,
      "Bass / 808": 14.713733694530557,
      "Mud": 14.116632347401367,
      "Low Mids": 14.201479497527645,
      "Mids / Melody": 13.59034780726006,
      "Harsh Zone": 12.861843800208572,
      "Highs": 13.288360241389666,
      "Air": 12.533802273852132,
      "Vocal Range": 14.839652654695426
    },
    "brightness_centroid_hz": 3256.882414031567,
    "brightness_label": "Medium",
    "spectral_rolloff_hz": 7694.647317549957,
    "dominant_band": "Sub",
    "low_end_total_percent": 32.26937783072172,
    "mid_total_percent": 41.90845965218907,
    "top_total_percent": 25.8221625152418
  },
  "fingerprint": {
    "mfcc_1": -195.63668823242188,
    "mfcc_2": 106.08678436279297,
    "mfcc_3": 31.72200584411621,
    "mfcc_4": 35.11867141723633,
    "mfcc_5": -14.369544982910156,
    "mfcc_6": 25.467716217041016,
    "mfcc_7": -13.161294937133789,
    "mfcc_8": 8.659602165222168,
    "mfcc_9": -3.9927427768707275,
    "mfcc_10": 11.899454116821289,
    "mfcc_11": -2.2681517601013184,
    "mfcc_12": 13.576642990112305,
    "mfcc_13": 4.233530521392822,
    "chroma_1": 0.3193114101886749,
    "chroma_2": 0.36406248807907104,
    "chroma_3": 0.5342624187469482,
    "chroma_4": 0.3657120168209076,
    "chroma_5": 0.32509997487068176,
    "chroma_6": 0.23191657662391663,
    "chroma_7": 0.2871009409427643,
    "chroma_8": 0.2061610370874405,
    "chroma_9": 0.20232650637626648,
    "chroma_10": 0.2142655998468399,
    "chroma_11": 0.15346716344356537,
    "chroma_12": 0.16773411631584167,
    "spectral_contrast": 20.985556316168527,
    "spectral_flatness": 0.0013712316285818815,
    "zero_crossing_rate": 0.04185966660470828
  },
  "rhythm": {
    "onset_count": 768,
    "onset_density": 4.8121908835717155,
    "drum_activity": "High",
    "estimated_bars": 107,
    "seconds_per_bar": 1.4933731566175097
  },
  "sections": [
    {
      "name": "Intro",
      "start": 0.0,
      "end": 16.0,
      "avg_energy": 0.40153563022613525,
      "energy_label": "Medium"
    },
    {
      "name": "Chorus / Hook",
      "start": 16.0,
      "end": 32.0,
      "avg_energy": 0.46877577900886536,
      "energy_label": "High"
    },
    {
      "name": "Verse",
      "start": 32.0,
      "end": 48.0,
      "avg_energy": 0.4624572992324829,
      "energy_label": "High"
    },
    {
      "name": "Chorus / Hook",
      "start": 48.0,
      "end": 64.0,
      "avg_energy": 0.45722562074661255,
      "energy_label": "High"
    },
    {
      "name": "Verse",
      "start": 64.0,
      "end": 80.0,
      "avg_energy": 0.461722731590271,
      "energy_label": "High"
    },
    {
      "name": "Bridge / Breakdown",
      "start": 80.0,
      "end": 96.0,
      "avg_energy": 0.3054004907608032,
      "energy_label": "Low"
    },
    {
      "name": "Bridge / Breakdown",
      "start": 96.0,
      "end": 112.0,
      "avg_energy": 0.12156487256288528,
      "energy_label": "Low"
    },
    {
      "name": "Verse",
      "start": 112.0,
      "end": 128.0,
      "avg_energy": 0.3732110261917114,
      "energy_label": "Medium"
    },
    {
      "name": "Outro",
      "start": 128.0,
      "end": 159.59466666666665,
      "avg_energy": 0.30440250039100647,
      "energy_label": "Low"
    }
  ],
  "scores": {
    "mix": 86,
    "master": 86,
    "arrangement": 75,
    "release": 83,
    "energy": 8.308450482135608,
    "bass_strength": 6.453875566144345,
    "darkness": 3.4862351719368663,
    "brightness": 6.513764828063134,
    "drum_bounce": 10,
    "vocal_space": 2.3245642756783607
  },
  "stem_balance": null,
  "top_problems": [
    "Clipping detected: 60 samples are near/over the limit.",
    "Mud range is elevated around 250-500 Hz.",
    "Intro may be long for short-form listener retention.",
    "Drum movement is very active; the beat could become overcrowded.",
    "Hook/verse contrast looks low, but arrangement detection is still an estimate."
  ],
  "suggested_fixes": [
    "Lower the master/output, then use a soft clipper or limiter with safer ceiling.",
    "Gently cut 250-500 Hz on melodies, pads, or the master if the mix feels cloudy.",
    "Mute extra percussion in some sections so the hook/drop feels bigger.",
    "Check the waveform/sections by ear. If the hook feels flat, add contrast with melody layers, drum changes, or vocal energy.",
    "Consider bringing drums, 808, or a strong tag/moment in earlier."
  ],
  "artist_notes": [
    "Autotune/key starting point: D Minor. Confidence: 45.0%.",
    "Beat energy: 8.3/10. Darkness: 3.5/10.",
    "Vocal space estimate: 2.3/10. Higher means easier space for vocals."
  ],
  "producer_notes": [
    "Low-end presence looks usable for the selected style.",
    "Selected style preset: rage_trap.",
    "Dominant frequency area: Sub.",
    "Drum activity is high at 4.81 hits/sec.",
    "Estimated length: 107 bars at 161 BPM."
  ],
  "master_notes": [
    "Clipping is the first thing to fix before judging the rest of the mix.",
    "Loudness is in a usable range for the selected style.",
    "Peak: -0.00 dB. RMS: -8.38 dB. Dynamic range: 8.38 dB."
  ],
  "next_steps": [
    "Lower the master/output, then use a soft clipper or limiter with safer ceiling.",
    "Gently cut 250-500 Hz on melodies, pads, or the master if the mix feels cloudy.",
    "Mute extra percussion in some sections so the hook/drop feels bigger.",
    "Fix the top 1-2 issues, export again, then re-run SoundLens."
  ]
}