{
  "basic": {
    "file_name": "Yung Fazo - ALL IN MOTION.wav",
    "file_path": "/Volumes/POLLY/tracks/Yung Fazo/Yung Fazo - ALL IN MOTION.wav",
    "sample_rate": 48000,
    "duration_seconds": 119.8381875,
    "bpm": 140.0,
    "key": "D Minor",
    "key_note": "D",
    "key_mode": "Minor",
    "key_confidence": 43.216124955130155
  },
  "loudness": {
    "peak_db": 3.934658273005055e-05,
    "rms_db": -8.434993082263484,
    "dynamic_range_db": 8.435032428846213,
    "clipping_detected": true,
    "clipping_samples": 37576,
    "clipping_percent": 0.6532419670760903,
    "headroom_db": -3.934658273005055e-05
  },
  "frequency": {
    "band_percentages": {
      "Sub": 15.594454849375392,
      "Bass / 808": 14.71955638693157,
      "Mud": 14.29254810140342,
      "Low Mids": 14.607035484038095,
      "Mids / Melody": 14.68279094666245,
      "Harsh Zone": 14.008645853610727,
      "Highs": 13.613344829997468,
      "Air": 12.49026939987264,
      "Vocal Range": 15.320452565634296
    },
    "brightness_centroid_hz": 3474.907827838533,
    "brightness_label": "Medium",
    "spectral_rolloff_hz": 7438.960280373832,
    "dominant_band": "Sub",
    "low_end_total_percent": 30.31401123630696,
    "mid_total_percent": 43.58237453210397,
    "top_total_percent": 26.103614229870107
  },
  "fingerprint": {
    "mfcc_1": -78.54828643798828,
    "mfcc_2": -19.319047927856445,
    "mfcc_3": -30.394256591796875,
    "mfcc_4": -5.070813179016113,
    "mfcc_5": -19.496294021606445,
    "mfcc_6": -3.4711976051330566,
    "mfcc_7": -14.61430549621582,
    "mfcc_8": -2.300532817840576,
    "mfcc_9": -10.391301155090332,
    "mfcc_10": -1.60231351852417,
    "mfcc_11": -6.9502272605896,
    "mfcc_12": -1.5603930950164795,
    "mfcc_13": -7.224950790405273,
    "chroma_1": 0.4392014145851135,
    "chroma_2": 0.399116188287735,
    "chroma_3": 0.659823477268219,
    "chroma_4": 0.5505281090736389,
    "chroma_5": 0.4900135099887848,
    "chroma_6": 0.5894914865493774,
    "chroma_7": 0.47554805874824524,
    "chroma_8": 0.6082927584648132,
    "chroma_9": 0.4587494432926178,
    "chroma_10": 0.540889322757721,
    "chroma_11": 0.494290828704834,
    "chroma_12": 0.3402356803417206,
    "spectral_contrast": 21.782186525428205,
    "spectral_flatness": 0.03698631003499031,
    "zero_crossing_rate": 0.12265422574220264,
    "embed_mfcc_1_mean": -78.54828643798828,
    "embed_mfcc_1_std": 90.4466323852539,
    "embed_mfcc_2_mean": -19.319047927856445,
    "embed_mfcc_2_std": 38.01589584350586,
    "embed_mfcc_3_mean": -30.394256591796875,
    "embed_mfcc_3_std": 26.41708755493164,
    "embed_mfcc_4_mean": -5.070813179016113,
    "embed_mfcc_4_std": 22.515928268432617,
    "embed_mfcc_5_mean": -19.496294021606445,
    "embed_mfcc_5_std": 17.35379409790039,
    "embed_mfcc_6_mean": -3.4711976051330566,
    "embed_mfcc_6_std": 16.601778030395508,
    "embed_mfcc_7_mean": -14.61430549621582,
    "embed_mfcc_7_std": 14.131951332092285,
    "embed_mfcc_8_mean": -2.300532817840576,
    "embed_mfcc_8_std": 13.874796867370605,
    "embed_mfcc_9_mean": -10.391301155090332,
    "embed_mfcc_9_std": 12.694625854492188,
    "embed_mfcc_10_mean": -1.60231351852417,
    "embed_mfcc_10_std": 10.368720054626465,
    "embed_mfcc_11_mean": -6.9502272605896,
    "embed_mfcc_11_std": 9.429356575012207,
    "embed_mfcc_12_mean": -1.5603930950164795,
    "embed_mfcc_12_std": 9.21342945098877,
    "embed_mfcc_13_mean": -7.224950790405273,
    "embed_mfcc_13_std": 9.047436714172363,
    "embed_mfcc_14_mean": -1.9110255241394043,
    "embed_mfcc_14_std": 8.277220726013184,
    "embed_mfcc_15_mean": -6.412246227264404,
    "embed_mfcc_15_std": 8.523161888122559,
    "embed_mfcc_16_mean": -2.3802120685577393,
    "embed_mfcc_16_std": 8.588817596435547,
    "embed_mfcc_17_mean": -5.168466567993164,
    "embed_mfcc_17_std": 7.417932033538818,
    "embed_mfcc_18_mean": -1.7340266704559326,
    "embed_mfcc_18_std": 7.671204566955566,
    "embed_mfcc_19_mean": -3.892561197280884,
    "embed_mfcc_19_std": 6.919022083282471,
    "embed_mfcc_20_mean": 1.0676661729812622,
    "embed_mfcc_20_std": 7.9239182472229,
    "embed_chroma_1_mean": 0.4392014145851135,
    "embed_chroma_1_std": 0.25089943408966064,
    "embed_chroma_2_mean": 0.399116188287735,
    "embed_chroma_2_std": 0.20283786952495575,
    "embed_chroma_3_mean": 0.659823477268219,
    "embed_chroma_3_std": 0.3004800081253052,
    "embed_chroma_4_mean": 0.5505281090736389,
    "embed_chroma_4_std": 0.2760635316371918,
    "embed_chroma_5_mean": 0.4900135099887848,
    "embed_chroma_5_std": 0.2125435322523117,
    "embed_chroma_6_mean": 0.5894914865493774,
    "embed_chroma_6_std": 0.2594026029109955,
    "embed_chroma_7_mean": 0.47554805874824524,
    "embed_chroma_7_std": 0.19701460003852844,
    "embed_chroma_8_mean": 0.6082927584648132,
    "embed_chroma_8_std": 0.28974583745002747,
    "embed_chroma_9_mean": 0.4587494432926178,
    "embed_chroma_9_std": 0.21040362119674683,
    "embed_chroma_10_mean": 0.540889322757721,
    "embed_chroma_10_std": 0.26953279972076416,
    "embed_chroma_11_mean": 0.494290828704834,
    "embed_chroma_11_std": 0.27248838543891907,
    "embed_chroma_12_mean": 0.3402356803417206,
    "embed_chroma_12_std": 0.1933877170085907,
    "embed_contrast_1_mean": 19.75829315185547,
    "embed_contrast_1_std": 5.677938461303711,
    "embed_contrast_2_mean": 13.599425315856934,
    "embed_contrast_2_std": 3.7936835289001465,
    "embed_contrast_3_mean": 16.828481674194336,
    "embed_contrast_3_std": 3.978503704071045,
    "embed_contrast_4_mean": 17.491615295410156,
    "embed_contrast_4_std": 3.4746179580688477,
    "embed_contrast_5_mean": 17.856271743774414,
    "embed_contrast_5_std": 2.931425094604492,
    "embed_contrast_6_mean": 17.21270751953125,
    "embed_contrast_6_std": 2.6233632564544678,
    "embed_contrast_7_mean": 49.7285041809082,
    "embed_contrast_7_std": 5.764018535614014,
    "embed_chroma_entropy": 2.4697377681732178,
    "embed_centroid_mean": 2675.3986903865,
    "embed_centroid_std": 869.5237025833303,
    "embed_rolloff_mean": 5676.357997937149,
    "embed_rolloff_std": 1718.3115616473158,
    "embed_flatness_mean": 0.03698631003499031,
    "embed_flatness_std": 0.043439831584692,
    "embed_zcr_mean": 0.12265422574220264,
    "embed_zcr_std": 0.07032170794104968,
    "embed_rms_mean": 0.29483312368392944,
    "embed_rms_std": 0.13937506079673767,
    "embed_onset_mean": 1.3046634197235107,
    "embed_onset_std": 1.1343296766281128,
    "fingerprint_version": 2.0,
    "fingerprint_duration_seconds": 119.83823129251701,
    "embed_mfcc_delta_mean": 0.004086954984813929,
    "embed_mfcc_delta_std": 2.6672730445861816,
    "embed_chroma_delta_mean": 3.1144500098889694e-05,
    "embed_chroma_delta_std": 0.030903000384569168,
    "embed_onset_peak": 20.841754913330078,
    "embed_onset_p95": 3.2554850578308105,
    "embed_rms_p10": 0.14336010813713074,
    "embed_rms_p50": 0.25592562556266785,
    "embed_rms_p90": 0.5125871896743774,
    "embedding_nonzero_count": 100.0
  },
  "rhythm": {
    "onset_count": 177,
    "onset_density": 1.4769916309022948,
    "drum_activity": "Low",
    "estimated_bars": 70,
    "seconds_per_bar": 1.7142857142857142
  },
  "sections": [
    {
      "name": "Intro",
      "start": 0.0,
      "end": 16.0,
      "avg_energy": 0.4056183397769928,
      "energy_label": "Medium"
    },
    {
      "name": "Chorus / Hook",
      "start": 16.0,
      "end": 32.0,
      "avg_energy": 0.4374008774757385,
      "energy_label": "Medium"
    },
    {
      "name": "Verse",
      "start": 32.0,
      "end": 48.0,
      "avg_energy": 0.4153384268283844,
      "energy_label": "Medium"
    },
    {
      "name": "Chorus / Hook",
      "start": 48.0,
      "end": 64.0,
      "avg_energy": 0.3708433508872986,
      "energy_label": "Medium"
    },
    {
      "name": "Verse",
      "start": 64.0,
      "end": 80.0,
      "avg_energy": 0.36270657181739807,