{
  "basic": {
    "file_name": "Yung Fazo - wish you well.wav",
    "file_path": "/Users/jayden/SoundLens/tracks/Yung Fazo/Yung Fazo - wish you well.wav",
    "sample_rate": 48000,
    "duration_seconds": 146.85866666666666,
    "bpm": 144.23,
    "key": "F# Minor",
    "key_note": "F#",
    "key_mode": "Minor",
    "key_confidence": 46.94881170119662
  },
  "loudness": {
    "peak_db": 5.694894361488091e-05,
    "rms_db": -11.490187910124003,
    "dynamic_range_db": 11.490244859067618,
    "clipping_detected": true,
    "clipping_samples": 337,
    "clipping_percent": 0.004780673481987217,
    "headroom_db": -5.694894361488091e-05
  },
  "frequency": {
    "band_percentages": {
      "Sub": 16.66358685677638,
      "Bass / 808": 14.90826948310888,
      "Mud": 13.84361417138419,
      "Low Mids": 13.948743237536842,
      "Mids / Melody": 14.028170043898818,
      "Harsh Zone": 13.679530874894793,
      "Highs": 14.315181527633486,
      "Air": 12.292434677826774,
      "Vocal Range": 14.677075119309007
    },
    "brightness_centroid_hz": 3666.3643044588152,
    "brightness_label": "High",
    "spectral_rolloff_hz": 7694.671340511293,
    "dominant_band": "Sub",
    "low_end_total_percent": 31.571856339885258,
    "mid_total_percent": 41.820527452819846,
    "top_total_percent": 26.60761620546026
  },
  "fingerprint": {
    "mfcc_1": -158.5867919921875,
    "mfcc_2": 103.65601348876953,
    "mfcc_3": -14.01058578491211,
    "mfcc_4": 67.18875122070312,
    "mfcc_5": -20.90910530090332,
    "mfcc_6": 30.795127868652344,
    "mfcc_7": -5.387176513671875,
    "mfcc_8": 11.646744728088379,
    "mfcc_9": 9.655412673950195,
    "mfcc_10": 13.088183403015137,
    "mfcc_11": 0.6214171051979065,
    "mfcc_12": 13.556998252868652,
    "mfcc_13": 4.238598346710205,
    "chroma_1": 0.2014867514371872,
    "chroma_2": 0.3666991889476776,
    "chroma_3": 0.39113977551460266,
    "chroma_4": 0.2957940697669983,
    "chroma_5": 0.49374884366989136,
    "chroma_6": 0.24895867705345154,
    "chroma_7": 0.4674568772315979,
    "chroma_8": 0.22662974894046783,
    "chroma_9": 0.2920171618461609,
    "chroma_10": 0.29726162552833557,
    "chroma_11": 0.18633903563022614,
    "chroma_12": 0.2101503610610962,
    "spectral_contrast": 21.09402032715142,
    "spectral_flatness": 0.0010767688509076834,
    "zero_crossing_rate": 0.05860169356888663
  },
  "rhythm": {
    "onset_count": 585,
    "onset_density": 3.983421702498547,
    "drum_activity": "High",
    "estimated_bars": 88,
    "seconds_per_bar": 1.6640088747139985
  },
  "sections": [
    {
      "name": "Intro",
      "start": 0.0,
      "end": 16.0,
      "avg_energy": 0.15786112844944,
      "energy_label": "Low"
    },
    {
      "name": "Chorus / Hook",
      "start": 16.0,
      "end": 32.0,
      "avg_energy": 0.32928696274757385,
      "energy_label": "High"
    },
    {
      "name": "Verse",
      "start": 32.0,
      "end": 48.0,
      "avg_energy": 0.3259439170360565,
      "energy_label": "High"
    },
    {
      "name": "Chorus / Hook",
      "start": 48.0,
      "end": 64.0,
      "avg_energy": 0.32848092913627625,
      "energy_label": "High"
    },
    {
      "name": "Verse",
      "start": 64.0,
      "end": 80.0,
      "avg_energy": 0.13789740204811096,
      "energy_label": "Low"
    },
    {
      "name": "Bridge / Breakdown",
      "start": 80.0,
      "end": 96.0,
      "avg_energy": 0.15833522379398346,
      "energy_label": "Low"
    },
    {
      "name": "Hook / Drop",
      "start": 96.0,
      "end": 112.0,
      "avg_energy": 0.3296964466571808,
      "energy_label": "High"
    },
    {
      "name": "Hook / Drop",
      "start": 112.0,
      "end": 128.0,
      "avg_energy": 0.3212984502315521,
      "energy_label": "High"
    },
    {
      "name": "Outro",
      "start": 128.0,
      "end": 146.85866666666666,
      "avg_energy": 0.20130135118961334,
      "energy_label": "Low"
    }
  ],
  "scores": {
    "mix": 86,
    "master": 86,
    "arrangement": 75,
    "release": 83,
    "energy": 6.754906044937998,
    "bass_strength": 6.314371267977052,
    "darkness": 2.6672713910823695,
    "brightness": 7.3327286089176305,
    "drum_bounce": 9.958554256246368,
    "vocal_space": 2.4698767260839185
  },
  "stem_balance": null,
  "top_problems": [
    "Clipping detected: 337 samples are near/over the limit.",
    "Mud range is elevated around 250-500 Hz.",
    "Intro may be long for short-form listener retention.",
    "Drum movement is very active; the beat could become overcrowded.",
    "Hook/verse contrast looks low, but arrangement detection is still an estimate."
  ],
  "suggested_fixes": [
    "Lower the master/output, then use a soft clipper or limiter with safer ceiling.",
    "Gently cut 250-500 Hz on melodies, pads, or the master if the mix feels cloudy.",
    "Mute extra percussion in some sections so the hook/drop feels bigger.",
    "Check the waveform/sections by ear. If the hook feels flat, add contrast with melody layers, drum changes, or vocal energy.",
    "Consider bringing drums, 808, or a strong tag/moment in earlier."
  ],
  "artist_notes": [
    "Autotune/key starting point: F# Minor. Confidence: 46.9%.",
    "Beat energy: 6.8/10. Darkness: 2.7/10.",
    "Vocal space estimate: 2.5/10. Higher means easier space for vocals."
  ],
  "producer_notes": [
    "Low-end presence looks usable for the selected style.",
    "Selected style preset: rage_trap.",
    "Dominant frequency area: Sub.",
    "Drum activity is high at 3.98 hits/sec.",
    "Estimated length: 88 bars at 144 BPM."
  ],
  "master_notes": [
    "Clipping is the first thing to fix before judging the rest of the mix.",
    "Loudness is in a usable range for the selected style.",
    "Peak: 0.00 dB. RMS: -11.49 dB. Dynamic range: 11.49 dB."
  ],
  "next_steps": [
    "Lower the master/output, then use a soft clipper or limiter with safer ceiling.",
    "Gently cut 250-500 Hz on melodies, pads, or the master if the mix feels cloudy.",
    "Mute extra percussion in some sections so the hook/drop feels bigger.",
    "Fix the top 1-2 issues, export again, then re-run SoundLens."
  ]
}