{
  "basic": {
    "file_name": "Cheromani - SERV DA BA$$.wav",
    "file_path": "/Volumes/POLLY/tracks/Cheromani/Cheromani - SERV DA BA$$.wav",
    "sample_rate": 48000,
    "duration_seconds": 111.42095833333333,
    "bpm": 140.0,
    "key": "C# Minor",
    "key_note": "C#",
    "key_mode": "Minor",
    "key_confidence": 43.672896007595064
  },
  "loudness": {
    "peak_db": 0.005823425726610327,
    "rms_db": -5.154716778479038,
    "dynamic_range_db": 5.160540204205649,
    "clipping_detected": true,
    "clipping_samples": 156821,
    "clipping_percent": 2.932216896656561,
    "headroom_db": -0.005823425726610327
  },
  "frequency": {
    "band_percentages": {
      "Sub": 15.670606232792839,
      "Bass / 808": 14.723761305869498,
      "Mud": 13.833070677940421,
      "Low Mids": 14.126183429347321,
      "Mids / Melody": 14.464333855682282,
      "Harsh Zone": 14.000362737774195,
      "Highs": 14.107620913898316,
      "Air": 13.074423582810258,
      "Vocal Range": 14.907791590297123
    },
    "brightness_centroid_hz": 4700.895487332785,
    "brightness_label": "High",
    "spectral_rolloff_hz": 9862.756228460656,
    "dominant_band": "Sub",
    "low_end_total_percent": 30.394367538662337,
    "mid_total_percent": 42.423587962970025,
    "top_total_percent": 27.182044496708574
  },
  "fingerprint": {
    "mfcc_1": -51.799659729003906,
    "mfcc_2": -45.65493392944336,
    "mfcc_3": -4.010128021240234,
    "mfcc_4": -2.971543073654175,
    "mfcc_5": -4.146724700927734,
    "mfcc_6": 1.7413369417190552,
    "mfcc_7": -4.52213716506958,
    "mfcc_8": 3.016232490539551,
    "mfcc_9": -4.0439276695251465,
    "mfcc_10": 5.114485263824463,
    "mfcc_11": -2.991126298904419,
    "mfcc_12": 4.315787315368652,
    "mfcc_13": -0.1290780007839203,
    "chroma_1": 0.3242301046848297,
    "chroma_2": 0.6040834188461304,
    "chroma_3": 0.5546596646308899,
    "chroma_4": 0.3734757602214813,
    "chroma_5": 0.38796281814575195,
    "chroma_6": 0.2804621458053589,
    "chroma_7": 0.3013390302658081,
    "chroma_8": 0.25658389925956726,
    "chroma_9": 0.36401814222335815,
    "chroma_10": 0.26854297518730164,
    "chroma_11": 0.1971847414970398,
    "chroma_12": 0.23749828338623047,
    "spectral_contrast": 21.163001500110855,
    "spectral_flatness": 0.05245134234428406,
    "zero_crossing_rate": 0.12859551631850386,
    "embed_mfcc_1_mean": -51.799659729003906,
    "embed_mfcc_1_std": 85.12559509277344,
    "embed_mfcc_2_mean": -45.65493392944336,
    "embed_mfcc_2_std": 26.692298889160156,
    "embed_mfcc_3_mean": -4.010128021240234,
    "embed_mfcc_3_std": 17.156171798706055,
    "embed_mfcc_4_mean": -2.971543073654175,
    "embed_mfcc_4_std": 13.087185859680176,
    "embed_mfcc_5_mean": -4.146724700927734,
    "embed_mfcc_5_std": 12.08180046081543,
    "embed_mfcc_6_mean": 1.7413369417190552,
    "embed_mfcc_6_std": 10.637968063354492,
    "embed_mfcc_7_mean": -4.52213716506958,
    "embed_mfcc_7_std": 10.942774772644043,
    "embed_mfcc_8_mean": 3.016232490539551,
    "embed_mfcc_8_std": 10.8740234375,
    "embed_mfcc_9_mean": -4.0439276695251465,
    "embed_mfcc_9_std": 10.062420845031738,
    "embed_mfcc_10_mean": 5.114485263824463,
    "embed_mfcc_10_std": 9.653205871582031,
    "embed_mfcc_11_mean": -2.991126298904419,
    "embed_mfcc_11_std": 9.579082489013672,
    "embed_mfcc_12_mean": 4.315787315368652,
    "embed_mfcc_12_std": 8.317459106445312,
    "embed_mfcc_13_mean": -0.1290780007839203,
    "embed_mfcc_13_std": 8.233928680419922,
    "embed_mfcc_14_mean": 3.9813926219940186,
    "embed_mfcc_14_std": 7.321969032287598,
    "embed_mfcc_15_mean": -0.03056667000055313,
    "embed_mfcc_15_std": 7.330537796020508,
    "embed_mfcc_16_mean": 3.3953475952148438,
    "embed_mfcc_16_std": 7.057384490966797,
    "embed_mfcc_17_mean": -1.2429981231689453,
    "embed_mfcc_17_std": 6.80509090423584,
    "embed_mfcc_18_mean": 3.489531993865967,
    "embed_mfcc_18_std": 7.064477920532227,
    "embed_mfcc_19_mean": -1.0436692237854004,
    "embed_mfcc_19_std": 7.630791664123535,
    "embed_mfcc_20_mean": 0.39369693398475647,
    "embed_mfcc_20_std": 7.101721286773682,
    "embed_chroma_1_mean": 0.3242301046848297,
    "embed_chroma_1_std": 0.2433907836675644,
    "embed_chroma_2_mean": 0.6040834188461304,
    "embed_chroma_2_std": 0.3585531711578369,
    "embed_chroma_3_mean": 0.5546596646308899,
    "embed_chroma_3_std": 0.30834341049194336,
    "embed_chroma_4_mean": 0.3734757602214813,
    "embed_chroma_4_std": 0.21494296193122864,
    "embed_chroma_5_mean": 0.38796281814575195,
    "embed_chroma_5_std": 0.28123939037323,
    "embed_chroma_6_mean": 0.2804621458053589,
    "embed_chroma_6_std": 0.20163047313690186,
    "embed_chroma_7_mean": 0.3013390302658081,
    "embed_chroma_7_std": 0.24085387587547302,
    "embed_chroma_8_mean": 0.25658389925956726,
    "embed_chroma_8_std": 0.19156712293624878,
    "embed_chroma_9_mean": 0.36401814222335815,
    "embed_chroma_9_std": 0.2558780312538147,
    "embed_chroma_10_mean": 0.26854297518730164,
    "embed_chroma_10_std": 0.1794072538614273,
    "embed_chroma_11_mean": 0.1971847414970398,
    "embed_chroma_11_std": 0.13341665267944336,
    "embed_chroma_12_mean": 0.23749828338623047,
    "embed_chroma_12_std": 0.20097409188747406,
    "embed_contrast_1_mean": 20.262271881103516,
    "embed_contrast_1_std": 7.306483268737793,
    "embed_contrast_2_mean": 13.974470138549805,
    "embed_contrast_2_std": 4.642899990081787,
    "embed_contrast_3_mean": 16.080886840820312,
    "embed_contrast_3_std": 4.25995397567749,
    "embed_contrast_4_mean": 16.407634735107422,
    "embed_contrast_4_std": 3.400900363922119,
    "embed_contrast_5_mean": 16.990285873413086,
    "embed_contrast_5_std": 2.912994384765625,
    "embed_contrast_6_mean": 16.394428253173828,
    "embed_contrast_6_std": 2.17974591255188,
    "embed_contrast_7_mean": 48.031036376953125,
    "embed_contrast_7_std": 4.911473274230957,
    "embed_chroma_entropy": 2.4306530952453613,
    "embed_centroid_mean": 3381.9972049473517,
    "embed_centroid_std": 891.0982662071457,
    "embed_rolloff_mean": 7275.350964230829,
    "embed_rolloff_std": 1342.6809825795458,
    "embed_flatness_mean": 0.05245134234428406,
    "embed_flatness_std": 0.047567419707775116,
    "embed_zcr_mean": 0.12859551631850386,
    "embed_zcr_std": 0.09546206137186107,
    "embed_rms_mean": 0.352177232503891,
    "embed_rms_std": 0.10103605687618256,
    "embed_onset_mean": 1.2322548627853394,
    "embed_onset_std": 0.9931744337081909,
    "fingerprint_version": 2.0,
    "fingerprint_duration_seconds": 111.4209977324263,
    "embed_mfcc_delta_mean": -0.005979936104267836,
    "embed_mfcc_delta_std": 1.9129993915557861,
    "embed_chroma_delta_mean": 6.557588494615629e-05,
    "embed_chroma_delta_std": 0.025105465203523636,
    "embed_onset_peak": 20.796499252319336,
    "embed_onset_p95": 2.8424265384674072,
    "embed_rms_p10": 0.16170164942741394,
    "embed_rms_p50": 0.3885350227355957,
    "embed_rms_p90": 0.4203941226005554,
    "embedding_nonzero_count": 100.0
  },
  "rhythm": {
    "onset_count": 472,
    "onset_density": 4.236186863408029,
    "drum_activity": "High",
    "estimated_bars": 65,
    "seconds_per_bar": 1.7142857142857142
  },
  "sections": [
    {
      "name": "Intro",
      "start": 0.0,
      "end": 16.0,
      "avg_energy": 0.5922269821166992,
      "energy_label": "Medium"
    },
    {
      "name": "Chorus / Hook",
      "start": 16.0,
      "end": 32.0,
      "avg_energy": 0.5858004093170166,
      "energy_label": "Medium"
    },
    {
      "name": "Verse",
      "start": 32.0,
      "end": 48.0,
      "avg_energy": 0.5857788324356079,
      "energy_label": "Medium"
    },
    {
      "name": "Chorus / Hook",
      "start": 48.0,
      "end": 64.0,
      "avg_energy": 0.5902135968208313,
      "energy_label": "Medium"
    },
    {
      "name": "Verse",
      "start": 64.0,
      "end": 80.0,
      "avg_energy": 0.38138845562934875,