{
  "basic": {
    "file_name": "Cheromani - TATTOOS.wav",
    "file_path": "/Volumes/POLLY/tracks/Cheromani/Cheromani - TATTOOS.wav",
    "sample_rate": 48000,
    "duration_seconds": 143.75475,
    "bpm": 140.0,
    "key": "G Minor",
    "key_note": "G",
    "key_mode": "Minor",
    "key_confidence": 42.668759060757935
  },
  "loudness": {
    "peak_db": 0.0001418539480502507,
    "rms_db": -6.248268678830114,
    "dynamic_range_db": 6.2484105327781645,
    "clipping_detected": true,
    "clipping_samples": 17707,
    "clipping_percent": 0.25661470896324007,
    "headroom_db": -0.0001418539480502507
  },
  "frequency": {
    "band_percentages": {
      "Sub": 15.903394520839933,
      "Bass / 808": 14.268818536234635,
      "Mud": 13.730177579622163,
      "Low Mids": 13.759679011948558,
      "Mids / Melody": 14.58011330316708,
      "Harsh Zone": 14.060061722676451,
      "Highs": 14.123229907848907,
      "Air": 13.634587138667856,
      "Vocal Range": 14.858032921559165
    },
    "brightness_centroid_hz": 4392.187835329974,
    "brightness_label": "High",
    "spectral_rolloff_hz": 9170.917420982341,
    "dominant_band": "Sub",
    "low_end_total_percent": 30.17221305707457,
    "mid_total_percent": 42.0699698947378,
    "top_total_percent": 27.757817046516763
  },
  "fingerprint": {
    "mfcc_1": -61.65908432006836,
    "mfcc_2": -49.701595306396484,
    "mfcc_3": -12.591951370239258,
    "mfcc_4": 0.6103752851486206,
    "mfcc_5": -2.361384153366089,
    "mfcc_6": 8.679548263549805,
    "mfcc_7": 0.9899358153343201,
    "mfcc_8": 7.106536865234375,
    "mfcc_9": -2.5791702270507812,
    "mfcc_10": 0.3785341680049896,
    "mfcc_11": -1.7079219818115234,
    "mfcc_12": 1.7167258262634277,
    "mfcc_13": 4.2482709884643555,
    "chroma_1": 0.3488601744174957,
    "chroma_2": 0.42928528785705566,
    "chroma_3": 0.5468848347663879,
    "chroma_4": 0.45518478751182556,
    "chroma_5": 0.31789666414260864,
    "chroma_6": 0.30351436138153076,
    "chroma_7": 0.47377926111221313,
    "chroma_8": 0.6274551153182983,
    "chroma_9": 0.4207962155342102,
    "chroma_10": 0.2922608256340027,
    "chroma_11": 0.275654137134552,
    "chroma_12": 0.2265753448009491,
    "spectral_contrast": 20.534335113578596,
    "spectral_flatness": 0.04578392952680588,
    "zero_crossing_rate": 0.11030772300696594,
    "embed_mfcc_1_mean": -61.65908432006836,
    "embed_mfcc_1_std": 36.61962127685547,
    "embed_mfcc_2_mean": -49.701595306396484,
    "embed_mfcc_2_std": 28.570878982543945,
    "embed_mfcc_3_mean": -12.591951370239258,
    "embed_mfcc_3_std": 24.06969451904297,
    "embed_mfcc_4_mean": 0.6103752851486206,
    "embed_mfcc_4_std": 17.86666488647461,
    "embed_mfcc_5_mean": -2.361384153366089,
    "embed_mfcc_5_std": 17.067678451538086,
    "embed_mfcc_6_mean": 8.679548263549805,
    "embed_mfcc_6_std": 14.230635643005371,
    "embed_mfcc_7_mean": 0.9899358153343201,
    "embed_mfcc_7_std": 12.212286949157715,
    "embed_mfcc_8_mean": 7.106536865234375,
    "embed_mfcc_8_std": 12.838089942932129,
    "embed_mfcc_9_mean": -2.5791702270507812,
    "embed_mfcc_9_std": 10.613741874694824,
    "embed_mfcc_10_mean": 0.3785341680049896,
    "embed_mfcc_10_std": 11.93480396270752,
    "embed_mfcc_11_mean": -1.7079219818115234,
    "embed_mfcc_11_std": 10.883062362670898,
    "embed_mfcc_12_mean": 1.7167258262634277,
    "embed_mfcc_12_std": 9.134855270385742,
    "embed_mfcc_13_mean": 4.2482709884643555,
    "embed_mfcc_13_std": 8.576186180114746,
    "embed_mfcc_14_mean": 5.952617645263672,
    "embed_mfcc_14_std": 8.205102920532227,
    "embed_mfcc_15_mean": 1.106305718421936,
    "embed_mfcc_15_std": 7.90826416015625,
    "embed_mfcc_16_mean": 5.677935600280762,
    "embed_mfcc_16_std": 7.120128154754639,
    "embed_mfcc_17_mean": 2.274808168411255,
    "embed_mfcc_17_std": 7.284575939178467,
    "embed_mfcc_18_mean": 3.211618423461914,
    "embed_mfcc_18_std": 6.7570600509643555,
    "embed_mfcc_19_mean": -0.13659517467021942,
    "embed_mfcc_19_std": 6.580389022827148,
    "embed_mfcc_20_mean": 4.77327823638916,
    "embed_mfcc_20_std": 6.440550804138184,
    "embed_chroma_1_mean": 0.3488601744174957,
    "embed_chroma_1_std": 0.2586585283279419,
    "embed_chroma_2_mean": 0.42928528785705566,
    "embed_chroma_2_std": 0.2995160222053528,
    "embed_chroma_3_mean": 0.5468848347663879,
    "embed_chroma_3_std": 0.3249594271183014,
    "embed_chroma_4_mean": 0.45518478751182556,
    "embed_chroma_4_std": 0.29961252212524414,
    "embed_chroma_5_mean": 0.31789666414260864,
    "embed_chroma_5_std": 0.2252923846244812,
    "embed_chroma_6_mean": 0.30351436138153076,
    "embed_chroma_6_std": 0.1902557909488678,
    "embed_chroma_7_mean": 0.47377926111221313,
    "embed_chroma_7_std": 0.29735615849494934,
    "embed_chroma_8_mean": 0.6274551153182983,
    "embed_chroma_8_std": 0.3039030134677887,
    "embed_chroma_9_mean": 0.4207962155342102,
    "embed_chroma_9_std": 0.22899016737937927,
    "embed_chroma_10_mean": 0.2922608256340027,
    "embed_chroma_10_std": 0.15669536590576172,
    "embed_chroma_11_mean": 0.275654137134552,
    "embed_chroma_11_std": 0.16978031396865845,
    "embed_chroma_12_mean": 0.2265753448009491,
    "embed_chroma_12_std": 0.13567377626895905,
    "embed_contrast_1_mean": 20.31810760498047,
    "embed_contrast_1_std": 4.517529010772705,
    "embed_contrast_2_mean": 12.920727729797363,
    "embed_contrast_2_std": 3.612107276916504,
    "embed_contrast_3_mean": 15.732499122619629,
    "embed_contrast_3_std": 3.7161262035369873,
    "embed_contrast_4_mean": 16.072961807250977,
    "embed_contrast_4_std": 3.1963107585906982,
    "embed_contrast_5_mean": 16.273399353027344,
    "embed_contrast_5_std": 2.462921619415283,
    "embed_contrast_6_mean": 16.02383041381836,
    "embed_contrast_6_std": 2.0101301670074463,
    "embed_contrast_7_mean": 46.39882278442383,
    "embed_contrast_7_std": 3.0640530586242676,
    "embed_chroma_entropy": 2.443002462387085,
    "embed_centroid_mean": 3263.80510346721,
    "embed_centroid_std": 855.0057546838876,
    "embed_rolloff_mean": 6821.256669460805,
    "embed_rolloff_std": 1313.4156288543056,
    "embed_flatness_mean": 0.04578392952680588,
    "embed_flatness_std": 0.049082014709711075,
    "embed_zcr_mean": 0.11030772300696594,
    "embed_zcr_std": 0.0871108865506959,
    "embed_rms_mean": 0.34650278091430664,
    "embed_rms_std": 0.0572999007999897,
    "embed_onset_mean": 1.6021125316619873,
    "embed_onset_std": 1.2495616674423218,
    "fingerprint_version": 2.0,
    "fingerprint_duration_seconds": 143.75478458049886,
    "embed_mfcc_delta_mean": 3.8060352380853146e-05,
    "embed_mfcc_delta_std": 2.7139580249786377,
    "embed_chroma_delta_mean": 1.2269490071048494e-05,
    "embed_chroma_delta_std": 0.02307484671473503,
    "embed_onset_peak": 12.856025695800781,
    "embed_onset_p95": 4.017899513244629,
    "embed_rms_p10": 0.2502230405807495,
    "embed_rms_p50": 0.3624919354915619,
    "embed_rms_p90": 0.3912666141986847,
    "embedding_nonzero_count": 100.0
  },
  "rhythm": {
    "onset_count": 903,
    "onset_density": 6.281531566783011,
    "drum_activity": "High",
    "estimated_bars": 84,
    "seconds_per_bar": 1.7142857142857142
  },
  "sections": [
    {
      "name": "Intro",
      "start": 0.0,
      "end": 16.0,
      "avg_energy": 0.49258890748023987,
      "energy_label": "Medium"
    },
    {
      "name": "Chorus / Hook",
      "start": 16.0,
      "end": 32.0,
      "avg_energy": 0.4671016037464142,
      "energy_label": "Medium"
    },
    {
      "name": "Verse",
      "start": 32.0,
      "end": 48.0,
      "avg_energy": 0.46925419569015503,
      "energy_label": "Medium"
    },
    {
      "name": "Chorus / Hook",
      "start": 48.0,
      "end": 64.0,
      "avg_energy": 0.5112962126731873,
      "energy_label": "Medium"
    },
    {
      "name": "Verse",
      "start": 64.0,
      "end": 80.0,
      "avg_energy": 0.5325623750686646,