{
  "basic": {
    "file_name": "Autumn! - The Other Side!.wav",
    "file_path": "/Volumes/POLLY/tracks/Autumn/Autumn! - The Other Side!.wav",
    "sample_rate": 48000,
    "duration_seconds": 134.18666666666667,
    "bpm": 140.0,
    "key": "D# Major",
    "key_note": "D#",
    "key_mode": "Major",
    "key_confidence": 42.74741951979479
  },
  "loudness": {
    "peak_db": 0.0005363407041674749,
    "rms_db": -6.9694820862260976,
    "dynamic_range_db": 6.970018426930265,
    "clipping_detected": true,
    "clipping_samples": 50724,
    "clipping_percent": 0.7875223569157392,
    "headroom_db": -0.0005363407041674749
  },
  "frequency": {
    "band_percentages": {
      "Sub": 17.438070214669654,
      "Bass / 808": 15.869522110101295,
      "Mud": 14.043333796854904,
      "Low Mids": 13.648138904102483,
      "Mids / Melody": 13.699934547351642,
      "Harsh Zone": 13.466401167780878,
      "Highs": 13.748442340302208,
      "Air": 11.552558084787425,
      "Vocal Range": 14.559047124682985
    },
    "brightness_centroid_hz": 2011.6795468723114,
    "brightness_label": "Medium",
    "spectral_rolloff_hz": 4416.106753239012,
    "dominant_band": "Sub",
    "low_end_total_percent": 33.30759232477095,
    "mid_total_percent": 41.39140724830903,
    "top_total_percent": 25.301000425089633
  },
  "fingerprint": {
    "mfcc_1": -212.124755859375,
    "mfcc_2": -7.4291605949401855,
    "mfcc_3": 19.35272979736328,
    "mfcc_4": 13.951045989990234,
    "mfcc_5": -6.4186692237854,
    "mfcc_6": 8.037623405456543,
    "mfcc_7": 0.18481695652008057,
    "mfcc_8": 18.224788665771484,
    "mfcc_9": -12.302834510803223,
    "mfcc_10": 13.93404769897461,
    "mfcc_11": 7.174293518066406,
    "mfcc_12": 3.1078999042510986,
    "mfcc_13": 0.9671700596809387,
    "chroma_1": 0.1555708348751068,
    "chroma_2": 0.19090594351291656,
    "chroma_3": 0.4201448857784271,
    "chroma_4": 0.7497133612632751,
    "chroma_5": 0.45307865738868713,
    "chroma_6": 0.2850514352321625,
    "chroma_7": 0.21067944169044495,
    "chroma_8": 0.3848158121109009,
    "chroma_9": 0.25432389974594116,
    "chroma_10": 0.2038196325302124,
    "chroma_11": 0.1920444518327713,
    "chroma_12": 0.14398245513439178,
    "spectral_contrast": 23.702068555817203,
    "spectral_flatness": 0.00513448566198349,
    "zero_crossing_rate": 0.03867370794432082,
    "embed_mfcc_1_mean": -212.124755859375,
    "embed_mfcc_1_std": 86.98485565185547,
    "embed_mfcc_2_mean": -7.4291605949401855,
    "embed_mfcc_2_std": 59.404273986816406,
    "embed_mfcc_3_mean": 19.35272979736328,
    "embed_mfcc_3_std": 41.879310607910156,
    "embed_mfcc_4_mean": 13.951045989990234,
    "embed_mfcc_4_std": 24.41488265991211,
    "embed_mfcc_5_mean": -6.4186692237854,
    "embed_mfcc_5_std": 20.7098331451416,
    "embed_mfcc_6_mean": 8.037623405456543,
    "embed_mfcc_6_std": 16.71114730834961,
    "embed_mfcc_7_mean": 0.18481695652008057,
    "embed_mfcc_7_std": 13.699152946472168,
    "embed_mfcc_8_mean": 18.224788665771484,
    "embed_mfcc_8_std": 14.210678100585938,
    "embed_mfcc_9_mean": -12.302834510803223,
    "embed_mfcc_9_std": 16.353208541870117,
    "embed_mfcc_10_mean": 13.93404769897461,
    "embed_mfcc_10_std": 10.565239906311035,
    "embed_mfcc_11_mean": 7.174293518066406,
    "embed_mfcc_11_std": 12.413129806518555,
    "embed_mfcc_12_mean": 3.1078999042510986,
    "embed_mfcc_12_std": 9.587769508361816,
    "embed_mfcc_13_mean": 0.9671700596809387,
    "embed_mfcc_13_std": 8.279572486877441,
    "embed_mfcc_14_mean": 10.405335426330566,
    "embed_mfcc_14_std": 7.983620643615723,
    "embed_mfcc_15_mean": 0.6323212385177612,
    "embed_mfcc_15_std": 8.011821746826172,
    "embed_mfcc_16_mean": 4.869606971740723,
    "embed_mfcc_16_std": 7.296160697937012,
    "embed_mfcc_17_mean": 1.7118600606918335,
    "embed_mfcc_17_std": 7.895476341247559,
    "embed_mfcc_18_mean": 4.563971042633057,
    "embed_mfcc_18_std": 6.849132061004639,
    "embed_mfcc_19_mean": 1.3467063903808594,
    "embed_mfcc_19_std": 7.277637958526611,
    "embed_mfcc_20_mean": 2.982595920562744,
    "embed_mfcc_20_std": 6.2657246589660645,
    "embed_chroma_1_mean": 0.1555708348751068,
    "embed_chroma_1_std": 0.12448380887508392,
    "embed_chroma_2_mean": 0.19090594351291656,
    "embed_chroma_2_std": 0.13841812312602997,
    "embed_chroma_3_mean": 0.4201448857784271,
    "embed_chroma_3_std": 0.33881253004074097,
    "embed_chroma_4_mean": 0.7497133612632751,
    "embed_chroma_4_std": 0.3366272747516632,
    "embed_chroma_5_mean": 0.45307865738868713,
    "embed_chroma_5_std": 0.24025633931159973,
    "embed_chroma_6_mean": 0.2850514352321625,
    "embed_chroma_6_std": 0.16144658625125885,
    "embed_chroma_7_mean": 0.21067944169044495,
    "embed_chroma_7_std": 0.0992530956864357,
    "embed_chroma_8_mean": 0.3848158121109009,
    "embed_chroma_8_std": 0.34247633814811707,
    "embed_chroma_9_mean": 0.25432389974594116,
    "embed_chroma_9_std": 0.21679139137268066,
    "embed_chroma_10_mean": 0.2038196325302124,
    "embed_chroma_10_std": 0.1313231736421585,
    "embed_chroma_11_mean": 0.1920444518327713,
    "embed_chroma_11_std": 0.10296276956796646,
    "embed_chroma_12_mean": 0.14398245513439178,
    "embed_chroma_12_std": 0.10034149140119553,
    "embed_contrast_1_mean": 23.74673080444336,
    "embed_contrast_1_std": 5.150021553039551,
    "embed_contrast_2_mean": 16.540748596191406,
    "embed_contrast_2_std": 4.291219711303711,
    "embed_contrast_3_mean": 18.491924285888672,
    "embed_contrast_3_std": 4.422361850738525,
    "embed_contrast_4_mean": 18.53557014465332,
    "embed_contrast_4_std": 4.188929557800293,
    "embed_contrast_5_mean": 18.699373245239258,
    "embed_contrast_5_std": 3.9215331077575684,
    "embed_contrast_6_mean": 19.740253448486328,
    "embed_contrast_6_std": 4.141343116760254,
    "embed_contrast_7_mean": 50.15988540649414,
    "embed_contrast_7_std": 4.321559429168701,
    "embed_chroma_entropy": 2.3540782928466797,
    "embed_centroid_mean": 2093.8587092003886,
    "embed_centroid_std": 1167.5557138976847,
    "embed_rolloff_mean": 4879.949658278711,
    "embed_rolloff_std": 2611.1021843314884,
    "embed_flatness_mean": 0.00513448566198349,
    "embed_flatness_std": 0.013328824192285538,
    "embed_zcr_mean": 0.03867370794432082,
    "embed_zcr_std": 0.042112533252456855,
    "embed_rms_mean": 0.3567736744880676,
    "embed_rms_std": 0.16011963784694672,
    "embed_onset_mean": 1.8673012256622314,
    "embed_onset_std": 2.16546893119812,
    "fingerprint_version": 2.0,
    "fingerprint_duration_seconds": 134.18666666666667,
    "embed_mfcc_delta_mean": 0.0005673322593793273,
    "embed_mfcc_delta_std": 4.980134963989258,
    "embed_chroma_delta_mean": -4.618964885594323e-05,
    "embed_chroma_delta_std": 0.020550290122628212,
    "embed_onset_peak": 23.537845611572266,
    "embed_onset_p95": 6.2597808837890625,
    "embed_rms_p10": 0.1257874071598053,
    "embed_rms_p50": 0.37253642082214355,
    "embed_rms_p90": 0.5570459961891174,
    "embedding_nonzero_count": 100.0
  },
  "rhythm": {
    "onset_count": 811,
    "onset_density": 6.043819554848967,
    "drum_activity": "High",
    "estimated_bars": 78,
    "seconds_per_bar": 1.7142857142857142
  },
  "sections": [
    {
      "name": "Intro",
      "start": 0.0,
      "end": 16.0,
      "avg_energy": 0.4595578908920288,
      "energy_label": "Medium"
    },
    {
      "name": "Chorus / Hook",
      "start": 16.0,
      "end": 32.0,
      "avg_energy": 0.45371612906455994,
      "energy_label": "Medium"
    },
    {
      "name": "Verse",
      "start": 32.0,
      "end": 48.0,
      "avg_energy": 0.46070876717567444,
      "energy_label": "Medium"
    },
    {
      "name": "Chorus / Hook",
      "start": 48.0,
      "end": 64.0,
      "avg_energy": 0.40217119455337524,
      "energy_label": "Medium"
    },
    {
      "name": "Verse",
      "start": 64.0,
      "end": 80.0,
      "avg_energy": 0.45295774936676025,