{
  "basic": {
    "file_name": "Autumn! - The Other Side!.wav",
    "file_path": "/Users/jayden/SoundLens/tracks/Autumn/Autumn! - The Other Side!.wav",
    "sample_rate": 48000,
    "duration_seconds": 134.18666666666667,
    "bpm": 173.08,
    "key": "D# Major",
    "key_note": "D#",
    "key_mode": "Major",
    "key_confidence": 49.05537921564807
  },
  "loudness": {
    "peak_db": 0.0005363407041674749,
    "rms_db": -6.9694820862260976,
    "dynamic_range_db": 6.970018426930265,
    "clipping_detected": true,
    "clipping_samples": 50724,
    "clipping_percent": 0.7875223569157392,
    "headroom_db": -0.0005363407041674749
  },
  "frequency": {
    "band_percentages": {
      "Sub": 17.438070214669654,
      "Bass / 808": 15.869522110101295,
      "Mud": 14.043333796854904,
      "Low Mids": 13.648138904102483,
      "Mids / Melody": 13.699934547351642,
      "Harsh Zone": 13.466401167780878,
      "Highs": 13.748442340302208,
      "Air": 11.552558084787425,
      "Vocal Range": 14.559047124682985
    },
    "brightness_centroid_hz": 2011.6795468723114,
    "brightness_label": "Medium",
    "spectral_rolloff_hz": 4416.106753239012,
    "dominant_band": "Sub",
    "low_end_total_percent": 33.30759232477095,
    "mid_total_percent": 41.39140724830903,
    "top_total_percent": 25.301000425089633
  },
  "fingerprint": {
    "mfcc_1": -197.50428771972656,
    "mfcc_2": 130.8074951171875,
    "mfcc_3": 17.222389221191406,
    "mfcc_4": 59.177398681640625,
    "mfcc_5": -1.5201255083084106,
    "mfcc_6": 20.519739151000977,
    "mfcc_7": 8.827398300170898,
    "mfcc_8": 10.716719627380371,
    "mfcc_9": 16.625364303588867,
    "mfcc_10": 12.001077651977539,
    "mfcc_11": -0.8418756127357483,
    "mfcc_12": 11.850147247314453,
    "mfcc_13": 13.377999305725098,
    "chroma_1": 0.144515722990036,
    "chroma_2": 0.187433660030365,
    "chroma_3": 0.41475823521614075,
    "chroma_4": 0.7277865409851074,
    "chroma_5": 0.4313323199748993,
    "chroma_6": 0.2687267065048218,
    "chroma_7": 0.20522743463516235,
    "chroma_8": 0.4058113694190979,
    "chroma_9": 0.25894373655319214,
    "chroma_10": 0.19772589206695557,
    "chroma_11": 0.18359123170375824,
    "chroma_12": 0.13852259516716003,
    "spectral_contrast": 19.460250354852548,
    "spectral_flatness": 0.00018385944713372737,
    "zero_crossing_rate": 0.017701776860941102
  },
  "rhythm": {
    "onset_count": 811,
    "onset_density": 6.043819554848967,
    "drum_activity": "High",
    "estimated_bars": 97,
    "seconds_per_bar": 1.386642015253062
  },
  "sections": [
    {
      "name": "Section 1",
      "start": 0.0,
      "end": 12.0,
      "avg_energy": 0.4653134047985077,
      "energy_label": "High"
    },
    {
      "name": "Section 2",
      "start": 12.0,
      "end": 24.0,
      "avg_energy": 0.45049017667770386,
      "energy_label": "Medium"
    },
    {
      "name": "Section 3",
      "start": 24.0,
      "end": 36.0,
      "avg_energy": 0.4585137963294983,
      "energy_label": "High"
    },
    {
      "name": "Section 4",
      "start": 36.0,
      "end": 48.0,
      "avg_energy": 0.4575801491737366,
      "energy_label": "Medium"
    },
    {
      "name": "Section 5",
      "start": 48.0,
      "end": 60.0,
      "avg_energy": 0.3803819417953491,
      "energy_label": "Low"
    },
    {
      "name": "Section 6",
      "start": 60.0,
      "end": 72.0,
      "avg_energy": 0.4550323486328125,
      "energy_label": "Medium"
    },
    {
      "name": "Section 7",
      "start": 72.0,
      "end": 84.0,
      "avg_energy": 0.4467955231666565,
      "energy_label": "Low"
    },
    {
      "name": "Section 8",
      "start": 84.0,
      "end": 96.0,
      "avg_energy": 0.4596475064754486,
      "energy_label": "High"
    },
    {
      "name": "Section 9",
      "start": 96.0,
      "end": 108.0,
      "avg_energy": 0.4592861235141754,
      "energy_label": "High"
    },
    {
      "name": "Section 10",
      "start": 108.0,
      "end": 120.0,
      "avg_energy": 0.4486425518989563,
      "energy_label": "Low"
    },
    {
      "name": "Section 11",
      "start": 120.0,
      "end": 134.18666666666667,
      "avg_energy": 0.4438838064670563,
      "energy_label": "Low"
    }
  ],
  "scores": {
    "mix": 81,
    "master": 81,
    "arrangement": 81,
    "release": 81,
    "energy": 9.015258956886951,
    "bass_strength": 6.66151846495419,
    "darkness": 5.976640906255377,
    "brightness": 4.023359093744623,
    "drum_bounce": 10,
    "vocal_space": 2.432932352100541
  },
  "stem_balance": null,
  "top_problems": [
    "Clipping detected: 50724 samples are near/over the limit.",
    "Mud range is elevated around 250-500 Hz.",
    "Intro may be long for short-form listener retention.",
    "Drum movement is very active; the beat could become overcrowded.",
    "Hook/verse contrast looks low, but arrangement detection is still an estimate."
  ],
  "suggested_fixes": [
    "Lower the master/output, then use a soft clipper or limiter with safer ceiling.",
    "Gently cut 250-500 Hz on melodies, pads, or the master if the mix feels cloudy.",
    "Mute extra percussion in some sections so the hook/drop feels bigger.",
    "Check the waveform/sections by ear. If the hook feels flat, add contrast with melody layers, drum changes, or vocal energy.",
    "Consider bringing drums, 808, or a strong tag/moment in earlier."
  ],
  "artist_notes": [
    "Autotune/key starting point: D# Major. Confidence: 49.1%.",
    "Beat energy: 9.0/10. Darkness: 6.0/10.",
    "Vocal space estimate: 2.4/10. Higher means easier space for vocals."
  ],
  "producer_notes": [
    "Low-end presence looks usable for the selected style.",
    "Selected style preset: rage_trap.",
    "Dominant frequency area: Sub.",
    "Drum activity is high at 6.04 hits/sec.",
    "Estimated length: 97 bars at 173 BPM."
  ],
  "master_notes": [
    "Clipping is the first thing to fix before judging the rest of the mix.",
    "Loudness is in a usable range for the selected style.",
    "Peak: 0.00 dB. RMS: -6.97 dB. Dynamic range: 6.97 dB."
  ],
  "next_steps": [
    "Lower the master/output, then use a soft clipper or limiter with safer ceiling.",
    "Gently cut 250-500 Hz on melodies, pads, or the master if the mix feels cloudy.",
    "Mute extra percussion in some sections so the hook/drop feels bigger.",
    "Fix the top 1-2 issues, export again, then re-run SoundLens."
  ]
}