{
  "basic": {
    "file_name": "Autumn - Not One!.wav",
    "file_path": "/Volumes/POLLY/tracks/Autumn/Autumn - Not One!.wav",
    "sample_rate": 48000,
    "duration_seconds": 116.5714375,
    "bpm": 140.0,
    "key": "C Major",
    "key_note": "C",
    "key_mode": "Major",
    "key_confidence": 42.77619040465598
  },
  "loudness": {
    "peak_db": -0.0006295695652250542,
    "rms_db": -10.829476432815817,
    "dynamic_range_db": 10.828846863250591,
    "clipping_detected": true,
    "clipping_samples": 5,
    "clipping_percent": 8.935865328645936e-05,
    "headroom_db": 0.0006295695652250542
  },
  "frequency": {
    "band_percentages": {
      "Sub": 16.782062817331813,
      "Bass / 808": 14.721026804827403,
      "Mud": 14.087770350281929,
      "Low Mids": 14.151452586595429,
      "Mids / Melody": 14.145305168544231,
      "Harsh Zone": 13.637852273927988,
      "Highs": 13.940843262520875,
      "Air": 12.171539008046818,
      "Vocal Range": 14.92905991665531
    },
    "brightness_centroid_hz": 2818.8231611259644,
    "brightness_label": "Medium",
    "spectral_rolloff_hz": 5890.189661679934,
    "dominant_band": "Sub",
    "low_end_total_percent": 31.503089622159216,
    "mid_total_percent": 42.38452810542159,
    "top_total_percent": 26.112382270567693
  },
  "fingerprint": {
    "mfcc_1": -172.45419311523438,
    "mfcc_2": -19.843626022338867,
    "mfcc_3": 5.127585411071777,
    "mfcc_4": 1.2134546041488647,
    "mfcc_5": -2.2167105674743652,
    "mfcc_6": -1.448654294013977,
    "mfcc_7": -3.0449023246765137,
    "mfcc_8": 11.930476188659668,
    "mfcc_9": -12.971392631530762,
    "mfcc_10": 14.450791358947754,
    "mfcc_11": 2.9326109886169434,
    "mfcc_12": 6.576048374176025,
    "mfcc_13": 5.4417219161987305,
    "chroma_1": 0.6429192423820496,
    "chroma_2": 0.7625067234039307,
    "chroma_3": 0.5822287797927856,
    "chroma_4": 0.49571555852890015,
    "chroma_5": 0.5428085923194885,
    "chroma_6": 0.40843597054481506,
    "chroma_7": 0.5997834205627441,
    "chroma_8": 0.4751228988170624,
    "chroma_9": 0.3193631172180176,
    "chroma_10": 0.3306659460067749,
    "chroma_11": 0.2858482003211975,
    "chroma_12": 0.36272522807121277,
    "spectral_contrast": 22.588450787229597,
    "spectral_flatness": 0.014528727158904076,
    "zero_crossing_rate": 0.06425785139912368,
    "embed_mfcc_1_mean": -172.45419311523438,
    "embed_mfcc_1_std": 79.88037872314453,
    "embed_mfcc_2_mean": -19.843626022338867,
    "embed_mfcc_2_std": 47.4605712890625,
    "embed_mfcc_3_mean": 5.127585411071777,
    "embed_mfcc_3_std": 36.27332305908203,
    "embed_mfcc_4_mean": 1.2134546041488647,
    "embed_mfcc_4_std": 19.92583656311035,
    "embed_mfcc_5_mean": -2.2167105674743652,
    "embed_mfcc_5_std": 15.166295051574707,
    "embed_mfcc_6_mean": -1.448654294013977,
    "embed_mfcc_6_std": 16.038745880126953,
    "embed_mfcc_7_mean": -3.0449023246765137,
    "embed_mfcc_7_std": 11.938522338867188,
    "embed_mfcc_8_mean": 11.930476188659668,
    "embed_mfcc_8_std": 11.571670532226562,
    "embed_mfcc_9_mean": -12.971392631530762,
    "embed_mfcc_9_std": 13.187121391296387,
    "embed_mfcc_10_mean": 14.450791358947754,
    "embed_mfcc_10_std": 10.048551559448242,
    "embed_mfcc_11_mean": 2.9326109886169434,
    "embed_mfcc_11_std": 9.331886291503906,
    "embed_mfcc_12_mean": 6.576048374176025,
    "embed_mfcc_12_std": 8.881430625915527,
    "embed_mfcc_13_mean": 5.4417219161987305,
    "embed_mfcc_13_std": 8.112183570861816,
    "embed_mfcc_14_mean": 6.411387920379639,
    "embed_mfcc_14_std": 7.926601886749268,
    "embed_mfcc_15_mean": 2.4068806171417236,
    "embed_mfcc_15_std": 7.612950801849365,
    "embed_mfcc_16_mean": 11.76331901550293,
    "embed_mfcc_16_std": 8.982831001281738,
    "embed_mfcc_17_mean": 0.19424544274806976,
    "embed_mfcc_17_std": 7.694515228271484,
    "embed_mfcc_18_mean": 5.333518981933594,
    "embed_mfcc_18_std": 7.768276691436768,
    "embed_mfcc_19_mean": 5.996029853820801,
    "embed_mfcc_19_std": 7.5348310470581055,
    "embed_mfcc_20_mean": 4.205062389373779,
    "embed_mfcc_20_std": 8.211624145507812,
    "embed_chroma_1_mean": 0.6429192423820496,
    "embed_chroma_1_std": 0.3085368275642395,
    "embed_chroma_2_mean": 0.7625067234039307,
    "embed_chroma_2_std": 0.3330139219760895,
    "embed_chroma_3_mean": 0.5822287797927856,
    "embed_chroma_3_std": 0.2702229619026184,
    "embed_chroma_4_mean": 0.49571555852890015,
    "embed_chroma_4_std": 0.22368137538433075,
    "embed_chroma_5_mean": 0.5428085923194885,
    "embed_chroma_5_std": 0.25724273920059204,
    "embed_chroma_6_mean": 0.40843597054481506,
    "embed_chroma_6_std": 0.1866340935230255,
    "embed_chroma_7_mean": 0.5997834205627441,
    "embed_chroma_7_std": 0.236549511551857,
    "embed_chroma_8_mean": 0.4751228988170624,
    "embed_chroma_8_std": 0.23215541243553162,
    "embed_chroma_9_mean": 0.3193631172180176,
    "embed_chroma_9_std": 0.1261986494064331,
    "embed_chroma_10_mean": 0.3306659460067749,
    "embed_chroma_10_std": 0.1640845537185669,
    "embed_chroma_11_mean": 0.2858482003211975,
    "embed_chroma_11_std": 0.1318190097808838,
    "embed_chroma_12_mean": 0.36272522807121277,
    "embed_chroma_12_std": 0.19542215764522552,
    "embed_contrast_1_mean": 23.073936462402344,
    "embed_contrast_1_std": 5.1692914962768555,
    "embed_contrast_2_mean": 14.564276695251465,
    "embed_contrast_2_std": 4.15873384475708,
    "embed_contrast_3_mean": 17.2237606048584,
    "embed_contrast_3_std": 3.9961276054382324,
    "embed_contrast_4_mean": 17.408029556274414,
    "embed_contrast_4_std": 3.726249933242798,
    "embed_contrast_5_mean": 17.294958114624023,
    "embed_contrast_5_std": 3.116539239883423,
    "embed_contrast_6_mean": 18.941009521484375,
    "embed_contrast_6_std": 3.725177526473999,
    "embed_contrast_7_mean": 49.613182067871094,
    "embed_contrast_7_std": 3.066641330718994,
    "embed_chroma_entropy": 2.4423294067382812,
    "embed_centroid_mean": 2625.1635578093387,
    "embed_centroid_std": 1297.8744540344617,
    "embed_rolloff_mean": 5687.0707627573565,
    "embed_rolloff_std": 2502.1620132550074,
    "embed_flatness_mean": 0.014528727158904076,
    "embed_flatness_std": 0.0266051534563303,
    "embed_zcr_mean": 0.06425785139912368,
    "embed_zcr_std": 0.0590556535079012,
    "embed_rms_mean": 0.2613197863101959,
    "embed_rms_std": 0.0726572647690773,
    "embed_onset_mean": 2.0029218196868896,
    "embed_onset_std": 2.105315923690796,
    "fingerprint_version": 2.0,
    "fingerprint_duration_seconds": 116.5714739229025,
    "embed_mfcc_delta_mean": -0.0013103802921250463,
    "embed_mfcc_delta_std": 4.386712074279785,
    "embed_chroma_delta_mean": -3.2257401471724734e-05,
    "embed_chroma_delta_std": 0.0228382907807827,
    "embed_onset_peak": 19.387779235839844,
    "embed_onset_p95": 6.161705017089844,
    "embed_rms_p10": 0.15461494028568268,
    "embed_rms_p50": 0.2735786437988281,
    "embed_rms_p90": 0.3396865725517273,
    "embedding_nonzero_count": 100.0
  },
  "rhythm": {
    "onset_count": 757,
    "onset_density": 6.493872051633574,
    "drum_activity": "High",
    "estimated_bars": 68,
    "seconds_per_bar": 1.7142857142857142
  },
  "sections": [
    {
      "name": "Intro",
      "start": 0.0,
      "end": 16.0,
      "avg_energy": 0.28355780243873596,
      "energy_label": "Medium"
    },
    {
      "name": "Chorus / Hook",
      "start": 16.0,
      "end": 32.0,
      "avg_energy": 0.28620272874832153,
      "energy_label": "Medium"
    },
    {
      "name": "Verse",
      "start": 32.0,
      "end": 48.0,
      "avg_energy": 0.2917346954345703,
      "energy_label": "Medium"
    },
    {
      "name": "Chorus / Hook",
      "start": 48.0,
      "end": 64.0,
      "avg_energy": 0.2924667298793793,
      "energy_label": "Medium"
    },
    {
      "name": "Verse",
      "start": 64.0,
      "end": 80.0,
      "avg_energy": 0.29243189096450806,