{
  "basic": {
    "file_name": "Autumn! - Now!.wav",
    "file_path": "/Volumes/POLLY/tracks/Autumn/Autumn! - Now!.wav",
    "sample_rate": 48000,
    "duration_seconds": 124.695625,
    "bpm": 140.0,
    "key": "C Minor",
    "key_note": "C",
    "key_mode": "Minor",
    "key_confidence": 44.742846752768116
  },
  "loudness": {
    "peak_db": 3.624028004739481e-05,
    "rms_db": -8.236134126581288,
    "dynamic_range_db": 8.236170366861336,
    "clipping_detected": true,
    "clipping_samples": 26704,
    "clipping_percent": 0.446153049341814,
    "headroom_db": -3.624028004739481e-05
  },
  "frequency": {
    "band_percentages": {
      "Sub": 17.07675932889503,
      "Bass / 808": 14.238534449898271,
      "Mud": 14.111265690528871,
      "Low Mids": 14.73161221892885,
      "Mids / Melody": 14.4268514044067,
      "Harsh Zone": 13.832192196335455,
      "Highs": 13.582793183603464,
      "Air": 11.832183721917897,
      "Vocal Range": 15.289048950824712
    },
    "brightness_centroid_hz": 2586.041497036721,
    "brightness_label": "Medium",
    "spectral_rolloff_hz": 5340.37601039261,
    "dominant_band": "Sub",
    "low_end_total_percent": 31.3152937787933,
    "mid_total_percent": 43.26972931386442,
    "top_total_percent": 25.41497690552136
  },
  "fingerprint": {
    "mfcc_1": -156.9354705810547,
    "mfcc_2": -27.280195236206055,
    "mfcc_3": -21.260839462280273,
    "mfcc_4": 2.0889642238616943,
    "mfcc_5": -16.020002365112305,
    "mfcc_6": 0.8908116817474365,
    "mfcc_7": -11.643102645874023,
    "mfcc_8": 9.110504150390625,
    "mfcc_9": -12.457419395446777,
    "mfcc_10": 7.998337268829346,
    "mfcc_11": -0.10010155290365219,
    "mfcc_12": -1.0360338687896729,
    "mfcc_13": 1.8869335651397705,
    "chroma_1": 0.42244860529899597,
    "chroma_2": 0.5420594811439514,
    "chroma_3": 0.3485219478607178,
    "chroma_4": 0.5651254653930664,
    "chroma_5": 0.2884739935398102,
    "chroma_6": 0.37336456775665283,
    "chroma_7": 0.4242367148399353,
    "chroma_8": 0.23595024645328522,
    "chroma_9": 0.3217327892780304,
    "chroma_10": 0.19575577974319458,
    "chroma_11": 0.36593320965766907,
    "chroma_12": 0.27315717935562134,
    "spectral_contrast": 24.0062464685537,
    "spectral_flatness": 0.014706694521009922,
    "zero_crossing_rate": 0.07720947265625,
    "embed_mfcc_1_mean": -156.9354705810547,
    "embed_mfcc_1_std": 49.52787780761719,
    "embed_mfcc_2_mean": -27.280195236206055,
    "embed_mfcc_2_std": 30.766605377197266,
    "embed_mfcc_3_mean": -21.260839462280273,
    "embed_mfcc_3_std": 30.27354621887207,
    "embed_mfcc_4_mean": 2.0889642238616943,
    "embed_mfcc_4_std": 23.64045524597168,
    "embed_mfcc_5_mean": -16.020002365112305,
    "embed_mfcc_5_std": 19.257905960083008,
    "embed_mfcc_6_mean": 0.8908116817474365,
    "embed_mfcc_6_std": 15.472972869873047,
    "embed_mfcc_7_mean": -11.643102645874023,
    "embed_mfcc_7_std": 14.739053726196289,
    "embed_mfcc_8_mean": 9.110504150390625,
    "embed_mfcc_8_std": 12.504384994506836,
    "embed_mfcc_9_mean": -12.457419395446777,
    "embed_mfcc_9_std": 13.840982437133789,
    "embed_mfcc_10_mean": 7.998337268829346,
    "embed_mfcc_10_std": 14.30318832397461,
    "embed_mfcc_11_mean": -0.10010155290365219,
    "embed_mfcc_11_std": 11.42618179321289,
    "embed_mfcc_12_mean": -1.0360338687896729,
    "embed_mfcc_12_std": 11.685155868530273,
    "embed_mfcc_13_mean": 1.8869335651397705,
    "embed_mfcc_13_std": 11.638091087341309,
    "embed_mfcc_14_mean": 2.956216812133789,
    "embed_mfcc_14_std": 11.057625770568848,
    "embed_mfcc_15_mean": -4.425862789154053,
    "embed_mfcc_15_std": 10.845049858093262,
    "embed_mfcc_16_mean": 1.9317169189453125,
    "embed_mfcc_16_std": 10.78004264831543,
    "embed_mfcc_17_mean": -0.01231913361698389,
    "embed_mfcc_17_std": 9.772923469543457,
    "embed_mfcc_18_mean": -0.9323310852050781,
    "embed_mfcc_18_std": 10.129968643188477,
    "embed_mfcc_19_mean": -3.9884555339813232,
    "embed_mfcc_19_std": 9.562541961669922,
    "embed_mfcc_20_mean": -1.3176172971725464,
    "embed_mfcc_20_std": 9.103313446044922,
    "embed_chroma_1_mean": 0.42244860529899597,
    "embed_chroma_1_std": 0.3661833107471466,
    "embed_chroma_2_mean": 0.5420594811439514,
    "embed_chroma_2_std": 0.35801878571510315,
    "embed_chroma_3_mean": 0.3485219478607178,
    "embed_chroma_3_std": 0.22358092665672302,
    "embed_chroma_4_mean": 0.5651254653930664,
    "embed_chroma_4_std": 0.30141711235046387,
    "embed_chroma_5_mean": 0.2884739935398102,
    "embed_chroma_5_std": 0.18507833778858185,
    "embed_chroma_6_mean": 0.37336456775665283,
    "embed_chroma_6_std": 0.2557700574398041,
    "embed_chroma_7_mean": 0.4242367148399353,
    "embed_chroma_7_std": 0.2906315326690674,
    "embed_chroma_8_mean": 0.23595024645328522,
    "embed_chroma_8_std": 0.17237728834152222,
    "embed_chroma_9_mean": 0.3217327892780304,
    "embed_chroma_9_std": 0.2527901530265808,
    "embed_chroma_10_mean": 0.19575577974319458,
    "embed_chroma_10_std": 0.13005992770195007,
    "embed_chroma_11_mean": 0.36593320965766907,
    "embed_chroma_11_std": 0.29278814792633057,
    "embed_chroma_12_mean": 0.27315717935562134,
    "embed_chroma_12_std": 0.222630113363266,
    "embed_contrast_1_mean": 23.02255630493164,
    "embed_contrast_1_std": 4.82942008972168,
    "embed_contrast_2_mean": 16.275131225585938,
    "embed_contrast_2_std": 4.354579925537109,
    "embed_contrast_3_mean": 20.138051986694336,
    "embed_contrast_3_std": 4.865383625030518,
    "embed_contrast_4_mean": 18.75479507446289,
    "embed_contrast_4_std": 3.7741618156433105,
    "embed_contrast_5_mean": 20.024707794189453,
    "embed_contrast_5_std": 3.6386055946350098,
    "embed_contrast_6_mean": 19.150897979736328,
    "embed_contrast_6_std": 3.248424530029297,
    "embed_contrast_7_mean": 50.677581787109375,
    "embed_contrast_7_std": 3.3143742084503174,
    "embed_chroma_entropy": 2.4410910606384277,
    "embed_centroid_mean": 2438.6709826638635,
    "embed_centroid_std": 956.7044493393297,
    "embed_rolloff_mean": 5267.7014802631575,
    "embed_rolloff_std": 1759.5106620147844,
    "embed_flatness_mean": 0.014706694521009922,
    "embed_flatness_std": 0.03000766783952713,
    "embed_zcr_mean": 0.07720947265625,
    "embed_zcr_std": 0.06719374112023371,
    "embed_rms_mean": 0.3094872832298279,
    "embed_rms_std": 0.1772054135799408,
    "embed_onset_mean": 1.6077117919921875,
    "embed_onset_std": 1.395466923713684,
    "fingerprint_version": 2.0,
    "fingerprint_duration_seconds": 124.6956462585034,
    "embed_mfcc_delta_mean": 0.0024480915162712336,
    "embed_mfcc_delta_std": 2.7195889949798584,
    "embed_chroma_delta_mean": -1.7769687474356033e-05,
    "embed_chroma_delta_std": 0.029892075806856155,
    "embed_onset_peak": 15.161197662353516,
    "embed_onset_p95": 4.34425163269043,
    "embed_rms_p10": 0.06738565117120743,
    "embed_rms_p50": 0.3884216547012329,
    "embed_rms_p90": 0.5046512484550476,
    "embedding_nonzero_count": 100.0
  },
  "rhythm": {
    "onset_count": 701,
    "onset_density": 5.6216888122578474,
    "drum_activity": "High",
    "estimated_bars": 73,
    "seconds_per_bar": 1.7142857142857142
  },
  "sections": [
    {
      "name": "Intro",
      "start": 0.0,
      "end": 16.0,
      "avg_energy": 0.12176676094532013,
      "energy_label": "Low"
    },
    {
      "name": "Chorus / Hook",
      "start": 16.0,
      "end": 32.0,
      "avg_energy": 0.5155488848686218,
      "energy_label": "High"
    },
    {
      "name": "Verse",
      "start": 32.0,
      "end": 48.0,
      "avg_energy": 0.3234400451183319,
      "energy_label": "Medium"
    },
    {
      "name": "Chorus / Hook",
      "start": 48.0,
      "end": 64.0,
      "avg_energy": 0.4376838803291321,
      "energy_label": "High"
    },
    {
      "name": "Verse",
      "start": 64.0,
      "end": 80.0,
      "avg_energy": 0.4439283311367035,