{
  "basic": {
    "file_name": "Autumn! - Can We Talk!.wav",
    "file_path": "/Users/jayden/SoundLens/tracks/Autumn/Autumn! - Can We Talk!.wav",
    "sample_rate": 48000,
    "duration_seconds": 104.32727083333333,
    "bpm": 143.01,
    "key": "F# Minor",
    "key_note": "F#",
    "key_mode": "Minor",
    "key_confidence": 46.11550774492043
  },
  "loudness": {
    "peak_db": 0.00030441365302151573,
    "rms_db": -8.053215925901107,
    "dynamic_range_db": 8.053520339554128,
    "clipping_detected": true,
    "clipping_samples": 9303,
    "clipping_percent": 0.1857735743031394,
    "headroom_db": -0.00030441365302151573
  },
  "frequency": {
    "band_percentages": {
      "Sub": 16.62124812559976,
      "Bass / 808": 15.000026213937456,
      "Mud": 14.619968186998204,
      "Low Mids": 14.518544906337603,
      "Mids / Melody": 14.270179002342054,
      "Harsh Zone": 13.591736479881385,
      "Highs": 13.237744455380307,
      "Air": 11.732289107608048,
      "Vocal Range": 15.268711555006362
    },
    "brightness_centroid_hz": 2455.192366963903,
    "brightness_label": "Medium",
    "spectral_rolloff_hz": 5354.523438298743,
    "dominant_band": "Sub",
    "low_end_total_percent": 31.621274339537216,
    "mid_total_percent": 43.408692095677864,
    "top_total_percent": 24.970033562988355
  },
  "fingerprint": {
    "mfcc_1": -141.54786682128906,
    "mfcc_2": 137.78158569335938,
    "mfcc_3": -11.921360969543457,
    "mfcc_4": 47.31957244873047,
    "mfcc_5": -10.1820650100708,
    "mfcc_6": 22.35771942138672,
    "mfcc_7": -7.498705863952637,
    "mfcc_8": 0.8621708154678345,
    "mfcc_9": -0.5998727083206177,
    "mfcc_10": 6.518822193145752,
    "mfcc_11": -10.592852592468262,
    "mfcc_12": 4.217928409576416,
    "mfcc_13": 0.16392011940479279,
    "chroma_1": 0.2335791289806366,
    "chroma_2": 0.5126137137413025,
    "chroma_3": 0.2551587224006653,
    "chroma_4": 0.31390076875686646,
    "chroma_5": 0.34873759746551514,
    "chroma_6": 0.23533019423484802,
    "chroma_7": 0.6472413539886475,
    "chroma_8": 0.2969551682472229,
    "chroma_9": 0.46352094411849976,
    "chroma_10": 0.3204262852668762,
    "chroma_11": 0.20172719657421112,
    "chroma_12": 0.20719392597675323,
    "spectral_contrast": 19.504724410167725,
    "spectral_flatness": 0.0007255446980707347,
    "zero_crossing_rate": 0.03018837142802372
  },
  "rhythm": {
    "onset_count": 513,
    "onset_density": 4.9172186323127,
    "drum_activity": "High",
    "estimated_bars": 62,
    "seconds_per_bar": 1.6782043213761277
  },
  "sections": [
    {
      "name": "Section 1",
      "start": 0.0,
      "end": 13.425634571009022,
      "avg_energy": 0.3950999081134796,
      "energy_label": "Medium"
    },
    {
      "name": "Section 2",
      "start": 13.425634571009022,
      "end": 26.851269142018044,
      "avg_energy": 0.4431210160255432,
      "energy_label": "High"
    },
    {
      "name": "Section 3",
      "start": 26.851269142018044,
      "end": 40.27690371302707,
      "avg_energy": 0.40117499232292175,
      "energy_label": "Medium"
    },
    {
      "name": "Section 4",
      "start": 40.27690371302707,
      "end": 53.70253828403609,
      "avg_energy": 0.3942315876483917,
      "energy_label": "Low"
    },
    {
      "name": "Section 5",
      "start": 53.70253828403609,
      "end": 67.12817285504511,
      "avg_energy": 0.4509139657020569,
      "energy_label": "High"
    },
    {
      "name": "Section 6",
      "start": 67.12817285504511,
      "end": 80.55380742605414,
      "avg_energy": 0.44932863116264343,
      "energy_label": "High"
    },
    {
      "name": "Section 7",
      "start": 80.55380742605414,
      "end": 93.97944199706316,
      "avg_energy": 0.3770768642425537,
      "energy_label": "Low"
    },
    {
      "name": "Section 8",
      "start": 93.97944199706316,
      "end": 104.32727083333333,
      "avg_energy": 0.02147691883146763,
      "energy_label": "Low"
    }
  ],
  "scores": {
    "mix": 81,
    "master": 81,
    "arrangement": 81,
    "release": 81,
    "energy": 8.473392037049447,
    "bass_strength": 6.3242548679074435,
    "darkness": 5.089615266072194,
    "brightness": 4.910384733927806,
    "drum_bounce": 10,
    "vocal_space": 2.0779348814382033
  },
  "stem_balance": null,
  "top_problems": [
    "Clipping detected: 9303 samples are near/over the limit.",
    "Mud range is elevated around 250-500 Hz.",
    "Drum movement is very active; the beat could become overcrowded.",
    "Hook/verse contrast looks low, but arrangement detection is still an estimate."
  ],
  "suggested_fixes": [
    "Lower the master/output, then use a soft clipper or limiter with safer ceiling.",
    "Gently cut 250-500 Hz on melodies, pads, or the master if the mix feels cloudy.",
    "Mute extra percussion in some sections so the hook/drop feels bigger.",
    "Check the waveform/sections by ear. If the hook feels flat, add contrast with melody layers, drum changes, or vocal energy."
  ],
  "artist_notes": [
    "Autotune/key starting point: F# Minor. Confidence: 46.1%.",
    "Beat energy: 8.5/10. Darkness: 5.1/10.",
    "Vocal space estimate: 2.1/10. Higher means easier space for vocals."
  ],
  "producer_notes": [
    "Low-end presence looks usable for the selected style.",
    "Selected style preset: rage_trap.",
    "Dominant frequency area: Sub.",
    "Drum activity is high at 4.92 hits/sec.",
    "Estimated length: 62 bars at 143 BPM."
  ],
  "master_notes": [
    "Clipping is the first thing to fix before judging the rest of the mix.",
    "Loudness is in a usable range for the selected style.",
    "Peak: 0.00 dB. RMS: -8.05 dB. Dynamic range: 8.05 dB."
  ],
  "next_steps": [
    "Lower the master/output, then use a soft clipper or limiter with safer ceiling.",
    "Gently cut 250-500 Hz on melodies, pads, or the master if the mix feels cloudy.",
    "Mute extra percussion in some sections so the hook/drop feels bigger.",
    "Fix the top 1-2 issues, export again, then re-run SoundLens."
  ]
}