{
  "basic": {
    "file_name": "Autumn! - When You Left!.wav",
    "file_path": "/Volumes/POLLY/tracks/Autumn/Autumn! - When You Left!.wav",
    "sample_rate": 48000,
    "duration_seconds": 179.22322916666667,
    "bpm": 140.0,
    "key": "F# Minor",
    "key_note": "F#",
    "key_mode": "Minor",
    "key_confidence": 42.48575596025319
  },
  "loudness": {
    "peak_db": -1.55315823816851e-06,
    "rms_db": -17.314766755448765,
    "dynamic_range_db": 17.314765202290527,
    "clipping_detected": true,
    "clipping_samples": 28,
    "clipping_percent": 0.0003254786424983276,
    "headroom_db": 1.55315823816851e-06
  },
  "frequency": {
    "band_percentages": {
      "Sub": 15.8133872482304,
      "Bass / 808": 14.569604142665796,
      "Mud": 14.691654289909915,
      "Low Mids": 14.99694206913373,
      "Mids / Melody": 14.62608621652905,
      "Harsh Zone": 13.877216692633173,
      "Highs": 13.489633397619654,
      "Air": 11.812692634019234,
      "Vocal Range": 15.615328699857823
    },
    "brightness_centroid_hz": 2002.7315787524703,
    "brightness_label": "Medium",
    "spectral_rolloff_hz": 3987.855126316729,
    "dominant_band": "Sub",
    "low_end_total_percent": 30.382991390896194,
    "mid_total_percent": 44.31468257557269,
    "top_total_percent": 25.302326031638888
  },
  "fingerprint": {
    "mfcc_1": -204.5623016357422,
    "mfcc_2": 6.80947208404541,
    "mfcc_3": -30.57320213317871,
    "mfcc_4": 0.3574046790599823,
    "mfcc_5": -12.81287956237793,
    "mfcc_6": -10.020679473876953,
    "mfcc_7": -16.427730560302734,
    "mfcc_8": 2.596173048019409,
    "mfcc_9": -19.66421127319336,
    "mfcc_10": 3.2286901473999023,
    "mfcc_11": -4.237237453460693,
    "mfcc_12": -5.858135223388672,
    "mfcc_13": -6.607339382171631,
    "chroma_1": 0.27874264121055603,
    "chroma_2": 0.6354073882102966,
    "chroma_3": 0.31879332661628723,
    "chroma_4": 0.37852996587753296,
    "chroma_5": 0.4123804569244385,
    "chroma_6": 0.25489541888237,
    "chroma_7": 0.5306737422943115,
    "chroma_8": 0.21684220433235168,
    "chroma_9": 0.42471879720687866,
    "chroma_10": 0.35641801357269287,
    "chroma_11": 0.28342917561531067,
    "chroma_12": 0.5292981266975403,
    "spectral_contrast": 23.962557124441926,
    "spectral_flatness": 0.016849149018526077,
    "zero_crossing_rate": 0.09595010007498066,
    "embed_mfcc_1_mean": -204.5623016357422,
    "embed_mfcc_1_std": 90.63450622558594,
    "embed_mfcc_2_mean": 6.80947208404541,
    "embed_mfcc_2_std": 45.40299987792969,
    "embed_mfcc_3_mean": -30.57320213317871,
    "embed_mfcc_3_std": 33.74597930908203,
    "embed_mfcc_4_mean": 0.3574046790599823,
    "embed_mfcc_4_std": 17.2421932220459,
    "embed_mfcc_5_mean": -12.81287956237793,
    "embed_mfcc_5_std": 18.121789932250977,
    "embed_mfcc_6_mean": -10.020679473876953,
    "embed_mfcc_6_std": 13.813283920288086,
    "embed_mfcc_7_mean": -16.427730560302734,
    "embed_mfcc_7_std": 13.422273635864258,
    "embed_mfcc_8_mean": 2.596173048019409,
    "embed_mfcc_8_std": 10.529836654663086,
    "embed_mfcc_9_mean": -19.66421127319336,
    "embed_mfcc_9_std": 13.158089637756348,
    "embed_mfcc_10_mean": 3.2286901473999023,
    "embed_mfcc_10_std": 12.597569465637207,
    "embed_mfcc_11_mean": -4.237237453460693,
    "embed_mfcc_11_std": 10.918025970458984,
    "embed_mfcc_12_mean": -5.858135223388672,
    "embed_mfcc_12_std": 9.380064010620117,
    "embed_mfcc_13_mean": -6.607339382171631,
    "embed_mfcc_13_std": 8.341527938842773,
    "embed_mfcc_14_mean": 0.7354418635368347,
    "embed_mfcc_14_std": 7.976136207580566,
    "embed_mfcc_15_mean": -8.00416374206543,
    "embed_mfcc_15_std": 8.633978843688965,
    "embed_mfcc_16_mean": -0.3874923586845398,
    "embed_mfcc_16_std": 10.219374656677246,
    "embed_mfcc_17_mean": -8.959531784057617,
    "embed_mfcc_17_std": 8.432618141174316,
    "embed_mfcc_18_mean": -5.494703769683838,
    "embed_mfcc_18_std": 8.136877059936523,
    "embed_mfcc_19_mean": -5.100096702575684,
    "embed_mfcc_19_std": 8.72154712677002,
    "embed_mfcc_20_mean": -5.273099422454834,
    "embed_mfcc_20_std": 8.842884063720703,
    "embed_chroma_1_mean": 0.27874264121055603,
    "embed_chroma_1_std": 0.22678418457508087,
    "embed_chroma_2_mean": 0.6354073882102966,
    "embed_chroma_2_std": 0.3215262293815613,
    "embed_chroma_3_mean": 0.31879332661628723,
    "embed_chroma_3_std": 0.2521480321884155,
    "embed_chroma_4_mean": 0.37852996587753296,
    "embed_chroma_4_std": 0.2563984990119934,
    "embed_chroma_5_mean": 0.4123804569244385,
    "embed_chroma_5_std": 0.2530059814453125,
    "embed_chroma_6_mean": 0.25489541888237,
    "embed_chroma_6_std": 0.1721974015235901,
    "embed_chroma_7_mean": 0.5306737422943115,
    "embed_chroma_7_std": 0.29848513007164,
    "embed_chroma_8_mean": 0.21684220433235168,
    "embed_chroma_8_std": 0.14514364302158356,
    "embed_chroma_9_mean": 0.42471879720687866,
    "embed_chroma_9_std": 0.27261996269226074,
    "embed_chroma_10_mean": 0.35641801357269287,
    "embed_chroma_10_std": 0.282463014125824,
    "embed_chroma_11_mean": 0.28342917561531067,
    "embed_chroma_11_std": 0.18354298174381256,
    "embed_chroma_12_mean": 0.5292981266975403,
    "embed_chroma_12_std": 0.30674684047698975,
    "embed_contrast_1_mean": 21.920530319213867,
    "embed_contrast_1_std": 4.684977054595947,
    "embed_contrast_2_mean": 15.134499549865723,
    "embed_contrast_2_std": 3.914613723754883,
    "embed_contrast_3_mean": 19.598440170288086,
    "embed_contrast_3_std": 4.129737854003906,
    "embed_contrast_4_mean": 19.299087524414062,
    "embed_contrast_4_std": 3.281256914138794,
    "embed_contrast_5_mean": 19.48561668395996,
    "embed_contrast_5_std": 2.9818809032440186,
    "embed_contrast_6_mean": 21.150310516357422,
    "embed_contrast_6_std": 4.130832672119141,
    "embed_contrast_7_mean": 51.149417877197266,
    "embed_contrast_7_std": 4.195564270019531,
    "embed_chroma_entropy": 2.4358737468719482,
    "embed_centroid_mean": 2229.735638949429,
    "embed_centroid_std": 987.4393293598953,
    "embed_rolloff_mean": 4619.47415000514,
    "embed_rolloff_std": 2034.2216558081918,
    "embed_flatness_mean": 0.016849149018526077,
    "embed_flatness_std": 0.03130846470594406,
    "embed_zcr_mean": 0.09595010007498066,
    "embed_zcr_std": 0.062024597356439365,
    "embed_rms_mean": 0.11861538141965866,
    "embed_rms_std": 0.07196233421564102,
    "embed_onset_mean": 1.3518867492675781,
    "embed_onset_std": 1.2040574550628662,
    "fingerprint_version": 2.0,
    "fingerprint_duration_seconds": 179.22326530612244,
    "embed_mfcc_delta_mean": -0.00267857126891613,
    "embed_mfcc_delta_std": 2.904388904571533,
    "embed_chroma_delta_mean": 1.1272169103904162e-05,
    "embed_chroma_delta_std": 0.028631173074245453,
    "embed_onset_peak": 12.62668228149414,
    "embed_onset_p95": 3.723162889480591,
    "embed_rms_p10": 0.036598581820726395,
    "embed_rms_p50": 0.10058557987213135,
    "embed_rms_p90": 0.22952435910701752,
    "embedding_nonzero_count": 100.0
  },
  "rhythm": {
    "onset_count": 429,
    "onset_density": 2.3936629308305575,
    "drum_activity": "Medium",
    "estimated_bars": 105,
    "seconds_per_bar": 1.7142857142857142
  },
  "sections": [
    {
      "name": "Intro",
      "start": 0.0,
      "end": 16.0,
      "avg_energy": 0.07459156960248947,
      "energy_label": "Low"
    },
    {
      "name": "Chorus / Hook",
      "start": 16.0,
      "end": 32.0,
      "avg_energy": 0.1325286626815796,
      "energy_label": "Medium"
    },
    {
      "name": "Verse",
      "start": 32.0,
      "end": 48.0,
      "avg_energy": 0.1395307183265686,
      "energy_label": "High"
    },
    {
      "name": "Chorus / Hook",
      "start": 48.0,
      "end": 64.0,
      "avg_energy": 0.133399099111557,
      "energy_label": "Medium"
    },
    {
      "name": "Verse",
      "start": 64.0,
      "end": 80.0,
      "avg_energy": 0.0601029098033905,