{
  "basic": {
    "file_name": "Autumn! - D1!.wav",
    "file_path": "/Users/jayden/SoundLens/tracks/Autumn/Autumn! - D1!.wav",
    "sample_rate": 48000,
    "duration_seconds": 109.36710416666666,
    "bpm": 159.2,
    "key": "D Minor",
    "key_note": "D",
    "key_mode": "Minor",
    "key_confidence": 47.35745904506138
  },
  "loudness": {
    "peak_db": 0.0021296363763799856,
    "rms_db": -9.533748569944558,
    "dynamic_range_db": 9.535878206320938,
    "clipping_detected": true,
    "clipping_samples": 82125,
    "clipping_percent": 1.5643986489691353,
    "headroom_db": -0.0021296363763799856
  },
  "frequency": {
    "band_percentages": {
      "Sub": 17.33011631164862,
      "Bass / 808": 15.140942763423833,
      "Mud": 14.372171411076964,
      "Low Mids": 14.44961841030626,
      "Mids / Melody": 14.159629949338095,
      "Harsh Zone": 13.584934342705326,
      "Highs": 13.407199015321455,
      "Air": 11.140322136998588,
      "Vocal Range": 15.20258808885063
    },
    "brightness_centroid_hz": 2066.6566732360325,
    "brightness_label": "Medium",
    "spectral_rolloff_hz": 4010.87304344646,
    "dominant_band": "Sub",
    "low_end_total_percent": 32.47105907507245,
    "mid_total_percent": 42.98141977072132,
    "top_total_percent": 24.547521152320044
  },
  "fingerprint": {
    "mfcc_1": -204.1801300048828,
    "mfcc_2": 139.41375732421875,
    "mfcc_3": -8.830192565917969,
    "mfcc_4": 17.722843170166016,
    "mfcc_5": -1.8923674821853638,
    "mfcc_6": 8.656891822814941,
    "mfcc_7": -4.317434310913086,
    "mfcc_8": -7.094277381896973,
    "mfcc_9": 1.4408270120620728,
    "mfcc_10": -3.1420395374298096,
    "mfcc_11": -10.981176376342773,
    "mfcc_12": 1.3813700675964355,
    "mfcc_13": 3.7598049640655518,
    "chroma_1": 0.4533475637435913,
    "chroma_2": 0.361789345741272,
    "chroma_3": 0.61642986536026,
    "chroma_4": 0.4504629373550415,
    "chroma_5": 0.597905695438385,
    "chroma_6": 0.5811827182769775,
    "chroma_7": 0.3248600661754608,
    "chroma_8": 0.3796217143535614,
    "chroma_9": 0.25552132725715637,
    "chroma_10": 0.38767552375793457,
    "chroma_11": 0.3634015917778015,
    "chroma_12": 0.2685127556324005,
    "spectral_contrast": 19.104386142931723,
    "spectral_flatness": 0.00045609884546138346,
    "zero_crossing_rate": 0.040409868633582015
  },
  "rhythm": {
    "onset_count": 494,
    "onset_density": 4.516897505553258,
    "drum_activity": "High",
    "estimated_bars": 73,
    "seconds_per_bar": 1.5075376884422111
  },
  "sections": [
    {
      "name": "Section 1",
      "start": 0.0,
      "end": 12.06030150753769,
      "avg_energy": 0.05637822300195694,
      "energy_label": "Low"
    },
    {
      "name": "Section 2",
      "start": 12.06030150753769,
      "end": 24.12060301507538,
      "avg_energy": 0.41919466853141785,
      "energy_label": "Medium"
    },
    {
      "name": "Section 3",
      "start": 24.12060301507538,
      "end": 36.18090452261307,
      "avg_energy": 0.4629293382167816,
      "energy_label": "High"
    },
    {
      "name": "Section 4",
      "start": 36.18090452261307,
      "end": 48.24120603015076,
      "avg_energy": 0.42646387219429016,
      "energy_label": "Medium"
    },
    {
      "name": "Section 5",
      "start": 48.24120603015076,
      "end": 60.301507537688444,
      "avg_energy": 0.47015368938446045,
      "energy_label": "High"
    },
    {
      "name": "Section 6",
      "start": 60.301507537688444,
      "end": 72.36180904522614,
      "avg_energy": 0.1522234082221985,
      "energy_label": "Medium"
    },
    {
      "name": "Section 7",
      "start": 72.36180904522614,
      "end": 84.42211055276383,
      "avg_energy": 0.430287629365921,
      "energy_label": "High"
    },
    {
      "name": "Section 8",
      "start": 84.42211055276383,
      "end": 96.48241206030151,
      "avg_energy": 0.06097854673862457,
      "energy_label": "Low"
    },
    {
      "name": "Section 9",
      "start": 96.48241206030151,
      "end": 109.36710416666666,
      "avg_energy": 0.0368398055434227,
      "energy_label": "Low"
    }
  ],
  "scores": {
    "mix": 69,
    "master": 69,
    "arrangement": 81,
    "release": 73,
    "energy": 7.733125715027721,
    "bass_strength": 6.4942118150144905,
    "darkness": 5.866686653527935,
    "brightness": 4.133313346472065,
    "drum_bounce": 10,
    "vocal_space": 2.1869002340968917
  },
  "stem_balance": null,
  "top_problems": [
    "Clipping detected: 82125 samples are near/over the limit.",
    "Mud range is elevated around 250-500 Hz.",
    "Drum movement is very active; the beat could become overcrowded."
  ],
  "suggested_fixes": [
    "Lower the master/output, then use a soft clipper or limiter with safer ceiling.",
    "Gently cut 250-500 Hz on melodies, pads, or the master if the mix feels cloudy.",
    "Mute extra percussion in some sections so the hook/drop feels bigger."
  ],
  "artist_notes": [
    "Autotune/key starting point: D Minor. Confidence: 47.4%.",
    "Beat energy: 7.7/10. Darkness: 5.9/10.",
    "Vocal space estimate: 2.2/10. Higher means easier space for vocals."
  ],
  "producer_notes": [
    "Low-end presence looks usable for the selected style.",
    "Selected style preset: rage_trap.",
    "Dominant frequency area: Sub.",
    "Drum activity is high at 4.52 hits/sec.",
    "Estimated length: 73 bars at 159 BPM."
  ],
  "master_notes": [
    "Clipping is the first thing to fix before judging the rest of the mix.",
    "Loudness is in a usable range for the selected style.",
    "Peak: 0.00 dB. RMS: -9.53 dB. Dynamic range: 9.54 dB."
  ],
  "next_steps": [
    "Lower the master/output, then use a soft clipper or limiter with safer ceiling.",
    "Gently cut 250-500 Hz on melodies, pads, or the master if the mix feels cloudy.",
    "Mute extra percussion in some sections so the hook/drop feels bigger.",
    "Fix the top 1-2 issues, export again, then re-run SoundLens."
  ]
}