{
  "basic": {
    "file_name": "Autumn! - Don't Come Around Interlude!.wav",
    "file_path": "/Volumes/POLLY/tracks/Autumn/Autumn! - Don't Come Around Interlude!.wav",
    "sample_rate": 48000,
    "duration_seconds": 108.38710416666666,
    "bpm": 140.0,
    "key": "E Minor",
    "key_note": "E",
    "key_mode": "Minor",
    "key_confidence": 42.40477897693103
  },
  "loudness": {
    "peak_db": -6.575060839671852e-05,
    "rms_db": -17.789222686480876,
    "dynamic_range_db": 17.78915693587248,
    "clipping_detected": true,
    "clipping_samples": 2877,
    "clipping_percent": 0.05529947539500106,
    "headroom_db": 6.575060839671852e-05
  },
  "frequency": {
    "band_percentages": {
      "Sub": 15.60425293529203,
      "Bass / 808": 15.428372029140233,
      "Mud": 14.608290508357172,
      "Low Mids": 14.61263991285174,
      "Mids / Melody": 13.988288110983477,
      "Harsh Zone": 13.235024689128775,
      "Highs": 13.651757592972618,
      "Air": 12.106398908450391,
      "Vocal Range": 15.24434529907416
    },
    "brightness_centroid_hz": 2782.3979567784404,
    "brightness_label": "Medium",
    "spectral_rolloff_hz": 5441.164848209014,
    "dominant_band": "Sub",
    "low_end_total_percent": 31.032624964432262,
    "mid_total_percent": 43.20921853219239,
    "top_total_percent": 25.75815650142301
  },
  "fingerprint": {
    "mfcc_1": -324.5528564453125,
    "mfcc_2": 1.4398701190948486,
    "mfcc_3": 3.5373027324676514,
    "mfcc_4": 4.461403846740723,
    "mfcc_5": -18.05870246887207,
    "mfcc_6": -9.548991203308105,
    "mfcc_7": -12.472172737121582,
    "mfcc_8": -5.962914943695068,
    "mfcc_9": -19.513586044311523,
    "mfcc_10": -3.7232131958007812,
    "mfcc_11": -6.629153728485107,
    "mfcc_12": -12.833904266357422,
    "mfcc_13": -8.918423652648926,
    "chroma_1": 0.30491945147514343,
    "chroma_2": 0.45700138807296753,
    "chroma_3": 0.5082110166549683,
    "chroma_4": 0.3061069846153259,
    "chroma_5": 0.5735921859741211,
    "chroma_6": 0.3264964520931244,
    "chroma_7": 0.5212730765342712,
    "chroma_8": 0.40587249398231506,
    "chroma_9": 0.26376867294311523,
    "chroma_10": 0.39643311500549316,
    "chroma_11": 0.27537402510643005,
    "chroma_12": 0.4433462917804718,
    "spectral_contrast": 23.50868651231534,
    "spectral_flatness": 0.018031638115644455,
    "zero_crossing_rate": 0.09862057408820694,
    "embed_mfcc_1_mean": -324.5528564453125,
    "embed_mfcc_1_std": 135.0391082763672,
    "embed_mfcc_2_mean": 1.4398701190948486,
    "embed_mfcc_2_std": 73.01114654541016,
    "embed_mfcc_3_mean": 3.5373027324676514,
    "embed_mfcc_3_std": 42.25324630737305,
    "embed_mfcc_4_mean": 4.461403846740723,
    "embed_mfcc_4_std": 25.904865264892578,
    "embed_mfcc_5_mean": -18.05870246887207,
    "embed_mfcc_5_std": 21.049509048461914,
    "embed_mfcc_6_mean": -9.548991203308105,
    "embed_mfcc_6_std": 14.628464698791504,
    "embed_mfcc_7_mean": -12.472172737121582,
    "embed_mfcc_7_std": 15.634745597839355,
    "embed_mfcc_8_mean": -5.962914943695068,
    "embed_mfcc_8_std": 14.869983673095703,
    "embed_mfcc_9_mean": -19.513586044311523,
    "embed_mfcc_9_std": 16.617876052856445,
    "embed_mfcc_10_mean": -3.7232131958007812,
    "embed_mfcc_10_std": 11.29810619354248,
    "embed_mfcc_11_mean": -6.629153728485107,
    "embed_mfcc_11_std": 13.05643081665039,
    "embed_mfcc_12_mean": -12.833904266357422,
    "embed_mfcc_12_std": 12.561159133911133,
    "embed_mfcc_13_mean": -8.918423652648926,
    "embed_mfcc_13_std": 10.180937767028809,
    "embed_mfcc_14_mean": -6.041026592254639,
    "embed_mfcc_14_std": 10.867444038391113,
    "embed_mfcc_15_mean": -15.413122177124023,
    "embed_mfcc_15_std": 10.191862106323242,
    "embed_mfcc_16_mean": -9.270672798156738,
    "embed_mfcc_16_std": 10.732379913330078,
    "embed_mfcc_17_mean": -10.5359525680542,
    "embed_mfcc_17_std": 10.05832576751709,
    "embed_mfcc_18_mean": -8.043793678283691,
    "embed_mfcc_18_std": 9.928450584411621,
    "embed_mfcc_19_mean": -8.67692756652832,
    "embed_mfcc_19_std": 8.594218254089355,
    "embed_mfcc_20_mean": -4.34251070022583,
    "embed_mfcc_20_std": 8.779162406921387,
    "embed_chroma_1_mean": 0.30491945147514343,
    "embed_chroma_1_std": 0.2639777660369873,
    "embed_chroma_2_mean": 0.45700138807296753,
    "embed_chroma_2_std": 0.3021937310695648,
    "embed_chroma_3_mean": 0.5082110166549683,
    "embed_chroma_3_std": 0.28309911489486694,
    "embed_chroma_4_mean": 0.3061069846153259,
    "embed_chroma_4_std": 0.2089746743440628,
    "embed_chroma_5_mean": 0.5735921859741211,
    "embed_chroma_5_std": 0.3290311396121979,
    "embed_chroma_6_mean": 0.3264964520931244,
    "embed_chroma_6_std": 0.22165054082870483,
    "embed_chroma_7_mean": 0.5212730765342712,
    "embed_chroma_7_std": 0.28019899129867554,
    "embed_chroma_8_mean": 0.40587249398231506,
    "embed_chroma_8_std": 0.28841251134872437,
    "embed_chroma_9_mean": 0.26376867294311523,
    "embed_chroma_9_std": 0.18138127028942108,
    "embed_chroma_10_mean": 0.39643311500549316,
    "embed_chroma_10_std": 0.30479684472084045,
    "embed_chroma_11_mean": 0.27537402510643005,
    "embed_chroma_11_std": 0.22168612480163574,
    "embed_chroma_12_mean": 0.4433462917804718,
    "embed_chroma_12_std": 0.2875753343105316,
    "embed_contrast_1_mean": 21.978727340698242,
    "embed_contrast_1_std": 5.332248687744141,
    "embed_contrast_2_mean": 17.690412521362305,
    "embed_contrast_2_std": 4.86826229095459,
    "embed_contrast_3_mean": 20.23843002319336,
    "embed_contrast_3_std": 5.10713529586792,
    "embed_contrast_4_mean": 19.948753356933594,
    "embed_contrast_4_std": 4.808474540710449,
    "embed_contrast_5_mean": 19.02914810180664,
    "embed_contrast_5_std": 3.930894613265991,
    "embed_contrast_6_mean": 19.302846908569336,
    "embed_contrast_6_std": 3.981874704360962,
    "embed_contrast_7_mean": 46.37248992919922,
    "embed_contrast_7_std": 5.418469429016113,
    "embed_chroma_entropy": 2.4536828994750977,
    "embed_centroid_mean": 2462.1769475444785,
    "embed_centroid_std": 1744.7755875502899,
    "embed_rolloff_mean": 4919.282857311416,
    "embed_rolloff_std": 2969.3703575928043,
    "embed_flatness_mean": 0.018031638115644455,
    "embed_flatness_std": 0.033347249031066895,
    "embed_zcr_mean": 0.09862057408820694,
    "embed_zcr_std": 0.09066489984699788,
    "embed_rms_mean": 0.08498292416334152,
    "embed_rms_std": 0.08665867894887924,
    "embed_onset_mean": 1.7013663053512573,
    "embed_onset_std": 2.62318754196167,
    "fingerprint_version": 2.0,
    "fingerprint_duration_seconds": 108.38712018140589,
    "embed_mfcc_delta_mean": 0.0011160343419760466,
    "embed_mfcc_delta_std": 5.6064019203186035,
    "embed_chroma_delta_mean": -8.32794830785133e-06,
    "embed_chroma_delta_std": 0.04034959152340889,
    "embed_onset_peak": 27.058759689331055,
    "embed_onset_p95": 6.225976467132568,
    "embed_rms_p10": 0.016253085806965828,
    "embed_rms_p50": 0.06486359983682632,
    "embed_rms_p90": 0.18181243538856506,
    "embedding_nonzero_count": 100.0
  },
  "rhythm": {
    "onset_count": 359,
    "onset_density": 3.3122021550457363,
    "drum_activity": "High",
    "estimated_bars": 63,
    "seconds_per_bar": 1.7142857142857142
  },
  "sections": [
    {
      "name": "Intro",
      "start": 0.0,
      "end": 16.0,
      "avg_energy": 0.07002479583024979,
      "energy_label": "Low"
    },
    {
      "name": "Chorus / Hook",
      "start": 16.0,
      "end": 32.0,
      "avg_energy": 0.07373421639204025,
      "energy_label": "Low"
    },
    {
      "name": "Verse",
      "start": 32.0,
      "end": 48.0,
      "avg_energy": 0.07071969658136368,
      "energy_label": "Low"
    },
    {
      "name": "Chorus / Hook",
      "start": 48.0,
      "end": 64.0,
      "avg_energy": 0.08265137672424316,
      "energy_label": "Low"
    },
    {
      "name": "Verse",
      "start": 64.0,
      "end": 80.0,