{
  "basic": {
    "file_name": "Kankan - Krazy.wav",
    "file_path": "/Volumes/POLLY/tracks/Kankan/Kankan - Krazy.wav",
    "sample_rate": 48000,
    "duration_seconds": 167.63733333333334,
    "bpm": 140.0,
    "key": "D Minor",
    "key_note": "D",
    "key_mode": "Minor",
    "key_confidence": 42.14763943070567
  },
  "loudness": {
    "peak_db": -1.776445118745158,
    "rms_db": -12.51706788574918,
    "dynamic_range_db": 10.740622767004021,
    "clipping_detected": false,
    "clipping_samples": 0,
    "clipping_percent": 0.0,
    "headroom_db": 1.776445118745158
  },
  "frequency": {
    "band_percentages": {
      "Sub": 17.452049192552916,
      "Bass / 808": 15.0619329616628,
      "Mud": 13.82088332923361,
      "Low Mids": 13.510119377616453,
      "Mids / Melody": 13.932989395735259,
      "Harsh Zone": 13.146972602619087,
      "Highs": 13.516456252933938,
      "Air": 12.70556948834653,
      "Vocal Range": 14.613426362932286
    },
    "brightness_centroid_hz": 2806.445119402534,
    "brightness_label": "Medium",
    "spectral_rolloff_hz": 6456.416121874404,
    "dominant_band": "Sub",
    "low_end_total_percent": 32.51398215421572,
    "mid_total_percent": 41.26399210258532,
    "top_total_percent": 26.22202574128047
  },
  "fingerprint": {
    "mfcc_1": -191.74880981445312,
    "mfcc_2": -21.26791763305664,
    "mfcc_3": 2.9668781757354736,
    "mfcc_4": -1.2672593593597412,
    "mfcc_5": 10.009928703308105,
    "mfcc_6": 8.527695655822754,
    "mfcc_7": 3.5948939323425293,
    "mfcc_8": 2.4867875576019287,
    "mfcc_9": -0.9793731570243835,
    "mfcc_10": 12.049715995788574,
    "mfcc_11": 5.839117527008057,
    "mfcc_12": 8.342179298400879,
    "mfcc_13": 5.609979629516602,
    "chroma_1": 0.2077617049217224,
    "chroma_2": 0.17810414731502533,
    "chroma_3": 0.4560914933681488,
    "chroma_4": 0.31660547852516174,
    "chroma_5": 0.5664857029914856,
    "chroma_6": 0.4928742051124573,
    "chroma_7": 0.3553270697593689,
    "chroma_8": 0.33240363001823425,
    "chroma_9": 0.2456229031085968,
    "chroma_10": 0.2353704571723938,
    "chroma_11": 0.1514044553041458,
    "chroma_12": 0.16951657831668854,
    "spectral_contrast": 22.564898405549094,
    "spectral_flatness": 0.013853454031050205,
    "zero_crossing_rate": 0.045654296875,
    "embed_mfcc_1_mean": -191.74880981445312,
    "embed_mfcc_1_std": 64.46307373046875,
    "embed_mfcc_2_mean": -21.26791763305664,
    "embed_mfcc_2_std": 33.403961181640625,
    "embed_mfcc_3_mean": 2.9668781757354736,
    "embed_mfcc_3_std": 26.049612045288086,
    "embed_mfcc_4_mean": -1.2672593593597412,
    "embed_mfcc_4_std": 17.880645751953125,
    "embed_mfcc_5_mean": 10.009928703308105,
    "embed_mfcc_5_std": 15.052590370178223,
    "embed_mfcc_6_mean": 8.527695655822754,
    "embed_mfcc_6_std": 13.617506980895996,
    "embed_mfcc_7_mean": 3.5948939323425293,
    "embed_mfcc_7_std": 12.39535903930664,
    "embed_mfcc_8_mean": 2.4867875576019287,
    "embed_mfcc_8_std": 13.661737442016602,
    "embed_mfcc_9_mean": -0.9793731570243835,
    "embed_mfcc_9_std": 11.172385215759277,
    "embed_mfcc_10_mean": 12.049715995788574,
    "embed_mfcc_10_std": 11.081398963928223,
    "embed_mfcc_11_mean": 5.839117527008057,
    "embed_mfcc_11_std": 10.010629653930664,
    "embed_mfcc_12_mean": 8.342179298400879,
    "embed_mfcc_12_std": 10.145009994506836,
    "embed_mfcc_13_mean": 5.609979629516602,
    "embed_mfcc_13_std": 8.972919464111328,
    "embed_mfcc_14_mean": 3.792489528656006,
    "embed_mfcc_14_std": 9.32015323638916,
    "embed_mfcc_15_mean": 7.9286041259765625,
    "embed_mfcc_15_std": 9.792634963989258,
    "embed_mfcc_16_mean": 1.8432598114013672,
    "embed_mfcc_16_std": 7.532980442047119,
    "embed_mfcc_17_mean": 4.877540588378906,
    "embed_mfcc_17_std": 7.439595699310303,
    "embed_mfcc_18_mean": 6.98565673828125,
    "embed_mfcc_18_std": 7.818470478057861,
    "embed_mfcc_19_mean": 2.8551747798919678,
    "embed_mfcc_19_std": 7.507054328918457,
    "embed_mfcc_20_mean": 8.244928359985352,
    "embed_mfcc_20_std": 7.570415019989014,
    "embed_chroma_1_mean": 0.2077617049217224,
    "embed_chroma_1_std": 0.20369870960712433,
    "embed_chroma_2_mean": 0.17810414731502533,
    "embed_chroma_2_std": 0.14513608813285828,
    "embed_chroma_3_mean": 0.4560914933681488,
    "embed_chroma_3_std": 0.37772634625434875,
    "embed_chroma_4_mean": 0.31660547852516174,
    "embed_chroma_4_std": 0.28460806608200073,
    "embed_chroma_5_mean": 0.5664857029914856,
    "embed_chroma_5_std": 0.35398629307746887,
    "embed_chroma_6_mean": 0.4928742051124573,
    "embed_chroma_6_std": 0.36203837394714355,
    "embed_chroma_7_mean": 0.3553270697593689,
    "embed_chroma_7_std": 0.2867923378944397,
    "embed_chroma_8_mean": 0.33240363001823425,
    "embed_chroma_8_std": 0.2878853678703308,
    "embed_chroma_9_mean": 0.2456229031085968,
    "embed_chroma_9_std": 0.2365071177482605,
    "embed_chroma_10_mean": 0.2353704571723938,
    "embed_chroma_10_std": 0.19062943756580353,
    "embed_chroma_11_mean": 0.1514044553041458,
    "embed_chroma_11_std": 0.11893212795257568,
    "embed_chroma_12_mean": 0.16951657831668854,
    "embed_chroma_12_std": 0.11996494978666306,
    "embed_contrast_1_mean": 22.50245475769043,
    "embed_contrast_1_std": 4.212179660797119,
    "embed_contrast_2_mean": 14.838614463806152,
    "embed_contrast_2_std": 3.9979162216186523,
    "embed_contrast_3_mean": 18.15380096435547,
    "embed_contrast_3_std": 4.203878402709961,
    "embed_contrast_4_mean": 17.561786651611328,
    "embed_contrast_4_std": 3.6466715335845947,
    "embed_contrast_5_mean": 18.78782081604004,
    "embed_contrast_5_std": 3.3235371112823486,
    "embed_contrast_6_mean": 18.50217056274414,
    "embed_contrast_6_std": 3.381307363510132,
    "embed_contrast_7_mean": 47.60763931274414,
    "embed_contrast_7_std": 3.749608039855957,
    "embed_chroma_entropy": 2.3979852199554443,
    "embed_centroid_mean": 2331.926176073642,
    "embed_centroid_std": 1134.6513658825554,
    "embed_rolloff_mean": 5515.1479006551735,
    "embed_rolloff_std": 2429.683642990715,
    "embed_flatness_mean": 0.013853454031050205,
    "embed_flatness_std": 0.028991112485527992,
    "embed_zcr_mean": 0.045654296875,
    "embed_zcr_std": 0.06398499762538162,
    "embed_rms_mean": 0.2899323105812073,
    "embed_rms_std": 0.13045714795589447,
    "embed_onset_mean": 1.738321304321289,
    "embed_onset_std": 2.017827272415161,
    "fingerprint_version": 2.0,
    "fingerprint_duration_seconds": 167.63736961451247,
    "embed_mfcc_delta_mean": -0.004155980888754129,
    "embed_mfcc_delta_std": 3.382002115249634,
    "embed_chroma_delta_mean": 4.50332481705118e-05,
    "embed_chroma_delta_std": 0.02430347539484501,
    "embed_onset_peak": 19.066953659057617,
    "embed_onset_p95": 5.855059623718262,
    "embed_rms_p10": 0.07504736632108688,
    "embed_rms_p50": 0.3082422614097595,
    "embed_rms_p90": 0.44919487833976746,
    "embedding_nonzero_count": 100.0
  },
  "rhythm": {
    "onset_count": 695,
    "onset_density": 4.145854543140748,
    "drum_activity": "High",
    "estimated_bars": 98,
    "seconds_per_bar": 1.7142857142857142
  },
  "sections": [
    {
      "name": "Intro",
      "start": 0.0,
      "end": 16.0,
      "avg_energy": 0.24910202622413635,
      "energy_label": "Medium"
    },
    {
      "name": "Chorus / Hook",
      "start": 16.0,
      "end": 32.0,
      "avg_energy": 0.277444988489151,
      "energy_label": "High"
    },
    {
      "name": "Verse",
      "start": 32.0,
      "end": 48.0,
      "avg_energy": 0.28626152873039246,
      "energy_label": "High"
    },
    {
      "name": "Chorus / Hook",
      "start": 48.0,
      "end": 64.0,
      "avg_energy": 0.27408367395401,
      "energy_label": "High"
    },
    {
      "name": "Verse",
      "start": 64.0,
      "end": 80.0,
      "avg_energy": 0.15588714182376862,
      "energy_label": "Low"
    },
    {
      "name": "Hook / Drop",
      "start": 80.0,