{
  "basic": {
    "file_name": "Kankan - How We Bleed.wav",
    "file_path": "/Volumes/POLLY/tracks/Kankan/Kankan - How We Bleed.wav",
    "sample_rate": 48000,
    "duration_seconds": 137.152,
    "bpm": 140.0,
    "key": "D# Minor",
    "key_note": "D#",
    "key_mode": "Minor",
    "key_confidence": 44.480333393332614
  },
  "loudness": {
    "peak_db": -0.17079897216629505,
    "rms_db": -14.31957878059141,
    "dynamic_range_db": 14.148779808425115,
    "clipping_detected": true,
    "clipping_samples": 1,
    "clipping_percent": 1.5189959558251673e-05,
    "headroom_db": 0.17079897216629505
  },
  "frequency": {
    "band_percentages": {
      "Sub": 16.33042451124326,
      "Bass / 808": 15.330549743532758,
      "Mud": 13.940698597647744,
      "Low Mids": 14.3494508417738,
      "Mids / Melody": 14.384976097632784,
      "Harsh Zone": 13.64378485605107,
      "Highs": 13.674016863146504,
      "Air": 11.989883343141031,
      "Vocal Range": 15.086541565620582
    },
    "brightness_centroid_hz": 2621.8214688852786,
    "brightness_label": "Medium",
    "spectral_rolloff_hz": 5692.46733805117,
    "dominant_band": "Sub",
    "low_end_total_percent": 31.660974254776022,
    "mid_total_percent": 42.67512553705433,
    "top_total_percent": 25.663900206287536
  },
  "fingerprint": {
    "mfcc_1": -170.1070098876953,
    "mfcc_2": -19.77037811279297,
    "mfcc_3": -12.072418212890625,
    "mfcc_4": -1.3033314943313599,
    "mfcc_5": 3.1881678104400635,
    "mfcc_6": -3.44368052482605,
    "mfcc_7": -1.364481806755066,
    "mfcc_8": 6.415528774261475,
    "mfcc_9": -6.823313236236572,
    "mfcc_10": 13.423986434936523,
    "mfcc_11": -10.348053932189941,
    "mfcc_12": 7.176537036895752,
    "mfcc_13": 3.4287328720092773,
    "chroma_1": 0.3175082802772522,
    "chroma_2": 0.3450915217399597,
    "chroma_3": 0.22122716903686523,
    "chroma_4": 0.6810182332992554,
    "chroma_5": 0.47470739483833313,
    "chroma_6": 0.5461294651031494,
    "chroma_7": 0.3607516884803772,
    "chroma_8": 0.23308107256889343,
    "chroma_9": 0.29030686616897583,
    "chroma_10": 0.20106907188892365,
    "chroma_11": 0.4032762944698334,
    "chroma_12": 0.2227914035320282,
    "spectral_contrast": 23.572713013123884,
    "spectral_flatness": 0.01922808401286602,
    "zero_crossing_rate": 0.09870376823118228,
    "embed_mfcc_1_mean": -170.1070098876953,
    "embed_mfcc_1_std": 65.7490463256836,
    "embed_mfcc_2_mean": -19.77037811279297,
    "embed_mfcc_2_std": 31.50722885131836,
    "embed_mfcc_3_mean": -12.072418212890625,
    "embed_mfcc_3_std": 25.665800094604492,
    "embed_mfcc_4_mean": -1.3033314943313599,
    "embed_mfcc_4_std": 16.18758201599121,
    "embed_mfcc_5_mean": 3.1881678104400635,
    "embed_mfcc_5_std": 14.692922592163086,
    "embed_mfcc_6_mean": -3.44368052482605,
    "embed_mfcc_6_std": 14.014165878295898,
    "embed_mfcc_7_mean": -1.364481806755066,
    "embed_mfcc_7_std": 13.790206909179688,
    "embed_mfcc_8_mean": 6.415528774261475,
    "embed_mfcc_8_std": 14.397005081176758,
    "embed_mfcc_9_mean": -6.823313236236572,
    "embed_mfcc_9_std": 13.694903373718262,
    "embed_mfcc_10_mean": 13.423986434936523,
    "embed_mfcc_10_std": 12.922247886657715,
    "embed_mfcc_11_mean": -10.348053932189941,
    "embed_mfcc_11_std": 13.825886726379395,
    "embed_mfcc_12_mean": 7.176537036895752,
    "embed_mfcc_12_std": 11.13930606842041,
    "embed_mfcc_13_mean": 3.4287328720092773,
    "embed_mfcc_13_std": 11.480424880981445,
    "embed_mfcc_14_mean": 1.4476698637008667,
    "embed_mfcc_14_std": 12.427845001220703,
    "embed_mfcc_15_mean": 6.057591915130615,
    "embed_mfcc_15_std": 10.16014575958252,
    "embed_mfcc_16_mean": 5.864567756652832,
    "embed_mfcc_16_std": 9.751083374023438,
    "embed_mfcc_17_mean": -7.202075004577637,
    "embed_mfcc_17_std": 10.831328392028809,
    "embed_mfcc_18_mean": 3.627577543258667,
    "embed_mfcc_18_std": 9.089151382446289,
    "embed_mfcc_19_mean": -1.8296945095062256,
    "embed_mfcc_19_std": 8.262195587158203,
    "embed_mfcc_20_mean": -0.900841236114502,
    "embed_mfcc_20_std": 8.156636238098145,
    "embed_chroma_1_mean": 0.3175082802772522,
    "embed_chroma_1_std": 0.22986716032028198,
    "embed_chroma_2_mean": 0.3450915217399597,
    "embed_chroma_2_std": 0.25883570313453674,
    "embed_chroma_3_mean": 0.22122716903686523,
    "embed_chroma_3_std": 0.15766583383083344,
    "embed_chroma_4_mean": 0.6810182332992554,
    "embed_chroma_4_std": 0.32333090901374817,
    "embed_chroma_5_mean": 0.47470739483833313,
    "embed_chroma_5_std": 0.3285166323184967,
    "embed_chroma_6_mean": 0.5461294651031494,
    "embed_chroma_6_std": 0.2893064320087433,
    "embed_chroma_7_mean": 0.3607516884803772,
    "embed_chroma_7_std": 0.2566640377044678,
    "embed_chroma_8_mean": 0.23308107256889343,
    "embed_chroma_8_std": 0.14459945261478424,
    "embed_chroma_9_mean": 0.29030686616897583,
    "embed_chroma_9_std": 0.22716422379016876,
    "embed_chroma_10_mean": 0.20106907188892365,
    "embed_chroma_10_std": 0.15064798295497894,
    "embed_chroma_11_mean": 0.4032762944698334,
    "embed_chroma_11_std": 0.24748755991458893,
    "embed_chroma_12_mean": 0.2227914035320282,
    "embed_chroma_12_std": 0.17108169198036194,
    "embed_contrast_1_mean": 21.256855010986328,
    "embed_contrast_1_std": 4.547964572906494,
    "embed_contrast_2_mean": 14.575272560119629,
    "embed_contrast_2_std": 3.8194375038146973,
    "embed_contrast_3_mean": 19.38102912902832,
    "embed_contrast_3_std": 4.19883918762207,
    "embed_contrast_4_mean": 19.023717880249023,
    "embed_contrast_4_std": 3.937065601348877,
    "embed_contrast_5_mean": 19.03780746459961,
    "embed_contrast_5_std": 3.236353874206543,
    "embed_contrast_6_mean": 20.1177921295166,
    "embed_contrast_6_std": 3.758213996887207,
    "embed_contrast_7_mean": 51.61652374267578,
    "embed_contrast_7_std": 4.424837589263916,
    "embed_chroma_entropy": 2.4121696949005127,
    "embed_centroid_mean": 2586.2640682241467,
    "embed_centroid_std": 927.0193205406906,
    "embed_rolloff_mean": 5786.4670933584675,
    "embed_rolloff_std": 1922.3684201263006,
    "embed_flatness_mean": 0.01922808401286602,
    "embed_flatness_std": 0.027801599353551865,
    "embed_zcr_mean": 0.09870376823118228,
    "embed_zcr_std": 0.05747936442090478,
    "embed_rms_mean": 0.18041524291038513,
    "embed_rms_std": 0.08065211027860641,
    "embed_onset_mean": 1.6345990896224976,
    "embed_onset_std": 1.5161018371582031,
    "fingerprint_version": 2.0,
    "fingerprint_duration_seconds": 137.15201814058958,
    "embed_mfcc_delta_mean": 0.00035003217635676265,
    "embed_mfcc_delta_std": 3.109053134918213,
    "embed_chroma_delta_mean": 2.486972152837552e-05,
    "embed_chroma_delta_std": 0.025123462080955505,
    "embed_onset_peak": 12.81274127960205,
    "embed_onset_p95": 4.719480514526367,
    "embed_rms_p10": 0.044754013419151306,
    "embed_rms_p50": 0.19996118545532227,
    "embed_rms_p90": 0.27265387773513794,
    "embedding_nonzero_count": 100.0
  },
  "rhythm": {
    "onset_count": 645,
    "onset_density": 4.702811479234718,
    "drum_activity": "High",
    "estimated_bars": 80,
    "seconds_per_bar": 1.7142857142857142
  },
  "sections": [
    {
      "name": "Intro",
      "start": 0.0,
      "end": 16.0,
      "avg_energy": 0.18896763026714325,
      "energy_label": "Medium"
    },
    {
      "name": "Chorus / Hook",
      "start": 16.0,
      "end": 32.0,
      "avg_energy": 0.21582165360450745,
      "energy_label": "Medium"
    },
    {
      "name": "Verse",
      "start": 32.0,
      "end": 48.0,
      "avg_energy": 0.2205761969089508,
      "energy_label": "High"
    },
    {
      "name": "Chorus / Hook",
      "start": 48.0,
      "end": 64.0,
      "avg_energy": 0.22171376645565033,
      "energy_label": "High"
    },
    {
      "name": "Verse",
      "start": 64.0,
      "end": 80.0,
      "avg_energy": 0.21513327956199646,