{
  "basic": {
    "file_name": "KanKan - Notify The District.wav",
    "file_path": "/Users/jayden/SoundLens/tracks/Kankan/KanKan - Notify The District.wav",
    "sample_rate": 48000,
    "duration_seconds": 113.98677083333334,
    "bpm": 148.03,
    "key": "C# Major",
    "key_note": "C#",
    "key_mode": "Major",
    "key_confidence": 45.28551532411161
  },
  "loudness": {
    "peak_db": -1.4714510434648551,
    "rms_db": -10.592994489728959,
    "dynamic_range_db": 9.121543446264104,
    "clipping_detected": false,
    "clipping_samples": 0,
    "clipping_percent": 0.0,
    "headroom_db": 1.4714510434648551
  },
  "frequency": {
    "band_percentages": {
      "Sub": 17.92406653843,
      "Bass / 808": 15.513905539558559,
      "Mud": 13.31082083508053,
      "Low Mids": 13.40714540663981,
      "Mids / Melody": 13.721535400667841,
      "Harsh Zone": 13.341030872268824,
      "Highs": 14.003356866102468,
      "Air": 12.119169411557278,
      "Vocal Range": 14.296354715777989
    },
    "brightness_centroid_hz": 2595.3096812326417,
    "brightness_label": "Medium",
    "spectral_rolloff_hz": 5683.858016749322,
    "dominant_band": "Sub",
    "low_end_total_percent": 33.43797207798856,
    "mid_total_percent": 40.43950164238818,
    "top_total_percent": 26.122526277659745
  },
  "fingerprint": {
    "mfcc_1": -211.0642852783203,
    "mfcc_2": 119.11488342285156,
    "mfcc_3": -16.22397232055664,
    "mfcc_4": 52.05713653564453,
    "mfcc_5": -10.947921752929688,
    "mfcc_6": 32.13306427001953,
    "mfcc_7": 3.168717622756958,
    "mfcc_8": 11.808314323425293,
    "mfcc_9": 4.830708026885986,
    "mfcc_10": 8.271114349365234,
    "mfcc_11": 11.486069679260254,
    "mfcc_12": 8.798312187194824,
    "mfcc_13": 7.619544982910156,
    "chroma_1": 0.20300589501857758,
    "chroma_2": 0.9392976760864258,
    "chroma_3": 0.4642419219017029,
    "chroma_4": 0.3127637505531311,
    "chroma_5": 0.21973338723182678,
    "chroma_6": 0.1968088299036026,
    "chroma_7": 0.16361157596111298,
    "chroma_8": 0.15435367822647095,
    "chroma_9": 0.24776235222816467,
    "chroma_10": 0.2217162549495697,
    "chroma_11": 0.17357999086380005,
    "chroma_12": 0.142045259475708,
    "spectral_contrast": 19.194879251912752,
    "spectral_flatness": 0.00025830502272583544,
    "zero_crossing_rate": 0.0280061530656405
  },
  "rhythm": {
    "onset_count": 641,
    "onset_density": 5.623459593721128,
    "drum_activity": "High",
    "estimated_bars": 70,
    "seconds_per_bar": 1.621292981152469
  },
  "sections": [
    {
      "name": "Section 1",
      "start": 0.0,
      "end": 12.970343849219752,
      "avg_energy": 0.27419158816337585,
      "energy_label": "Low"
    },
    {
      "name": "Section 2",
      "start": 12.970343849219752,
      "end": 25.940687698439504,
      "avg_energy": 0.3288137912750244,
      "energy_label": "High"
    },
    {
      "name": "Section 3",
      "start": 25.940687698439504,
      "end": 38.911031547659256,
      "avg_energy": 0.32904839515686035,
      "energy_label": "High"
    },
    {
      "name": "Section 4",
      "start": 38.911031547659256,
      "end": 51.88137539687901,
      "avg_energy": 0.3065054714679718,
      "energy_label": "Medium"
    },
    {
      "name": "Section 5",
      "start": 51.88137539687901,
      "end": 64.85171924609875,
      "avg_energy": 0.32830899953842163,
      "energy_label": "High"
    },
    {
      "name": "Section 6",
      "start": 64.85171924609875,
      "end": 77.8220630953185,
      "avg_energy": 0.03659197315573692,
      "energy_label": "Low"
    },
    {
      "name": "Section 7",
      "start": 77.8220630953185,
      "end": 90.79240694453824,
      "avg_energy": 0.32618382573127747,
      "energy_label": "Medium"
    },
    {
      "name": "Section 8",
      "start": 90.79240694453824,
      "end": 103.76275079375799,
      "avg_energy": 0.32645297050476074,
      "energy_label": "Medium"
    },
    {
      "name": "Section 9",
      "start": 103.76275079375799,
      "end": 113.98677083333334,
      "avg_energy": 0.27370038628578186,
      "energy_label": "Low"
    }
  ],
  "scores": {
    "mix": 94,
    "master": 94,
    "arrangement": 81,
    "release": 90,
    "energy": 7.203502755135521,
    "bass_strength": 6.6875944155977125,
    "darkness": 4.809380637534717,
    "brightness": 5.190619362465283,
    "drum_bounce": 10,
    "vocal_space": 2.7603651793049577
  },
  "stem_balance": null,
  "top_problems": [
    "Mud range is elevated around 250-500 Hz.",
    "Drum movement is very active; the beat could become overcrowded.",
    "Hook/verse contrast looks low, but arrangement detection is still an estimate."
  ],
  "suggested_fixes": [
    "Gently cut 250-500 Hz on melodies, pads, or the master if the mix feels cloudy.",
    "Mute extra percussion in some sections so the hook/drop feels bigger.",
    "Check the waveform/sections by ear. If the hook feels flat, add contrast with melody layers, drum changes, or vocal energy."
  ],
  "artist_notes": [
    "Autotune/key starting point: C# Major. Confidence: 45.3%.",
    "Beat energy: 7.2/10. Darkness: 4.8/10.",
    "Vocal space estimate: 2.8/10. Higher means easier space for vocals."
  ],
  "producer_notes": [
    "Low-end presence looks usable for the selected style.",
    "Selected style preset: rage_trap.",
    "Dominant frequency area: Sub.",
    "Drum activity is high at 5.62 hits/sec.",
    "Estimated length: 70 bars at 148 BPM."
  ],
  "master_notes": [
    "No obvious clipping problem detected.",
    "Loudness is in a usable range for the selected style.",
    "Peak: -1.47 dB. RMS: -10.59 dB. Dynamic range: 9.12 dB."
  ],
  "next_steps": [
    "Gently cut 250-500 Hz on melodies, pads, or the master if the mix feels cloudy.",
    "Mute extra percussion in some sections so the hook/drop feels bigger.",
    "Check the waveform/sections by ear. If the hook feels flat, add contrast with melody layers, drum changes, or vocal energy.",
    "This is close. Only make small changes unless you hear a clear problem."
  ]
}