{
  "basic": {
    "file_name": "Kankan - X & Oxy ft. Yeat.wav",
    "file_path": "/Users/jayden/SoundLens/tracks/Kankan/Kankan - X & Oxy ft. Yeat.wav",
    "sample_rate": 48000,
    "duration_seconds": 177.6210625,
    "bpm": 152.03,
    "key": "A Major",
    "key_note": "A",
    "key_mode": "Major",
    "key_confidence": 48.918682324189035
  },
  "loudness": {
    "peak_db": -0.4647877923337642,
    "rms_db": -12.89138608311079,
    "dynamic_range_db": 12.426598290777026,
    "clipping_detected": false,
    "clipping_samples": 0,
    "clipping_percent": 0.0,
    "headroom_db": 0.4647877923337642
  },
  "frequency": {
    "band_percentages": {
      "Sub": 17.22455026222751,
      "Bass / 808": 15.299124828581112,
      "Mud": 13.78705190535771,
      "Low Mids": 13.778401905457594,
      "Mids / Melody": 14.04098134593848,
      "Harsh Zone": 13.508040003318508,
      "Highs": 13.933865302321019,
      "Air": 11.936024448215477,
      "Vocal Range": 14.696236515483971
    },
    "brightness_centroid_hz": 3162.6996989199392,
    "brightness_label": "Medium",
    "spectral_rolloff_hz": 6764.384533389382,
    "dominant_band": "Sub",
    "low_end_total_percent": 32.523675090808624,
    "mid_total_percent": 41.60643515675379,
    "top_total_percent": 25.869889750536494
  },
  "fingerprint": {
    "mfcc_1": -192.95973205566406,
    "mfcc_2": 113.45254516601562,
    "mfcc_3": -15.179165840148926,
    "mfcc_4": 48.59160232543945,
    "mfcc_5": -10.370623588562012,
    "mfcc_6": 26.12742805480957,
    "mfcc_7": 1.6761550903320312,
    "mfcc_8": 6.28616189956665,
    "mfcc_9": 8.42198371887207,
    "mfcc_10": 6.3128180503845215,
    "mfcc_11": -0.4861837923526764,
    "mfcc_12": 9.823295593261719,
    "mfcc_13": 3.93147349357605,
    "chroma_1": 0.2565222978591919,
    "chroma_2": 0.4858085811138153,
    "chroma_3": 0.35051512718200684,
    "chroma_4": 0.29415497183799744,
    "chroma_5": 0.28781846165657043,
    "chroma_6": 0.20479878783226013,
    "chroma_7": 0.21186691522598267,
    "chroma_8": 0.21126975119113922,
    "chroma_9": 0.4906318783760071,
    "chroma_10": 0.6349985003471375,
    "chroma_11": 0.2976146340370178,
    "chroma_12": 0.23443323373794556,
    "spectral_contrast": 19.75604055697422,
    "spectral_flatness": 0.0008629944059066474,
    "zero_crossing_rate": 0.04676339788388782
  },
  "rhythm": {
    "onset_count": 1166,
    "onset_density": 6.564536793039395,
    "drum_activity": "High",
    "estimated_bars": 113,
    "seconds_per_bar": 1.5786357955666646
  },
  "sections": [
    {
      "name": "Section 1",
      "start": 0.0,
      "end": 12.629086364533316,
      "avg_energy": 0.03900928795337677,
      "energy_label": "Low"
    },
    {
      "name": "Section 2",
      "start": 12.629086364533316,
      "end": 25.258172729066633,
      "avg_energy": 0.250482976436615,
      "energy_label": "Medium"
    },
    {
      "name": "Section 3",
      "start": 25.258172729066633,
      "end": 37.88725909359995,
      "avg_energy": 0.26188158988952637,
      "energy_label": "High"
    },
    {
      "name": "Section 4",
      "start": 37.88725909359995,
      "end": 50.516345458133266,
      "avg_energy": 0.18162988126277924,
      "energy_label": "Low"
    },
    {
      "name": "Section 5",
      "start": 50.516345458133266,
      "end": 63.14543182266658,
      "avg_energy": 0.26189324259757996,
      "energy_label": "High"
    },
    {
      "name": "Section 6",
      "start": 63.14543182266658,
      "end": 75.7745181871999,
      "avg_energy": 0.25266292691230774,
      "energy_label": "High"
    },
    {
      "name": "Section 7",
      "start": 75.7745181871999,
      "end": 88.40360455173322,
      "avg_energy": 0.24013009667396545,
      "energy_label": "Medium"
    },
    {
      "name": "Section 8",
      "start": 88.40360455173322,
      "end": 101.03269091626655,
      "avg_energy": 0.22693254053592682,
      "energy_label": "Medium"
    },
    {
      "name": "Section 9",
      "start": 101.03269091626655,
      "end": 113.66177728079987,
      "avg_energy": 0.2426500916481018,
      "energy_label": "Medium"
    },
    {
      "name": "Section 10",
      "start": 113.66177728079987,
      "end": 126.29086364533319,
      "avg_energy": 0.2635825574398041,
      "energy_label": "High"
    },
    {
      "name": "Section 11",
      "start": 126.29086364533319,
      "end": 138.9199500098665,
      "avg_energy": 0.25038307905197144,
      "energy_label": "Medium"
    },
    {
      "name": "Section 12",
      "start": 138.9199500098665,
      "end": 151.54903637439983,
      "avg_energy": 0.21355043351650238,
      "energy_label": "Low"
    },
    {
      "name": "Section 13",
      "start": 151.54903637439983,
      "end": 164.17812273893315,
      "avg_energy": 0.2369573563337326,
      "energy_label": "Medium"
    },
    {
      "name": "Section 14",
      "start": 164.17812273893315,
      "end": 177.6210625,
      "avg_energy": 0.14545874297618866,
      "energy_label": "Low"
    }
  ],
  "scores": {
    "mix": 94,
    "master": 94,
    "arrangement": 81,
    "release": 90,
    "energy": 6.054306958444605,
    "bass_strength": 6.504735018161725,
    "darkness": 3.6746006021601216,
    "brightness": 6.325399397839878,
    "drum_bounce": 10,
    "vocal_space": 2.5168361085058315
  },
  "stem_balance": null,
  "top_problems": [
    "Mud range is elevated around 250-500 Hz.",
    "Drum movement is very active; the beat could become overcrowded."
  ],
  "suggested_fixes": [
    "Gently cut 250-500 Hz on melodies, pads, or the master if the mix feels cloudy.",
    "Mute extra percussion in some sections so the hook/drop feels bigger."
  ],
  "artist_notes": [
    "Autotune/key starting point: A Major. Confidence: 48.9%.",
    "Beat energy: 6.1/10. Darkness: 3.7/10.",
    "Vocal space estimate: 2.5/10. Higher means easier space for vocals."
  ],
  "producer_notes": [
    "Low-end presence looks usable for the selected style.",
    "Selected style preset: rage_trap.",
    "Dominant frequency area: Sub.",
    "Drum activity is high at 6.56 hits/sec.",
    "Estimated length: 113 bars at 152 BPM."
  ],
  "master_notes": [
    "No obvious clipping problem detected.",
    "Loudness is in a usable range for the selected style.",
    "Peak: -0.46 dB. RMS: -12.89 dB. Dynamic range: 12.43 dB."
  ],
  "next_steps": [
    "Gently cut 250-500 Hz on melodies, pads, or the master if the mix feels cloudy.",
    "Mute extra percussion in some sections so the hook/drop feels bigger.",
    "This is close. Only make small changes unless you hear a clear problem."
  ]
}