{
  "basic": {
    "file_name": "KanKan - TaxBracket.wav",
    "file_path": "/Volumes/POLLY/tracks/Kankan/KanKan - TaxBracket.wav",
    "sample_rate": 48000,
    "duration_seconds": 94.73741666666666,
    "bpm": 140.0,
    "key": "F Minor",
    "key_note": "F",
    "key_mode": "Minor",
    "key_confidence": 42.71088662699534
  },
  "loudness": {
    "peak_db": -1.1391058200765833,
    "rms_db": -10.770603394002292,
    "dynamic_range_db": 9.631497573925708,
    "clipping_detected": false,
    "clipping_samples": 0,
    "clipping_percent": 0.0,
    "headroom_db": 1.1391058200765833
  },
  "frequency": {
    "band_percentages": {
      "Sub": 17.10897535291255,
      "Bass / 808": 16.43746489905848,
      "Mud": 13.624779252657525,
      "Low Mids": 13.29691838184127,
      "Mids / Melody": 13.907241150198088,
      "Harsh Zone": 13.646818275432382,
      "Highs": 13.747698049095947,
      "Air": 11.876922912311064,
      "Vocal Range": 14.429777760654622
    },
    "brightness_centroid_hz": 2764.2725142140725,
    "brightness_label": "Medium",
    "spectral_rolloff_hz": 5999.612101722585,
    "dominant_band": "Sub",
    "low_end_total_percent": 33.546440251971035,
    "mid_total_percent": 40.82893878469688,
    "top_total_percent": 25.62462096140701
  },
  "fingerprint": {
    "mfcc_1": -190.4040985107422,
    "mfcc_2": -38.81462478637695,
    "mfcc_3": -2.8942105770111084,
    "mfcc_4": 13.187073707580566,
    "mfcc_5": 0.8398911356925964,
    "mfcc_6": 7.293745517730713,
    "mfcc_7": 0.13169391453266144,
    "mfcc_8": 10.448702812194824,
    "mfcc_9": -6.055118083953857,
    "mfcc_10": 9.33236312866211,
    "mfcc_11": 0.3150453269481659,
    "mfcc_12": 3.413693428039551,
    "mfcc_13": 1.2113691568374634,
    "chroma_1": 0.17994506657123566,
    "chroma_2": 0.12268225848674774,
    "chroma_3": 0.10339587181806564,
    "chroma_4": 0.13839097321033478,
    "chroma_5": 0.240912064909935,
    "chroma_6": 0.8563973903656006,
    "chroma_7": 0.4457051455974579,
    "chroma_8": 0.20550094544887543,
    "chroma_9": 0.16794374585151672,
    "chroma_10": 0.17415498197078705,
    "chroma_11": 0.13898965716362,
    "chroma_12": 0.1051517128944397,
    "spectral_contrast": 23.253393356175003,
    "spectral_flatness": 0.013786379247903824,
    "zero_crossing_rate": 0.065802867901556,
    "embed_mfcc_1_mean": -190.4040985107422,
    "embed_mfcc_1_std": 72.82904052734375,
    "embed_mfcc_2_mean": -38.81462478637695,
    "embed_mfcc_2_std": 31.645069122314453,
    "embed_mfcc_3_mean": -2.8942105770111084,
    "embed_mfcc_3_std": 31.32438087463379,
    "embed_mfcc_4_mean": 13.187073707580566,
    "embed_mfcc_4_std": 19.82293128967285,
    "embed_mfcc_5_mean": 0.8398911356925964,
    "embed_mfcc_5_std": 18.00839614868164,
    "embed_mfcc_6_mean": 7.293745517730713,
    "embed_mfcc_6_std": 13.904170036315918,
    "embed_mfcc_7_mean": 0.13169391453266144,
    "embed_mfcc_7_std": 13.338760375976562,
    "embed_mfcc_8_mean": 10.448702812194824,
    "embed_mfcc_8_std": 12.501066207885742,
    "embed_mfcc_9_mean": -6.055118083953857,
    "embed_mfcc_9_std": 11.21493911743164,
    "embed_mfcc_10_mean": 9.33236312866211,
    "embed_mfcc_10_std": 11.437067985534668,
    "embed_mfcc_11_mean": 0.3150453269481659,
    "embed_mfcc_11_std": 10.463387489318848,
    "embed_mfcc_12_mean": 3.413693428039551,
    "embed_mfcc_12_std": 13.317042350769043,
    "embed_mfcc_13_mean": 1.2113691568374634,
    "embed_mfcc_13_std": 10.170669555664062,
    "embed_mfcc_14_mean": 4.510508060455322,
    "embed_mfcc_14_std": 8.663347244262695,
    "embed_mfcc_15_mean": 2.2814841270446777,
    "embed_mfcc_15_std": 9.045963287353516,
    "embed_mfcc_16_mean": 2.207139015197754,
    "embed_mfcc_16_std": 6.8649163246154785,
    "embed_mfcc_17_mean": -0.44231709837913513,
    "embed_mfcc_17_std": 7.612523078918457,
    "embed_mfcc_18_mean": 9.070292472839355,
    "embed_mfcc_18_std": 7.583305358886719,
    "embed_mfcc_19_mean": -3.146530866622925,
    "embed_mfcc_19_std": 9.156401634216309,
    "embed_mfcc_20_mean": 7.329126834869385,
    "embed_mfcc_20_std": 8.567047119140625,
    "embed_chroma_1_mean": 0.17994506657123566,
    "embed_chroma_1_std": 0.18682771921157837,
    "embed_chroma_2_mean": 0.12268225848674774,
    "embed_chroma_2_std": 0.10055997222661972,
    "embed_chroma_3_mean": 0.10339587181806564,
    "embed_chroma_3_std": 0.07495499402284622,
    "embed_chroma_4_mean": 0.13839097321033478,
    "embed_chroma_4_std": 0.09356266260147095,
    "embed_chroma_5_mean": 0.240912064909935,
    "embed_chroma_5_std": 0.1567668318748474,
    "embed_chroma_6_mean": 0.8563973903656006,
    "embed_chroma_6_std": 0.27573564648628235,
    "embed_chroma_7_mean": 0.4457051455974579,
    "embed_chroma_7_std": 0.3439856171607971,
    "embed_chroma_8_mean": 0.20550094544887543,
    "embed_chroma_8_std": 0.152719646692276,
    "embed_chroma_9_mean": 0.16794374585151672,
    "embed_chroma_9_std": 0.15958881378173828,
    "embed_chroma_10_mean": 0.17415498197078705,
    "embed_chroma_10_std": 0.20354315638542175,
    "embed_chroma_11_mean": 0.13898965716362,
    "embed_chroma_11_std": 0.14832377433776855,
    "embed_chroma_12_mean": 0.1051517128944397,
    "embed_chroma_12_std": 0.09430800378322601,
    "embed_contrast_1_mean": 24.756643295288086,
    "embed_contrast_1_std": 5.415377140045166,
    "embed_contrast_2_mean": 15.784252166748047,
    "embed_contrast_2_std": 4.235813617706299,
    "embed_contrast_3_mean": 17.268938064575195,
    "embed_contrast_3_std": 4.026878833770752,
    "embed_contrast_4_mean": 16.983104705810547,
    "embed_contrast_4_std": 3.695051908493042,
    "embed_contrast_5_mean": 18.39678192138672,
    "embed_contrast_5_std": 3.5331838130950928,
    "embed_contrast_6_mean": 19.377836227416992,
    "embed_contrast_6_std": 3.956237554550171,
    "embed_contrast_7_mean": 50.20619583129883,
    "embed_contrast_7_std": 3.1311116218566895,
    "embed_chroma_entropy": 2.221198081970215,
    "embed_centroid_mean": 2621.5542220892144,
    "embed_centroid_std": 1024.9064522564208,
    "embed_rolloff_mean": 5845.478456997749,
    "embed_rolloff_std": 1866.5426887799508,
    "embed_flatness_mean": 0.013786379247903824,
    "embed_flatness_std": 0.032705239951610565,
    "embed_zcr_mean": 0.065802867901556,
    "embed_zcr_std": 0.0877997367521741,
    "embed_rms_mean": 0.2963849902153015,
    "embed_rms_std": 0.130721777677536,
    "embed_onset_mean": 1.7492074966430664,
    "embed_onset_std": 1.851639986038208,
    "fingerprint_version": 2.0,
    "fingerprint_duration_seconds": 94.73746031746032,
    "embed_mfcc_delta_mean": -0.0012274760520085692,
    "embed_mfcc_delta_std": 3.68912410736084,
    "embed_chroma_delta_mean": 2.2142514353618026e-05,
    "embed_chroma_delta_std": 0.01951211504638195,
    "embed_onset_peak": 19.599706649780273,
    "embed_onset_p95": 5.427781581878662,
    "embed_rms_p10": 0.04254230111837387,
    "embed_rms_p50": 0.3350619077682495,
    "embed_rms_p90": 0.4284067749977112,
    "embedding_nonzero_count": 100.0
  },
  "rhythm": {
    "onset_count": 516,
    "onset_density": 5.446633633842314,
    "drum_activity": "High",
    "estimated_bars": 55,
    "seconds_per_bar": 1.7142857142857142
  },
  "sections": [
    {
      "name": "Intro",
      "start": 0.0,
      "end": 16.0,
      "avg_energy": 0.25167596340179443,
      "energy_label": "Medium"
    },
    {
      "name": "Chorus / Hook",
      "start": 16.0,
      "end": 32.0,
      "avg_energy": 0.3103702664375305,
      "energy_label": "Medium"
    },
    {
      "name": "Verse",
      "start": 32.0,
      "end": 48.0,
      "avg_energy": 0.30747896432876587,
      "energy_label": "Medium"
    },
    {
      "name": "Chorus / Hook",
      "start": 48.0,
      "end": 64.0,
      "avg_energy": 0.3075426518917084,
      "energy_label": "Medium"
    },
    {
      "name": "Outro",
      "start": 64.0,
      "end": 94.73741666666666,
      "avg_energy": 0.27666163444519043,
      "energy_label": "Medium"
    }
  ],