{
  "basic": {
    "file_name": "Kankan - Overtime.wav",
    "file_path": "/Users/jayden/SoundLens/tracks/Kankan/Kankan - Overtime.wav",
    "sample_rate": 48000,
    "duration_seconds": 122.22985416666667,
    "bpm": 140.62,
    "key": "F Minor",
    "key_note": "F",
    "key_mode": "Minor",
    "key_confidence": 46.87578748004758
  },
  "loudness": {
    "peak_db": -0.8987130569604186,
    "rms_db": -13.100150414568413,
    "dynamic_range_db": 12.201437357607993,
    "clipping_detected": false,
    "clipping_samples": 0,
    "clipping_percent": 0.0,
    "headroom_db": 0.8987130569604186
  },
  "frequency": {
    "band_percentages": {
      "Sub": 16.553829921062217,
      "Bass / 808": 14.465453912616285,
      "Mud": 14.302002243773826,
      "Low Mids": 14.30361195305368,
      "Mids / Melody": 14.125470792749597,
      "Harsh Zone": 13.776569883472506,
      "Highs": 14.222895764064091,
      "Air": 12.026735410804857,
      "Vocal Range": 15.097602843908604
    },
    "brightness_centroid_hz": 3075.553719255463,
    "brightness_label": "Medium",
    "spectral_rolloff_hz": 6343.81339986911,
    "dominant_band": "Sub",
    "low_end_total_percent": 31.0192838336785,
    "mid_total_percent": 42.731084989577106,
    "top_total_percent": 26.24963117486895
  },
  "fingerprint": {
    "mfcc_1": -163.90248107910156,
    "mfcc_2": 125.49683380126953,
    "mfcc_3": -21.873781204223633,
    "mfcc_4": 51.22105026245117,
    "mfcc_5": -31.74724006652832,
    "mfcc_6": 10.394070625305176,
    "mfcc_7": -10.767029762268066,
    "mfcc_8": 5.806528091430664,
    "mfcc_9": -10.511786460876465,
    "mfcc_10": 3.6102280616760254,
    "mfcc_11": 0.19117926061153412,
    "mfcc_12": 2.438182830810547,
    "mfcc_13": 5.811205863952637,
    "chroma_1": 0.40506935119628906,
    "chroma_2": 0.25459325313568115,
    "chroma_3": 0.24564997851848602,
    "chroma_4": 0.3668024241924286,
    "chroma_5": 0.284629225730896,
    "chroma_6": 0.8023319840431213,
    "chroma_7": 0.34128081798553467,
    "chroma_8": 0.38530972599983215,
    "chroma_9": 0.3068028688430786,
    "chroma_10": 0.22143128514289856,
    "chroma_11": 0.23917068541049957,
    "chroma_12": 0.16346769034862518,
    "spectral_contrast": 20.0832666397928,
    "spectral_flatness": 0.00043067315709777176,
    "zero_crossing_rate": 0.05976835187609075
  },
  "rhythm": {
    "onset_count": 395,
    "onset_density": 3.231616389408411,
    "drum_activity": "High",
    "estimated_bars": 72,
    "seconds_per_bar": 1.7067273503057887
  },
  "sections": [
    {
      "name": "Section 1",
      "start": 0.0,
      "end": 13.65381880244631,
      "avg_energy": 0.2502188980579376,
      "energy_label": "Medium"
    },
    {
      "name": "Section 2",
      "start": 13.65381880244631,
      "end": 27.30763760489262,
      "avg_energy": 0.2239258736371994,
      "energy_label": "Medium"
    },
    {
      "name": "Section 3",
      "start": 27.30763760489262,
      "end": 40.96145640733893,
      "avg_energy": 0.26270338892936707,
      "energy_label": "High"
    },
    {
      "name": "Section 4",
      "start": 40.96145640733893,
      "end": 54.61527520978524,
      "avg_energy": 0.18253466486930847,
      "energy_label": "Low"
    },
    {
      "name": "Section 5",
      "start": 54.61527520978524,
      "end": 68.26909401223155,
      "avg_energy": 0.26444876194000244,
      "energy_label": "High"
    },
    {
      "name": "Section 6",
      "start": 68.26909401223155,
      "end": 81.92291281467786,
      "avg_energy": 0.19236518442630768,
      "energy_label": "Low"
    },
    {
      "name": "Section 7",
      "start": 81.92291281467786,
      "end": 95.57673161712417,
      "avg_energy": 0.26401838660240173,
      "energy_label": "High"
    },
    {
      "name": "Section 8",
      "start": 95.57673161712417,
      "end": 109.23055041957048,
      "avg_energy": 0.21537266671657562,
      "energy_label": "Medium"
    },
    {
      "name": "Section 9",
      "start": 109.23055041957048,
      "end": 122.22985416666667,
      "avg_energy": 0.0184776708483696,
      "energy_label": "Low"
    }
  ],
  "scores": {
    "mix": 94,
    "master": 94,
    "arrangement": 81,
    "release": 90,
    "energy": 5.949924792715794,
    "bass_strength": 6.2038567667357,
    "darkness": 3.848892561489074,
    "brightness": 6.151107438510926,
    "drum_bounce": 8.079040973521028,
    "vocal_space": 2.2358259663399433
  },
  "stem_balance": null,
  "top_problems": [
    "Mud range is elevated around 250-500 Hz.",
    "Drum movement is very active; the beat could become overcrowded."
  ],
  "suggested_fixes": [
    "Gently cut 250-500 Hz on melodies, pads, or the master if the mix feels cloudy.",
    "Mute extra percussion in some sections so the hook/drop feels bigger."
  ],
  "artist_notes": [
    "Autotune/key starting point: F Minor. Confidence: 46.9%.",
    "Beat energy: 5.9/10. Darkness: 3.8/10.",
    "Vocal space estimate: 2.2/10. Higher means easier space for vocals."
  ],
  "producer_notes": [
    "Low-end presence looks usable for the selected style.",
    "Selected style preset: rage_trap.",
    "Dominant frequency area: Sub.",
    "Drum activity is high at 3.23 hits/sec.",
    "Estimated length: 72 bars at 141 BPM."
  ],
  "master_notes": [
    "No obvious clipping problem detected.",
    "Loudness is in a usable range for the selected style.",
    "Peak: -0.90 dB. RMS: -13.10 dB. Dynamic range: 12.20 dB."
  ],
  "next_steps": [
    "Gently cut 250-500 Hz on melodies, pads, or the master if the mix feels cloudy.",
    "Mute extra percussion in some sections so the hook/drop feels bigger.",
    "This is close. Only make small changes unless you hear a clear problem."
  ]
}