{
  "basic": {
    "file_name": "Kankan - Us.wav",
    "file_path": "/Users/jayden/SoundLens/tracks/Kankan/Kankan - Us.wav",
    "sample_rate": 48000,
    "duration_seconds": 115.925625,
    "bpm": 160.71,
    "key": "C# Major",
    "key_note": "C#",
    "key_mode": "Major",
    "key_confidence": 46.39805580776705
  },
  "loudness": {
    "peak_db": 0.00020294362076084146,
    "rms_db": -10.55758300390625,
    "dynamic_range_db": 10.55778594752701,
    "clipping_detected": true,
    "clipping_samples": 473,
    "clipping_percent": 0.008500421426812808,
    "headroom_db": -0.00020294362076084146
  },
  "frequency": {
    "band_percentages": {
      "Sub": 16.993330788958122,
      "Bass / 808": 14.808338377131244,
      "Mud": 14.285833383262837,
      "Low Mids": 14.174014643580882,
      "Mids / Melody": 13.879210563496065,
      "Harsh Zone": 13.336483599518079,
      "Highs": 13.625512388861022,
      "Air": 12.23375985284392,
      "Vocal Range": 14.928616747744291
    },
    "brightness_centroid_hz": 2508.8028232234387,
    "brightness_label": "Medium",
    "spectral_rolloff_hz": 5399.435895666575,
    "dominant_band": "Sub",
    "low_end_total_percent": 31.80166916608937,
    "mid_total_percent": 42.33905859033978,
    "top_total_percent": 25.859272241704943
  },
  "fingerprint": {
    "mfcc_1": -194.62933349609375,
    "mfcc_2": 129.75930786132812,
    "mfcc_3": 4.473968982696533,
    "mfcc_4": 29.900720596313477,
    "mfcc_5": -13.05601978302002,
    "mfcc_6": 19.77094841003418,
    "mfcc_7": -9.930686950683594,
    "mfcc_8": 0.6892669796943665,
    "mfcc_9": -3.2828750610351562,
    "mfcc_10": -7.746513366699219,
    "mfcc_11": -5.963407516479492,
    "mfcc_12": -3.9965384006500244,
    "mfcc_13": -3.3434829711914062,
    "chroma_1": 0.39692509174346924,
    "chroma_2": 0.5462064146995544,
    "chroma_3": 0.44942745566368103,
    "chroma_4": 0.4344204068183899,
    "chroma_5": 0.2721554636955261,
    "chroma_6": 0.535029947757721,
    "chroma_7": 0.39725789427757263,
    "chroma_8": 0.3592124283313751,
    "chroma_9": 0.2762620151042938,
    "chroma_10": 0.1798524111509323,
    "chroma_11": 0.24718023836612701,
    "chroma_12": 0.1497049629688263,
    "spectral_contrast": 20.350413508565033,
    "spectral_flatness": 0.00046278259833343327,
    "zero_crossing_rate": 0.04330770317243997
  },
  "rhythm": {
    "onset_count": 606,
    "onset_density": 5.227489608100021,
    "drum_activity": "High",
    "estimated_bars": 78,
    "seconds_per_bar": 1.4933731566175097
  },
  "sections": [
    {
      "name": "Section 1",
      "start": 0.0,
      "end": 12.0,
      "avg_energy": 0.05565248802304268,
      "energy_label": "Low"
    },
    {
      "name": "Section 2",
      "start": 12.0,
      "end": 24.0,
      "avg_energy": 0.08792848140001297,
      "energy_label": "Low"
    },
    {
      "name": "Section 3",
      "start": 24.0,
      "end": 36.0,
      "avg_energy": 0.36230823397636414,
      "energy_label": "Medium"
    },
    {
      "name": "Section 4",
      "start": 36.0,
      "end": 48.0,
      "avg_energy": 0.36405056715011597,
      "energy_label": "High"
    },
    {
      "name": "Section 5",
      "start": 48.0,
      "end": 60.0,
      "avg_energy": 0.34374529123306274,
      "energy_label": "Medium"
    },
    {
      "name": "Section 6",
      "start": 60.0,
      "end": 72.0,
      "avg_energy": 0.3637274205684662,
      "energy_label": "High"
    },
    {
      "name": "Section 7",
      "start": 72.0,
      "end": 84.0,
      "avg_energy": 0.3978126049041748,
      "energy_label": "High"
    },
    {
      "name": "Section 8",
      "start": 84.0,
      "end": 96.0,
      "avg_energy": 0.3505525588989258,
      "energy_label": "Medium"
    },
    {
      "name": "Section 9",
      "start": 96.0,
      "end": 108.0,
      "avg_energy": 0.20284663140773773,
      "energy_label": "Medium"
    },
    {
      "name": "Section 10",
      "start": 108.0,
      "end": 115.925625,
      "avg_energy": 0.05867404863238335,
      "energy_label": "Low"
    }
  ],
  "scores": {
    "mix": 86,
    "master": 86,
    "arrangement": 81,
    "release": 84,
    "energy": 7.221208498046875,
    "bass_strength": 6.360333833217874,
    "darkness": 4.982394353553122,
    "brightness": 5.017605646446878,
    "drum_bounce": 10,
    "vocal_space": 2.2608074118975967
  },
  "stem_balance": null,
  "top_problems": [
    "Clipping detected: 473 samples are near/over the limit.",
    "Mud range is elevated around 250-500 Hz.",
    "Drum movement is very active; the beat could become overcrowded."
  ],
  "suggested_fixes": [
    "Lower the master/output, then use a soft clipper or limiter with safer ceiling.",
    "Gently cut 250-500 Hz on melodies, pads, or the master if the mix feels cloudy.",
    "Mute extra percussion in some sections so the hook/drop feels bigger."
  ],
  "artist_notes": [
    "Autotune/key starting point: C# Major. Confidence: 46.4%.",
    "Beat energy: 7.2/10. Darkness: 5.0/10.",
    "Vocal space estimate: 2.3/10. Higher means easier space for vocals."
  ],
  "producer_notes": [
    "Low-end presence looks usable for the selected style.",
    "Selected style preset: rage_trap.",
    "Dominant frequency area: Sub.",
    "Drum activity is high at 5.23 hits/sec.",
    "Estimated length: 78 bars at 161 BPM."
  ],
  "master_notes": [
    "Clipping is the first thing to fix before judging the rest of the mix.",
    "Loudness is in a usable range for the selected style.",
    "Peak: 0.00 dB. RMS: -10.56 dB. Dynamic range: 10.56 dB."
  ],
  "next_steps": [
    "Lower the master/output, then use a soft clipper or limiter with safer ceiling.",
    "Gently cut 250-500 Hz on melodies, pads, or the master if the mix feels cloudy.",
    "Mute extra percussion in some sections so the hook/drop feels bigger.",
    "Fix the top 1-2 issues, export again, then re-run SoundLens."
  ]
}