{
  "basic": {
    "file_name": "Kankan - After Me.wav",
    "file_path": "/Users/jayden/SoundLens/tracks/Kankan/Kankan - After Me.wav",
    "sample_rate": 48000,
    "duration_seconds": 101.78133333333334,
    "bpm": 152.03,
    "key": "D# Minor",
    "key_note": "D#",
    "key_mode": "Minor",
    "key_confidence": 45.40291164445077
  },
  "loudness": {
    "peak_db": -1.5653878453569394,
    "rms_db": -10.81349805198781,
    "dynamic_range_db": 9.248110206630871,
    "clipping_detected": false,
    "clipping_samples": 0,
    "clipping_percent": 0.0,
    "headroom_db": 1.5653878453569394
  },
  "frequency": {
    "band_percentages": {
      "Sub": 17.620120810968423,
      "Bass / 808": 14.592734584359535,
      "Mud": 13.66727847801883,
      "Low Mids": 12.947308653040308,
      "Mids / Melody": 13.554700862173034,
      "Harsh Zone": 13.550276507527977,
      "Highs": 14.58107138830612,
      "Air": 13.036785221188985,
      "Vocal Range": 14.255353199913841
    },
    "brightness_centroid_hz": 3606.109937789356,
    "brightness_label": "High",
    "spectral_rolloff_hz": 7846.874017604527,
    "dominant_band": "Sub",
    "low_end_total_percent": 32.212855395327956,
    "mid_total_percent": 40.169287993232174,
    "top_total_percent": 27.617856609495107
  },
  "fingerprint": {
    "mfcc_1": -185.65512084960938,
    "mfcc_2": 92.16433715820312,
    "mfcc_3": -0.5123892426490784,
    "mfcc_4": 70.687744140625,
    "mfcc_5": -15.36516284942627,
    "mfcc_6": 39.06883239746094,
    "mfcc_7": -3.4871485233306885,
    "mfcc_8": 15.697668075561523,
    "mfcc_9": -1.5522918701171875,
    "mfcc_10": 14.495491027832031,
    "mfcc_11": 1.5155178308486938,
    "mfcc_12": 12.33022403717041,
    "mfcc_13": 5.931874752044678,
    "chroma_1": 0.17593196034431458,
    "chroma_2": 0.19646751880645752,
    "chroma_3": 0.22146309912204742,
    "chroma_4": 0.8742732405662537,
    "chroma_5": 0.5419273972511292,
    "chroma_6": 0.30928561091423035,
    "chroma_7": 0.21736924350261688,
    "chroma_8": 0.17310337722301483,
    "chroma_9": 0.14997801184654236,
    "chroma_10": 0.12670321762561798,
    "chroma_11": 0.15629395842552185,
    "chroma_12": 0.13712729513645172,
    "spectral_contrast": 19.869511186390827,
    "spectral_flatness": 0.0005002595135010779,
    "zero_crossing_rate": 0.04506273618424499
  },
  "rhythm": {
    "onset_count": 485,
    "onset_density": 4.765117375812198,
    "drum_activity": "High",
    "estimated_bars": 64,
    "seconds_per_bar": 1.5786357955666646
  },
  "sections": [
    {
      "name": "Section 1",
      "start": 0.0,
      "end": 12.629086364533316,
      "avg_energy": 0.30134037137031555,
      "energy_label": "Medium"
    },
    {
      "name": "Section 2",
      "start": 12.629086364533316,
      "end": 25.258172729066633,
      "avg_energy": 0.3012651801109314,
      "energy_label": "Medium"
    },
    {
      "name": "Section 3",
      "start": 25.258172729066633,
      "end": 37.88725909359995,
      "avg_energy": 0.27208441495895386,
      "energy_label": "Low"
    },
    {
      "name": "Section 4",
      "start": 37.88725909359995,
      "end": 50.516345458133266,
      "avg_energy": 0.3064481019973755,
      "energy_label": "High"
    },
    {
      "name": "Section 5",
      "start": 50.516345458133266,
      "end": 63.14543182266658,
      "avg_energy": 0.30587586760520935,
      "energy_label": "High"
    },
    {
      "name": "Section 6",
      "start": 63.14543182266658,
      "end": 75.7745181871999,
      "avg_energy": 0.3019544184207916,
      "energy_label": "High"
    },
    {
      "name": "Section 7",
      "start": 75.7745181871999,
      "end": 88.40360455173322,
      "avg_energy": 0.25207599997520447,
      "energy_label": "Low"
    },
    {
      "name": "Section 8",
      "start": 88.40360455173322,
      "end": 101.78133333333334,
      "avg_energy": 0.2579372227191925,
      "energy_label": "Low"
    }
  ],
  "scores": {
    "mix": 94,
    "master": 94,
    "arrangement": 81,
    "release": 90,
    "energy": 7.093250974006095,
    "bass_strength": 6.4425710790655915,
    "darkness": 2.787780124421288,
    "brightness": 7.212219875578712,
    "drum_bounce": 10,
    "vocal_space": 2.683473086929567
  },
  "stem_balance": null,
  "top_problems": [
    "Mud range is elevated around 250-500 Hz.",
    "Drum movement is very active; the beat could become overcrowded.",
    "Hook/verse contrast looks low, but arrangement detection is still an estimate."
  ],
  "suggested_fixes": [
    "Gently cut 250-500 Hz on melodies, pads, or the master if the mix feels cloudy.",
    "Mute extra percussion in some sections so the hook/drop feels bigger.",
    "Check the waveform/sections by ear. If the hook feels flat, add contrast with melody layers, drum changes, or vocal energy."
  ],
  "artist_notes": [
    "Autotune/key starting point: D# Minor. Confidence: 45.4%.",
    "Beat energy: 7.1/10. Darkness: 2.8/10.",
    "Vocal space estimate: 2.7/10. Higher means easier space for vocals."
  ],
  "producer_notes": [
    "Low-end presence looks usable for the selected style.",
    "Selected style preset: rage_trap.",
    "Dominant frequency area: Sub.",
    "Drum activity is high at 4.77 hits/sec.",
    "Estimated length: 64 bars at 152 BPM."
  ],
  "master_notes": [
    "No obvious clipping problem detected.",
    "Loudness is in a usable range for the selected style.",
    "Peak: -1.57 dB. RMS: -10.81 dB. Dynamic range: 9.25 dB."
  ],
  "next_steps": [
    "Gently cut 250-500 Hz on melodies, pads, or the master if the mix feels cloudy.",
    "Mute extra percussion in some sections so the hook/drop feels bigger.",
    "Check the waveform/sections by ear. If the hook feels flat, add contrast with melody layers, drum changes, or vocal energy.",
    "This is close. Only make small changes unless you hear a clear problem."
  ]
}