{
  "basic": {
    "file_name": "Kankan - amg.wav",
    "file_path": "/Volumes/POLLY/tracks/Kankan/Kankan - amg.wav",
    "sample_rate": 48000,
    "duration_seconds": 149.03466666666668,
    "bpm": 140.0,
    "key": "E Minor",
    "key_note": "E",
    "key_mode": "Minor",
    "key_confidence": 43.11887121686567
  },
  "loudness": {
    "peak_db": -0.030452767192790175,
    "rms_db": -13.67953073566629,
    "dynamic_range_db": 13.6490779684735,
    "clipping_detected": true,
    "clipping_samples": 1,
    "clipping_percent": 1.3978850558259374e-05,
    "headroom_db": 0.030452767192790175
  },
  "frequency": {
    "band_percentages": {
      "Sub": 16.817628144177544,
      "Bass / 808": 14.727329611310521,
      "Mud": 14.20078394233816,
      "Low Mids": 13.630042254035214,
      "Mids / Melody": 14.307634833415714,
      "Harsh Zone": 13.657343378671008,
      "Highs": 13.90858375597191,
      "Air": 12.407997456858354,
      "Vocal Range": 14.923190723991711
    },
    "brightness_centroid_hz": 2993.4548691258146,
    "brightness_label": "Medium",
    "spectral_rolloff_hz": 6381.680853252702,
    "dominant_band": "Sub",
    "low_end_total_percent": 31.544957755488063,
    "mid_total_percent": 42.138461029789084,
    "top_total_percent": 26.316581212830265
  },
  "fingerprint": {
    "mfcc_1": -166.92266845703125,
    "mfcc_2": -26.410276412963867,
    "mfcc_3": -5.9669623374938965,
    "mfcc_4": -12.828987121582031,
    "mfcc_5": 6.529131889343262,
    "mfcc_6": -2.7055954933166504,
    "mfcc_7": -8.166550636291504,
    "mfcc_8": 0.5314077734947205,
    "mfcc_9": -8.671935081481934,
    "mfcc_10": 5.9002532958984375,
    "mfcc_11": -7.047797203063965,
    "mfcc_12": 2.810028076171875,
    "mfcc_13": -2.2678918838500977,
    "chroma_1": 0.17624883353710175,
    "chroma_2": 0.18991157412528992,
    "chroma_3": 0.23002822697162628,
    "chroma_4": 0.4831621050834656,
    "chroma_5": 0.6241174340248108,
    "chroma_6": 0.35567978024482727,
    "chroma_7": 0.33224204182624817,
    "chroma_8": 0.24805821478366852,
    "chroma_9": 0.41926446557044983,
    "chroma_10": 0.1875028759241104,
    "chroma_11": 0.22771206498146057,
    "chroma_12": 0.18907178938388824,
    "spectral_contrast": 22.874896070591983,
    "spectral_flatness": 0.02558821626007557,
    "zero_crossing_rate": 0.08512231218556501,
    "embed_mfcc_1_mean": -166.92266845703125,
    "embed_mfcc_1_std": 61.793636322021484,
    "embed_mfcc_2_mean": -26.410276412963867,
    "embed_mfcc_2_std": 36.124698638916016,
    "embed_mfcc_3_mean": -5.9669623374938965,
    "embed_mfcc_3_std": 26.590547561645508,
    "embed_mfcc_4_mean": -12.828987121582031,
    "embed_mfcc_4_std": 17.844240188598633,
    "embed_mfcc_5_mean": 6.529131889343262,
    "embed_mfcc_5_std": 15.000199317932129,
    "embed_mfcc_6_mean": -2.7055954933166504,
    "embed_mfcc_6_std": 16.714534759521484,
    "embed_mfcc_7_mean": -8.166550636291504,
    "embed_mfcc_7_std": 15.385184288024902,
    "embed_mfcc_8_mean": 0.5314077734947205,
    "embed_mfcc_8_std": 16.118600845336914,
    "embed_mfcc_9_mean": -8.671935081481934,
    "embed_mfcc_9_std": 12.439517974853516,
    "embed_mfcc_10_mean": 5.9002532958984375,
    "embed_mfcc_10_std": 12.309233665466309,
    "embed_mfcc_11_mean": -7.047797203063965,
    "embed_mfcc_11_std": 12.78223991394043,
    "embed_mfcc_12_mean": 2.810028076171875,
    "embed_mfcc_12_std": 11.082531929016113,
    "embed_mfcc_13_mean": -2.2678918838500977,
    "embed_mfcc_13_std": 10.768746376037598,
    "embed_mfcc_14_mean": -2.7547523975372314,
    "embed_mfcc_14_std": 12.409595489501953,
    "embed_mfcc_15_mean": 6.056896686553955,
    "embed_mfcc_15_std": 9.808428764343262,
    "embed_mfcc_16_mean": 0.45372265577316284,
    "embed_mfcc_16_std": 9.423834800720215,
    "embed_mfcc_17_mean": -2.6095616817474365,
    "embed_mfcc_17_std": 9.221501350402832,
    "embed_mfcc_18_mean": 8.6559419631958,
    "embed_mfcc_18_std": 9.085236549377441,
    "embed_mfcc_19_mean": -0.7762418985366821,
    "embed_mfcc_19_std": 8.935115814208984,
    "embed_mfcc_20_mean": 4.857626914978027,
    "embed_mfcc_20_std": 7.697551250457764,
    "embed_chroma_1_mean": 0.17624883353710175,
    "embed_chroma_1_std": 0.1139272004365921,
    "embed_chroma_2_mean": 0.18991157412528992,
    "embed_chroma_2_std": 0.14653156697750092,
    "embed_chroma_3_mean": 0.23002822697162628,
    "embed_chroma_3_std": 0.160338893532753,
    "embed_chroma_4_mean": 0.4831621050834656,
    "embed_chroma_4_std": 0.29347842931747437,
    "embed_chroma_5_mean": 0.6241174340248108,
    "embed_chroma_5_std": 0.38554254174232483,
    "embed_chroma_6_mean": 0.35567978024482727,
    "embed_chroma_6_std": 0.23194320499897003,
    "embed_chroma_7_mean": 0.33224204182624817,
    "embed_chroma_7_std": 0.27835437655448914,
    "embed_chroma_8_mean": 0.24805821478366852,
    "embed_chroma_8_std": 0.1591080129146576,
    "embed_chroma_9_mean": 0.41926446557044983,
    "embed_chroma_9_std": 0.35853585600852966,
    "embed_chroma_10_mean": 0.1875028759241104,
    "embed_chroma_10_std": 0.1664707511663437,
    "embed_chroma_11_mean": 0.22771206498146057,
    "embed_chroma_11_std": 0.22139643132686615,
    "embed_chroma_12_mean": 0.18907178938388824,
    "embed_chroma_12_std": 0.15319767594337463,
    "embed_contrast_1_mean": 23.688180923461914,
    "embed_contrast_1_std": 4.889988899230957,
    "embed_contrast_2_mean": 15.00692081451416,
    "embed_contrast_2_std": 4.123437404632568,
    "embed_contrast_3_mean": 16.84481430053711,
    "embed_contrast_3_std": 3.9679977893829346,
    "embed_contrast_4_mean": 16.58515167236328,
    "embed_contrast_4_std": 3.2349860668182373,
    "embed_contrast_5_mean": 18.924556732177734,
    "embed_contrast_5_std": 3.2819511890411377,
    "embed_contrast_6_mean": 19.065134048461914,
    "embed_contrast_6_std": 3.834501266479492,
    "embed_contrast_7_mean": 50.009517669677734,
    "embed_contrast_7_std": 3.529402017593384,
    "embed_chroma_entropy": 2.3943519592285156,
    "embed_centroid_mean": 2879.612302229986,
    "embed_centroid_std": 1152.001580411545,
    "embed_rolloff_mean": 6385.653053496275,
    "embed_rolloff_std": 2118.681828130301,
    "embed_flatness_mean": 0.02558821626007557,
    "embed_flatness_std": 0.04086186736822128,
    "embed_zcr_mean": 0.08512231218556501,
    "embed_zcr_std": 0.08852118434354998,
    "embed_rms_mean": 0.22237388789653778,
    "embed_rms_std": 0.10552380234003067,
    "embed_onset_mean": 1.5803309679031372,
    "embed_onset_std": 1.554000735282898,
    "fingerprint_version": 2.0,
    "fingerprint_duration_seconds": 149.034693877551,
    "embed_mfcc_delta_mean": -0.0016868053935468197,
    "embed_mfcc_delta_std": 3.082232713699341,
    "embed_chroma_delta_mean": -4.205060031381436e-05,
    "embed_chroma_delta_std": 0.024146240204572678,
    "embed_onset_peak": 16.124128341674805,
    "embed_onset_p95": 4.68095588684082,
    "embed_rms_p10": 0.058424919843673706,
    "embed_rms_p50": 0.27599596977233887,
    "embed_rms_p90": 0.32709935307502747,
    "embedding_nonzero_count": 100.0
  },
  "rhythm": {
    "onset_count": 638,
    "onset_density": 4.280883194961351,
    "drum_activity": "High",
    "estimated_bars": 87,
    "seconds_per_bar": 1.7142857142857142
  },
  "sections": [
    {
      "name": "Intro",
      "start": 0.0,
      "end": 16.0,
      "avg_energy": 0.08271506428718567,
      "energy_label": "Low"
    },
    {
      "name": "Chorus / Hook",
      "start": 16.0,
      "end": 32.0,
      "avg_energy": 0.2364664375782013,
      "energy_label": "High"
    },
    {
      "name": "Verse",
      "start": 32.0,
      "end": 48.0,
      "avg_energy": 0.2601308524608612,
      "energy_label": "High"
    },
    {
      "name": "Chorus / Hook",
      "start": 48.0,
      "end": 64.0,
      "avg_energy": 0.247990682721138,
      "energy_label": "High"
    },
    {
      "name": "Verse",
      "start": 64.0,
      "end": 80.0,
      "avg_energy": 0.22777916491031647,