{
  "basic": {
    "file_name": "Kankan - Breakin Tha Bank.wav",
    "file_path": "/Users/jayden/SoundLens/tracks/Kankan/Kankan - Breakin Tha Bank.wav",
    "sample_rate": 48000,
    "duration_seconds": 151.20835416666668,
    "bpm": 137.2,
    "key": "G Major",
    "key_note": "G",
    "key_mode": "Major",
    "key_confidence": 48.195995454295044
  },
  "loudness": {
    "peak_db": -2.072246815893782,
    "rms_db": -13.869444767987474,
    "dynamic_range_db": 11.797197952093692,
    "clipping_detected": false,
    "clipping_samples": 0,
    "clipping_percent": 0.0,
    "headroom_db": 2.072246815893782
  },
  "frequency": {
    "band_percentages": {
      "Sub": 16.87515913314698,
      "Bass / 808": 14.945550483295559,
      "Mud": 13.803398217232212,
      "Low Mids": 14.01229668958141,
      "Mids / Melody": 14.091865010691675,
      "Harsh Zone": 13.530323054944168,
      "Highs": 14.0787171421458,
      "Air": 12.193013322004383,
      "Vocal Range": 14.767735469501433
    },
    "brightness_centroid_hz": 2968.246165755785,
    "brightness_label": "Medium",
    "spectral_rolloff_hz": 6254.965478625846,
    "dominant_band": "Sub",
    "low_end_total_percent": 31.82070961644254,
    "mid_total_percent": 41.907559917505296,
    "top_total_percent": 26.27173046415018
  },
  "fingerprint": {
    "mfcc_1": -202.83726501464844,
    "mfcc_2": 125.3937759399414,
    "mfcc_3": -13.460952758789062,
    "mfcc_4": 49.845619201660156,
    "mfcc_5": -16.849689483642578,
    "mfcc_6": 27.790390014648438,
    "mfcc_7": -2.980161190032959,
    "mfcc_8": 9.203879356384277,
    "mfcc_9": 4.022698879241943,
    "mfcc_10": 6.643758773803711,
    "mfcc_11": 3.474510669708252,
    "mfcc_12": 10.281940460205078,
    "mfcc_13": 6.431532382965088,
    "chroma_1": 0.2815733253955841,
    "chroma_2": 0.3207443654537201,
    "chroma_3": 0.3069409430027008,
    "chroma_4": 0.21631276607513428,
    "chroma_5": 0.22149868309497833,
    "chroma_6": 0.1982174515724182,
    "chroma_7": 0.4207046627998352,
    "chroma_8": 0.5864154696464539,
    "chroma_9": 0.23013445734977722,
    "chroma_10": 0.22705988585948944,
    "chroma_11": 0.21131762862205505,
    "chroma_12": 0.4798824191093445,
    "spectral_contrast": 19.934689728983933,
    "spectral_flatness": 0.00453038839623332,
    "zero_crossing_rate": 0.03925177098396938
  },
  "rhythm": {
    "onset_count": 669,
    "onset_density": 4.424358718054736,
    "drum_activity": "High",
    "estimated_bars": 86,
    "seconds_per_bar": 1.7492711370262393
  },
  "sections": [
    {
      "name": "Section 1",
      "start": 0.0,
      "end": 13.994169096209914,
      "avg_energy": 0.06345193833112717,
      "energy_label": "Low"
    },
    {
      "name": "Section 2",
      "start": 13.994169096209914,
      "end": 27.98833819241983,
      "avg_energy": 0.1578824520111084,
      "energy_label": "Low"
    },
    {
      "name": "Section 3",
      "start": 27.98833819241983,
      "end": 41.98250728862974,
      "avg_energy": 0.18677522242069244,
      "energy_label": "Medium"
    },
    {
      "name": "Section 4",
      "start": 41.98250728862974,
      "end": 55.97667638483966,
      "avg_energy": 0.24719899892807007,
      "energy_label": "High"
    },
    {
      "name": "Section 5",
      "start": 55.97667638483966,
      "end": 69.97084548104957,
      "avg_energy": 0.2710351347923279,
      "energy_label": "High"
    },
    {
      "name": "Section 6",
      "start": 69.97084548104957,
      "end": 83.96501457725948,
      "avg_energy": 0.2154725193977356,
      "energy_label": "Medium"
    },
    {
      "name": "Section 7",
      "start": 83.96501457725948,
      "end": 97.9591836734694,
      "avg_energy": 0.1890355795621872,
      "energy_label": "Medium"
    },
    {
      "name": "Section 8",
      "start": 97.9591836734694,
      "end": 111.95335276967931,
      "avg_energy": 0.2435944825410843,
      "energy_label": "High"
    },
    {
      "name": "Section 9",
      "start": 111.95335276967931,
      "end": 125.94752186588923,
      "avg_energy": 0.2697818875312805,
      "energy_label": "High"
    },
    {
      "name": "Section 10",
      "start": 125.94752186588923,
      "end": 139.94169096209913,
      "avg_energy": 0.16935095191001892,
      "energy_label": "Low"
    },
    {
      "name": "Section 11",
      "start": 139.94169096209913,
      "end": 151.20835416666668,
      "avg_energy": 0.04880393669009209,
      "energy_label": "Low"
    }
  ],
  "scores": {
    "mix": 94,
    "master": 94,
    "arrangement": 81,
    "release": 90,
    "energy": 5.565277616006263,
    "bass_strength": 6.364141923288508,
    "darkness": 4.0635076684884295,
    "brightness": 5.9364923315115705,
    "drum_bounce": 10,
    "vocal_space": 2.4768840431669137
  },
  "stem_balance": null,
  "top_problems": [
    "Mud range is elevated around 250-500 Hz.",
    "Drum movement is very active; the beat could become overcrowded."
  ],
  "suggested_fixes": [
    "Gently cut 250-500 Hz on melodies, pads, or the master if the mix feels cloudy.",
    "Mute extra percussion in some sections so the hook/drop feels bigger."
  ],
  "artist_notes": [
    "Autotune/key starting point: G Major. Confidence: 48.2%.",
    "Beat energy: 5.6/10. Darkness: 4.1/10.",
    "Vocal space estimate: 2.5/10. Higher means easier space for vocals."
  ],
  "producer_notes": [
    "Low-end presence looks usable for the selected style.",
    "Selected style preset: rage_trap.",
    "Dominant frequency area: Sub.",
    "Drum activity is high at 4.42 hits/sec.",
    "Estimated length: 86 bars at 137 BPM."
  ],
  "master_notes": [
    "No obvious clipping problem detected.",
    "Loudness is in a usable range for the selected style.",
    "Peak: -2.07 dB. RMS: -13.87 dB. Dynamic range: 11.80 dB."
  ],
  "next_steps": [
    "Gently cut 250-500 Hz on melodies, pads, or the master if the mix feels cloudy.",
    "Mute extra percussion in some sections so the hook/drop feels bigger.",
    "This is close. Only make small changes unless you hear a clear problem."
  ]
}