{
  "basic": {
    "file_name": "Kankan - Up As Fuk.wav",
    "file_path": "/Users/jayden/SoundLens/tracks/Kankan/Kankan - Up As Fuk.wav",
    "sample_rate": 48000,
    "duration_seconds": 151.59466666666665,
    "bpm": 143.01,
    "key": "D Minor",
    "key_note": "D",
    "key_mode": "Minor",
    "key_confidence": 49.73449360272007
  },
  "loudness": {
    "peak_db": 0.00013253514664703732,
    "rms_db": -11.267209512039837,
    "dynamic_range_db": 11.267342047186485,
    "clipping_detected": true,
    "clipping_samples": 7712,
    "clipping_percent": 0.10598437939769209,
    "headroom_db": -0.00013253514664703732
  },
  "frequency": {
    "band_percentages": {
      "Sub": 17.055424149278732,
      "Bass / 808": 15.483718029215801,
      "Mud": 13.986514297305835,
      "Low Mids": 13.694825538879801,
      "Mids / Melody": 14.16108717134944,
      "Harsh Zone": 13.324377494568399,
      "Highs": 13.386948816079594,
      "Air": 12.231481996023543,
      "Vocal Range": 14.739378848450926
    },
    "brightness_centroid_hz": 3128.4133236122725,
    "brightness_label": "Medium",
    "spectral_rolloff_hz": 6621.0797333427145,
    "dominant_band": "Sub",
    "low_end_total_percent": 32.53914217849453,
    "mid_total_percent": 41.84242700753508,
    "top_total_percent": 25.618430812103135
  },
  "fingerprint": {
    "mfcc_1": -194.94027709960938,
    "mfcc_2": 117.12332916259766,
    "mfcc_3": -12.987726211547852,
    "mfcc_4": 25.817895889282227,
    "mfcc_5": -9.353388786315918,
    "mfcc_6": 22.02634048461914,
    "mfcc_7": -8.570599555969238,
    "mfcc_8": 3.947866201400757,
    "mfcc_9": -1.1536593437194824,
    "mfcc_10": -7.463495254516602,
    "mfcc_11": -2.614166498184204,
    "mfcc_12": 4.6153693199157715,
    "mfcc_13": -0.18127121031284332,
    "chroma_1": 0.44103366136550903,
    "chroma_2": 0.34953269362449646,
    "chroma_3": 0.6741020083427429,
    "chroma_4": 0.43414583802223206,
    "chroma_5": 0.4937499165534973,
    "chroma_6": 0.4829888343811035,
    "chroma_7": 0.3102259933948517,
    "chroma_8": 0.31864044070243835,
    "chroma_9": 0.26939302682876587,
    "chroma_10": 0.34184157848358154,
    "chroma_11": 0.2619275152683258,
    "chroma_12": 0.3037526309490204,
    "spectral_contrast": 19.790858863882633,
    "spectral_flatness": 0.0009927247883751988,
    "zero_crossing_rate": 0.06463733410873848
  },
  "rhythm": {
    "onset_count": 739,
    "onset_density": 4.874841683084718,
    "drum_activity": "High",
    "estimated_bars": 90,
    "seconds_per_bar": 1.6782043213761277
  },
  "sections": [
    {
      "name": "Section 1",
      "start": 0.0,
      "end": 13.425634571009022,
      "avg_energy": 0.04673740267753601,
      "energy_label": "Low"
    },
    {
      "name": "Section 2",
      "start": 13.425634571009022,
      "end": 26.851269142018044,
      "avg_energy": 0.08801798522472382,
      "energy_label": "Low"
    },
    {
      "name": "Section 3",
      "start": 26.851269142018044,
      "end": 40.27690371302707,
      "avg_energy": 0.3380716145038605,
      "energy_label": "High"
    },
    {
      "name": "Section 4",
      "start": 40.27690371302707,
      "end": 53.70253828403609,
      "avg_energy": 0.32583892345428467,
      "energy_label": "High"
    },
    {
      "name": "Section 5",
      "start": 53.70253828403609,
      "end": 67.12817285504511,
      "avg_energy": 0.3114347755908966,
      "energy_label": "Medium"
    },
    {
      "name": "Section 6",
      "start": 67.12817285504511,
      "end": 80.55380742605414,
      "avg_energy": 0.31276097893714905,
      "energy_label": "Medium"
    },
    {
      "name": "Section 7",
      "start": 80.55380742605414,
      "end": 93.97944199706316,
      "avg_energy": 0.09758705645799637,
      "energy_label": "Low"
    },
    {
      "name": "Section 8",
      "start": 93.97944199706316,
      "end": 107.40507656807219,
      "avg_energy": 0.33674511313438416,
      "energy_label": "High"
    },
    {
      "name": "Section 9",
      "start": 107.40507656807219,
      "end": 120.83071113908122,
      "avg_energy": 0.325158029794693,
      "energy_label": "High"
    },
    {
      "name": "Section 10",
      "start": 120.83071113908122,
      "end": 134.25634571009024,
      "avg_energy": 0.3083029091358185,
      "energy_label": "Medium"
    },
    {
      "name": "Section 11",
      "start": 134.25634571009024,
      "end": 151.59466666666665,
      "avg_energy": 0.2704855501651764,
      "energy_label": "Low"
    }
  ],
  "scores": {
    "mix": 81,
    "master": 81,
    "arrangement": 81,
    "release": 81,
    "energy": 6.866395243980081,
    "bass_strength": 6.507828435698906,
    "darkness": 3.7431733527754547,
    "brightness": 6.256826647224545,
    "drum_bounce": 10,
    "vocal_space": 2.4489906326662663
  },
  "stem_balance": null,
  "top_problems": [
    "Clipping detected: 7712 samples are near/over the limit.",
    "Mud range is elevated around 250-500 Hz.",
    "Drum movement is very active; the beat could become overcrowded."
  ],
  "suggested_fixes": [
    "Lower the master/output, then use a soft clipper or limiter with safer ceiling.",
    "Gently cut 250-500 Hz on melodies, pads, or the master if the mix feels cloudy.",
    "Mute extra percussion in some sections so the hook/drop feels bigger."
  ],
  "artist_notes": [
    "Autotune/key starting point: D Minor. Confidence: 49.7%.",
    "Beat energy: 6.9/10. Darkness: 3.7/10.",
    "Vocal space estimate: 2.4/10. Higher means easier space for vocals."
  ],
  "producer_notes": [
    "Low-end presence looks usable for the selected style.",
    "Selected style preset: rage_trap.",
    "Dominant frequency area: Sub.",
    "Drum activity is high at 4.87 hits/sec.",
    "Estimated length: 90 bars at 143 BPM."
  ],
  "master_notes": [
    "Clipping is the first thing to fix before judging the rest of the mix.",
    "Loudness is in a usable range for the selected style.",
    "Peak: 0.00 dB. RMS: -11.27 dB. Dynamic range: 11.27 dB."
  ],
  "next_steps": [
    "Lower the master/output, then use a soft clipper or limiter with safer ceiling.",
    "Gently cut 250-500 Hz on melodies, pads, or the master if the mix feels cloudy.",
    "Mute extra percussion in some sections so the hook/drop feels bigger.",
    "Fix the top 1-2 issues, export again, then re-run SoundLens."
  ]
}