{
  "basic": {
    "file_name": "Kankan - Kill Em.wav",
    "file_path": "/Users/jayden/SoundLens/tracks/Kankan/Kankan - Kill Em.wav",
    "sample_rate": 48000,
    "duration_seconds": 112.14933333333333,
    "bpm": 140.62,
    "key": "E Minor",
    "key_note": "E",
    "key_mode": "Minor",
    "key_confidence": 46.240633130455834
  },
  "loudness": {
    "peak_db": -0.3001282255634622,
    "rms_db": -12.283384500949492,
    "dynamic_range_db": 11.98325627538603,
    "clipping_detected": false,
    "clipping_samples": 0,
    "clipping_percent": 0.0,
    "headroom_db": 0.3001282255634622
  },
  "frequency": {
    "band_percentages": {
      "Sub": 17.29951050137014,
      "Bass / 808": 14.825342482316085,
      "Mud": 14.12195459259094,
      "Low Mids": 13.451454758498077,
      "Mids / Melody": 14.11754588725526,
      "Harsh Zone": 13.675600870225635,
      "Highs": 13.791324769808558,
      "Air": 12.392867006225075,
      "Vocal Range": 14.792197806063347
    },
    "brightness_centroid_hz": 2714.000156371307,
    "brightness_label": "Medium",
    "spectral_rolloff_hz": 5574.9509629101285,
    "dominant_band": "Sub",
    "low_end_total_percent": 32.124852983686225,
    "mid_total_percent": 41.69095523834428,
    "top_total_percent": 26.184191776033632
  },
  "fingerprint": {
    "mfcc_1": -203.61668395996094,
    "mfcc_2": 132.63851928710938,
    "mfcc_3": -22.83091926574707,
    "mfcc_4": 42.34016799926758,
    "mfcc_5": -3.07572078704834,
    "mfcc_6": 27.663713455200195,
    "mfcc_7": -10.924968719482422,
    "mfcc_8": 13.825409889221191,
    "mfcc_9": 4.105842590332031,
    "mfcc_10": 0.5115708112716675,
    "mfcc_11": -0.5877025127410889,
    "mfcc_12": 3.6636762619018555,
    "mfcc_13": 4.506798267364502,
    "chroma_1": 0.2244771420955658,
    "chroma_2": 0.26170408725738525,
    "chroma_3": 0.2608644366264343,
    "chroma_4": 0.3014112412929535,
    "chroma_5": 0.6931051015853882,
    "chroma_6": 0.3649958670139313,
    "chroma_7": 0.49345141649246216,
    "chroma_8": 0.2822446823120117,
    "chroma_9": 0.20568791031837463,
    "chroma_10": 0.2843213975429535,
    "chroma_11": 0.163936585187912,
    "chroma_12": 0.19977042078971863,
    "spectral_contrast": 20.254298811104878,
    "spectral_flatness": 0.0004183970158919692,
    "zero_crossing_rate": 0.041153588251902046
  },
  "rhythm": {
    "onset_count": 534,
    "onset_density": 4.761508464903938,
    "drum_activity": "High",
    "estimated_bars": 66,
    "seconds_per_bar": 1.7067273503057887
  },
  "sections": [
    {
      "name": "Section 1",
      "start": 0.0,
      "end": 13.65381880244631,
      "avg_energy": 0.22080212831497192,
      "energy_label": "Low"
    },
    {
      "name": "Section 2",
      "start": 13.65381880244631,
      "end": 27.30763760489262,
      "avg_energy": 0.2727009654045105,
      "energy_label": "High"
    },
    {
      "name": "Section 3",
      "start": 27.30763760489262,
      "end": 40.96145640733893,
      "avg_energy": 0.23330868780612946,
      "energy_label": "Medium"
    },
    {
      "name": "Section 4",
      "start": 40.96145640733893,
      "end": 54.61527520978524,
      "avg_energy": 0.2541314959526062,
      "energy_label": "High"
    },
    {
      "name": "Section 5",
      "start": 54.61527520978524,
      "end": 68.26909401223155,
      "avg_energy": 0.2227855920791626,
      "energy_label": "Low"
    },
    {
      "name": "Section 6",
      "start": 68.26909401223155,
      "end": 81.92291281467786,
      "avg_energy": 0.2701469659805298,
      "energy_label": "High"
    },
    {
      "name": "Section 7",
      "start": 81.92291281467786,
      "end": 95.57673161712417,
      "avg_energy": 0.2382071614265442,
      "energy_label": "Medium"
    },
    {
      "name": "Section 8",
      "start": 95.57673161712417,
      "end": 112.14933333333333,
      "avg_energy": 0.2296731173992157,
      "energy_label": "Low"
    }
  ],
  "scores": {
    "mix": 94,
    "master": 94,
    "arrangement": 81,
    "release": 90,
    "energy": 6.358307749525254,
    "bass_strength": 6.424970596737245,
    "darkness": 4.571999687257386,
    "brightness": 5.428000312742614,
    "drum_bounce": 10,
    "vocal_space": 2.4295817688924704
  },
  "stem_balance": null,
  "top_problems": [
    "Mud range is elevated around 250-500 Hz.",
    "Drum movement is very active; the beat could become overcrowded.",
    "Hook/verse contrast looks low, but arrangement detection is still an estimate."
  ],
  "suggested_fixes": [
    "Gently cut 250-500 Hz on melodies, pads, or the master if the mix feels cloudy.",
    "Mute extra percussion in some sections so the hook/drop feels bigger.",
    "Check the waveform/sections by ear. If the hook feels flat, add contrast with melody layers, drum changes, or vocal energy."
  ],
  "artist_notes": [
    "Autotune/key starting point: E Minor. Confidence: 46.2%.",
    "Beat energy: 6.4/10. Darkness: 4.6/10.",
    "Vocal space estimate: 2.4/10. Higher means easier space for vocals."
  ],
  "producer_notes": [
    "Low-end presence looks usable for the selected style.",
    "Selected style preset: rage_trap.",
    "Dominant frequency area: Sub.",
    "Drum activity is high at 4.76 hits/sec.",
    "Estimated length: 66 bars at 141 BPM."
  ],
  "master_notes": [
    "No obvious clipping problem detected.",
    "Loudness is in a usable range for the selected style.",
    "Peak: -0.30 dB. RMS: -12.28 dB. Dynamic range: 11.98 dB."
  ],
  "next_steps": [
    "Gently cut 250-500 Hz on melodies, pads, or the master if the mix feels cloudy.",
    "Mute extra percussion in some sections so the hook/drop feels bigger.",
    "Check the waveform/sections by ear. If the hook feels flat, add contrast with melody layers, drum changes, or vocal energy.",
    "This is close. Only make small changes unless you hear a clear problem."
  ]
}