{
  "basic": {
    "file_name": "Kankan - Under Us.wav",
    "file_path": "/Volumes/POLLY/tracks/Kankan/Kankan - Under Us.wav",
    "sample_rate": 48000,
    "duration_seconds": 144.21914583333333,
    "bpm": 140.0,
    "key": "C Major",
    "key_note": "C",
    "key_mode": "Major",
    "key_confidence": 43.138463925528214
  },
  "loudness": {
    "peak_db": -6.109110007708097e-05,
    "rms_db": -12.111503049579111,
    "dynamic_range_db": 12.111441958479034,
    "clipping_detected": true,
    "clipping_samples": 212,
    "clipping_percent": 0.0030624690231980584,
    "headroom_db": 6.109110007708097e-05
  },
  "frequency": {
    "band_percentages": {
      "Sub": 16.455542786071366,
      "Bass / 808": 14.527306507090042,
      "Mud": 13.700844067565063,
      "Low Mids": 13.75689588177986,
      "Mids / Melody": 13.862365132995496,
      "Harsh Zone": 13.596232552150047,
      "Highs": 14.499431836935294,
      "Air": 13.197613785734832,
      "Vocal Range": 14.546895832951185
    },
    "brightness_centroid_hz": 4154.932224339637,
    "brightness_label": "High",
    "spectral_rolloff_hz": 8492.728325382737,
    "dominant_band": "Sub",
    "low_end_total_percent": 30.982849293161408,
    "mid_total_percent": 41.32010508234042,
    "top_total_percent": 27.697045622670124
  },
  "fingerprint": {
    "mfcc_1": -163.58311462402344,
    "mfcc_2": -62.6911506652832,
    "mfcc_3": 7.6918158531188965,
    "mfcc_4": -3.0869901180267334,
    "mfcc_5": 1.1560834646224976,
    "mfcc_6": -0.2981249988079071,
    "mfcc_7": -2.1348376274108887,
    "mfcc_8": 1.6763945817947388,
    "mfcc_9": -6.61088752746582,
    "mfcc_10": 7.55010986328125,
    "mfcc_11": -5.5356950759887695,
    "mfcc_12": 6.070499897003174,
    "mfcc_13": -3.3364992141723633,
    "chroma_1": 0.4709169268608093,
    "chroma_2": 0.5192622542381287,
    "chroma_3": 0.4868561029434204,
    "chroma_4": 0.36751386523246765,
    "chroma_5": 0.41874170303344727,
    "chroma_6": 0.34122326970100403,
    "chroma_7": 0.7293756604194641,
    "chroma_8": 0.5046094059944153,
    "chroma_9": 0.34856605529785156,
    "chroma_10": 0.37614521384239197,
    "chroma_11": 0.2930714190006256,
    "chroma_12": 0.3681293725967407,
    "spectral_contrast": 22.34702371965443,
    "spectral_flatness": 0.05443042144179344,
    "zero_crossing_rate": 0.17067706695651122,
    "embed_mfcc_1_mean": -163.58311462402344,
    "embed_mfcc_1_std": 74.91118621826172,
    "embed_mfcc_2_mean": -62.6911506652832,
    "embed_mfcc_2_std": 29.10991859436035,
    "embed_mfcc_3_mean": 7.6918158531188965,
    "embed_mfcc_3_std": 30.8216552734375,
    "embed_mfcc_4_mean": -3.0869901180267334,
    "embed_mfcc_4_std": 22.239452362060547,
    "embed_mfcc_5_mean": 1.1560834646224976,
    "embed_mfcc_5_std": 17.157054901123047,
    "embed_mfcc_6_mean": -0.2981249988079071,
    "embed_mfcc_6_std": 15.049846649169922,
    "embed_mfcc_7_mean": -2.1348376274108887,
    "embed_mfcc_7_std": 13.362846374511719,
    "embed_mfcc_8_mean": 1.6763945817947388,
    "embed_mfcc_8_std": 14.286453247070312,
    "embed_mfcc_9_mean": -6.61088752746582,
    "embed_mfcc_9_std": 10.76304817199707,
    "embed_mfcc_10_mean": 7.55010986328125,
    "embed_mfcc_10_std": 11.552718162536621,
    "embed_mfcc_11_mean": -5.5356950759887695,
    "embed_mfcc_11_std": 11.531482696533203,
    "embed_mfcc_12_mean": 6.070499897003174,
    "embed_mfcc_12_std": 8.9784574508667,
    "embed_mfcc_13_mean": -3.3364992141723633,
    "embed_mfcc_13_std": 8.611083030700684,
    "embed_mfcc_14_mean": 4.572055339813232,
    "embed_mfcc_14_std": 9.435256004333496,
    "embed_mfcc_15_mean": 5.328697204589844,
    "embed_mfcc_15_std": 9.586165428161621,
    "embed_mfcc_16_mean": 2.2250919342041016,
    "embed_mfcc_16_std": 8.219694137573242,
    "embed_mfcc_17_mean": -1.4337000846862793,
    "embed_mfcc_17_std": 7.265738010406494,
    "embed_mfcc_18_mean": 5.929477214813232,
    "embed_mfcc_18_std": 8.084343910217285,
    "embed_mfcc_19_mean": -2.912443161010742,
    "embed_mfcc_19_std": 7.664480209350586,
    "embed_mfcc_20_mean": 2.4060826301574707,
    "embed_mfcc_20_std": 6.971181392669678,
    "embed_chroma_1_mean": 0.4709169268608093,
    "embed_chroma_1_std": 0.32625439763069153,
    "embed_chroma_2_mean": 0.5192622542381287,
    "embed_chroma_2_std": 0.3182351291179657,
    "embed_chroma_3_mean": 0.4868561029434204,
    "embed_chroma_3_std": 0.2893971800804138,
    "embed_chroma_4_mean": 0.36751386523246765,
    "embed_chroma_4_std": 0.22885820269584656,
    "embed_chroma_5_mean": 0.41874170303344727,
    "embed_chroma_5_std": 0.27962085604667664,
    "embed_chroma_6_mean": 0.34122326970100403,
    "embed_chroma_6_std": 0.18788281083106995,
    "embed_chroma_7_mean": 0.7293756604194641,
    "embed_chroma_7_std": 0.2746233642101288,
    "embed_chroma_8_mean": 0.5046094059944153,
    "embed_chroma_8_std": 0.26692643761634827,
    "embed_chroma_9_mean": 0.34856605529785156,
    "embed_chroma_9_std": 0.16810636222362518,
    "embed_chroma_10_mean": 0.37614521384239197,
    "embed_chroma_10_std": 0.22087949514389038,
    "embed_chroma_11_mean": 0.2930714190006256,
    "embed_chroma_11_std": 0.1763424575328827,
    "embed_chroma_12_mean": 0.3681293725967407,
    "embed_chroma_12_std": 0.2243996560573578,
    "embed_contrast_1_mean": 21.319194793701172,
    "embed_contrast_1_std": 4.740920543670654,
    "embed_contrast_2_mean": 14.802652359008789,
    "embed_contrast_2_std": 4.28685188293457,
    "embed_contrast_3_mean": 17.68183135986328,
    "embed_contrast_3_std": 4.456796169281006,
    "embed_contrast_4_mean": 17.31313705444336,
    "embed_contrast_4_std": 3.72369384765625,
    "embed_contrast_5_mean": 17.598163604736328,
    "embed_contrast_5_std": 3.034893035888672,
    "embed_contrast_6_mean": 17.621097564697266,
    "embed_contrast_6_std": 2.902639150619507,
    "embed_contrast_7_mean": 50.09308624267578,
    "embed_contrast_7_std": 3.6972358226776123,
    "embed_chroma_entropy": 2.4539453983306885,
    "embed_centroid_mean": 3907.1436127509833,
    "embed_centroid_std": 1062.4693304909813,
    "embed_rolloff_mean": 8026.320215939737,
    "embed_rolloff_std": 1152.0900968872131,
    "embed_flatness_mean": 0.05443042144179344,
    "embed_flatness_std": 0.05962604656815529,
    "embed_zcr_mean": 0.17067706695651122,
    "embed_zcr_std": 0.11682316402208011,
    "embed_rms_mean": 0.2035430371761322,
    "embed_rms_std": 0.1293962150812149,
    "embed_onset_mean": 1.630408525466919,
    "embed_onset_std": 1.492431402206421,
    "fingerprint_version": 2.0,
    "fingerprint_duration_seconds": 144.2191836734694,
    "embed_mfcc_delta_mean": 0.00017253245459869504,
    "embed_mfcc_delta_std": 3.2670652866363525,
    "embed_chroma_delta_mean": 6.321324326563627e-05,
    "embed_chroma_delta_std": 0.031217409297823906,
    "embed_onset_peak": 19.04276466369629,
    "embed_onset_p95": 4.490543365478516,
    "embed_rms_p10": 0.03470654413104057,
    "embed_rms_p50": 0.1932998150587082,
    "embed_rms_p90": 0.39169877767562866,
    "embedding_nonzero_count": 100.0
  },
  "rhythm": {
    "onset_count": 635,
    "onset_density": 4.403021501277209,
    "drum_activity": "High",
    "estimated_bars": 84,
    "seconds_per_bar": 1.7142857142857142
  },
  "sections": [
    {
      "name": "Intro",
      "start": 0.0,
      "end": 16.0,
      "avg_energy": 0.08642121404409409,
      "energy_label": "Low"
    },
    {
      "name": "Chorus / Hook",
      "start": 16.0,
      "end": 32.0,
      "avg_energy": 0.30448898673057556,
      "energy_label": "High"
    },
    {
      "name": "Verse",
      "start": 32.0,
      "end": 48.0,
      "avg_energy": 0.3233066499233246,
      "energy_label": "High"
    },
    {
      "name": "Chorus / Hook",
      "start": 48.0,
      "end": 64.0,
      "avg_energy": 0.2972717583179474,
      "energy_label": "High"
    },
    {
      "name": "Verse",
      "start": 64.0,
      "end": 80.0,
      "avg_energy": 0.26081573963165283,