{
  "basic": {
    "file_name": "Kankan - Wokeup.wav",
    "file_path": "/Users/jayden/SoundLens/tracks/Kankan/Kankan - Wokeup.wav",
    "sample_rate": 48000,
    "duration_seconds": 128.13933333333333,
    "bpm": 140.62,
    "key": "D# Minor",
    "key_note": "D#",
    "key_mode": "Minor",
    "key_confidence": 45.876215131242105
  },
  "loudness": {
    "peak_db": -3.2171347145471985,
    "rms_db": -15.318019299709416,
    "dynamic_range_db": 12.100884585162218,
    "clipping_detected": false,
    "clipping_samples": 0,
    "clipping_percent": 0.0,
    "headroom_db": 3.2171347145471985
  },
  "frequency": {
    "band_percentages": {
      "Sub": 16.88394544247289,
      "Bass / 808": 15.241616255304407,
      "Mud": 14.81454715825867,
      "Low Mids": 14.037782813117152,
      "Mids / Melody": 14.57481376633855,
      "Harsh Zone": 12.993197059271683,
      "Highs": 13.024794208610313,
      "Air": 11.422500353937666,
      "Vocal Range": 15.361112781714201
    },
    "brightness_centroid_hz": 1997.6478051401616,
    "brightness_label": "Medium",
    "spectral_rolloff_hz": 4167.452425295489,
    "dominant_band": "Sub",
    "low_end_total_percent": 32.1255616977773,
    "mid_total_percent": 43.427143737714374,
    "top_total_percent": 24.44729456254798
  },
  "fingerprint": {
    "mfcc_1": -268.4466552734375,
    "mfcc_2": 135.99566650390625,
    "mfcc_3": 12.684107780456543,
    "mfcc_4": 47.95391845703125,
    "mfcc_5": -7.433128833770752,
    "mfcc_6": 27.620630264282227,
    "mfcc_7": -1.9634778499603271,
    "mfcc_8": 5.506439685821533,
    "mfcc_9": 3.022498846054077,
    "mfcc_10": -0.771990954875946,
    "mfcc_11": -2.346360921859741,
    "mfcc_12": 2.1252448558807373,
    "mfcc_13": -1.404046654701233,
    "chroma_1": 0.3764002323150635,
    "chroma_2": 0.5829009413719177,
    "chroma_3": 0.3953492343425751,
    "chroma_4": 0.5977388620376587,
    "chroma_5": 0.26223018765449524,
    "chroma_6": 0.38555383682250977,
    "chroma_7": 0.5085311532020569,
    "chroma_8": 0.1789635270833969,
    "chroma_9": 0.1679435670375824,
    "chroma_10": 0.16200697422027588,
    "chroma_11": 0.3120613694190979,
    "chroma_12": 0.17602872848510742,
    "spectral_contrast": 18.963727045404248,
    "spectral_flatness": 0.00036545455805025995,
    "zero_crossing_rate": 0.025527184430664224
  },
  "rhythm": {
    "onset_count": 734,
    "onset_density": 5.728139681284436,
    "drum_activity": "High",
    "estimated_bars": 75,
    "seconds_per_bar": 1.7067273503057887
  },
  "sections": [
    {
      "name": "Section 1",
      "start": 0.0,
      "end": 13.65381880244631,
      "avg_energy": 0.1607859581708908,
      "energy_label": "Low"
    },
    {
      "name": "Section 2",
      "start": 13.65381880244631,
      "end": 27.30763760489262,
      "avg_energy": 0.17648892104625702,
      "energy_label": "Medium"
    },
    {
      "name": "Section 3",
      "start": 27.30763760489262,
      "end": 40.96145640733893,
      "avg_energy": 0.17697066068649292,
      "energy_label": "Medium"
    },
    {
      "name": "Section 4",
      "start": 40.96145640733893,
      "end": 54.61527520978524,
      "avg_energy": 0.19505524635314941,
      "energy_label": "High"
    },
    {
      "name": "Section 5",
      "start": 54.61527520978524,
      "end": 68.26909401223155,
      "avg_energy": 0.18264111876487732,
      "energy_label": "Medium"
    },
    {
      "name": "Section 6",
      "start": 68.26909401223155,
      "end": 81.92291281467786,
      "avg_energy": 0.19441437721252441,
      "energy_label": "High"
    },
    {
      "name": "Section 7",
      "start": 81.92291281467786,
      "end": 95.57673161712417,
      "avg_energy": 0.20090335607528687,
      "energy_label": "High"
    },
    {
      "name": "Section 8",
      "start": 95.57673161712417,
      "end": 109.23055041957048,
      "avg_energy": 0.17603717744350433,
      "energy_label": "Low"
    },
    {
      "name": "Section 9",
      "start": 109.23055041957048,
      "end": 128.13933333333333,
      "avg_energy": 0.07083537429571152,
      "energy_label": "Low"
    }
  ],
  "scores": {
    "mix": 94,
    "master": 94,
    "arrangement": 81,
    "release": 90,
    "energy": 4.840990350145292,
    "bass_strength": 6.42511233955546,
    "darkness": 6.004704389719677,
    "brightness": 3.995295610280323,
    "drum_bounce": 10,
    "vocal_space": 2.068783591965511
  },
  "stem_balance": null,
  "top_problems": [
    "Mud range is elevated around 250-500 Hz.",
    "Drum movement is very active; the beat could become overcrowded.",
    "Hook/verse contrast looks low, but arrangement detection is still an estimate."
  ],
  "suggested_fixes": [
    "Gently cut 250-500 Hz on melodies, pads, or the master if the mix feels cloudy.",
    "Mute extra percussion in some sections so the hook/drop feels bigger.",
    "Check the waveform/sections by ear. If the hook feels flat, add contrast with melody layers, drum changes, or vocal energy."
  ],
  "artist_notes": [
    "Autotune/key starting point: D# Minor. Confidence: 45.9%.",
    "Beat energy: 4.8/10. Darkness: 6.0/10.",
    "Vocal space estimate: 2.1/10. Higher means easier space for vocals."
  ],
  "producer_notes": [
    "Low-end presence looks usable for the selected style.",
    "Selected style preset: rage_trap.",
    "Dominant frequency area: Sub.",
    "Drum activity is high at 5.73 hits/sec.",
    "Estimated length: 75 bars at 141 BPM."
  ],
  "master_notes": [
    "No obvious clipping problem detected.",
    "Loudness is in a usable range for the selected style.",
    "Peak: -3.22 dB. RMS: -15.32 dB. Dynamic range: 12.10 dB."
  ],
  "next_steps": [
    "Gently cut 250-500 Hz on melodies, pads, or the master if the mix feels cloudy.",
    "Mute extra percussion in some sections so the hook/drop feels bigger.",
    "Check the waveform/sections by ear. If the hook feels flat, add contrast with melody layers, drum changes, or vocal energy.",
    "This is close. Only make small changes unless you hear a clear problem."
  ]
}