{
  "basic": {
    "file_name": "Kankan - Take It To Trial.wav",
    "file_path": "/Volumes/POLLY/tracks/Kankan/Kankan - Take It To Trial.wav",
    "sample_rate": 48000,
    "duration_seconds": 124.24533333333333,
    "bpm": 140.0,
    "key": "G# Minor",
    "key_note": "G#",
    "key_mode": "Minor",
    "key_confidence": 42.06933784833369
  },
  "loudness": {
    "peak_db": -1.0372640851869128,
    "rms_db": -17.681250073217313,
    "dynamic_range_db": 16.6439859880304,
    "clipping_detected": false,
    "clipping_samples": 0,
    "clipping_percent": 0.0,
    "headroom_db": 1.0372640851869128
  },
  "frequency": {
    "band_percentages": {
      "Sub": 16.07096299797765,
      "Bass / 808": 14.888997690324496,
      "Mud": 14.2574135075764,
      "Low Mids": 14.369122438652807,
      "Mids / Melody": 14.321931463019725,
      "Harsh Zone": 13.55655758075931,
      "Highs": 13.891346739050043,
      "Air": 12.200225161453636,
      "Vocal Range": 15.169096481559997
    },
    "brightness_centroid_hz": 2569.7161435404837,
    "brightness_label": "Medium",
    "spectral_rolloff_hz": 5563.443616404842,
    "dominant_band": "Sub",
    "low_end_total_percent": 30.959960688302147,
    "mid_total_percent": 42.948467409248934,
    "top_total_percent": 26.09157190050368
  },
  "fingerprint": {
    "mfcc_1": -186.40902709960938,
    "mfcc_2": -10.582969665527344,
    "mfcc_3": 5.890987873077393,
    "mfcc_4": -3.260662794113159,
    "mfcc_5": 7.783951282501221,
    "mfcc_6": -2.185136556625366,
    "mfcc_7": -4.207209587097168,
    "mfcc_8": 2.3914620876312256,
    "mfcc_9": -10.956583023071289,
    "mfcc_10": 9.46428394317627,
    "mfcc_11": -10.106647491455078,
    "mfcc_12": 5.215994834899902,
    "mfcc_13": -3.418672561645508,
    "chroma_1": 0.19630400836467743,
    "chroma_2": 0.2920595407485962,
    "chroma_3": 0.26364314556121826,
    "chroma_4": 0.3923434913158417,
    "chroma_5": 0.20487159490585327,
    "chroma_6": 0.39866986870765686,
    "chroma_7": 0.23562443256378174,
    "chroma_8": 0.269425630569458,
    "chroma_9": 0.508143961429596,
    "chroma_10": 0.19439950585365295,
    "chroma_11": 0.3378269672393799,
    "chroma_12": 0.17789816856384277,
    "spectral_contrast": 23.240379095510637,
    "spectral_flatness": 0.022829828783869743,
    "zero_crossing_rate": 0.08318080843048568,
    "embed_mfcc_1_mean": -186.40902709960938,
    "embed_mfcc_1_std": 72.29341125488281,
    "embed_mfcc_2_mean": -10.582969665527344,
    "embed_mfcc_2_std": 38.29901885986328,
    "embed_mfcc_3_mean": 5.890987873077393,
    "embed_mfcc_3_std": 25.21678924560547,
    "embed_mfcc_4_mean": -3.260662794113159,
    "embed_mfcc_4_std": 18.947038650512695,
    "embed_mfcc_5_mean": 7.783951282501221,
    "embed_mfcc_5_std": 13.147492408752441,
    "embed_mfcc_6_mean": -2.185136556625366,
    "embed_mfcc_6_std": 14.290936470031738,
    "embed_mfcc_7_mean": -4.207209587097168,
    "embed_mfcc_7_std": 12.774548530578613,
    "embed_mfcc_8_mean": 2.3914620876312256,
    "embed_mfcc_8_std": 12.327727317810059,
    "embed_mfcc_9_mean": -10.956583023071289,
    "embed_mfcc_9_std": 10.41695785522461,
    "embed_mfcc_10_mean": 9.46428394317627,
    "embed_mfcc_10_std": 10.713913917541504,
    "embed_mfcc_11_mean": -10.106647491455078,
    "embed_mfcc_11_std": 10.055879592895508,
    "embed_mfcc_12_mean": 5.215994834899902,
    "embed_mfcc_12_std": 8.152299880981445,
    "embed_mfcc_13_mean": -3.418672561645508,
    "embed_mfcc_13_std": 9.076027870178223,
    "embed_mfcc_14_mean": -2.73567795753479,
    "embed_mfcc_14_std": 9.007176399230957,
    "embed_mfcc_15_mean": 2.636000633239746,
    "embed_mfcc_15_std": 9.971962928771973,
    "embed_mfcc_16_mean": 1.4665675163269043,
    "embed_mfcc_16_std": 7.244845390319824,
    "embed_mfcc_17_mean": -1.66400945186615,
    "embed_mfcc_17_std": 8.131365776062012,
    "embed_mfcc_18_mean": 8.042901992797852,
    "embed_mfcc_18_std": 7.670947551727295,
    "embed_mfcc_19_mean": -2.465587615966797,
    "embed_mfcc_19_std": 7.188424587249756,
    "embed_mfcc_20_mean": -0.9004896283149719,
    "embed_mfcc_20_std": 7.645256042480469,
    "embed_chroma_1_mean": 0.19630400836467743,
    "embed_chroma_1_std": 0.11429212987422943,
    "embed_chroma_2_mean": 0.2920595407485962,
    "embed_chroma_2_std": 0.2572653591632843,
    "embed_chroma_3_mean": 0.26364314556121826,
    "embed_chroma_3_std": 0.23561429977416992,
    "embed_chroma_4_mean": 0.3923434913158417,
    "embed_chroma_4_std": 0.3154297173023224,
    "embed_chroma_5_mean": 0.20487159490585327,
    "embed_chroma_5_std": 0.1559009999036789,
    "embed_chroma_6_mean": 0.39866986870765686,
    "embed_chroma_6_std": 0.3211653232574463,
    "embed_chroma_7_mean": 0.23562443256378174,
    "embed_chroma_7_std": 0.18364576995372772,
    "embed_chroma_8_mean": 0.269425630569458,
    "embed_chroma_8_std": 0.30303624272346497,
    "embed_chroma_9_mean": 0.508143961429596,
    "embed_chroma_9_std": 0.367288202047348,
    "embed_chroma_10_mean": 0.19439950585365295,
    "embed_chroma_10_std": 0.15146955847740173,
    "embed_chroma_11_mean": 0.3378269672393799,
    "embed_chroma_11_std": 0.3067289888858795,
    "embed_chroma_12_mean": 0.17789816856384277,
    "embed_chroma_12_std": 0.1397877037525177,
    "embed_contrast_1_mean": 22.794090270996094,
    "embed_contrast_1_std": 4.585913181304932,
    "embed_contrast_2_mean": 14.737364768981934,
    "embed_contrast_2_std": 3.616804599761963,
    "embed_contrast_3_mean": 18.779682159423828,
    "embed_contrast_3_std": 4.07188606262207,
    "embed_contrast_4_mean": 18.166296005249023,
    "embed_contrast_4_std": 3.6606693267822266,
    "embed_contrast_5_mean": 18.825014114379883,
    "embed_contrast_5_std": 3.4984610080718994,
    "embed_contrast_6_mean": 19.20537757873535,
    "embed_contrast_6_std": 3.719202995300293,
    "embed_contrast_7_mean": 50.17483139038086,
    "embed_contrast_7_std": 3.5325911045074463,
    "embed_chroma_entropy": 2.4311680793762207,
    "embed_centroid_mean": 2711.0555470229247,
    "embed_centroid_std": 1178.5332927048985,
    "embed_rolloff_mean": 6044.592615842081,
    "embed_rolloff_std": 2287.6610338185087,
    "embed_flatness_mean": 0.022829828783869743,
    "embed_flatness_std": 0.03132140636444092,
    "embed_zcr_mean": 0.08318080843048568,
    "embed_zcr_std": 0.06726614998565648,
    "embed_rms_mean": 0.14742568135261536,
    "embed_rms_std": 0.052520301192998886,
    "embed_onset_mean": 1.7818423509597778,
    "embed_onset_std": 1.984532356262207,
    "fingerprint_version": 2.0,
    "fingerprint_duration_seconds": 124.24535147392291,
    "embed_mfcc_delta_mean": 0.0031756311655044556,
    "embed_mfcc_delta_std": 3.5677571296691895,
    "embed_chroma_delta_mean": -4.091630762559362e-05,
    "embed_chroma_delta_std": 0.02341798134148121,
    "embed_onset_peak": 21.188138961791992,
    "embed_onset_p95": 5.706657886505127,
    "embed_rms_p10": 0.05718827247619629,
    "embed_rms_p50": 0.16079799830913544,
    "embed_rms_p90": 0.20606443285942078,
    "embedding_nonzero_count": 100.0
  },
  "rhythm": {
    "onset_count": 617,
    "onset_density": 4.96598128434066,
    "drum_activity": "High",
    "estimated_bars": 72,
    "seconds_per_bar": 1.7142857142857142
  },
  "sections": [
    {
      "name": "Intro",
      "start": 0.0,
      "end": 16.0,
      "avg_energy": 0.02337881550192833,
      "energy_label": "Low"
    },
    {
      "name": "Chorus / Hook",
      "start": 16.0,
      "end": 32.0,
      "avg_energy": 0.14744649827480316,
      "energy_label": "High"
    },
    {
      "name": "Verse",
      "start": 32.0,
      "end": 48.0,
      "avg_energy": 0.13732323050498962,
      "energy_label": "Medium"
    },
    {
      "name": "Chorus / Hook",
      "start": 48.0,
      "end": 64.0,
      "avg_energy": 0.16102489829063416,
      "energy_label": "High"
    },
    {
      "name": "Verse",
      "start": 64.0,
      "end": 80.0,
      "avg_energy": 0.14853651821613312,