{
  "basic": {
    "file_name": "Kankan - Changed On Me.wav",
    "file_path": "/Users/jayden/SoundLens/tracks/Kankan/Kankan - Changed On Me.wav",
    "sample_rate": 48000,
    "duration_seconds": 113.792,
    "bpm": 133.93,
    "key": "F Minor",
    "key_note": "F",
    "key_mode": "Minor",
    "key_confidence": 49.304505400560984
  },
  "loudness": {
    "peak_db": -1.708475589482253e-05,
    "rms_db": -9.546493509256583,
    "dynamic_range_db": 9.546476424500689,
    "clipping_detected": true,
    "clipping_samples": 13,
    "clipping_percent": 0.0002380073584551931,
    "headroom_db": 1.708475589482253e-05
  },
  "frequency": {
    "band_percentages": {
      "Sub": 17.217681283993404,
      "Bass / 808": 15.424476796571843,
      "Mud": 13.850782463705634,
      "Low Mids": 14.062138863415067,
      "Mids / Melody": 14.124203852108671,
      "Harsh Zone": 13.211111018777949,
      "Highs": 13.294420423711967,
      "Air": 12.02629631462051,
      "Vocal Range": 14.848343910490641
    },
    "brightness_centroid_hz": 2662.3798822694266,
    "brightness_label": "Medium",
    "spectral_rolloff_hz": 5591.406762583185,
    "dominant_band": "Sub",
    "low_end_total_percent": 32.642158080565245,
    "mid_total_percent": 42.03712517922937,
    "top_total_percent": 25.32071673833248
  },
  "fingerprint": {
    "mfcc_1": -171.9042510986328,
    "mfcc_2": 137.49996948242188,
    "mfcc_3": -23.378793716430664,
    "mfcc_4": 30.72682762145996,
    "mfcc_5": -10.032668113708496,
    "mfcc_6": 35.65813064575195,
    "mfcc_7": -2.6785542964935303,
    "mfcc_8": 6.108013153076172,
    "mfcc_9": 1.0345183610916138,
    "mfcc_10": 3.9974961280822754,
    "mfcc_11": -2.1639082431793213,
    "mfcc_12": 6.301529407501221,
    "mfcc_13": 5.917238712310791,
    "chroma_1": 0.26271235942840576,
    "chroma_2": 0.2562340795993805,
    "chroma_3": 0.24042925238609314,
    "chroma_4": 0.43825477361679077,
    "chroma_5": 0.35713323950767517,
    "chroma_6": 0.7182508707046509,
    "chroma_7": 0.48709914088249207,
    "chroma_8": 0.2833825647830963,
    "chroma_9": 0.30087539553642273,
    "chroma_10": 0.2168962061405182,
    "chroma_11": 0.18443147838115692,
    "chroma_12": 0.13670320808887482,
    "spectral_contrast": 20.393583460761764,
    "spectral_flatness": 0.00038482918171212077,
    "zero_crossing_rate": 0.04668662567953885
  },
  "rhythm": {
    "onset_count": 557,
    "onset_density": 4.894895950506187,
    "drum_activity": "High",
    "estimated_bars": 64,
    "seconds_per_bar": 1.7919808855372208
  },
  "sections": [
    {
      "name": "Section 1",
      "start": 0.0,
      "end": 14.335847084297766,
      "avg_energy": 0.29662585258483887,
      "energy_label": "Low"
    },
    {
      "name": "Section 2",
      "start": 14.335847084297766,
      "end": 28.671694168595533,
      "avg_energy": 0.35878172516822815,
      "energy_label": "High"
    },
    {
      "name": "Section 3",
      "start": 28.671694168595533,
      "end": 43.0075412528933,
      "avg_energy": 0.35584697127342224,
      "energy_label": "High"
    },
    {
      "name": "Section 4",
      "start": 43.0075412528933,
      "end": 57.343388337191065,
      "avg_energy": 0.31731802225112915,
      "energy_label": "Medium"
    },
    {
      "name": "Section 5",
      "start": 57.343388337191065,
      "end": 71.67923542148883,
      "avg_energy": 0.31441518664360046,
      "energy_label": "Low"
    },
    {
      "name": "Section 6",
      "start": 71.67923542148883,
      "end": 86.0150825057866,
      "avg_energy": 0.3570774495601654,
      "energy_label": "High"
    },
    {
      "name": "Section 7",
      "start": 86.0150825057866,
      "end": 100.35092959008436,
      "avg_energy": 0.34804704785346985,
      "energy_label": "Medium"
    },
    {
      "name": "Section 8",
      "start": 100.35092959008436,
      "end": 113.792,
      "avg_energy": 0.3091370761394501,
      "energy_label": "Low"
    }
  ],
  "scores": {
    "mix": 86,
    "master": 86,
    "arrangement": 81,
    "release": 84,
    "energy": 7.726753245371708,
    "bass_strength": 6.528431616113049,
    "darkness": 4.675240235461147,
    "brightness": 5.324759764538853,
    "drum_bounce": 10,
    "vocal_space": 2.450810034029879
  },
  "stem_balance": null,
  "top_problems": [
    "Clipping detected: 13 samples are near/over the limit.",
    "Mud range is elevated around 250-500 Hz.",
    "Drum movement is very active; the beat could become overcrowded.",
    "Hook/verse contrast looks low, but arrangement detection is still an estimate."
  ],
  "suggested_fixes": [
    "Lower the master/output, then use a soft clipper or limiter with safer ceiling.",
    "Gently cut 250-500 Hz on melodies, pads, or the master if the mix feels cloudy.",
    "Mute extra percussion in some sections so the hook/drop feels bigger.",
    "Check the waveform/sections by ear. If the hook feels flat, add contrast with melody layers, drum changes, or vocal energy."
  ],
  "artist_notes": [
    "Autotune/key starting point: F Minor. Confidence: 49.3%.",
    "Beat energy: 7.7/10. Darkness: 4.7/10.",
    "Vocal space estimate: 2.5/10. Higher means easier space for vocals."
  ],
  "producer_notes": [
    "Low-end presence looks usable for the selected style.",
    "Selected style preset: rage_trap.",
    "Dominant frequency area: Sub.",
    "Drum activity is high at 4.89 hits/sec.",
    "Estimated length: 64 bars at 134 BPM."
  ],
  "master_notes": [
    "Clipping is the first thing to fix before judging the rest of the mix.",
    "Loudness is in a usable range for the selected style.",
    "Peak: -0.00 dB. RMS: -9.55 dB. Dynamic range: 9.55 dB."
  ],
  "next_steps": [
    "Lower the master/output, then use a soft clipper or limiter with safer ceiling.",
    "Gently cut 250-500 Hz on melodies, pads, or the master if the mix feels cloudy.",
    "Mute extra percussion in some sections so the hook/drop feels bigger.",
    "Fix the top 1-2 issues, export again, then re-run SoundLens."
  ]
}