{
  "basic": {
    "file_name": "Kankan - What Mama Told Me.wav",
    "file_path": "/Users/jayden/SoundLens/tracks/Kankan/Kankan - What Mama Told Me.wav",
    "sample_rate": 48000,
    "duration_seconds": 148.928,
    "bpm": 140.62,
    "key": "D Major",
    "key_note": "D",
    "key_mode": "Major",
    "key_confidence": 47.05082527990606
  },
  "loudness": {
    "peak_db": -0.03402376408371001,
    "rms_db": -19.549880145942538,
    "dynamic_range_db": 19.51585638185883,
    "clipping_detected": true,
    "clipping_samples": 14,
    "clipping_percent": 0.00019584407677983098,
    "headroom_db": 0.03402376408371001
  },
  "frequency": {
    "band_percentages": {
      "Sub": 16.718494556706652,
      "Bass / 808": 13.728963560988719,
      "Mud": 14.79978990671408,
      "Low Mids": 15.078167756953748,
      "Mids / Melody": 14.477852323348039,
      "Harsh Zone": 13.267523561753555,
      "Highs": 13.038769168485292,
      "Air": 12.157962724774347,
      "Vocal Range": 15.738752754674113
    },
    "brightness_centroid_hz": 2086.2827038900473,
    "brightness_label": "Medium",
    "spectral_rolloff_hz": 4538.055933538638,
    "dominant_band": "Sub",
    "low_end_total_percent": 30.44745811769537,
    "mid_total_percent": 44.35580998701587,
    "top_total_percent": 25.19673189325964
  },
  "fingerprint": {
    "mfcc_1": -309.7943115234375,
    "mfcc_2": 153.927490234375,
    "mfcc_3": 18.028108596801758,
    "mfcc_4": 34.2117919921875,
    "mfcc_5": -12.240287780761719,
    "mfcc_6": 17.400291442871094,
    "mfcc_7": -16.718597412109375,
    "mfcc_8": 4.935434341430664,
    "mfcc_9": -3.6893038749694824,
    "mfcc_10": -4.871943473815918,
    "mfcc_11": -1.3853579759597778,
    "mfcc_12": -1.1377636194229126,
    "mfcc_13": 2.387894868850708,
    "chroma_1": 0.2529391646385193,
    "chroma_2": 0.3999688923358917,
    "chroma_3": 0.4830248951911926,
    "chroma_4": 0.22199982404708862,
    "chroma_5": 0.40585070848464966,
    "chroma_6": 0.20016838610172272,
    "chroma_7": 0.45516061782836914,
    "chroma_8": 0.326704204082489,
    "chroma_9": 0.20824448764324188,
    "chroma_10": 0.4182736575603485,
    "chroma_11": 0.24029093980789185,
    "chroma_12": 0.31562894582748413,
    "spectral_contrast": 20.299915650733134,
    "spectral_flatness": 0.00022706945310346782,
    "zero_crossing_rate": 0.036804194847543506
  },
  "rhythm": {
    "onset_count": 570,
    "onset_density": 3.8273528147829823,
    "drum_activity": "High",
    "estimated_bars": 87,
    "seconds_per_bar": 1.7067273503057887
  },
  "sections": [
    {
      "name": "Section 1",
      "start": 0.0,
      "end": 13.65381880244631,
      "avg_energy": 0.11929600685834885,
      "energy_label": "High"
    },
    {
      "name": "Section 2",
      "start": 13.65381880244631,
      "end": 27.30763760489262,
      "avg_energy": 0.12530335783958435,
      "energy_label": "High"
    },
    {
      "name": "Section 3",
      "start": 27.30763760489262,
      "end": 40.96145640733893,
      "avg_energy": 0.10914873331785202,
      "energy_label": "Medium"
    },
    {
      "name": "Section 4",
      "start": 40.96145640733893,
      "end": 54.61527520978524,
      "avg_energy": 0.11524593085050583,
      "energy_label": "Medium"
    },
    {
      "name": "Section 5",
      "start": 54.61527520978524,
      "end": 68.26909401223155,
      "avg_energy": 0.13203497231006622,
      "energy_label": "High"
    },
    {
      "name": "Section 6",
      "start": 68.26909401223155,
      "end": 81.92291281467786,
      "avg_energy": 0.1109660416841507,
      "energy_label": "Medium"
    },
    {
      "name": "Section 7",
      "start": 81.92291281467786,
      "end": 95.57673161712417,
      "avg_energy": 0.12065672129392624,
      "energy_label": "High"
    },
    {
      "name": "Section 8",
      "start": 95.57673161712417,
      "end": 109.23055041957048,
      "avg_energy": 0.1080036386847496,
      "energy_label": "Low"
    },
    {
      "name": "Section 9",
      "start": 109.23055041957048,
      "end": 122.88436922201679,
      "avg_energy": 0.024811867624521255,
      "energy_label": "Low"
    },
    {
      "name": "Section 10",
      "start": 122.88436922201679,
      "end": 136.5381880244631,
      "avg_energy": 0.04967024549841881,
      "energy_label": "Low"
    },
    {
      "name": "Section 11",
      "start": 136.5381880244631,
      "end": 148.928,
      "avg_energy": 0.08660394698381424,
      "energy_label": "Low"
    }
  ],
  "scores": {
    "mix": 70,
    "master": 70,
    "arrangement": 81,
    "release": 73,
    "energy": 2.725059927028731,
    "bass_strength": 6.0894916235390735,
    "darkness": 5.827434592219905,
    "brightness": 4.172565407780095,
    "drum_bounce": 9.568382036957455,
    "vocal_space": 1.926060072035261
  },
  "stem_balance": null,
  "top_problems": [
    "Clipping detected: 14 samples are near/over the limit.",
    "Mud range is elevated around 250-500 Hz.",
    "Track is quiet for the selected style.",
    "Dynamic range is wide, so some sections may feel uneven.",
    "Drum movement is very active; the beat could become overcrowded."
  ],
  "suggested_fixes": [
    "Lower the master/output, then use a soft clipper or limiter with safer ceiling.",
    "Add controlled loudness with gain staging, saturation, soft clipping, then limiting.",
    "Use automation or compression to make sections feel more controlled.",
    "Gently cut 250-500 Hz on melodies, pads, or the master if the mix feels cloudy.",
    "Mute extra percussion in some sections so the hook/drop feels bigger.",
    "Check the waveform/sections by ear. If the hook feels flat, add contrast with melody layers, drum changes, or vocal energy."
  ],
  "artist_notes": [
    "Autotune/key starting point: D Major. Confidence: 47.1%.",
    "Beat energy: 2.7/10. Darkness: 5.8/10.",
    "Vocal space estimate: 1.9/10. Higher means easier space for vocals."
  ],
  "producer_notes": [
    "Low-end presence looks usable for the selected style.",
    "Selected style preset: rage_trap.",
    "Dominant frequency area: Sub.",
    "Drum activity is high at 3.83 hits/sec.",
    "Estimated length: 87 bars at 141 BPM."
  ],
  "master_notes": [
    "Clipping is the first thing to fix before judging the rest of the mix.",
    "Peak: -0.03 dB. RMS: -19.55 dB. Dynamic range: 19.52 dB."
  ],
  "next_steps": [
    "Lower the master/output, then use a soft clipper or limiter with safer ceiling.",
    "Add controlled loudness with gain staging, saturation, soft clipping, then limiting.",
    "Use automation or compression to make sections feel more controlled.",
    "Fix the top 1-2 issues, export again, then re-run SoundLens."
  ]
}