{
  "basic": {
    "file_name": "Jaydes - babies.wav",
    "file_path": "/Users/jayden/SoundLens/tracks/Jaydes/Jaydes - babies.wav",
    "sample_rate": 48000,
    "duration_seconds": 156.238375,
    "bpm": 140.62,
    "key": "D Minor",
    "key_note": "D",
    "key_mode": "Minor",
    "key_confidence": 45.40515549975256
  },
  "loudness": {
    "peak_db": 0.00042866105771658736,
    "rms_db": -10.78744312054422,
    "dynamic_range_db": 10.787871781601936,
    "clipping_detected": true,
    "clipping_samples": 6661,
    "clipping_percent": 0.08881994153698368,
    "headroom_db": -0.00042866105771658736
  },
  "frequency": {
    "band_percentages": {
      "Sub": 14.985205979816948,
      "Bass / 808": 16.207581700125186,
      "Mud": 15.690186532866516,
      "Low Mids": 15.458575475329662,
      "Mids / Melody": 14.750861936048185,
      "Harsh Zone": 13.793676806583116,
      "Highs": 12.51921760816393,
      "Air": 10.388370765833523,
      "Vocal Range": 16.137137161470775
    },
    "brightness_centroid_hz": 1801.9455167751446,
    "brightness_label": "Medium",
    "spectral_rolloff_hz": 3592.0048812124523,
    "dominant_band": "Bass / 808",
    "low_end_total_percent": 31.192787679942136,
    "mid_total_percent": 45.89962394424437,
    "top_total_percent": 22.907588373997452
  },
  "fingerprint": {
    "mfcc_1": -168.77003479003906,
    "mfcc_2": 166.3468780517578,
    "mfcc_3": -8.324780464172363,
    "mfcc_4": 26.899898529052734,
    "mfcc_5": -0.31904512643814087,
    "mfcc_6": 24.155508041381836,
    "mfcc_7": 1.3625394105911255,
    "mfcc_8": -6.365999221801758,
    "mfcc_9": 1.9945532083511353,
    "mfcc_10": -3.163635730743408,
    "mfcc_11": 1.2182741165161133,
    "mfcc_12": -4.541072845458984,
    "mfcc_13": -1.0322493314743042,
    "chroma_1": 0.3560832142829895,
    "chroma_2": 0.32115527987480164,
    "chroma_3": 0.7327976226806641,
    "chroma_4": 0.309743732213974,
    "chroma_5": 0.26209932565689087,
    "chroma_6": 0.3313139081001282,
    "chroma_7": 0.24804198741912842,
    "chroma_8": 0.3992826044559479,
    "chroma_9": 0.32415714859962463,
    "chroma_10": 0.4202609956264496,
    "chroma_11": 0.20768120884895325,
    "chroma_12": 0.19558311998844147,
    "spectral_contrast": 19.01911720293833,
    "spectral_flatness": 0.000485558615764603,
    "zero_crossing_rate": 0.028749925331103224
  },
  "rhythm": {
    "onset_count": 389,
    "onset_density": 2.489785240021858,
    "drum_activity": "Medium",
    "estimated_bars": 92,
    "seconds_per_bar": 1.7067273503057887
  },
  "sections": [
    {
      "name": "Section 1",
      "start": 0.0,
      "end": 13.65381880244631,
      "avg_energy": 0.06896547973155975,
      "energy_label": "Low"
    },
    {
      "name": "Section 2",
      "start": 13.65381880244631,
      "end": 27.30763760489262,
      "avg_energy": 0.23922085762023926,
      "energy_label": "Medium"
    },
    {
      "name": "Section 3",
      "start": 27.30763760489262,
      "end": 40.96145640733893,
      "avg_energy": 0.3447988033294678,
      "energy_label": "High"
    },
    {
      "name": "Section 4",
      "start": 40.96145640733893,
      "end": 54.61527520978524,
      "avg_energy": 0.3510492444038391,
      "energy_label": "High"
    },
    {
      "name": "Section 5",
      "start": 54.61527520978524,
      "end": 68.26909401223155,
      "avg_energy": 0.34343668818473816,
      "energy_label": "Medium"
    },
    {
      "name": "Section 6",
      "start": 68.26909401223155,
      "end": 81.92291281467786,
      "avg_energy": 0.36103692650794983,
      "energy_label": "High"
    },
    {
      "name": "Section 7",
      "start": 81.92291281467786,
      "end": 95.57673161712417,
      "avg_energy": 0.3406516909599304,
      "energy_label": "Medium"
    },
    {
      "name": "Section 8",
      "start": 95.57673161712417,
      "end": 109.23055041957048,
      "avg_energy": 0.33673837780952454,
      "energy_label": "Medium"
    },
    {
      "name": "Section 9",
      "start": 109.23055041957048,
      "end": 122.88436922201679,
      "avg_energy": 0.36045974493026733,
      "energy_label": "High"
    },
    {
      "name": "Section 10",
      "start": 122.88436922201679,
      "end": 136.5381880244631,
      "avg_energy": 0.20205403864383698,
      "energy_label": "Low"
    },
    {
      "name": "Section 11",
      "start": 136.5381880244631,
      "end": 150.1920068269094,
      "avg_energy": 0.04398609325289726,
      "energy_label": "Low"
    },
    {
      "name": "Section 12",
      "start": 150.1920068269094,
      "end": 156.238375,
      "avg_energy": 0.00012363586574792862,
      "energy_label": "Low"
    }
  ],
  "scores": {
    "mix": 86,
    "master": 86,
    "arrangement": 85,
    "release": 86,
    "energy": 7.10627843972789,
    "bass_strength": 6.238557535988427,
    "darkness": 6.396108966449711,
    "brightness": 3.603891033550289,
    "drum_bounce": 6.224463100054645,
    "vocal_space": 1.5155574618062992
  },
  "stem_balance": null,
  "top_problems": [
    "Clipping detected: 6661 samples are near/over the limit.",
    "Mud range is elevated around 250-500 Hz."
  ],
  "suggested_fixes": [
    "Lower the master/output, then use a soft clipper or limiter with safer ceiling.",
    "Gently cut 250-500 Hz on melodies, pads, or the master if the mix feels cloudy."
  ],
  "artist_notes": [
    "Autotune/key starting point: D Minor. Confidence: 45.4%.",
    "Beat energy: 7.1/10. Darkness: 6.4/10.",
    "Vocal space estimate: 1.5/10. Higher means easier space for vocals."
  ],
  "producer_notes": [
    "Low-end presence looks usable for the selected style.",
    "Selected style preset: rage_trap.",
    "Dominant frequency area: Bass / 808.",
    "Drum activity is medium at 2.49 hits/sec.",
    "Estimated length: 92 bars at 141 BPM."
  ],
  "master_notes": [
    "Clipping is the first thing to fix before judging the rest of the mix.",
    "Loudness is in a usable range for the selected style.",
    "Peak: 0.00 dB. RMS: -10.79 dB. Dynamic range: 10.79 dB."
  ],
  "next_steps": [
    "Lower the master/output, then use a soft clipper or limiter with safer ceiling.",
    "Gently cut 250-500 Hz on melodies, pads, or the master if the mix feels cloudy.",
    "This is close. Only make small changes unless you hear a clear problem."
  ]
}