{
  "basic": {
    "file_name": "Jaydes - peach crush.wav",
    "file_path": "/Volumes/POLLY/tracks/Jaydes/Jaydes - peach crush.wav",
    "sample_rate": 48000,
    "duration_seconds": 100.00835416666666,
    "bpm": 140.0,
    "key": "B Minor",
    "key_note": "B",
    "key_mode": "Minor",
    "key_confidence": 42.1396872369451
  },
  "loudness": {
    "peak_db": -1.2761118789285413,
    "rms_db": -16.72907554592964,
    "dynamic_range_db": 15.452963667001098,
    "clipping_detected": false,
    "clipping_samples": 0,
    "clipping_percent": 0.0,
    "headroom_db": 1.2761118789285413
  },
  "frequency": {
    "band_percentages": {
      "Sub": 15.627606811079092,
      "Bass / 808": 16.172091007046244,
      "Mud": 15.652569856860548,
      "Low Mids": 14.652549692486073,
      "Mids / Melody": 13.796866737513113,
      "Harsh Zone": 12.680061043300148,
      "Highs": 12.507821056645287,
      "Air": 11.590494836379634,
      "Vocal Range": 15.783546375776533
    },
    "brightness_centroid_hz": 1864.2485972159775,
    "brightness_label": "Medium",
    "spectral_rolloff_hz": 3931.0906836604095,
    "dominant_band": "Bass / 808",
    "low_end_total_percent": 31.79969781812534,
    "mid_total_percent": 44.101986286859734,
    "top_total_percent": 24.09831589302492
  },
  "fingerprint": {
    "mfcc_1": -258.9264831542969,
    "mfcc_2": 26.3101863861084,
    "mfcc_3": 21.63775634765625,
    "mfcc_4": 7.063389778137207,
    "mfcc_5": 0.9623116850852966,
    "mfcc_6": 0.8750120997428894,
    "mfcc_7": -8.128971099853516,
    "mfcc_8": 1.9163955450057983,
    "mfcc_9": -8.153385162353516,
    "mfcc_10": -3.5193145275115967,
    "mfcc_11": -9.894488334655762,
    "mfcc_12": -1.3758249282836914,
    "mfcc_13": -2.431739568710327,
    "chroma_1": 0.446004182100296,
    "chroma_2": 0.5771991014480591,
    "chroma_3": 0.46527552604675293,
    "chroma_4": 0.3713127374649048,
    "chroma_5": 0.42858439683914185,
    "chroma_6": 0.3707052767276764,
    "chroma_7": 0.45734190940856934,
    "chroma_8": 0.3870639503002167,
    "chroma_9": 0.42952781915664673,
    "chroma_10": 0.3776984214782715,
    "chroma_11": 0.3621114492416382,
    "chroma_12": 0.478644996881485,
    "spectral_contrast": 22.55277095196621,
    "spectral_flatness": 0.006148757878690958,
    "zero_crossing_rate": 0.044845481879642525,
    "embed_mfcc_1_mean": -258.9264831542969,
    "embed_mfcc_1_std": 121.21771240234375,
    "embed_mfcc_2_mean": 26.3101863861084,
    "embed_mfcc_2_std": 38.85630798339844,
    "embed_mfcc_3_mean": 21.63775634765625,
    "embed_mfcc_3_std": 21.905548095703125,
    "embed_mfcc_4_mean": 7.063389778137207,
    "embed_mfcc_4_std": 19.917682647705078,
    "embed_mfcc_5_mean": 0.9623116850852966,
    "embed_mfcc_5_std": 14.879426956176758,
    "embed_mfcc_6_mean": 0.8750120997428894,
    "embed_mfcc_6_std": 9.605022430419922,
    "embed_mfcc_7_mean": -8.128971099853516,
    "embed_mfcc_7_std": 11.336350440979004,
    "embed_mfcc_8_mean": 1.9163955450057983,
    "embed_mfcc_8_std": 9.269766807556152,
    "embed_mfcc_9_mean": -8.153385162353516,
    "embed_mfcc_9_std": 9.31320571899414,
    "embed_mfcc_10_mean": -3.5193145275115967,
    "embed_mfcc_10_std": 9.202776908874512,
    "embed_mfcc_11_mean": -9.894488334655762,
    "embed_mfcc_11_std": 8.313834190368652,
    "embed_mfcc_12_mean": -1.3758249282836914,
    "embed_mfcc_12_std": 8.240072250366211,
    "embed_mfcc_13_mean": -2.431739568710327,
    "embed_mfcc_13_std": 8.465548515319824,
    "embed_mfcc_14_mean": 3.372030019760132,
    "embed_mfcc_14_std": 8.035209655761719,
    "embed_mfcc_15_mean": -4.523992538452148,
    "embed_mfcc_15_std": 8.040885925292969,
    "embed_mfcc_16_mean": -0.18441037833690643,
    "embed_mfcc_16_std": 8.530131340026855,
    "embed_mfcc_17_mean": -3.4187662601470947,
    "embed_mfcc_17_std": 8.359705924987793,
    "embed_mfcc_18_mean": -0.6991003751754761,
    "embed_mfcc_18_std": 6.622090816497803,
    "embed_mfcc_19_mean": -2.8796188831329346,
    "embed_mfcc_19_std": 6.981988430023193,
    "embed_mfcc_20_mean": 0.31583553552627563,
    "embed_mfcc_20_std": 7.392827033996582,
    "embed_chroma_1_mean": 0.446004182100296,
    "embed_chroma_1_std": 0.2551875710487366,
    "embed_chroma_2_mean": 0.5771991014480591,
    "embed_chroma_2_std": 0.29338333010673523,
    "embed_chroma_3_mean": 0.46527552604675293,
    "embed_chroma_3_std": 0.2949203550815582,
    "embed_chroma_4_mean": 0.3713127374649048,
    "embed_chroma_4_std": 0.23829834163188934,
    "embed_chroma_5_mean": 0.42858439683914185,
    "embed_chroma_5_std": 0.2727835774421692,
    "embed_chroma_6_mean": 0.3707052767276764,
    "embed_chroma_6_std": 0.21353782713413239,
    "embed_chroma_7_mean": 0.45734190940856934,
    "embed_chroma_7_std": 0.28643161058425903,
    "embed_chroma_8_mean": 0.3870639503002167,
    "embed_chroma_8_std": 0.2500273883342743,
    "embed_chroma_9_mean": 0.42952781915664673,
    "embed_chroma_9_std": 0.2757999002933502,
    "embed_chroma_10_mean": 0.3776984214782715,
    "embed_chroma_10_std": 0.26773208379745483,
    "embed_chroma_11_mean": 0.3621114492416382,
    "embed_chroma_11_std": 0.213739812374115,
    "embed_chroma_12_mean": 0.478644996881485,
    "embed_chroma_12_std": 0.30543243885040283,
    "embed_contrast_1_mean": 22.901458740234375,
    "embed_contrast_1_std": 6.17881441116333,
    "embed_contrast_2_mean": 14.935626983642578,
    "embed_contrast_2_std": 3.831937789916992,
    "embed_contrast_3_mean": 20.397573471069336,
    "embed_contrast_3_std": 4.716917514801025,
    "embed_contrast_4_mean": 19.375511169433594,
    "embed_contrast_4_std": 4.462162494659424,
    "embed_contrast_5_mean": 17.52808380126953,
    "embed_contrast_5_std": 3.4833405017852783,
    "embed_contrast_6_mean": 16.437543869018555,
    "embed_contrast_6_std": 2.3677093982696533,
    "embed_contrast_7_mean": 46.29359817504883,
    "embed_contrast_7_std": 6.739671230316162,
    "embed_chroma_entropy": 2.475661516189575,
    "embed_centroid_mean": 1467.7568826656102,
    "embed_centroid_std": 831.6975570352847,
    "embed_rolloff_mean": 3103.4179177456913,
    "embed_rolloff_std": 2228.416765187553,
    "embed_flatness_mean": 0.006148757878690958,
    "embed_flatness_std": 0.013710585422813892,
    "embed_zcr_mean": 0.044845481879642525,
    "embed_zcr_std": 0.03822168132885055,
    "embed_rms_mean": 0.14596952497959137,
    "embed_rms_std": 0.06699381023645401,
    "embed_onset_mean": 1.5046429634094238,
    "embed_onset_std": 2.025705337524414,
    "fingerprint_version": 2.0,
    "fingerprint_duration_seconds": 100.00839002267574,
    "embed_mfcc_delta_mean": -0.006875267717987299,
    "embed_mfcc_delta_std": 3.649808168411255,
    "embed_chroma_delta_mean": 4.565517156152055e-05,
    "embed_chroma_delta_std": 0.03295590728521347,
    "embed_onset_peak": 24.109169006347656,
    "embed_onset_p95": 5.184456825256348,
    "embed_rms_p10": 0.06104375794529915,
    "embed_rms_p50": 0.1424272656440735,
    "embed_rms_p90": 0.23939934372901917,
    "embedding_nonzero_count": 100.0
  },
  "rhythm": {
    "onset_count": 406,
    "onset_density": 4.059660849166559,
    "drum_activity": "High",
    "estimated_bars": 58,
    "seconds_per_bar": 1.7142857142857142
  },
  "sections": [
    {
      "name": "Intro",
      "start": 0.0,
      "end": 16.0,
      "avg_energy": 0.14470218122005463,
      "energy_label": "Medium"
    },
    {
      "name": "Chorus / Hook",
      "start": 16.0,
      "end": 32.0,
      "avg_energy": 0.1700109988451004,
      "energy_label": "High"
    },
    {
      "name": "Verse",
      "start": 32.0,
      "end": 48.0,
      "avg_energy": 0.1634075939655304,
      "energy_label": "Medium"
    },
    {
      "name": "Chorus / Hook",
      "start": 48.0,
      "end": 64.0,
      "avg_energy": 0.12663491070270538,
      "energy_label": "Medium"
    },
    {
      "name": "Verse",
      "start": 64.0,
      "end": 80.0,
      "avg_energy": 0.15676526725292206,