{
  "basic": {
    "file_name": "Jaydes - weird.wav",
    "file_path": "/Volumes/POLLY/tracks/Jaydes/Jaydes - weird.wav",
    "sample_rate": 48000,
    "duration_seconds": 110.01614583333334,
    "bpm": 140.0,
    "key": "G Minor",
    "key_note": "G",
    "key_mode": "Minor",
    "key_confidence": 42.742528679160976
  },
  "loudness": {
    "peak_db": -1.0343709617620076,
    "rms_db": -17.262080936040046,
    "dynamic_range_db": 16.22770997427804,
    "clipping_detected": false,
    "clipping_samples": 0,
    "clipping_percent": 0.0,
    "headroom_db": 1.0343709617620076
  },
  "frequency": {
    "band_percentages": {
      "Sub": 13.810764540194253,
      "Bass / 808": 17.374431302180955,
      "Mud": 16.244318809518067,
      "Low Mids": 14.643625925378629,
      "Mids / Melody": 13.90706410372062,
      "Harsh Zone": 13.130873236621554,
      "Highs": 12.648021912363408,
      "Air": 11.371773404561528,
      "Vocal Range": 16.113236211068905
    },
    "brightness_centroid_hz": 1759.0381069680643,
    "brightness_label": "Low",
    "spectral_rolloff_hz": 3685.6337857489093,
    "dominant_band": "Bass / 808",
    "low_end_total_percent": 31.185195842375208,
    "mid_total_percent": 44.79500883861731,
    "top_total_percent": 24.019795316924935
  },
  "fingerprint": {
    "mfcc_1": -276.2241516113281,
    "mfcc_2": 23.21017074584961,
    "mfcc_3": 0.5465306639671326,
    "mfcc_4": 8.430109977722168,
    "mfcc_5": 8.278792381286621,
    "mfcc_6": 2.625485897064209,
    "mfcc_7": -4.464860439300537,
    "mfcc_8": 0.9677937626838684,
    "mfcc_9": -7.232274532318115,
    "mfcc_10": -2.705167531967163,
    "mfcc_11": -8.999398231506348,
    "mfcc_12": -5.0796799659729,
    "mfcc_13": -9.682316780090332,
    "chroma_1": 0.48474887013435364,
    "chroma_2": 0.32746073603630066,
    "chroma_3": 0.457738995552063,
    "chroma_4": 0.45044732093811035,
    "chroma_5": 0.37212181091308594,
    "chroma_6": 0.3998355567455292,
    "chroma_7": 0.4503762423992157,
    "chroma_8": 0.632922351360321,
    "chroma_9": 0.4439255893230438,
    "chroma_10": 0.39221182465553284,
    "chroma_11": 0.44205355644226074,
    "chroma_12": 0.4335150420665741,
    "spectral_contrast": 22.339027853723117,
    "spectral_flatness": 0.005639052949845791,
    "zero_crossing_rate": 0.041620850588204264,
    "embed_mfcc_1_mean": -276.2241516113281,
    "embed_mfcc_1_std": 121.10369873046875,
    "embed_mfcc_2_mean": 23.21017074584961,
    "embed_mfcc_2_std": 37.63065719604492,
    "embed_mfcc_3_mean": 0.5465306639671326,
    "embed_mfcc_3_std": 15.145113945007324,
    "embed_mfcc_4_mean": 8.430109977722168,
    "embed_mfcc_4_std": 11.11408519744873,
    "embed_mfcc_5_mean": 8.278792381286621,
    "embed_mfcc_5_std": 11.270204544067383,
    "embed_mfcc_6_mean": 2.625485897064209,
    "embed_mfcc_6_std": 11.023468017578125,
    "embed_mfcc_7_mean": -4.464860439300537,
    "embed_mfcc_7_std": 9.187386512756348,
    "embed_mfcc_8_mean": 0.9677937626838684,
    "embed_mfcc_8_std": 8.559896469116211,
    "embed_mfcc_9_mean": -7.232274532318115,
    "embed_mfcc_9_std": 8.140339851379395,
    "embed_mfcc_10_mean": -2.705167531967163,
    "embed_mfcc_10_std": 8.723763465881348,
    "embed_mfcc_11_mean": -8.999398231506348,
    "embed_mfcc_11_std": 7.870400428771973,
    "embed_mfcc_12_mean": -5.0796799659729,
    "embed_mfcc_12_std": 6.882547378540039,
    "embed_mfcc_13_mean": -9.682316780090332,
    "embed_mfcc_13_std": 6.445493698120117,
    "embed_mfcc_14_mean": -4.72667932510376,
    "embed_mfcc_14_std": 7.2992448806762695,
    "embed_mfcc_15_mean": -9.0064697265625,
    "embed_mfcc_15_std": 6.4639739990234375,
    "embed_mfcc_16_mean": -5.244614124298096,
    "embed_mfcc_16_std": 5.811939716339111,
    "embed_mfcc_17_mean": -9.663899421691895,
    "embed_mfcc_17_std": 5.67371129989624,
    "embed_mfcc_18_mean": -5.958575248718262,
    "embed_mfcc_18_std": 5.83209753036499,
    "embed_mfcc_19_mean": -9.555456161499023,
    "embed_mfcc_19_std": 7.109945297241211,
    "embed_mfcc_20_mean": -4.768139839172363,
    "embed_mfcc_20_std": 6.077553749084473,
    "embed_chroma_1_mean": 0.48474887013435364,
    "embed_chroma_1_std": 0.3010590672492981,
    "embed_chroma_2_mean": 0.32746073603630066,
    "embed_chroma_2_std": 0.20095106959342957,
    "embed_chroma_3_mean": 0.457738995552063,
    "embed_chroma_3_std": 0.2659699618816376,
    "embed_chroma_4_mean": 0.45044732093811035,
    "embed_chroma_4_std": 0.2797106206417084,
    "embed_chroma_5_mean": 0.37212181091308594,
    "embed_chroma_5_std": 0.24695728719234467,
    "embed_chroma_6_mean": 0.3998355567455292,
    "embed_chroma_6_std": 0.2677479684352875,
    "embed_chroma_7_mean": 0.4503762423992157,
    "embed_chroma_7_std": 0.2627071142196655,
    "embed_chroma_8_mean": 0.632922351360321,
    "embed_chroma_8_std": 0.2912541329860687,
    "embed_chroma_9_mean": 0.4439255893230438,
    "embed_chroma_9_std": 0.2798667252063751,
    "embed_chroma_10_mean": 0.39221182465553284,
    "embed_chroma_10_std": 0.2563113868236542,
    "embed_chroma_11_mean": 0.44205355644226074,
    "embed_chroma_11_std": 0.27835237979888916,
    "embed_chroma_12_mean": 0.4335150420665741,
    "embed_chroma_12_std": 0.28617098927497864,
    "embed_contrast_1_mean": 21.792787551879883,
    "embed_contrast_1_std": 6.289383411407471,
    "embed_contrast_2_mean": 17.67280387878418,
    "embed_contrast_2_std": 4.591813087463379,
    "embed_contrast_3_mean": 18.33778190612793,
    "embed_contrast_3_std": 4.751537799835205,
    "embed_contrast_4_mean": 17.086284637451172,
    "embed_contrast_4_std": 3.4874157905578613,
    "embed_contrast_5_mean": 18.249324798583984,
    "embed_contrast_5_std": 3.5103604793548584,
    "embed_contrast_6_mean": 16.78293228149414,
    "embed_contrast_6_std": 2.7843658924102783,
    "embed_contrast_7_mean": 46.4512825012207,
    "embed_contrast_7_std": 6.169227123260498,
    "embed_chroma_entropy": 2.472428798675537,
    "embed_centroid_mean": 1430.9130430896203,
    "embed_centroid_std": 796.0538659198556,
    "embed_rolloff_mean": 3072.7594598181313,
    "embed_rolloff_std": 2017.3915108723318,
    "embed_flatness_mean": 0.005639052949845791,
    "embed_flatness_std": 0.013864943757653236,
    "embed_zcr_mean": 0.041620850588204264,
    "embed_zcr_std": 0.036651137436667834,
    "embed_rms_mean": 0.1316785365343094,
    "embed_rms_std": 0.06467964500188828,
    "embed_onset_mean": 1.400343656539917,
    "embed_onset_std": 1.7874404191970825,
    "fingerprint_version": 2.0,
    "fingerprint_duration_seconds": 110.01619047619047,
    "embed_mfcc_delta_mean": -0.0011863162508234382,
    "embed_mfcc_delta_std": 3.6376209259033203,
    "embed_chroma_delta_mean": 9.650005267758388e-06,
    "embed_chroma_delta_std": 0.0370604582130909,
    "embed_onset_peak": 16.49500274658203,
    "embed_onset_p95": 5.203308582305908,
    "embed_rms_p10": 0.05789794400334358,
    "embed_rms_p50": 0.128853440284729,
    "embed_rms_p90": 0.21912610530853271,
    "embedding_nonzero_count": 100.0
  },
  "rhythm": {
    "onset_count": 458,
    "onset_density": 4.163025313519322,
    "drum_activity": "High",
    "estimated_bars": 64,
    "seconds_per_bar": 1.7142857142857142
  },
  "sections": [
    {
      "name": "Intro",
      "start": 0.0,
      "end": 16.0,
      "avg_energy": 0.09550360590219498,
      "energy_label": "Low"
    },
    {
      "name": "Chorus / Hook",
      "start": 16.0,
      "end": 32.0,
      "avg_energy": 0.1534881889820099,
      "energy_label": "Medium"
    },
    {
      "name": "Verse",
      "start": 32.0,
      "end": 48.0,
      "avg_energy": 0.15663254261016846,
      "energy_label": "High"
    },
    {
      "name": "Chorus / Hook",
      "start": 48.0,
      "end": 64.0,
      "avg_energy": 0.12917263805866241,
      "energy_label": "Medium"
    },
    {
      "name": "Verse",
      "start": 64.0,
      "end": 80.0,
      "avg_energy": 0.1327677071094513,
      "energy_label": "Medium"
    },
    {
      "name": "Outro",