{
  "basic": {
    "file_name": "Jaydes - strain.wav",
    "file_path": "/Volumes/POLLY/tracks/Jaydes/Jaydes - strain.wav",
    "sample_rate": 48000,
    "duration_seconds": 97.63991666666666,
    "bpm": 140.0,
    "key": "C# Minor",
    "key_note": "C#",
    "key_mode": "Minor",
    "key_confidence": 42.10668954289576
  },
  "loudness": {
    "peak_db": 0.0001594561012005556,
    "rms_db": -7.3482721752145075,
    "dynamic_range_db": 7.348431631315708,
    "clipping_detected": true,
    "clipping_samples": 5910,
    "clipping_percent": 0.1261010908277779,
    "headroom_db": -0.0001594561012005556
  },
  "frequency": {
    "band_percentages": {
      "Sub": 16.766749150257134,
      "Bass / 808": 14.278074294496996,
      "Mud": 14.466992068295056,
      "Low Mids": 14.367831352281469,
      "Mids / Melody": 14.020522394912597,
      "Harsh Zone": 12.84042703932347,
      "Highs": 13.79160933689283,
      "Air": 12.308221401069327,
      "Vocal Range": 15.129485737885751
    },
    "brightness_centroid_hz": 2464.0336942208805,
    "brightness_label": "Medium",
    "spectral_rolloff_hz": 5681.791259285558,
    "dominant_band": "Sub",
    "low_end_total_percent": 31.04482344475413,
    "mid_total_percent": 42.85534581548912,
    "top_total_percent": 26.099830737962158
  },
  "fingerprint": {
    "mfcc_1": -172.72886657714844,
    "mfcc_2": 2.8406920433044434,
    "mfcc_3": 23.017427444458008,
    "mfcc_4": -23.574542999267578,
    "mfcc_5": -8.158662796020508,
    "mfcc_6": 1.1902488470077515,
    "mfcc_7": -14.919445037841797,
    "mfcc_8": 3.6006829738616943,
    "mfcc_9": -7.947885990142822,
    "mfcc_10": 2.408480405807495,
    "mfcc_11": -0.12872183322906494,
    "mfcc_12": 8.871057510375977,
    "mfcc_13": -0.06979111582040787,
    "chroma_1": 0.7988289594650269,
    "chroma_2": 0.6319891810417175,
    "chroma_3": 0.3180588483810425,
    "chroma_4": 0.23851726949214935,
    "chroma_5": 0.3213823437690735,
    "chroma_6": 0.2988608181476593,
    "chroma_7": 0.2301652431488037,
    "chroma_8": 0.2286866307258606,
    "chroma_9": 0.19011057913303375,
    "chroma_10": 0.22496287524700165,
    "chroma_11": 0.1919603794813156,
    "chroma_12": 0.14252158999443054,
    "spectral_contrast": 23.79828678259414,
    "spectral_flatness": 0.005193174816668034,
    "zero_crossing_rate": 0.048899521331134094,
    "embed_mfcc_1_mean": -172.72886657714844,
    "embed_mfcc_1_std": 77.37681579589844,
    "embed_mfcc_2_mean": 2.8406920433044434,
    "embed_mfcc_2_std": 39.61124801635742,
    "embed_mfcc_3_mean": 23.017427444458008,
    "embed_mfcc_3_std": 29.987308502197266,
    "embed_mfcc_4_mean": -23.574542999267578,
    "embed_mfcc_4_std": 18.115036010742188,
    "embed_mfcc_5_mean": -8.158662796020508,
    "embed_mfcc_5_std": 17.132091522216797,
    "embed_mfcc_6_mean": 1.1902488470077515,
    "embed_mfcc_6_std": 13.203961372375488,
    "embed_mfcc_7_mean": -14.919445037841797,
    "embed_mfcc_7_std": 13.140884399414062,
    "embed_mfcc_8_mean": 3.6006829738616943,
    "embed_mfcc_8_std": 11.090140342712402,
    "embed_mfcc_9_mean": -7.947885990142822,
    "embed_mfcc_9_std": 11.813614845275879,
    "embed_mfcc_10_mean": 2.408480405807495,
    "embed_mfcc_10_std": 10.528034210205078,
    "embed_mfcc_11_mean": -0.12872183322906494,
    "embed_mfcc_11_std": 9.963981628417969,
    "embed_mfcc_12_mean": 8.871057510375977,
    "embed_mfcc_12_std": 8.466227531433105,
    "embed_mfcc_13_mean": -0.06979111582040787,
    "embed_mfcc_13_std": 9.834510803222656,
    "embed_mfcc_14_mean": 5.678171634674072,
    "embed_mfcc_14_std": 8.212763786315918,
    "embed_mfcc_15_mean": 2.500659704208374,
    "embed_mfcc_15_std": 8.278714179992676,
    "embed_mfcc_16_mean": 7.977782726287842,
    "embed_mfcc_16_std": 8.470074653625488,
    "embed_mfcc_17_mean": 4.5563130378723145,
    "embed_mfcc_17_std": 8.802590370178223,
    "embed_mfcc_18_mean": 8.187275886535645,
    "embed_mfcc_18_std": 7.38845157623291,
    "embed_mfcc_19_mean": 4.06458044052124,
    "embed_mfcc_19_std": 7.743738651275635,
    "embed_mfcc_20_mean": 4.580226898193359,
    "embed_mfcc_20_std": 8.102825164794922,
    "embed_chroma_1_mean": 0.7988289594650269,
    "embed_chroma_1_std": 0.25961828231811523,
    "embed_chroma_2_mean": 0.6319891810417175,
    "embed_chroma_2_std": 0.32256314158439636,
    "embed_chroma_3_mean": 0.3180588483810425,
    "embed_chroma_3_std": 0.1989830881357193,
    "embed_chroma_4_mean": 0.23851726949214935,
    "embed_chroma_4_std": 0.1843516081571579,
    "embed_chroma_5_mean": 0.3213823437690735,
    "embed_chroma_5_std": 0.27035799622535706,
    "embed_chroma_6_mean": 0.2988608181476593,
    "embed_chroma_6_std": 0.2510906755924225,
    "embed_chroma_7_mean": 0.2301652431488037,
    "embed_chroma_7_std": 0.19211345911026,
    "embed_chroma_8_mean": 0.2286866307258606,
    "embed_chroma_8_std": 0.17888027429580688,
    "embed_chroma_9_mean": 0.19011057913303375,
    "embed_chroma_9_std": 0.16306863725185394,
    "embed_chroma_10_mean": 0.22496287524700165,
    "embed_chroma_10_std": 0.16819339990615845,
    "embed_chroma_11_mean": 0.1919603794813156,
    "embed_chroma_11_std": 0.22233057022094727,
    "embed_chroma_12_mean": 0.14252158999443054,
    "embed_chroma_12_std": 0.12454308569431305,
    "embed_contrast_1_mean": 24.21219825744629,
    "embed_contrast_1_std": 5.652317047119141,
    "embed_contrast_2_mean": 15.222415924072266,
    "embed_contrast_2_std": 4.233325481414795,
    "embed_contrast_3_mean": 18.68977928161621,
    "embed_contrast_3_std": 3.7957544326782227,
    "embed_contrast_4_mean": 20.114538192749023,
    "embed_contrast_4_std": 4.010410785675049,
    "embed_contrast_5_mean": 18.538982391357422,
    "embed_contrast_5_std": 3.34891414642334,
    "embed_contrast_6_mean": 19.6916561126709,
    "embed_contrast_6_std": 4.162674427032471,
    "embed_contrast_7_mean": 50.118431091308594,
    "embed_contrast_7_std": 5.366994857788086,
    "embed_chroma_entropy": 2.34093976020813,
    "embed_centroid_mean": 2160.5759651519384,
    "embed_centroid_std": 995.5120182817943,
    "embed_rolloff_mean": 5275.30966852599,
    "embed_rolloff_std": 2690.1927067777156,
    "embed_flatness_mean": 0.005193174816668034,
    "embed_flatness_std": 0.01004544086754322,
    "embed_zcr_mean": 0.048899521331134094,
    "embed_zcr_std": 0.04563033820723995,
    "embed_rms_mean": 0.3514721691608429,
    "embed_rms_std": 0.08121658861637115,
    "embed_onset_mean": 1.645464301109314,
    "embed_onset_std": 1.664933443069458,
    "fingerprint_version": 2.0,
    "fingerprint_duration_seconds": 97.63995464852607,
    "embed_mfcc_delta_mean": 0.0021048381458967924,
    "embed_mfcc_delta_std": 3.8571557998657227,
    "embed_chroma_delta_mean": 6.567653144884389e-06,
    "embed_chroma_delta_std": 0.0193849615752697,
    "embed_onset_peak": 19.52264976501465,
    "embed_onset_p95": 5.013484001159668,
    "embed_rms_p10": 0.23217090964317322,
    "embed_rms_p50": 0.37322530150413513,
    "embed_rms_p90": 0.41219261288642883,
    "embedding_nonzero_count": 100.0
  },
  "rhythm": {
    "onset_count": 600,
    "onset_density": 6.145027776379026,
    "drum_activity": "High",
    "estimated_bars": 57,
    "seconds_per_bar": 1.7142857142857142
  },
  "sections": [
    {
      "name": "Intro",
      "start": 0.0,
      "end": 16.0,
      "avg_energy": 0.4225151240825653,
      "energy_label": "Medium"
    },
    {
      "name": "Chorus / Hook",
      "start": 16.0,
      "end": 32.0,
      "avg_energy": 0.4288356900215149,
      "energy_label": "Medium"
    },
    {
      "name": "Verse",
      "start": 32.0,
      "end": 48.0,
      "avg_energy": 0.41548559069633484,
      "energy_label": "Medium"
    },
    {
      "name": "Chorus / Hook",
      "start": 48.0,
      "end": 64.0,
      "avg_energy": 0.4388297200202942,
      "energy_label": "Medium"
    },
    {
      "name": "Verse",
      "start": 64.0,
      "end": 80.0,
      "avg_energy": 0.4442359507083893,