{
  "basic": {
    "file_name": "Lazer Dim 700 - MILITANT.wav",
    "file_path": "/Users/jayden/SoundLens/tracks/Lazer Dim 700/Lazer Dim 700 - MILITANT.wav",
    "sample_rate": 48000,
    "duration_seconds": 128.0,
    "bpm": 150.67,
    "key": "F# Major",
    "key_note": "F#",
    "key_mode": "Major",
    "key_confidence": 45.56982002638084
  },
  "loudness": {
    "peak_db": -0.04535809649971645,
    "rms_db": -12.615864374068689,
    "dynamic_range_db": 12.570506277568972,
    "clipping_detected": true,
    "clipping_samples": 4,
    "clipping_percent": 6.510416666666667e-05,
    "headroom_db": 0.04535809649971645
  },
  "frequency": {
    "band_percentages": {
      "Sub": 15.889295527413596,
      "Bass / 808": 15.329983905118766,
      "Mud": 14.381190122599522,
      "Low Mids": 14.554995065166892,
      "Mids / Melody": 14.474939544962497,
      "Harsh Zone": 13.1680547484819,
      "Highs": 13.334688850625945,
      "Air": 12.034906982286858,
      "Vocal Range": 15.316601702920307
    },
    "brightness_centroid_hz": 3033.309567321775,
    "brightness_label": "Medium",
    "spectral_rolloff_hz": 6989.661668819265,
    "dominant_band": "Sub",
    "low_end_total_percent": 31.21927943253236,
    "mid_total_percent": 43.41112473272891,
    "top_total_percent": 25.3695958329128
  },
  "fingerprint": {
    "mfcc_1": -119.2770004272461,
    "mfcc_2": 140.11378479003906,
    "mfcc_3": -16.280349731445312,
    "mfcc_4": 45.199581146240234,
    "mfcc_5": -32.535560607910156,
    "mfcc_6": 35.31581115722656,
    "mfcc_7": -0.32165905833244324,
    "mfcc_8": 19.89449691772461,
    "mfcc_9": -3.390869140625,
    "mfcc_10": 12.268409729003906,
    "mfcc_11": 3.267761468887329,
    "mfcc_12": 13.722904205322266,
    "mfcc_13": -1.2619550228118896,
    "chroma_1": 0.6745696067810059,
    "chroma_2": 0.6768844127655029,
    "chroma_3": 0.44804900884628296,
    "chroma_4": 0.5971894264221191,
    "chroma_5": 0.5168033838272095,
    "chroma_6": 0.4962073564529419,
    "chroma_7": 0.8012529611587524,
    "chroma_8": 0.6113703846931458,
    "chroma_9": 0.3782677948474884,
    "chroma_10": 0.3707791864871979,
    "chroma_11": 0.30695241689682007,
    "chroma_12": 0.3519294857978821,
    "spectral_contrast": 19.014788131880465,
    "spectral_flatness": 0.0007012512651272118,
    "zero_crossing_rate": 0.04410053231241146
  },
  "rhythm": {
    "onset_count": 568,
    "onset_density": 4.4375,
    "drum_activity": "High",
    "estimated_bars": 80,
    "seconds_per_bar": 1.5928851131612134
  },
  "sections": [
    {
      "name": "Section 1",
      "start": 0.0,
      "end": 12.743080905289707,
      "avg_energy": 0.22703200578689575,
      "energy_label": "Low"
    },
    {
      "name": "Section 2",
      "start": 12.743080905289707,
      "end": 25.486161810579414,
      "avg_energy": 0.24816401302814484,
      "energy_label": "Medium"
    },
    {
      "name": "Section 3",
      "start": 25.486161810579414,
      "end": 38.22924271586912,
      "avg_energy": 0.2345469892024994,
      "energy_label": "Medium"
    },
    {
      "name": "Section 4",
      "start": 38.22924271586912,
      "end": 50.97232362115883,
      "avg_energy": 0.25379449129104614,
      "energy_label": "High"
    },
    {
      "name": "Section 5",
      "start": 50.97232362115883,
      "end": 63.71540452644854,
      "avg_energy": 0.25644758343696594,
      "energy_label": "High"
    },
    {
      "name": "Section 6",
      "start": 63.71540452644854,
      "end": 76.45848543173824,
      "avg_energy": 0.2328885793685913,
      "energy_label": "Medium"
    },
    {
      "name": "Section 7",
      "start": 76.45848543173824,
      "end": 89.20156633702794,
      "avg_energy": 0.24890191853046417,
      "energy_label": "Medium"
    },
    {
      "name": "Section 8",
      "start": 89.20156633702794,
      "end": 101.94464724231764,
      "avg_energy": 0.23195013403892517,
      "energy_label": "Low"
    },
    {
      "name": "Section 9",
      "start": 101.94464724231764,
      "end": 114.68772814760734,
      "avg_energy": 0.2577727138996124,
      "energy_label": "High"
    },
    {
      "name": "Section 10",
      "start": 114.68772814760734,
      "end": 128.0,
      "avg_energy": 0.1207338497042656,
      "energy_label": "Low"
    }
  ],
  "scores": {
    "mix": 86,
    "master": 86,
    "arrangement": 81,
    "release": 84,
    "energy": 6.1920678129656554,
    "bass_strength": 6.243855886506472,
    "darkness": 3.93338086535645,
    "brightness": 6.06661913464355,
    "drum_bounce": 10,
    "vocal_space": 2.1682389416506354
  },
  "stem_balance": null,
  "top_problems": [
    "Clipping detected: 4 samples are near/over the limit.",
    "Mud range is elevated around 250-500 Hz.",
    "Drum movement is very active; the beat could become overcrowded.",
    "Hook/verse contrast looks low, but arrangement detection is still an estimate."
  ],
  "suggested_fixes": [
    "Lower the master/output, then use a soft clipper or limiter with safer ceiling.",
    "Gently cut 250-500 Hz on melodies, pads, or the master if the mix feels cloudy.",
    "Mute extra percussion in some sections so the hook/drop feels bigger.",
    "Check the waveform/sections by ear. If the hook feels flat, add contrast with melody layers, drum changes, or vocal energy."
  ],
  "artist_notes": [
    "Autotune/key starting point: F# Major. Confidence: 45.6%.",
    "Beat energy: 6.2/10. Darkness: 3.9/10.",
    "Vocal space estimate: 2.2/10. Higher means easier space for vocals."
  ],
  "producer_notes": [
    "Low-end presence looks usable for the selected style.",
    "Selected style preset: rage_trap.",
    "Dominant frequency area: Sub.",
    "Drum activity is high at 4.44 hits/sec.",
    "Estimated length: 80 bars at 151 BPM."
  ],
  "master_notes": [
    "Clipping is the first thing to fix before judging the rest of the mix.",
    "Loudness is in a usable range for the selected style.",
    "Peak: -0.05 dB. RMS: -12.62 dB. Dynamic range: 12.57 dB."
  ],
  "next_steps": [
    "Lower the master/output, then use a soft clipper or limiter with safer ceiling.",
    "Gently cut 250-500 Hz on melodies, pads, or the master if the mix feels cloudy.",
    "Mute extra percussion in some sections so the hook/drop feels bigger.",
    "Fix the top 1-2 issues, export again, then re-run SoundLens."
  ]
}