{
  "basic": {
    "file_name": "Lazer Dim 700 - Maniac.wav",
    "file_path": "/Volumes/POLLY/tracks/Lazer Dim 700/Lazer Dim 700 - Maniac.wav",
    "sample_rate": 48000,
    "duration_seconds": 115.96045833333334,
    "bpm": 140.0,
    "key": "E Minor",
    "key_note": "E",
    "key_mode": "Minor",
    "key_confidence": 43.25084723878958
  },
  "loudness": {
    "peak_db": 8.801184639196079e-05,
    "rms_db": -7.5362959132233,
    "dynamic_range_db": 7.536383925069692,
    "clipping_detected": true,
    "clipping_samples": 8136,
    "clipping_percent": 0.1461705157397403,
    "headroom_db": -8.801184639196079e-05
  },
  "frequency": {
    "band_percentages": {
      "Sub": 16.18953716758452,
      "Bass / 808": 14.49210567808118,
      "Mud": 14.262329440549781,
      "Low Mids": 14.587503203020757,
      "Mids / Melody": 14.557924738249728,
      "Harsh Zone": 13.61212226715057,
      "Highs": 13.657592845069013,
      "Air": 12.25300692570338,
      "Vocal Range": 15.273357176828965
    },
    "brightness_centroid_hz": 3396.9792403343495,
    "brightness_label": "Medium",
    "spectral_rolloff_hz": 7415.853942466887,
    "dominant_band": "Sub",
    "low_end_total_percent": 30.6816428456657,
    "mid_total_percent": 43.40775738182026,
    "top_total_percent": 25.910599770772393
  },
  "fingerprint": {
    "mfcc_1": -97.58250427246094,
    "mfcc_2": -31.813432693481445,
    "mfcc_3": -9.351503372192383,
    "mfcc_4": -3.30267333984375,
    "mfcc_5": -13.447331428527832,
    "mfcc_6": 7.126581192016602,
    "mfcc_7": -5.53140115737915,
    "mfcc_8": -2.543302297592163,
    "mfcc_9": -7.8833770751953125,
    "mfcc_10": 4.175380706787109,
    "mfcc_11": 0.880492627620697,
    "mfcc_12": 6.944635391235352,
    "mfcc_13": -0.9941166043281555,
    "chroma_1": 0.3701236844062805,
    "chroma_2": 0.3412739038467407,
    "chroma_3": 0.3180040717124939,
    "chroma_4": 0.48984840512275696,
    "chroma_5": 0.7212398052215576,
    "chroma_6": 0.7098169326782227,
    "chroma_7": 0.4743479788303375,
    "chroma_8": 0.35952767729759216,
    "chroma_9": 0.3334978222846985,
    "chroma_10": 0.29626864194869995,
    "chroma_11": 0.3806540071964264,
    "chroma_12": 0.4375714659690857,
    "spectral_contrast": 22.4187442489288,
    "spectral_flatness": 0.021225718781352043,
    "zero_crossing_rate": 0.09547418512262262,
    "embed_mfcc_1_mean": -97.58250427246094,
    "embed_mfcc_1_std": 81.27689361572266,
    "embed_mfcc_2_mean": -31.813432693481445,
    "embed_mfcc_2_std": 25.02672004699707,
    "embed_mfcc_3_mean": -9.351503372192383,
    "embed_mfcc_3_std": 19.925569534301758,
    "embed_mfcc_4_mean": -3.30267333984375,
    "embed_mfcc_4_std": 14.12569522857666,
    "embed_mfcc_5_mean": -13.447331428527832,
    "embed_mfcc_5_std": 14.83290958404541,
    "embed_mfcc_6_mean": 7.126581192016602,
    "embed_mfcc_6_std": 10.637069702148438,
    "embed_mfcc_7_mean": -5.53140115737915,
    "embed_mfcc_7_std": 11.596179008483887,
    "embed_mfcc_8_mean": -2.543302297592163,
    "embed_mfcc_8_std": 11.21245288848877,
    "embed_mfcc_9_mean": -7.8833770751953125,
    "embed_mfcc_9_std": 10.748929023742676,
    "embed_mfcc_10_mean": 4.175380706787109,
    "embed_mfcc_10_std": 9.801095962524414,
    "embed_mfcc_11_mean": 0.880492627620697,
    "embed_mfcc_11_std": 9.48237133026123,
    "embed_mfcc_12_mean": 6.944635391235352,
    "embed_mfcc_12_std": 7.9840474128723145,
    "embed_mfcc_13_mean": -0.9941166043281555,
    "embed_mfcc_13_std": 9.932589530944824,
    "embed_mfcc_14_mean": 2.881382465362549,
    "embed_mfcc_14_std": 8.183074951171875,
    "embed_mfcc_15_mean": -0.7255763411521912,
    "embed_mfcc_15_std": 9.204561233520508,
    "embed_mfcc_16_mean": 5.251001358032227,
    "embed_mfcc_16_std": 8.407544136047363,
    "embed_mfcc_17_mean": -1.799100637435913,
    "embed_mfcc_17_std": 7.251858234405518,
    "embed_mfcc_18_mean": 3.4190127849578857,
    "embed_mfcc_18_std": 6.808359622955322,
    "embed_mfcc_19_mean": -0.24374088644981384,
    "embed_mfcc_19_std": 7.56058931350708,
    "embed_mfcc_20_mean": 1.160123348236084,
    "embed_mfcc_20_std": 6.3859333992004395,
    "embed_chroma_1_mean": 0.3701236844062805,
    "embed_chroma_1_std": 0.2490479052066803,
    "embed_chroma_2_mean": 0.3412739038467407,
    "embed_chroma_2_std": 0.23520039021968842,
    "embed_chroma_3_mean": 0.3180040717124939,
    "embed_chroma_3_std": 0.19685286283493042,
    "embed_chroma_4_mean": 0.48984840512275696,
    "embed_chroma_4_std": 0.2458750158548355,
    "embed_chroma_5_mean": 0.7212398052215576,
    "embed_chroma_5_std": 0.25995463132858276,
    "embed_chroma_6_mean": 0.7098169326782227,
    "embed_chroma_6_std": 0.2829851508140564,
    "embed_chroma_7_mean": 0.4743479788303375,
    "embed_chroma_7_std": 0.2091086506843567,
    "embed_chroma_8_mean": 0.35952767729759216,
    "embed_chroma_8_std": 0.16296178102493286,
    "embed_chroma_9_mean": 0.3334978222846985,
    "embed_chroma_9_std": 0.1775987595319748,
    "embed_chroma_10_mean": 0.29626864194869995,
    "embed_chroma_10_std": 0.16497282683849335,
    "embed_chroma_11_mean": 0.3806540071964264,
    "embed_chroma_11_std": 0.24454742670059204,
    "embed_chroma_12_mean": 0.4375714659690857,
    "embed_chroma_12_std": 0.3080291152000427,
    "embed_contrast_1_mean": 23.04136085510254,
    "embed_contrast_1_std": 4.685523986816406,
    "embed_contrast_2_mean": 14.180449485778809,
    "embed_contrast_2_std": 3.734344959259033,
    "embed_contrast_3_mean": 17.67692756652832,
    "embed_contrast_3_std": 4.058988571166992,
    "embed_contrast_4_mean": 16.974346160888672,
    "embed_contrast_4_std": 3.36696195602417,
    "embed_contrast_5_mean": 18.283342361450195,
    "embed_contrast_5_std": 2.8539769649505615,
    "embed_contrast_6_mean": 17.154050827026367,
    "embed_contrast_6_std": 2.0182552337646484,
    "embed_contrast_7_mean": 49.62073516845703,
    "embed_contrast_7_std": 2.6057288646698,
    "embed_chroma_entropy": 2.4394278526306152,
    "embed_centroid_mean": 2792.3111251755245,
    "embed_centroid_std": 737.9725406878804,
    "embed_rolloff_mean": 6228.070541244369,
    "embed_rolloff_std": 1329.066408892996,
    "embed_flatness_mean": 0.021225718781352043,
    "embed_flatness_std": 0.028039539232850075,
    "embed_zcr_mean": 0.09547418512262262,
    "embed_zcr_std": 0.06542247588785388,
    "embed_rms_mean": 0.3565922975540161,
    "embed_rms_std": 0.12380719929933548,
    "embed_onset_mean": 1.3897247314453125,
    "embed_onset_std": 0.9445790648460388,
    "fingerprint_version": 2.0,
    "fingerprint_duration_seconds": 115.96049886621316,
    "embed_mfcc_delta_mean": -0.00046827137703076005,
    "embed_mfcc_delta_std": 2.1530721187591553,
    "embed_chroma_delta_mean": -7.680471753701568e-05,
    "embed_chroma_delta_std": 0.026520930230617523,
    "embed_onset_peak": 26.139963150024414,
    "embed_onset_p95": 3.152536630630493,
    "embed_rms_p10": 0.10701732337474823,
    "embed_rms_p50": 0.40461570024490356,
    "embed_rms_p90": 0.43479791283607483,
    "embedding_nonzero_count": 100.0
  },
  "rhythm": {
    "onset_count": 249,
    "onset_density": 2.147283682548397,
    "drum_activity": "Medium",
    "estimated_bars": 68,
    "seconds_per_bar": 1.7142857142857142
  },
  "sections": [
    {
      "name": "Intro",
      "start": 0.0,
      "end": 16.0,
      "avg_energy": 0.4070459306240082,
      "energy_label": "Medium"
    },
    {
      "name": "Chorus / Hook",
      "start": 16.0,
      "end": 32.0,
      "avg_energy": 0.45778515934944153,
      "energy_label": "Medium"
    },
    {
      "name": "Verse",
      "start": 32.0,
      "end": 48.0,
      "avg_energy": 0.42709559202194214,
      "energy_label": "Medium"
    },
    {
      "name": "Chorus / Hook",
      "start": 48.0,
      "end": 64.0,
      "avg_energy": 0.45885729789733887,
      "energy_label": "Medium"
    },
    {
      "name": "Verse",
      "start": 64.0,
      "end": 80.0,
      "avg_energy": 0.4555530250072479,