{
  "basic": {
    "file_name": "Lazer Dim 700 - spawn.wav",
    "file_path": "/Users/jayden/SoundLens/tracks/Lazer Dim 700/Lazer Dim 700 - spawn.wav",
    "sample_rate": 48000,
    "duration_seconds": 145.408,
    "bpm": 140.62,
    "key": "C# Minor",
    "key_note": "C#",
    "key_mode": "Minor",
    "key_confidence": 46.54006352956837
  },
  "loudness": {
    "peak_db": -7.869370017743884e-05,
    "rms_db": -7.865724040849061,
    "dynamic_range_db": 7.865645347148884,
    "clipping_detected": true,
    "clipping_samples": 2338,
    "clipping_percent": 0.03349769843016432,
    "headroom_db": 7.869370017743884e-05
  },
  "frequency": {
    "band_percentages": {
      "Sub": 16.921597250242442,
      "Bass / 808": 14.642007675775249,
      "Mud": 14.64543482307992,
      "Low Mids": 14.653883538396284,
      "Mids / Melody": 14.094015565355933,
      "Harsh Zone": 12.724687630252832,
      "Highs": 13.237951371799186,
      "Air": 11.805109773553282,
      "Vocal Range": 15.276681410868962
    },
    "brightness_centroid_hz": 1769.9898149575527,
    "brightness_label": "Low",
    "spectral_rolloff_hz": 3456.8997331841856,
    "dominant_band": "Sub",
    "low_end_total_percent": 31.56360492601769,
    "mid_total_percent": 43.393333926832135,
    "top_total_percent": 25.043061145352468
  },
  "fingerprint": {
    "mfcc_1": -179.3779754638672,
    "mfcc_2": 157.75100708007812,
    "mfcc_3": -9.925400733947754,
    "mfcc_4": 29.871522903442383,
    "mfcc_5": -4.857600688934326,
    "mfcc_6": 25.54727554321289,
    "mfcc_7": 7.211862564086914,
    "mfcc_8": 3.674783229827881,
    "mfcc_9": -1.5752012729644775,
    "mfcc_10": -0.39111676812171936,
    "mfcc_11": 3.363797903060913,
    "mfcc_12": -2.041010856628418,
    "mfcc_13": 3.1070945262908936,
    "chroma_1": 0.5512968301773071,
    "chroma_2": 0.8279845714569092,
    "chroma_3": 0.837104082107544,
    "chroma_4": 0.6230162978172302,
    "chroma_5": 0.5071606636047363,
    "chroma_6": 0.3829200565814972,
    "chroma_7": 0.31881797313690186,
    "chroma_8": 0.25062358379364014,
    "chroma_9": 0.2666327655315399,
    "chroma_10": 0.24450747668743134,
    "chroma_11": 0.3243754208087921,
    "chroma_12": 0.32868701219558716,
    "spectral_contrast": 20.341587850405414,
    "spectral_flatness": 0.00015065826300997287,
    "zero_crossing_rate": 0.02539123387414729
  },
  "rhythm": {
    "onset_count": 928,
    "onset_density": 6.382042253521127,
    "drum_activity": "High",
    "estimated_bars": 85,
    "seconds_per_bar": 1.7067273503057887
  },
  "sections": [
    {
      "name": "Section 1",
      "start": 0.0,
      "end": 13.65381880244631,
      "avg_energy": 0.3644423186779022,
      "energy_label": "Low"
    },
    {
      "name": "Section 2",
      "start": 13.65381880244631,
      "end": 27.30763760489262,
      "avg_energy": 0.41687577962875366,
      "energy_label": "High"
    },
    {
      "name": "Section 3",
      "start": 27.30763760489262,
      "end": 40.96145640733893,
      "avg_energy": 0.41498708724975586,
      "energy_label": "Medium"
    },
    {
      "name": "Section 4",
      "start": 40.96145640733893,
      "end": 54.61527520978524,
      "avg_energy": 0.41792139410972595,
      "energy_label": "High"
    },
    {
      "name": "Section 5",
      "start": 54.61527520978524,
      "end": 68.26909401223155,
      "avg_energy": 0.41578221321105957,
      "energy_label": "High"
    },
    {
      "name": "Section 6",
      "start": 68.26909401223155,
      "end": 81.92291281467786,
      "avg_energy": 0.4099704325199127,
      "energy_label": "Low"
    },
    {
      "name": "Section 7",
      "start": 81.92291281467786,
      "end": 95.57673161712417,
      "avg_energy": 0.41976621747016907,
      "energy_label": "High"
    },
    {
      "name": "Section 8",
      "start": 95.57673161712417,
      "end": 109.23055041957048,
      "avg_energy": 0.4131699204444885,
      "energy_label": "Medium"
    },
    {
      "name": "Section 9",
      "start": 109.23055041957048,
      "end": 122.88436922201679,
      "avg_energy": 0.411337673664093,
      "energy_label": "Low"
    },
    {
      "name": "Section 10",
      "start": 122.88436922201679,
      "end": 136.5381880244631,
      "avg_energy": 0.4118363559246063,
      "energy_label": "Medium"
    },
    {
      "name": "Section 11",
      "start": 136.5381880244631,
      "end": 145.408,
      "avg_energy": 0.30568793416023254,
      "energy_label": "Low"
    }
  ],
  "scores": {
    "mix": 86,
    "master": 86,
    "arrangement": 81,
    "release": 84,
    "energy": 8.56713797957547,
    "bass_strength": 6.312720985203538,
    "darkness": 6.460020370084894,
    "brightness": 3.539979629915105,
    "drum_bounce": 10,
    "vocal_space": 2.0484141367114193
  },
  "stem_balance": null,
  "top_problems": [
    "Clipping detected: 2338 samples are near/over the limit.",
    "Mud range is elevated around 250-500 Hz.",
    "Drum movement is very active; the beat could become overcrowded.",
    "Hook/verse contrast looks low, but arrangement detection is still an estimate."
  ],
  "suggested_fixes": [
    "Lower the master/output, then use a soft clipper or limiter with safer ceiling.",
    "Gently cut 250-500 Hz on melodies, pads, or the master if the mix feels cloudy.",
    "Mute extra percussion in some sections so the hook/drop feels bigger.",
    "Check the waveform/sections by ear. If the hook feels flat, add contrast with melody layers, drum changes, or vocal energy."
  ],
  "artist_notes": [
    "Autotune/key starting point: C# Minor. Confidence: 46.5%.",
    "Beat energy: 8.6/10. Darkness: 6.5/10.",
    "Vocal space estimate: 2.0/10. Higher means easier space for vocals.",
    "Beat leans dark, so brighter vocals/adlibs may cut through well."
  ],
  "producer_notes": [
    "Low-end presence looks usable for the selected style.",
    "Selected style preset: rage_trap.",
    "Dominant frequency area: Sub.",
    "Drum activity is high at 6.38 hits/sec.",
    "Estimated length: 85 bars at 141 BPM."
  ],
  "master_notes": [
    "Clipping is the first thing to fix before judging the rest of the mix.",
    "Loudness is in a usable range for the selected style.",
    "Peak: -0.00 dB. RMS: -7.87 dB. Dynamic range: 7.87 dB."
  ],
  "next_steps": [
    "Lower the master/output, then use a soft clipper or limiter with safer ceiling.",
    "Gently cut 250-500 Hz on melodies, pads, or the master if the mix feels cloudy.",
    "Mute extra percussion in some sections so the hook/drop feels bigger.",
    "Fix the top 1-2 issues, export again, then re-run SoundLens."
  ]
}