{
  "basic": {
    "file_name": "Lazer Dim 700 - REALLY WHATS GOIN.wav",
    "file_path": "/Users/jayden/SoundLens/tracks/Lazer Dim 700/Lazer Dim 700 - REALLY WHATS GOIN.wav",
    "sample_rate": 48000,
    "duration_seconds": 165.96464583333332,
    "bpm": 162.26,
    "key": "E Minor",
    "key_note": "E",
    "key_mode": "Minor",
    "key_confidence": 47.08798749482042
  },
  "loudness": {
    "peak_db": 0.0006347007530596567,
    "rms_db": -5.972360490189731,
    "dynamic_range_db": 5.9729951909427905,
    "clipping_detected": true,
    "clipping_samples": 216259,
    "clipping_percent": 2.7146720379578833,
    "headroom_db": -0.0006347007530596567
  },
  "frequency": {
    "band_percentages": {
      "Sub": 16.66987694541078,
      "Bass / 808": 15.06625383919662,
      "Mud": 14.224689416837249,
      "Low Mids": 14.423645568356738,
      "Mids / Melody": 13.689565861759926,
      "Harsh Zone": 12.82540038649336,
      "Highs": 13.528660102907361,
      "Air": 12.397308263812338,
      "Vocal Range": 14.970631540932086
    },
    "brightness_centroid_hz": 2441.6802115240425,
    "brightness_label": "Medium",
    "spectral_rolloff_hz": 4943.238371625964,
    "dominant_band": "Sub",
    "low_end_total_percent": 31.7361307846074,
    "mid_total_percent": 42.337900846953914,
    "top_total_percent": 25.9259683667197
  },
  "fingerprint": {
    "mfcc_1": -142.89340209960938,
    "mfcc_2": 141.2223358154297,
    "mfcc_3": -4.496664047241211,
    "mfcc_4": 40.6734733581543,
    "mfcc_5": -3.5442423820495605,
    "mfcc_6": 25.47319221496582,
    "mfcc_7": 0.04296843707561493,
    "mfcc_8": 13.850319862365723,
    "mfcc_9": -1.6955111026763916,
    "mfcc_10": 8.075241088867188,
    "mfcc_11": 5.479233741760254,
    "mfcc_12": 9.622386932373047,
    "mfcc_13": 5.889768600463867,
    "chroma_1": 0.18410544097423553,
    "chroma_2": 0.17297664284706116,
    "chroma_3": 0.2253054529428482,
    "chroma_4": 0.27245813608169556,
    "chroma_5": 0.6889917254447937,
    "chroma_6": 0.7006082534790039,
    "chroma_7": 0.35986366868019104,
    "chroma_8": 0.2531430423259735,
    "chroma_9": 0.20646630227565765,
    "chroma_10": 0.1557881385087967,
    "chroma_11": 0.13758061826229095,
    "chroma_12": 0.19746099412441254,
    "spectral_contrast": 18.405898756836233,
    "spectral_flatness": 0.0007394184358417988,
    "zero_crossing_rate": 0.032677595045388814
  },
  "rhythm": {
    "onset_count": 1164,
    "onset_density": 7.013541915239729,
    "drum_activity": "High",
    "estimated_bars": 112,
    "seconds_per_bar": 1.4791076050782694
  },
  "sections": [
    {
      "name": "Section 1",
      "start": 0.0,
      "end": 12.0,
      "avg_energy": 0.5187749266624451,
      "energy_label": "Medium"
    },
    {
      "name": "Section 2",
      "start": 12.0,
      "end": 24.0,
      "avg_energy": 0.47034892439842224,
      "energy_label": "Low"
    },
    {
      "name": "Section 3",
      "start": 24.0,
      "end": 36.0,
      "avg_energy": 0.537497341632843,
      "energy_label": "High"
    },
    {
      "name": "Section 4",
      "start": 36.0,
      "end": 48.0,
      "avg_energy": 0.5417560935020447,
      "energy_label": "High"
    },
    {
      "name": "Section 5",
      "start": 48.0,
      "end": 60.0,
      "avg_energy": 0.5230223536491394,
      "energy_label": "Medium"
    },
    {
      "name": "Section 6",
      "start": 60.0,
      "end": 72.0,
      "avg_energy": 0.48757708072662354,
      "energy_label": "Low"
    },
    {
      "name": "Section 7",
      "start": 72.0,
      "end": 84.0,
      "avg_energy": 0.5321968793869019,
      "energy_label": "Medium"
    },
    {
      "name": "Section 8",
      "start": 84.0,
      "end": 96.0,
      "avg_energy": 0.5332754254341125,
      "energy_label": "Medium"
    },
    {
      "name": "Section 9",
      "start": 96.0,
      "end": 108.0,
      "avg_energy": 0.5143844485282898,
      "energy_label": "Medium"
    },
    {
      "name": "Section 10",
      "start": 108.0,
      "end": 120.0,
      "avg_energy": 0.4960556626319885,
      "energy_label": "Low"
    },
    {
      "name": "Section 11",
      "start": 120.0,
      "end": 132.0,
      "avg_energy": 0.5352028012275696,
      "energy_label": "High"
    },
    {
      "name": "Section 12",
      "start": 132.0,
      "end": 144.0,
      "avg_energy": 0.5366495847702026,
      "energy_label": "High"
    },
    {
      "name": "Section 13",
      "start": 144.0,
      "end": 156.0,
      "avg_energy": 0.4981565475463867,
      "energy_label": "Medium"
    },
    {
      "name": "Section 14",
      "start": 156.0,
      "end": 165.96464583333332,
      "avg_energy": 0.11665508151054382,
      "energy_label": "Low"
    }
  ],
  "scores": {
    "mix": 53,
    "master": 53,
    "arrangement": 81,
    "release": 61,
    "energy": 9.513819754905136,
    "bass_strength": 6.34722615692148,
    "darkness": 5.116639576951915,
    "brightness": 4.883360423048085,
    "drum_bounce": 10,
    "vocal_space": 2.2496034377855665
  },
  "stem_balance": null,
  "top_problems": [
    "Clipping detected: 216259 samples are near/over the limit.",
    "Mud range is elevated around 250-500 Hz.",
    "Track is extremely loud for the selected style and may be crushed.",
    "Dynamic range is tight, which can make the beat feel flattened.",
    "Drum movement is very active; the beat could become overcrowded."
  ],
  "suggested_fixes": [
    "Lower the master/output, then use a soft clipper or limiter with safer ceiling.",
    "Back off limiting/clipping only if the punch or clarity disappears.",
    "Reduce over-compression or clipping on the master and let transients breathe.",
    "Gently cut 250-500 Hz on melodies, pads, or the master if the mix feels cloudy.",
    "Mute extra percussion in some sections so the hook/drop feels bigger."
  ],
  "artist_notes": [
    "Autotune/key starting point: E Minor. Confidence: 47.1%.",
    "Beat energy: 9.5/10. Darkness: 5.1/10.",
    "Vocal space estimate: 2.2/10. Higher means easier space for vocals."
  ],
  "producer_notes": [
    "Low-end presence looks usable for the selected style.",
    "Selected style preset: rage_trap.",
    "Dominant frequency area: Sub.",
    "Drum activity is high at 7.01 hits/sec.",
    "Estimated length: 112 bars at 162 BPM."
  ],
  "master_notes": [
    "Clipping is the first thing to fix before judging the rest of the mix.",
    "Peak: 0.00 dB. RMS: -5.97 dB. Dynamic range: 5.97 dB."
  ],
  "next_steps": [
    "Lower the master/output, then use a soft clipper or limiter with safer ceiling.",
    "Back off limiting/clipping only if the punch or clarity disappears.",
    "Reduce over-compression or clipping on the master and let transients breathe.",
    "Fix the technical problems first before worrying about tiny creative details."
  ]
}