{
  "basic": {
    "file_name": "Lazer Dim 700 - GREENED OUT.wav",
    "file_path": "/Volumes/POLLY/tracks/Lazer Dim 700/Lazer Dim 700 - GREENED OUT.wav",
    "sample_rate": 48000,
    "duration_seconds": 129.8924375,
    "bpm": 140.0,
    "key": "C Minor",
    "key_note": "C",
    "key_mode": "Minor",
    "key_confidence": 42.9764015346842
  },
  "loudness": {
    "peak_db": -0.39345686616165937,
    "rms_db": -11.32058576454665,
    "dynamic_range_db": 10.92712889838499,
    "clipping_detected": false,
    "clipping_samples": 0,
    "clipping_percent": 0.0,
    "headroom_db": 0.39345686616165937
  },
  "frequency": {
    "band_percentages": {
      "Sub": 17.68708131115598,
      "Bass / 808": 15.388571632123933,
      "Mud": 14.587768856123304,
      "Low Mids": 13.940914033681013,
      "Mids / Melody": 13.794997139831185,
      "Harsh Zone": 12.69947161904938,
      "Highs": 12.863405335712091,
      "Air": 11.737261689428784,
      "Vocal Range": 14.910281940696738
    },
    "brightness_centroid_hz": 2191.2393849136197,
    "brightness_label": "Medium",
    "spectral_rolloff_hz": 4771.328805017244,
    "dominant_band": "Sub",
    "low_end_total_percent": 33.07565294327991,
    "mid_total_percent": 42.3236800296355,
    "top_total_percent": 24.600667025140876
  },
  "fingerprint": {
    "mfcc_1": -211.9997100830078,
    "mfcc_2": 1.127990484237671,
    "mfcc_3": 6.805214881896973,
    "mfcc_4": 0.5482398867607117,
    "mfcc_5": 2.552297830581665,
    "mfcc_6": 16.61905860900879,
    "mfcc_7": -7.690314769744873,
    "mfcc_8": -9.107155799865723,
    "mfcc_9": 2.665163516998291,
    "mfcc_10": 6.191732883453369,
    "mfcc_11": -5.040568828582764,
    "mfcc_12": 3.6276772022247314,
    "mfcc_13": 1.0853285789489746,
    "chroma_1": 0.3927634358406067,
    "chroma_2": 0.38629329204559326,
    "chroma_3": 0.3955371677875519,
    "chroma_4": 0.6942171454429626,
    "chroma_5": 0.5941272974014282,
    "chroma_6": 0.3853515386581421,
    "chroma_7": 0.3166206181049347,
    "chroma_8": 0.30558785796165466,
    "chroma_9": 0.4213840663433075,
    "chroma_10": 0.3985225260257721,
    "chroma_11": 0.2939712405204773,
    "chroma_12": 0.252219557762146,
    "spectral_contrast": 22.636705699586855,
    "spectral_flatness": 0.008452319540083408,
    "zero_crossing_rate": 0.04258231998597136,
    "embed_mfcc_1_mean": -211.9997100830078,
    "embed_mfcc_1_std": 50.19046401977539,
    "embed_mfcc_2_mean": 1.127990484237671,
    "embed_mfcc_2_std": 35.89097595214844,
    "embed_mfcc_3_mean": 6.805214881896973,
    "embed_mfcc_3_std": 23.13646697998047,
    "embed_mfcc_4_mean": 0.5482398867607117,
    "embed_mfcc_4_std": 22.585939407348633,
    "embed_mfcc_5_mean": 2.552297830581665,
    "embed_mfcc_5_std": 15.524457931518555,
    "embed_mfcc_6_mean": 16.61905860900879,
    "embed_mfcc_6_std": 13.727867126464844,
    "embed_mfcc_7_mean": -7.690314769744873,
    "embed_mfcc_7_std": 15.905733108520508,
    "embed_mfcc_8_mean": -9.107155799865723,
    "embed_mfcc_8_std": 17.567367553710938,
    "embed_mfcc_9_mean": 2.665163516998291,
    "embed_mfcc_9_std": 13.267186164855957,
    "embed_mfcc_10_mean": 6.191732883453369,
    "embed_mfcc_10_std": 13.697935104370117,
    "embed_mfcc_11_mean": -5.040568828582764,
    "embed_mfcc_11_std": 12.114781379699707,
    "embed_mfcc_12_mean": 3.6276772022247314,
    "embed_mfcc_12_std": 10.680359840393066,
    "embed_mfcc_13_mean": 1.0853285789489746,
    "embed_mfcc_13_std": 9.735018730163574,
    "embed_mfcc_14_mean": 0.8482789993286133,
    "embed_mfcc_14_std": 11.073362350463867,
    "embed_mfcc_15_mean": -1.0060153007507324,
    "embed_mfcc_15_std": 10.856607437133789,
    "embed_mfcc_16_mean": 7.29213809967041,
    "embed_mfcc_16_std": 9.201499938964844,
    "embed_mfcc_17_mean": -3.949968099594116,
    "embed_mfcc_17_std": 9.685240745544434,
    "embed_mfcc_18_mean": 3.26298189163208,
    "embed_mfcc_18_std": 9.658703804016113,
    "embed_mfcc_19_mean": 3.38474702835083,
    "embed_mfcc_19_std": 7.5352325439453125,
    "embed_mfcc_20_mean": -2.3711516857147217,
    "embed_mfcc_20_std": 9.243197441101074,
    "embed_chroma_1_mean": 0.3927634358406067,
    "embed_chroma_1_std": 0.30421125888824463,
    "embed_chroma_2_mean": 0.38629329204559326,
    "embed_chroma_2_std": 0.28767868876457214,
    "embed_chroma_3_mean": 0.3955371677875519,
    "embed_chroma_3_std": 0.2689061760902405,
    "embed_chroma_4_mean": 0.6942171454429626,
    "embed_chroma_4_std": 0.3083609938621521,
    "embed_chroma_5_mean": 0.5941272974014282,
    "embed_chroma_5_std": 0.28275537490844727,
    "embed_chroma_6_mean": 0.3853515386581421,
    "embed_chroma_6_std": 0.1892305165529251,
    "embed_chroma_7_mean": 0.3166206181049347,
    "embed_chroma_7_std": 0.16681355237960815,
    "embed_chroma_8_mean": 0.30558785796165466,
    "embed_chroma_8_std": 0.16402152180671692,
    "embed_chroma_9_mean": 0.4213840663433075,
    "embed_chroma_9_std": 0.30181628465652466,
    "embed_chroma_10_mean": 0.3985225260257721,
    "embed_chroma_10_std": 0.29577940702438354,
    "embed_chroma_11_mean": 0.2939712405204773,
    "embed_chroma_11_std": 0.18262752890586853,
    "embed_chroma_12_mean": 0.252219557762146,
    "embed_chroma_12_std": 0.17322345077991486,
    "embed_contrast_1_mean": 22.747596740722656,
    "embed_contrast_1_std": 4.924461841583252,
    "embed_contrast_2_mean": 14.543845176696777,
    "embed_contrast_2_std": 4.311830997467041,
    "embed_contrast_3_mean": 18.450721740722656,
    "embed_contrast_3_std": 4.208917617797852,
    "embed_contrast_4_mean": 16.929967880249023,
    "embed_contrast_4_std": 3.2088024616241455,
    "embed_contrast_5_mean": 20.55805206298828,
    "embed_contrast_5_std": 4.178456783294678,
    "embed_contrast_6_mean": 17.694639205932617,
    "embed_contrast_6_std": 2.7814345359802246,
    "embed_contrast_7_mean": 47.5321159362793,
    "embed_contrast_7_std": 3.193685293197632,
    "embed_chroma_entropy": 2.4437756538391113,
    "embed_centroid_mean": 1847.1451235070078,
    "embed_centroid_std": 929.9209201729365,
    "embed_rolloff_mean": 4273.915822882402,
    "embed_rolloff_std": 2225.250995428022,
    "embed_flatness_mean": 0.008452319540083408,
    "embed_flatness_std": 0.02074006013572216,
    "embed_zcr_mean": 0.04258231998597136,
    "embed_zcr_std": 0.05120954310141214,
    "embed_rms_mean": 0.26492223143577576,
    "embed_rms_std": 0.13409584760665894,
    "embed_onset_mean": 1.9526325464248657,
    "embed_onset_std": 1.6690610647201538,
    "fingerprint_version": 2.0,
    "fingerprint_duration_seconds": 129.8924716553288,
    "embed_mfcc_delta_mean": 0.0018126408103853464,
    "embed_mfcc_delta_std": 3.348566770553589,
    "embed_chroma_delta_mean": 1.1913599337276537e-05,
    "embed_chroma_delta_std": 0.027991672977805138,
    "embed_onset_peak": 12.330065727233887,
    "embed_onset_p95": 5.338949203491211,
    "embed_rms_p10": 0.0649576336145401,
    "embed_rms_p50": 0.2905266284942627,
    "embed_rms_p90": 0.4209345281124115,
    "embedding_nonzero_count": 100.0
  },
  "rhythm": {
    "onset_count": 1015,
    "onset_density": 7.81415777188722,
    "drum_activity": "High",
    "estimated_bars": 76,
    "seconds_per_bar": 1.7142857142857142
  },
  "sections": [
    {
      "name": "Intro",
      "start": 0.0,
      "end": 16.0,
      "avg_energy": 0.0308978334069252,
      "energy_label": "Low"
    },
    {
      "name": "Chorus / Hook",
      "start": 16.0,
      "end": 32.0,
      "avg_energy": 0.30950844287872314,
      "energy_label": "High"
    },
    {
      "name": "Verse",
      "start": 32.0,
      "end": 48.0,
      "avg_energy": 0.32032251358032227,
      "energy_label": "High"
    },
    {
      "name": "Chorus / Hook",
      "start": 48.0,
      "end": 64.0,
      "avg_energy": 0.32416805624961853,
      "energy_label": "High"
    },
    {
      "name": "Verse",
      "start": 64.0,
      "end": 80.0,
      "avg_energy": 0.21279104053974152,