{
  "basic": {
    "file_name": "Lazer Dim 700 - Barnacles.wav",
    "file_path": "/Volumes/POLLY/tracks/Lazer Dim 700/Lazer Dim 700 - Barnacles.wav",
    "sample_rate": 48000,
    "duration_seconds": 100.960375,
    "bpm": 140.0,
    "key": "G Minor",
    "key_note": "G",
    "key_mode": "Minor",
    "key_confidence": 43.060417254035784
  },
  "loudness": {
    "peak_db": 0.0006543726291778902,
    "rms_db": -7.61144214774842,
    "dynamic_range_db": 7.612096520377598,
    "clipping_detected": true,
    "clipping_samples": 86892,
    "clipping_percent": 1.7930301863478617,
    "headroom_db": -0.0006543726291778902
  },
  "frequency": {
    "band_percentages": {
      "Sub": 14.476114689491087,
      "Bass / 808": 14.275717265321722,
      "Mud": 14.971880709126076,
      "Low Mids": 15.130045170275148,
      "Mids / Melody": 14.450282013079885,
      "Harsh Zone": 13.425912991469998,
      "Highs": 13.625385623947492,
      "Air": 13.070574527061805,
      "Vocal Range": 15.696766904515174
    },
    "brightness_centroid_hz": 3642.63242481058,
    "brightness_label": "High",
    "spectral_rolloff_hz": 7976.809271339531,
    "dominant_band": "Low Mids",
    "low_end_total_percent": 28.751831954812808,
    "mid_total_percent": 44.55220789248111,
    "top_total_percent": 26.695960151009295
  },
  "fingerprint": {
    "mfcc_1": -100.125,
    "mfcc_2": -17.501230239868164,
    "mfcc_3": -16.051027297973633,
    "mfcc_4": -16.84127426147461,
    "mfcc_5": -10.055413246154785,
    "mfcc_6": -8.341800689697266,
    "mfcc_7": -12.046792030334473,
    "mfcc_8": 2.6877760887145996,
    "mfcc_9": -6.713172435760498,
    "mfcc_10": 1.8434643745422363,
    "mfcc_11": -4.635660648345947,
    "mfcc_12": 0.9977765083312988,
    "mfcc_13": -1.2850170135498047,
    "chroma_1": 0.3628827929496765,
    "chroma_2": 0.3822333514690399,
    "chroma_3": 0.37357819080352783,
    "chroma_4": 0.3584907352924347,
    "chroma_5": 0.32600268721580505,
    "chroma_6": 0.36539316177368164,
    "chroma_7": 0.39528948068618774,
    "chroma_8": 0.7621418237686157,
    "chroma_9": 0.6443734765052795,
    "chroma_10": 0.44568613171577454,
    "chroma_11": 0.4324730932712555,
    "chroma_12": 0.3271467387676239,
    "spectral_contrast": 21.21455468409481,
    "spectral_flatness": 0.03691640496253967,
    "zero_crossing_rate": 0.12081879005949643,
    "embed_mfcc_1_mean": -100.125,
    "embed_mfcc_1_std": 116.05682373046875,
    "embed_mfcc_2_mean": -17.501230239868164,
    "embed_mfcc_2_std": 24.884082794189453,
    "embed_mfcc_3_mean": -16.051027297973633,
    "embed_mfcc_3_std": 25.001819610595703,
    "embed_mfcc_4_mean": -16.84127426147461,
    "embed_mfcc_4_std": 11.872764587402344,
    "embed_mfcc_5_mean": -10.055413246154785,
    "embed_mfcc_5_std": 12.47197437286377,
    "embed_mfcc_6_mean": -8.341800689697266,
    "embed_mfcc_6_std": 9.583230972290039,
    "embed_mfcc_7_mean": -12.046792030334473,
    "embed_mfcc_7_std": 10.871377944946289,
    "embed_mfcc_8_mean": 2.6877760887145996,
    "embed_mfcc_8_std": 12.384634017944336,
    "embed_mfcc_9_mean": -6.713172435760498,
    "embed_mfcc_9_std": 9.727728843688965,
    "embed_mfcc_10_mean": 1.8434643745422363,
    "embed_mfcc_10_std": 8.686789512634277,
    "embed_mfcc_11_mean": -4.635660648345947,
    "embed_mfcc_11_std": 9.02255916595459,
    "embed_mfcc_12_mean": 0.9977765083312988,
    "embed_mfcc_12_std": 7.158291339874268,
    "embed_mfcc_13_mean": -1.2850170135498047,
    "embed_mfcc_13_std": 6.735779285430908,
    "embed_mfcc_14_mean": 3.3492794036865234,
    "embed_mfcc_14_std": 6.1001296043396,
    "embed_mfcc_15_mean": -1.1328164339065552,
    "embed_mfcc_15_std": 6.865453243255615,
    "embed_mfcc_16_mean": 6.7562255859375,
    "embed_mfcc_16_std": 6.665552139282227,
    "embed_mfcc_17_mean": -1.02951180934906,
    "embed_mfcc_17_std": 6.626924514770508,
    "embed_mfcc_18_mean": 3.6930856704711914,
    "embed_mfcc_18_std": 6.822342872619629,
    "embed_mfcc_19_mean": -0.775245189666748,
    "embed_mfcc_19_std": 6.070748805999756,
    "embed_mfcc_20_mean": 2.4258487224578857,
    "embed_mfcc_20_std": 5.984386920928955,
    "embed_chroma_1_mean": 0.3628827929496765,
    "embed_chroma_1_std": 0.21991068124771118,
    "embed_chroma_2_mean": 0.3822333514690399,
    "embed_chroma_2_std": 0.22842104732990265,
    "embed_chroma_3_mean": 0.37357819080352783,
    "embed_chroma_3_std": 0.17729532718658447,
    "embed_chroma_4_mean": 0.3584907352924347,
    "embed_chroma_4_std": 0.1714392900466919,
    "embed_chroma_5_mean": 0.32600268721580505,
    "embed_chroma_5_std": 0.1787511706352234,
    "embed_chroma_6_mean": 0.36539316177368164,
    "embed_chroma_6_std": 0.19034308195114136,
    "embed_chroma_7_mean": 0.39528948068618774,
    "embed_chroma_7_std": 0.18675510585308075,
    "embed_chroma_8_mean": 0.7621418237686157,
    "embed_chroma_8_std": 0.2723734974861145,
    "embed_chroma_9_mean": 0.6443734765052795,
    "embed_chroma_9_std": 0.2758726179599762,
    "embed_chroma_10_mean": 0.44568613171577454,
    "embed_chroma_10_std": 0.24865272641181946,
    "embed_chroma_11_mean": 0.4324730932712555,
    "embed_chroma_11_std": 0.28030726313591003,
    "embed_chroma_12_mean": 0.3271467387676239,
    "embed_chroma_12_std": 0.20805826783180237,
    "embed_contrast_1_mean": 18.492778778076172,
    "embed_contrast_1_std": 8.216718673706055,
    "embed_contrast_2_mean": 15.220311164855957,
    "embed_contrast_2_std": 4.545844554901123,
    "embed_contrast_3_mean": 17.990896224975586,
    "embed_contrast_3_std": 4.514073848724365,
    "embed_contrast_4_mean": 16.58509063720703,
    "embed_contrast_4_std": 3.4827163219451904,
    "embed_contrast_5_mean": 16.853647232055664,
    "embed_contrast_5_std": 3.202651023864746,
    "embed_contrast_6_mean": 16.30337142944336,
    "embed_contrast_6_std": 2.9483439922332764,
    "embed_contrast_7_mean": 47.055789947509766,
    "embed_contrast_7_std": 7.381446838378906,
    "embed_chroma_entropy": 2.445726156234741,
    "embed_centroid_mean": 2720.9105285360065,
    "embed_centroid_std": 1080.0946733091623,
    "embed_rolloff_mean": 5999.31180300069,
    "embed_rolloff_std": 1994.8066860607173,
    "embed_flatness_mean": 0.03691640496253967,
    "embed_flatness_std": 0.04292129725217819,
    "embed_zcr_mean": 0.12081879005949643,
    "embed_zcr_std": 0.07672487653281992,
    "embed_rms_mean": 0.2586941421031952,
    "embed_rms_std": 0.10879898816347122,
    "embed_onset_mean": 1.31234872341156,
    "embed_onset_std": 0.8589493632316589,
    "fingerprint_version": 2.0,
    "fingerprint_duration_seconds": 100.9604081632653,
    "embed_mfcc_delta_mean": -0.003264192957431078,
    "embed_mfcc_delta_std": 2.205763339996338,
    "embed_chroma_delta_mean": 0.00010484973608981818,
    "embed_chroma_delta_std": 0.033504050225019455,
    "embed_onset_peak": 9.41987133026123,
    "embed_onset_p95": 2.8902993202209473,
    "embed_rms_p10": 0.08537007868289948,
    "embed_rms_p50": 0.27192503213882446,
    "embed_rms_p90": 0.38614600896835327,
    "embedding_nonzero_count": 100.0
  },
  "rhythm": {
    "onset_count": 182,
    "onset_density": 1.802687440493362,
    "drum_activity": "Medium",
    "estimated_bars": 59,
    "seconds_per_bar": 1.7142857142857142
  },
  "sections": [
    {
      "name": "Intro",
      "start": 0.0,
      "end": 16.0,
      "avg_energy": 0.3508010804653168,
      "energy_label": "Low"
    },
    {
      "name": "Chorus / Hook",
      "start": 16.0,
      "end": 32.0,
      "avg_energy": 0.4417855143547058,
      "energy_label": "Medium"
    },
    {
      "name": "Verse",
      "start": 32.0,
      "end": 48.0,
      "avg_energy": 0.45584675669670105,
      "energy_label": "Medium"
    },
    {
      "name": "Chorus / Hook",
      "start": 48.0,
      "end": 64.0,
      "avg_energy": 0.44349220395088196,
      "energy_label": "Medium"
    },
    {
      "name": "Verse",
      "start": 64.0,
      "end": 80.0,
      "avg_energy": 0.45819222927093506,