{
  "basic": {
    "file_name": "Lazer Dim 700 - Matchup.wav",
    "file_path": "/Users/jayden/SoundLens/tracks/Lazer Dim 700/Lazer Dim 700 - Matchup.wav",
    "sample_rate": 48000,
    "duration_seconds": 149.942875,
    "bpm": 148.03,
    "key": "G# Major",
    "key_note": "G#",
    "key_mode": "Major",
    "key_confidence": 45.19215520442517
  },
  "loudness": {
    "peak_db": -0.552064850394691,
    "rms_db": -13.702667864683884,
    "dynamic_range_db": 13.150603014289192,
    "clipping_detected": false,
    "clipping_samples": 0,
    "clipping_percent": 0.0,
    "headroom_db": 0.552064850394691
  },
  "frequency": {
    "band_percentages": {
      "Sub": 17.411934956437747,
      "Bass / 808": 14.390636918812168,
      "Mud": 14.258047479775632,
      "Low Mids": 14.652840127642222,
      "Mids / Melody": 15.385428620499376,
      "Harsh Zone": 13.979849932126303,
      "Highs": 13.07767068691719,
      "Air": 10.823441207958808,
      "Vocal Range": 15.800077725403142
    },
    "brightness_centroid_hz": 2231.2194113969367,
    "brightness_label": "Medium",
    "spectral_rolloff_hz": 4696.0544040759705,
    "dominant_band": "Sub",
    "low_end_total_percent": 31.802571875249917,
    "mid_total_percent": 44.29631622791723,
    "top_total_percent": 23.901111894875996
  },
  "fingerprint": {
    "mfcc_1": -196.70379638671875,
    "mfcc_2": 144.7474365234375,
    "mfcc_3": -39.75899887084961,
    "mfcc_4": 40.15143585205078,
    "mfcc_5": -0.658572256565094,
    "mfcc_6": 21.330467224121094,
    "mfcc_7": 7.03023624420166,
    "mfcc_8": 16.727121353149414,
    "mfcc_9": 2.7452552318573,
    "mfcc_10": 10.42159366607666,
    "mfcc_11": 2.172295331954956,
    "mfcc_12": 3.7985806465148926,
    "mfcc_13": 3.4851930141448975,
    "chroma_1": 0.1578458994626999,
    "chroma_2": 0.1688927561044693,
    "chroma_3": 0.22035734355449677,
    "chroma_4": 0.2615223228931427,
    "chroma_5": 0.17902284860610962,
    "chroma_6": 0.18973591923713684,
    "chroma_7": 0.26288914680480957,
    "chroma_8": 0.6526924967765808,
    "chroma_9": 0.6721419095993042,
    "chroma_10": 0.4047515094280243,
    "chroma_11": 0.1966419219970703,
    "chroma_12": 0.12805582582950592,
    "spectral_contrast": 19.406227308865333,
    "spectral_flatness": 0.00023442167730536312,
    "zero_crossing_rate": 0.023933978317506047
  },
  "rhythm": {
    "onset_count": 614,
    "onset_density": 4.094892805009908,
    "drum_activity": "High",
    "estimated_bars": 92,
    "seconds_per_bar": 1.621292981152469
  },
  "sections": [
    {
      "name": "Section 1",
      "start": 0.0,
      "end": 12.970343849219752,
      "avg_energy": 0.16606324911117554,
      "energy_label": "Low"
    },
    {
      "name": "Section 2",
      "start": 12.970343849219752,
      "end": 25.940687698439504,
      "avg_energy": 0.23775330185890198,
      "energy_label": "High"
    },
    {
      "name": "Section 3",
      "start": 25.940687698439504,
      "end": 38.911031547659256,
      "avg_energy": 0.2098885476589203,
      "energy_label": "Medium"
    },
    {
      "name": "Section 4",
      "start": 38.911031547659256,
      "end": 51.88137539687901,
      "avg_energy": 0.2409922331571579,
      "energy_label": "High"
    },
    {
      "name": "Section 5",
      "start": 51.88137539687901,
      "end": 64.85171924609875,
      "avg_energy": 0.23726126551628113,
      "energy_label": "High"
    },
    {
      "name": "Section 6",
      "start": 64.85171924609875,
      "end": 77.8220630953185,
      "avg_energy": 0.23558330535888672,
      "energy_label": "High"
    },
    {
      "name": "Section 7",
      "start": 77.8220630953185,
      "end": 90.79240694453824,
      "avg_energy": 0.20949484407901764,
      "energy_label": "Medium"
    },
    {
      "name": "Section 8",
      "start": 90.79240694453824,
      "end": 103.76275079375799,
      "avg_energy": 0.17593251168727875,
      "energy_label": "Low"
    },
    {
      "name": "Section 9",
      "start": 103.76275079375799,
      "end": 116.73309464297773,
      "avg_energy": 0.23501312732696533,
      "energy_label": "Medium"
    },
    {
      "name": "Section 10",
      "start": 116.73309464297773,
      "end": 129.70343849219748,
      "avg_energy": 0.2061747908592224,
      "energy_label": "Medium"
    },
    {
      "name": "Section 11",
      "start": 129.70343849219748,
      "end": 142.67378234141722,
      "avg_energy": 0.1485597938299179,
      "energy_label": "Low"
    },
    {
      "name": "Section 12",
      "start": 142.67378234141722,
      "end": 149.942875,
      "avg_energy": 0.017197422683238983,
      "energy_label": "Low"
    }
  ],
  "scores": {
    "mix": 94,
    "master": 94,
    "arrangement": 81,
    "release": 90,
    "energy": 5.648666067658058,
    "bass_strength": 6.360514375049983,
    "darkness": 5.537561177206126,
    "brightness": 4.462438822793874,
    "drum_bounce": 10,
    "vocal_space": 2.2035181327122864
  },
  "stem_balance": null,
  "top_problems": [
    "Mud range is elevated around 250-500 Hz.",
    "Drum movement is very active; the beat could become overcrowded.",
    "Hook/verse contrast looks low, but arrangement detection is still an estimate."
  ],
  "suggested_fixes": [
    "Gently cut 250-500 Hz on melodies, pads, or the master if the mix feels cloudy.",
    "Mute extra percussion in some sections so the hook/drop feels bigger.",
    "Check the waveform/sections by ear. If the hook feels flat, add contrast with melody layers, drum changes, or vocal energy."
  ],
  "artist_notes": [
    "Autotune/key starting point: G# Major. Confidence: 45.2%.",
    "Beat energy: 5.6/10. Darkness: 5.5/10.",
    "Vocal space estimate: 2.2/10. Higher means easier space for vocals."
  ],
  "producer_notes": [
    "Low-end presence looks usable for the selected style.",
    "Selected style preset: rage_trap.",
    "Dominant frequency area: Sub.",
    "Drum activity is high at 4.09 hits/sec.",
    "Estimated length: 92 bars at 148 BPM."
  ],
  "master_notes": [
    "No obvious clipping problem detected.",
    "Loudness is in a usable range for the selected style.",
    "Peak: -0.55 dB. RMS: -13.70 dB. Dynamic range: 13.15 dB."
  ],
  "next_steps": [
    "Gently cut 250-500 Hz on melodies, pads, or the master if the mix feels cloudy.",
    "Mute extra percussion in some sections so the hook/drop feels bigger.",
    "Check the waveform/sections by ear. If the hook feels flat, add contrast with melody layers, drum changes, or vocal energy.",
    "This is close. Only make small changes unless you hear a clear problem."
  ]
}