{
  "basic": {
    "file_name": "Lazer Dim 700 - Weaponry.wav",
    "file_path": "/Volumes/POLLY/tracks/Lazer Dim 700/Lazer Dim 700 - Weaponry.wav",
    "sample_rate": 48000,
    "duration_seconds": 138.251625,
    "bpm": 140.0,
    "key": "F Minor",
    "key_note": "F",
    "key_mode": "Minor",
    "key_confidence": 43.04701152221533
  },
  "loudness": {
    "peak_db": -8.335321793992799e-05,
    "rms_db": -11.271635786882229,
    "dynamic_range_db": 11.271552433664288,
    "clipping_detected": true,
    "clipping_samples": 120,
    "clipping_percent": 0.0018082970091671615,
    "headroom_db": 8.335321793992799e-05
  },
  "frequency": {
    "band_percentages": {
      "Sub": 16.60621026161573,
      "Bass / 808": 14.430037119766148,
      "Mud": 14.827281537057093,
      "Low Mids": 14.98528162990374,
      "Mids / Melody": 14.27526539630605,
      "Harsh Zone": 12.916858271509765,
      "Highs": 13.025575602611733,
      "Air": 11.850348450903226,
      "Vocal Range": 15.581227936234566
    },
    "brightness_centroid_hz": 2068.5110511831735,
    "brightness_label": "Medium",
    "spectral_rolloff_hz": 4135.275830311681,
    "dominant_band": "Sub",
    "low_end_total_percent": 31.036247381381877,
    "mid_total_percent": 44.08782856326688,
    "top_total_percent": 24.875924053514957
  },
  "fingerprint": {
    "mfcc_1": -200.51219177246094,
    "mfcc_2": 30.256940841674805,
    "mfcc_3": -6.799273490905762,
    "mfcc_4": -5.374361515045166,
    "mfcc_5": -12.419407844543457,
    "mfcc_6": -5.732999801635742,
    "mfcc_7": -8.150677680969238,
    "mfcc_8": -5.958451271057129,
    "mfcc_9": -5.707304954528809,
    "mfcc_10": 6.296433448791504,
    "mfcc_11": -2.648526668548584,
    "mfcc_12": 3.662975549697876,
    "mfcc_13": -2.7282769680023193,
    "chroma_1": 0.30022358894348145,
    "chroma_2": 0.35150107741355896,
    "chroma_3": 0.2558816373348236,
    "chroma_4": 0.36455488204956055,
    "chroma_5": 0.2780415117740631,
    "chroma_6": 0.3919897973537445,
    "chroma_7": 0.5004545450210571,
    "chroma_8": 0.3306170105934143,
    "chroma_9": 0.6938920617103577,
    "chroma_10": 0.30681225657463074,
    "chroma_11": 0.3699001669883728,
    "chroma_12": 0.2459219992160797,
    "spectral_contrast": 23.413802055726634,
    "spectral_flatness": 0.007663823664188385,
    "zero_crossing_rate": 0.05179995132304566,
    "embed_mfcc_1_mean": -200.51219177246094,
    "embed_mfcc_1_std": 88.78472900390625,
    "embed_mfcc_2_mean": 30.256940841674805,
    "embed_mfcc_2_std": 40.88793182373047,
    "embed_mfcc_3_mean": -6.799273490905762,
    "embed_mfcc_3_std": 26.85617446899414,
    "embed_mfcc_4_mean": -5.374361515045166,
    "embed_mfcc_4_std": 19.452259063720703,
    "embed_mfcc_5_mean": -12.419407844543457,
    "embed_mfcc_5_std": 13.849767684936523,
    "embed_mfcc_6_mean": -5.732999801635742,
    "embed_mfcc_6_std": 12.556815147399902,
    "embed_mfcc_7_mean": -8.150677680969238,
    "embed_mfcc_7_std": 12.900810241699219,
    "embed_mfcc_8_mean": -5.958451271057129,
    "embed_mfcc_8_std": 15.371927261352539,
    "embed_mfcc_9_mean": -5.707304954528809,
    "embed_mfcc_9_std": 10.863595962524414,
    "embed_mfcc_10_mean": 6.296433448791504,
    "embed_mfcc_10_std": 11.380743026733398,
    "embed_mfcc_11_mean": -2.648526668548584,
    "embed_mfcc_11_std": 11.598336219787598,
    "embed_mfcc_12_mean": 3.662975549697876,
    "embed_mfcc_12_std": 11.050947189331055,
    "embed_mfcc_13_mean": -2.7282769680023193,
    "embed_mfcc_13_std": 9.96351146697998,
    "embed_mfcc_14_mean": 3.755690097808838,
    "embed_mfcc_14_std": 10.2586030960083,
    "embed_mfcc_15_mean": -3.206801414489746,
    "embed_mfcc_15_std": 10.546255111694336,
    "embed_mfcc_16_mean": 5.096027374267578,
    "embed_mfcc_16_std": 9.234345436096191,
    "embed_mfcc_17_mean": 0.7988742589950562,
    "embed_mfcc_17_std": 9.467459678649902,
    "embed_mfcc_18_mean": 4.592430114746094,
    "embed_mfcc_18_std": 8.673599243164062,
    "embed_mfcc_19_mean": 1.4068043231964111,
    "embed_mfcc_19_std": 8.095634460449219,
    "embed_mfcc_20_mean": 5.649110317230225,
    "embed_mfcc_20_std": 7.5669379234313965,
    "embed_chroma_1_mean": 0.30022358894348145,
    "embed_chroma_1_std": 0.24639570713043213,
    "embed_chroma_2_mean": 0.35150107741355896,
    "embed_chroma_2_std": 0.26816099882125854,
    "embed_chroma_3_mean": 0.2558816373348236,
    "embed_chroma_3_std": 0.2036868929862976,
    "embed_chroma_4_mean": 0.36455488204956055,
    "embed_chroma_4_std": 0.25625622272491455,
    "embed_chroma_5_mean": 0.2780415117740631,
    "embed_chroma_5_std": 0.2200005054473877,
    "embed_chroma_6_mean": 0.3919897973537445,
    "embed_chroma_6_std": 0.24511902034282684,
    "embed_chroma_7_mean": 0.5004545450210571,
    "embed_chroma_7_std": 0.33952513337135315,
    "embed_chroma_8_mean": 0.3306170105934143,
    "embed_chroma_8_std": 0.21651780605316162,
    "embed_chroma_9_mean": 0.6938920617103577,
    "embed_chroma_9_std": 0.3387400805950165,
    "embed_chroma_10_mean": 0.30681225657463074,
    "embed_chroma_10_std": 0.2142646312713623,
    "embed_chroma_11_mean": 0.3699001669883728,
    "embed_chroma_11_std": 0.2817690372467041,
    "embed_chroma_12_mean": 0.2459219992160797,
    "embed_chroma_12_std": 0.19614800810813904,
    "embed_contrast_1_mean": 21.909271240234375,
    "embed_contrast_1_std": 4.954346656799316,
    "embed_contrast_2_mean": 15.401046752929688,
    "embed_contrast_2_std": 4.30700159072876,
    "embed_contrast_3_mean": 19.540510177612305,
    "embed_contrast_3_std": 4.350916862487793,
    "embed_contrast_4_mean": 20.480030059814453,
    "embed_contrast_4_std": 4.254428863525391,
    "embed_contrast_5_mean": 20.087173461914062,
    "embed_contrast_5_std": 3.2960267066955566,
    "embed_contrast_6_mean": 18.5893611907959,
    "embed_contrast_6_std": 2.944829225540161,
    "embed_contrast_7_mean": 47.889217376708984,
    "embed_contrast_7_std": 3.680758237838745,
    "embed_chroma_entropy": 2.4382476806640625,
    "embed_centroid_mean": 1670.0367228713264,
    "embed_centroid_std": 994.9055713874436,
    "embed_rolloff_mean": 3548.553542382208,
    "embed_rolloff_std": 2562.359149839532,
    "embed_flatness_mean": 0.007663823664188385,
    "embed_flatness_std": 0.020200369879603386,
    "embed_zcr_mean": 0.05179995132304566,
    "embed_zcr_std": 0.05435192412351585,
    "embed_rms_mean": 0.25593242049217224,
    "embed_rms_std": 0.12185776978731155,
    "embed_onset_mean": 1.5759804248809814,
    "embed_onset_std": 1.528132677078247,
    "fingerprint_version": 2.0,
    "fingerprint_duration_seconds": 138.2516553287982,
    "embed_mfcc_delta_mean": -0.0037816150579601526,
    "embed_mfcc_delta_std": 3.0585789680480957,
    "embed_chroma_delta_mean": 6.08166737947613e-05,
    "embed_chroma_delta_std": 0.029039347544312477,
    "embed_onset_peak": 13.293126106262207,
    "embed_onset_p95": 4.917426586151123,
    "embed_rms_p10": 0.04449991509318352,
    "embed_rms_p50": 0.31490838527679443,
    "embed_rms_p90": 0.36342111229896545,
    "embedding_nonzero_count": 100.0
  },
  "rhythm": {
    "onset_count": 429,
    "onset_density": 3.1030376677308498,
    "drum_activity": "High",
    "estimated_bars": 81,
    "seconds_per_bar": 1.7142857142857142
  },
  "sections": [
    {
      "name": "Intro",
      "start": 0.0,
      "end": 16.0,
      "avg_energy": 0.3302938640117645,
      "energy_label": "High"
    },
    {
      "name": "Chorus / Hook",
      "start": 16.0,
      "end": 32.0,
      "avg_energy": 0.3616993725299835,
      "energy_label": "High"
    },
    {
      "name": "Verse",
      "start": 32.0,
      "end": 48.0,
      "avg_energy": 0.26868686079978943,
      "energy_label": "Medium"
    },
    {
      "name": "Chorus / Hook",
      "start": 48.0,
      "end": 64.0,
      "avg_energy": 0.343339204788208,
      "energy_label": "High"
    },
    {
      "name": "Verse",
      "start": 64.0,
      "end": 80.0,
      "avg_energy": 0.3631014823913574,