{
  "basic": {
    "file_name": "Lazer Dim 700 - Alltime.wav",
    "file_path": "/Users/jayden/SoundLens/tracks/Lazer Dim 700/Lazer Dim 700 - Alltime.wav",
    "sample_rate": 48000,
    "duration_seconds": 106.951125,
    "bpm": 144.23,
    "key": "C Major",
    "key_note": "C",
    "key_mode": "Major",
    "key_confidence": 51.327712830777955
  },
  "loudness": {
    "peak_db": 0.0006119227355779702,
    "rms_db": -6.670326867278059,
    "dynamic_range_db": 6.670938790013637,
    "clipping_detected": true,
    "clipping_samples": 84072,
    "clipping_percent": 1.6376639329413318,
    "headroom_db": -0.0006119227355779702
  },
  "frequency": {
    "band_percentages": {
      "Sub": 16.82328535401651,
      "Bass / 808": 14.024526896791023,
      "Mud": 14.983837041077056,
      "Low Mids": 15.150429563124831,
      "Mids / Melody": 14.199577439292344,
      "Harsh Zone": 12.793118641516,
      "Highs": 12.923338440212106,
      "Air": 11.895005263700579,
      "Vocal Range": 15.703126376627702
    },
    "brightness_centroid_hz": 1738.7413925359315,
    "brightness_label": "Low",
    "spectral_rolloff_hz": 3334.814750174529,
    "dominant_band": "Sub",
    "low_end_total_percent": 30.847812250807532,
    "mid_total_percent": 44.33384404349423,
    "top_total_percent": 24.818343703912685
  },
  "fingerprint": {
    "mfcc_1": -155.47775268554688,
    "mfcc_2": 173.76840209960938,
    "mfcc_3": 10.186963081359863,
    "mfcc_4": 22.014795303344727,
    "mfcc_5": -19.122575759887695,
    "mfcc_6": 13.629319190979004,
    "mfcc_7": -9.015565872192383,
    "mfcc_8": 6.420999050140381,
    "mfcc_9": -7.747394561767578,
    "mfcc_10": -2.3576180934906006,
    "mfcc_11": 2.5647170543670654,
    "mfcc_12": -0.36093762516975403,
    "mfcc_13": 5.291679859161377,
    "chroma_1": 0.5872899889945984,
    "chroma_2": 0.4070378839969635,
    "chroma_3": 0.2788037359714508,
    "chroma_4": 0.2811252772808075,
    "chroma_5": 0.5373172163963318,
    "chroma_6": 0.43603548407554626,
    "chroma_7": 0.23158353567123413,
    "chroma_8": 0.21186453104019165,
    "chroma_9": 0.13817305862903595,
    "chroma_10": 0.13752694427967072,
    "chroma_11": 0.17689788341522217,
    "chroma_12": 0.11103270947933197,
    "spectral_contrast": 20.282931721225008,
    "spectral_flatness": 0.00021167608792893589,
    "zero_crossing_rate": 0.023555735451780194
  },
  "rhythm": {
    "onset_count": 656,
    "onset_density": 6.13364282049394,
    "drum_activity": "High",
    "estimated_bars": 64,
    "seconds_per_bar": 1.6640088747139985
  },
  "sections": [
    {
      "name": "Section 1",
      "start": 0.0,
      "end": 13.312070997711988,
      "avg_energy": 0.35278478264808655,
      "energy_label": "Low"
    },
    {
      "name": "Section 2",
      "start": 13.312070997711988,
      "end": 26.624141995423976,
      "avg_energy": 0.48851531744003296,
      "energy_label": "Medium"
    },
    {
      "name": "Section 3",
      "start": 26.624141995423976,
      "end": 39.93621299313597,
      "avg_energy": 0.5057634115219116,
      "energy_label": "High"
    },
    {
      "name": "Section 4",
      "start": 39.93621299313597,
      "end": 53.24828399084795,
      "avg_energy": 0.4966152012348175,
      "energy_label": "Medium"
    },
    {
      "name": "Section 5",
      "start": 53.24828399084795,
      "end": 66.56035498855994,
      "avg_energy": 0.3899174630641937,
      "energy_label": "Low"
    },
    {
      "name": "Section 6",
      "start": 66.56035498855994,
      "end": 79.87242598627192,
      "avg_energy": 0.49874022603034973,
      "energy_label": "High"
    },
    {
      "name": "Section 7",
      "start": 79.87242598627192,
      "end": 93.1844969839839,
      "avg_energy": 0.5019126534461975,
      "energy_label": "High"
    },
    {
      "name": "Section 8",
      "start": 93.1844969839839,
      "end": 106.951125,
      "avg_energy": 0.4519408345222473,
      "energy_label": "Low"
    }
  ],
  "scores": {
    "mix": 69,
    "master": 69,
    "arrangement": 81,
    "release": 73,
    "energy": 9.16483656636097,
    "bass_strength": 6.169562450161506,
    "darkness": 6.522517214928137,
    "brightness": 3.477482785071863,
    "drum_bounce": 10,
    "vocal_space": 1.8421181031227736
  },
  "stem_balance": null,
  "top_problems": [
    "Clipping detected: 84072 samples are near/over the limit.",
    "Mud range is elevated around 250-500 Hz.",
    "Drum movement is very active; the beat could become overcrowded."
  ],
  "suggested_fixes": [
    "Lower the master/output, then use a soft clipper or limiter with safer ceiling.",
    "Gently cut 250-500 Hz on melodies, pads, or the master if the mix feels cloudy.",
    "Mute extra percussion in some sections so the hook/drop feels bigger."
  ],
  "artist_notes": [
    "Autotune/key starting point: C Major. Confidence: 51.3%.",
    "Beat energy: 9.2/10. Darkness: 6.5/10.",
    "Vocal space estimate: 1.8/10. Higher means easier space for vocals.",
    "Beat leans dark, so brighter vocals/adlibs may cut through well."
  ],
  "producer_notes": [
    "Low-end presence looks usable for the selected style.",
    "Selected style preset: rage_trap.",
    "Dominant frequency area: Sub.",
    "Drum activity is high at 6.13 hits/sec.",
    "Estimated length: 64 bars at 144 BPM."
  ],
  "master_notes": [
    "Clipping is the first thing to fix before judging the rest of the mix.",
    "Loudness is in a usable range for the selected style.",
    "Peak: 0.00 dB. RMS: -6.67 dB. Dynamic range: 6.67 dB."
  ],
  "next_steps": [
    "Lower the master/output, then use a soft clipper or limiter with safer ceiling.",
    "Gently cut 250-500 Hz on melodies, pads, or the master if the mix feels cloudy.",
    "Mute extra percussion in some sections so the hook/drop feels bigger.",
    "Fix the top 1-2 issues, export again, then re-run SoundLens."
  ]
}