{
  "basic": {
    "file_name": "Sosocamo - shot caller.wav",
    "file_path": "/Volumes/POLLY/tracks/Sosocamo/Sosocamo - shot caller.wav",
    "sample_rate": 48000,
    "duration_seconds": 122.21866666666666,
    "bpm": 140.0,
    "key": "F# Major",
    "key_note": "F#",
    "key_mode": "Major",
    "key_confidence": 42.725832222761355
  },
  "loudness": {
    "peak_db": 0.00021951023760826668,
    "rms_db": -8.83808901272584,
    "dynamic_range_db": 8.838308522963448,
    "clipping_detected": true,
    "clipping_samples": 27655,
    "clipping_percent": 0.4714057590766277,
    "headroom_db": -0.00021951023760826668
  },
  "frequency": {
    "band_percentages": {
      "Sub": 16.70591473999158,
      "Bass / 808": 14.727263956232726,
      "Mud": 14.176360596889081,
      "Low Mids": 14.078773281745113,
      "Mids / Melody": 14.292450642743129,
      "Harsh Zone": 13.53738818707241,
      "Highs": 13.194254359496348,
      "Air": 12.82498242110226,
      "Vocal Range": 14.996533612682372
    },
    "brightness_centroid_hz": 2510.507744434322,
    "brightness_label": "Medium",
    "spectral_rolloff_hz": 5177.153329260843,
    "dominant_band": "Sub",
    "low_end_total_percent": 31.433178696224306,
    "mid_total_percent": 42.547584521377324,
    "top_total_percent": 26.019236780598607
  },
  "fingerprint": {
    "mfcc_1": -181.26065063476562,
    "mfcc_2": 1.52152419090271,
    "mfcc_3": -19.949176788330078,
    "mfcc_4": -5.157024383544922,
    "mfcc_5": -0.5514215230941772,
    "mfcc_6": -7.512885093688965,
    "mfcc_7": -4.164532661437988,
    "mfcc_8": -5.432947158813477,
    "mfcc_9": -8.081336975097656,
    "mfcc_10": 0.5739578008651733,
    "mfcc_11": -6.789424419403076,
    "mfcc_12": -1.1139414310455322,
    "mfcc_13": -2.6583926677703857,
    "chroma_1": 0.26878148317337036,
    "chroma_2": 0.3582916259765625,
    "chroma_3": 0.2841452360153198,
    "chroma_4": 0.3586103916168213,
    "chroma_5": 0.2991323471069336,
    "chroma_6": 0.46975773572921753,
    "chroma_7": 0.8063977956771851,
    "chroma_8": 0.320695161819458,
    "chroma_9": 0.34655994176864624,
    "chroma_10": 0.22621405124664307,
    "chroma_11": 0.43687915802001953,
    "chroma_12": 0.2534011900424957,
    "spectral_contrast": 22.709638446952003,
    "spectral_flatness": 0.01875557005405426,
    "zero_crossing_rate": 0.07218115839057662,
    "embed_mfcc_1_mean": -181.26065063476562,
    "embed_mfcc_1_std": 75.68803405761719,
    "embed_mfcc_2_mean": 1.52152419090271,
    "embed_mfcc_2_std": 50.899139404296875,
    "embed_mfcc_3_mean": -19.949176788330078,
    "embed_mfcc_3_std": 32.43492126464844,
    "embed_mfcc_4_mean": -5.157024383544922,
    "embed_mfcc_4_std": 18.342409133911133,
    "embed_mfcc_5_mean": -0.5514215230941772,
    "embed_mfcc_5_std": 16.018972396850586,
    "embed_mfcc_6_mean": -7.512885093688965,
    "embed_mfcc_6_std": 16.372480392456055,
    "embed_mfcc_7_mean": -4.164532661437988,
    "embed_mfcc_7_std": 13.941296577453613,
    "embed_mfcc_8_mean": -5.432947158813477,
    "embed_mfcc_8_std": 13.543006896972656,
    "embed_mfcc_9_mean": -8.081336975097656,
    "embed_mfcc_9_std": 13.578727722167969,
    "embed_mfcc_10_mean": 0.5739578008651733,
    "embed_mfcc_10_std": 12.139697074890137,
    "embed_mfcc_11_mean": -6.789424419403076,
    "embed_mfcc_11_std": 13.1444730758667,
    "embed_mfcc_12_mean": -1.1139414310455322,
    "embed_mfcc_12_std": 10.43186092376709,
    "embed_mfcc_13_mean": -2.6583926677703857,
    "embed_mfcc_13_std": 11.172335624694824,
    "embed_mfcc_14_mean": -4.514118671417236,
    "embed_mfcc_14_std": 10.883352279663086,
    "embed_mfcc_15_mean": -1.6393158435821533,
    "embed_mfcc_15_std": 9.749485969543457,
    "embed_mfcc_16_mean": 5.340112209320068,
    "embed_mfcc_16_std": 9.9689359664917,
    "embed_mfcc_17_mean": -2.8744750022888184,
    "embed_mfcc_17_std": 10.881916999816895,
    "embed_mfcc_18_mean": 5.287112236022949,
    "embed_mfcc_18_std": 8.605905532836914,
    "embed_mfcc_19_mean": -3.431586503982544,
    "embed_mfcc_19_std": 9.531855583190918,
    "embed_mfcc_20_mean": 3.296670436859131,
    "embed_mfcc_20_std": 8.022265434265137,
    "embed_chroma_1_mean": 0.26878148317337036,
    "embed_chroma_1_std": 0.20916083455085754,
    "embed_chroma_2_mean": 0.3582916259765625,
    "embed_chroma_2_std": 0.2677060663700104,
    "embed_chroma_3_mean": 0.2841452360153198,
    "embed_chroma_3_std": 0.2216138392686844,
    "embed_chroma_4_mean": 0.3586103916168213,
    "embed_chroma_4_std": 0.25161460041999817,
    "embed_chroma_5_mean": 0.2991323471069336,
    "embed_chroma_5_std": 0.24456749856472015,
    "embed_chroma_6_mean": 0.46975773572921753,
    "embed_chroma_6_std": 0.29723072052001953,
    "embed_chroma_7_mean": 0.8063977956771851,
    "embed_chroma_7_std": 0.2706091105937958,
    "embed_chroma_8_mean": 0.320695161819458,
    "embed_chroma_8_std": 0.21903719007968903,
    "embed_chroma_9_mean": 0.34655994176864624,
    "embed_chroma_9_std": 0.26755979657173157,
    "embed_chroma_10_mean": 0.22621405124664307,
    "embed_chroma_10_std": 0.17182683944702148,
    "embed_chroma_11_mean": 0.43687915802001953,
    "embed_chroma_11_std": 0.32030147314071655,
    "embed_chroma_12_mean": 0.2534011900424957,
    "embed_chroma_12_std": 0.23278625309467316,
    "embed_contrast_1_mean": 22.9250431060791,
    "embed_contrast_1_std": 5.432361602783203,
    "embed_contrast_2_mean": 15.980778694152832,
    "embed_contrast_2_std": 4.301497936248779,
    "embed_contrast_3_mean": 18.546091079711914,
    "embed_contrast_3_std": 4.4023871421813965,
    "embed_contrast_4_mean": 17.7578067779541,
    "embed_contrast_4_std": 3.643603563308716,
    "embed_contrast_5_mean": 18.488916397094727,
    "embed_contrast_5_std": 3.3439619541168213,
    "embed_contrast_6_mean": 18.724271774291992,
    "embed_contrast_6_std": 3.9371023178100586,
    "embed_contrast_7_mean": 46.54456329345703,
    "embed_contrast_7_std": 3.9766364097595215,
    "embed_chroma_entropy": 2.41692852973938,
    "embed_centroid_mean": 2223.9536050014262,
    "embed_centroid_std": 1201.7800988214367,
    "embed_rolloff_mean": 4678.782124711264,
    "embed_rolloff_std": 2540.2175875414514,
    "embed_flatness_mean": 0.01875557005405426,
    "embed_flatness_std": 0.03750360384583473,
    "embed_zcr_mean": 0.07218115839057662,
    "embed_zcr_std": 0.07453062558408258,
    "embed_rms_mean": 0.2438461184501648,
    "embed_rms_std": 0.16831140220165253,
    "embed_onset_mean": 1.8234163522720337,
    "embed_onset_std": 1.9981167316436768,
    "fingerprint_version": 2.0,
    "fingerprint_duration_seconds": 122.21868480725624,
    "embed_mfcc_delta_mean": -0.0014435411430895329,
    "embed_mfcc_delta_std": 3.599055051803589,
    "embed_chroma_delta_mean": -9.459047578275204e-05,
    "embed_chroma_delta_std": 0.030670087784528732,
    "embed_onset_peak": 15.67966365814209,
    "embed_onset_p95": 5.788408279418945,
    "embed_rms_p10": 0.0730615109205246,
    "embed_rms_p50": 0.1652965247631073,
    "embed_rms_p90": 0.5094830989837646,
    "embedding_nonzero_count": 100.0
  },
  "rhythm": {
    "onset_count": 616,
    "onset_density": 5.040146622447199,
    "drum_activity": "High",
    "estimated_bars": 71,
    "seconds_per_bar": 1.7142857142857142
  },
  "sections": [
    {
      "name": "Intro",
      "start": 0.0,
      "end": 16.0,
      "avg_energy": 0.43575456738471985,
      "energy_label": "High"
    },
    {
      "name": "Chorus / Hook",
      "start": 16.0,
      "end": 32.0,
      "avg_energy": 0.4458509683609009,
      "energy_label": "High"
    },
    {
      "name": "Verse",
      "start": 32.0,
      "end": 48.0,
      "avg_energy": 0.3646164536476135,
      "energy_label": "Medium"
    },
    {
      "name": "Chorus / Hook",
      "start": 48.0,
      "end": 64.0,
      "avg_energy": 0.2808510363101959,
      "energy_label": "Low"
    },
    {
      "name": "Verse",
      "start": 64.0,
      "end": 80.0,
      "avg_energy": 0.3662514388561249,