{
  "basic": {
    "file_name": "Sosocamo - LEGAL TENDER.wav",
    "file_path": "/Volumes/POLLY/tracks/Sosocamo/Sosocamo - LEGAL TENDER.wav",
    "sample_rate": 48000,
    "duration_seconds": 114.43708333333333,
    "bpm": 140.0,
    "key": "F# Minor",
    "key_note": "F#",
    "key_mode": "Minor",
    "key_confidence": 43.744436032571016
  },
  "loudness": {
    "peak_db": -7.610508027834473e-05,
    "rms_db": -10.338254216551913,
    "dynamic_range_db": 10.338178111471635,
    "clipping_detected": true,
    "clipping_samples": 44,
    "clipping_percent": 0.0008010223958579861,
    "headroom_db": 7.610508027834473e-05
  },
  "frequency": {
    "band_percentages": {
      "Sub": 16.04384103178839,
      "Bass / 808": 15.37258500070518,
      "Mud": 14.186181359608083,
      "Low Mids": 13.92328298397681,
      "Mids / Melody": 14.19441307992585,
      "Harsh Zone": 13.627450028281698,
      "Highs": 14.044471391868138,
      "Air": 12.235225150333608,
      "Vocal Range": 14.891603777598899
    },
    "brightness_centroid_hz": 2284.2641348127645,
    "brightness_label": "Medium",
    "spectral_rolloff_hz": 4737.286938437878,
    "dominant_band": "Sub",
    "low_end_total_percent": 31.41642603249357,
    "mid_total_percent": 42.30387742351074,
    "top_total_percent": 26.279696542201748
  },
  "fingerprint": {
    "mfcc_1": -170.33349609375,
    "mfcc_2": 4.6479902267456055,
    "mfcc_3": 11.753934860229492,
    "mfcc_4": 8.22969913482666,
    "mfcc_5": 16.4283390045166,
    "mfcc_6": 3.2496283054351807,
    "mfcc_7": 3.1609668731689453,
    "mfcc_8": 11.674777030944824,
    "mfcc_9": -11.370148658752441,
    "mfcc_10": 14.623475074768066,
    "mfcc_11": -4.40378475189209,
    "mfcc_12": 9.650784492492676,
    "mfcc_13": 2.5585122108459473,
    "chroma_1": 0.1947353631258011,
    "chroma_2": 0.6086131930351257,
    "chroma_3": 0.38397905230522156,
    "chroma_4": 0.2481624037027359,
    "chroma_5": 0.387749582529068,
    "chroma_6": 0.3494004011154175,
    "chroma_7": 0.6676371097564697,
    "chroma_8": 0.40274935960769653,
    "chroma_9": 0.32629987597465515,
    "chroma_10": 0.3153395354747772,
    "chroma_11": 0.21343660354614258,
    "chroma_12": 0.1758340448141098,
    "spectral_contrast": 22.351314643190864,
    "spectral_flatness": 0.016818946227431297,
    "zero_crossing_rate": 0.07437536851415094,
    "embed_mfcc_1_mean": -170.33349609375,
    "embed_mfcc_1_std": 105.98863220214844,
    "embed_mfcc_2_mean": 4.6479902267456055,
    "embed_mfcc_2_std": 51.85037612915039,
    "embed_mfcc_3_mean": 11.753934860229492,
    "embed_mfcc_3_std": 36.64690017700195,
    "embed_mfcc_4_mean": 8.22969913482666,
    "embed_mfcc_4_std": 18.90851402282715,
    "embed_mfcc_5_mean": 16.4283390045166,
    "embed_mfcc_5_std": 13.508753776550293,
    "embed_mfcc_6_mean": 3.2496283054351807,
    "embed_mfcc_6_std": 14.885205268859863,
    "embed_mfcc_7_mean": 3.1609668731689453,
    "embed_mfcc_7_std": 12.632532119750977,
    "embed_mfcc_8_mean": 11.674777030944824,
    "embed_mfcc_8_std": 10.098857879638672,
    "embed_mfcc_9_mean": -11.370148658752441,
    "embed_mfcc_9_std": 10.506402015686035,
    "embed_mfcc_10_mean": 14.623475074768066,
    "embed_mfcc_10_std": 8.813831329345703,
    "embed_mfcc_11_mean": -4.40378475189209,
    "embed_mfcc_11_std": 8.14181137084961,
    "embed_mfcc_12_mean": 9.650784492492676,
    "embed_mfcc_12_std": 7.3606157302856445,
    "embed_mfcc_13_mean": 2.5585122108459473,
    "embed_mfcc_13_std": 7.392318248748779,
    "embed_mfcc_14_mean": 2.4753074645996094,
    "embed_mfcc_14_std": 7.195375919342041,
    "embed_mfcc_15_mean": 0.2893275022506714,
    "embed_mfcc_15_std": 6.787210464477539,
    "embed_mfcc_16_mean": 6.945374488830566,
    "embed_mfcc_16_std": 7.373970031738281,
    "embed_mfcc_17_mean": -0.5013076066970825,
    "embed_mfcc_17_std": 6.178360462188721,
    "embed_mfcc_18_mean": 1.8615472316741943,
    "embed_mfcc_18_std": 6.310036659240723,
    "embed_mfcc_19_mean": 0.9366617202758789,
    "embed_mfcc_19_std": 6.45713472366333,
    "embed_mfcc_20_mean": 3.4344289302825928,
    "embed_mfcc_20_std": 6.020321846008301,
    "embed_chroma_1_mean": 0.1947353631258011,
    "embed_chroma_1_std": 0.1502121388912201,
    "embed_chroma_2_mean": 0.6086131930351257,
    "embed_chroma_2_std": 0.28468817472457886,
    "embed_chroma_3_mean": 0.38397905230522156,
    "embed_chroma_3_std": 0.28315696120262146,
    "embed_chroma_4_mean": 0.2481624037027359,
    "embed_chroma_4_std": 0.1659054458141327,
    "embed_chroma_5_mean": 0.387749582529068,
    "embed_chroma_5_std": 0.30705973505973816,
    "embed_chroma_6_mean": 0.3494004011154175,
    "embed_chroma_6_std": 0.28965169191360474,
    "embed_chroma_7_mean": 0.6676371097564697,
    "embed_chroma_7_std": 0.3338804543018341,
    "embed_chroma_8_mean": 0.40274935960769653,
    "embed_chroma_8_std": 0.31031161546707153,
    "embed_chroma_9_mean": 0.32629987597465515,
    "embed_chroma_9_std": 0.24300873279571533,
    "embed_chroma_10_mean": 0.3153395354747772,
    "embed_chroma_10_std": 0.26502224802970886,
    "embed_chroma_11_mean": 0.21343660354614258,
    "embed_chroma_11_std": 0.13658909499645233,
    "embed_chroma_12_mean": 0.1758340448141098,
    "embed_chroma_12_std": 0.1313435137271881,
    "embed_contrast_1_mean": 20.81706428527832,
    "embed_contrast_1_std": 4.799491882324219,
    "embed_contrast_2_mean": 14.66179084777832,
    "embed_contrast_2_std": 3.847224235534668,
    "embed_contrast_3_mean": 17.673051834106445,
    "embed_contrast_3_std": 4.228882789611816,
    "embed_contrast_4_mean": 16.936800003051758,
    "embed_contrast_4_std": 3.9600768089294434,
    "embed_contrast_5_mean": 17.392141342163086,
    "embed_contrast_5_std": 3.39512038230896,
    "embed_contrast_6_mean": 19.087961196899414,
    "embed_contrast_6_std": 4.2608160972595215,
    "embed_contrast_7_mean": 49.8903923034668,
    "embed_contrast_7_std": 3.6598050594329834,
    "embed_chroma_entropy": 2.4047324657440186,
    "embed_centroid_mean": 2186.9957409757944,
    "embed_centroid_std": 1320.4015044278838,
    "embed_rolloff_mean": 4808.227955126864,
    "embed_rolloff_std": 2851.7213307493157,
    "embed_flatness_mean": 0.016818946227431297,
    "embed_flatness_std": 0.030099082738161087,
    "embed_zcr_mean": 0.07437536851415094,
    "embed_zcr_std": 0.04092602605737895,
    "embed_rms_mean": 0.26942646503448486,
    "embed_rms_std": 0.04449758678674698,
    "embed_onset_mean": 2.446075677871704,
    "embed_onset_std": 3.5378386974334717,
    "fingerprint_version": 2.0,
    "fingerprint_duration_seconds": 114.43709750566893,
    "embed_mfcc_delta_mean": -0.007051188498735428,
    "embed_mfcc_delta_std": 5.391967296600342,
    "embed_chroma_delta_mean": -5.046483420301229e-05,
    "embed_chroma_delta_std": 0.022614434361457825,
    "embed_onset_peak": 26.437211990356445,
    "embed_onset_p95": 9.794689178466797,
    "embed_rms_p10": 0.237494096159935,
    "embed_rms_p50": 0.2747839689254761,
    "embed_rms_p90": 0.3078676164150238,
    "embedding_nonzero_count": 100.0
  },
  "rhythm": {
    "onset_count": 680,
    "onset_density": 5.9421297729101505,
    "drum_activity": "High",
    "estimated_bars": 67,
    "seconds_per_bar": 1.7142857142857142
  },
  "sections": [
    {
      "name": "Intro",
      "start": 0.0,
      "end": 16.0,
      "avg_energy": 0.30968672037124634,
      "energy_label": "Medium"
    },
    {
      "name": "Chorus / Hook",
      "start": 16.0,
      "end": 32.0,
      "avg_energy": 0.31159624457359314,
      "energy_label": "Medium"
    },
    {
      "name": "Verse",
      "start": 32.0,
      "end": 48.0,
      "avg_energy": 0.3030456006526947,
      "energy_label": "Medium"
    },
    {
      "name": "Chorus / Hook",
      "start": 48.0,
      "end": 64.0,
      "avg_energy": 0.3108801543712616,
      "energy_label": "Medium"
    },
    {
      "name": "Verse",
      "start": 64.0,
      "end": 80.0,
      "avg_energy": 0.30743876099586487,