{
  "basic": {
    "file_name": "Sosocamo - keep steady.wav",
    "file_path": "/Volumes/POLLY/tracks/Sosocamo/Sosocamo - keep steady.wav",
    "sample_rate": 48000,
    "duration_seconds": 91.684,
    "bpm": 140.0,
    "key": "G# Minor",
    "key_note": "G#",
    "key_mode": "Minor",
    "key_confidence": 42.14776451817596
  },
  "loudness": {
    "peak_db": -0.18539724755412496,
    "rms_db": -14.712913252577597,
    "dynamic_range_db": 14.527516005023472,
    "clipping_detected": false,
    "clipping_samples": 0,
    "clipping_percent": 0.0,
    "headroom_db": 0.18539724755412496
  },
  "frequency": {
    "band_percentages": {
      "Sub": 15.924075717540887,
      "Bass / 808": 15.164515509606352,
      "Mud": 14.762382400215431,
      "Low Mids": 14.123270783844646,
      "Mids / Melody": 14.55711979730806,
      "Harsh Zone": 13.520282104410446,
      "Highs": 13.84715280505196,
      "Air": 11.621482984525485,
      "Vocal Range": 15.357383673614686
    },
    "brightness_centroid_hz": 2854.1087204634982,
    "brightness_label": "Medium",
    "spectral_rolloff_hz": 5893.623305898092,
    "dominant_band": "Sub",
    "low_end_total_percent": 31.08859122714724,
    "mid_total_percent": 43.44277298136814,
    "top_total_percent": 25.468635789577448
  },
  "fingerprint": {
    "mfcc_1": -203.01602172851562,
    "mfcc_2": -12.599360466003418,
    "mfcc_3": -4.770699977874756,
    "mfcc_4": -2.5528857707977295,
    "mfcc_5": 8.247210502624512,
    "mfcc_6": -0.8785392642021179,
    "mfcc_7": -10.743111610412598,
    "mfcc_8": -3.287038564682007,
    "mfcc_9": -8.998042106628418,
    "mfcc_10": 8.659895896911621,
    "mfcc_11": -11.323660850524902,
    "mfcc_12": 2.5867483615875244,
    "mfcc_13": -6.317049026489258,
    "chroma_1": 0.32648345828056335,
    "chroma_2": 0.4126635491847992,
    "chroma_3": 0.31780189275741577,
    "chroma_4": 0.47036874294281006,
    "chroma_5": 0.376414030790329,
    "chroma_6": 0.28931695222854614,
    "chroma_7": 0.32816997170448303,
    "chroma_8": 0.2869749367237091,
    "chroma_9": 0.3892282247543335,
    "chroma_10": 0.28872865438461304,
    "chroma_11": 0.45592430233955383,
    "chroma_12": 0.49209100008010864,
    "spectral_contrast": 23.30939597689186,
    "spectral_flatness": 0.02824910543859005,
    "zero_crossing_rate": 0.11719986468093188,
    "embed_mfcc_1_mean": -203.01602172851562,
    "embed_mfcc_1_std": 103.34859466552734,
    "embed_mfcc_2_mean": -12.599360466003418,
    "embed_mfcc_2_std": 52.258201599121094,
    "embed_mfcc_3_mean": -4.770699977874756,
    "embed_mfcc_3_std": 31.24765968322754,
    "embed_mfcc_4_mean": -2.5528857707977295,
    "embed_mfcc_4_std": 24.37482261657715,
    "embed_mfcc_5_mean": 8.247210502624512,
    "embed_mfcc_5_std": 19.76587677001953,
    "embed_mfcc_6_mean": -0.8785392642021179,
    "embed_mfcc_6_std": 15.253188133239746,
    "embed_mfcc_7_mean": -10.743111610412598,
    "embed_mfcc_7_std": 14.027616500854492,
    "embed_mfcc_8_mean": -3.287038564682007,
    "embed_mfcc_8_std": 14.083355903625488,
    "embed_mfcc_9_mean": -8.998042106628418,
    "embed_mfcc_9_std": 11.761775016784668,
    "embed_mfcc_10_mean": 8.659895896911621,
    "embed_mfcc_10_std": 11.435293197631836,
    "embed_mfcc_11_mean": -11.323660850524902,
    "embed_mfcc_11_std": 10.89886474609375,
    "embed_mfcc_12_mean": 2.5867483615875244,
    "embed_mfcc_12_std": 8.454914093017578,
    "embed_mfcc_13_mean": -6.317049026489258,
    "embed_mfcc_13_std": 8.700935363769531,
    "embed_mfcc_14_mean": -0.5949720740318298,
    "embed_mfcc_14_std": 8.500508308410645,
    "embed_mfcc_15_mean": -6.179573059082031,
    "embed_mfcc_15_std": 8.951765060424805,
    "embed_mfcc_16_mean": 8.825809478759766,
    "embed_mfcc_16_std": 8.883596420288086,
    "embed_mfcc_17_mean": -6.598292827606201,
    "embed_mfcc_17_std": 10.34350299835205,
    "embed_mfcc_18_mean": 7.656024932861328,
    "embed_mfcc_18_std": 8.470771789550781,
    "embed_mfcc_19_mean": -1.206969141960144,
    "embed_mfcc_19_std": 8.403488159179688,
    "embed_mfcc_20_mean": 2.834850549697876,
    "embed_mfcc_20_std": 7.657638072967529,
    "embed_chroma_1_mean": 0.32648345828056335,
    "embed_chroma_1_std": 0.23853164911270142,
    "embed_chroma_2_mean": 0.4126635491847992,
    "embed_chroma_2_std": 0.3331470191478729,
    "embed_chroma_3_mean": 0.31780189275741577,
    "embed_chroma_3_std": 0.20922519266605377,
    "embed_chroma_4_mean": 0.47036874294281006,
    "embed_chroma_4_std": 0.30922800302505493,
    "embed_chroma_5_mean": 0.376414030790329,
    "embed_chroma_5_std": 0.29233354330062866,
    "embed_chroma_6_mean": 0.28931695222854614,
    "embed_chroma_6_std": 0.18728919327259064,
    "embed_chroma_7_mean": 0.32816997170448303,
    "embed_chroma_7_std": 0.23321840167045593,
    "embed_chroma_8_mean": 0.2869749367237091,
    "embed_chroma_8_std": 0.20787768065929413,
    "embed_chroma_9_mean": 0.3892282247543335,
    "embed_chroma_9_std": 0.26459845900535583,
    "embed_chroma_10_mean": 0.28872865438461304,
    "embed_chroma_10_std": 0.19032642245292664,
    "embed_chroma_11_mean": 0.45592430233955383,
    "embed_chroma_11_std": 0.3308274447917938,
    "embed_chroma_12_mean": 0.49209100008010864,
    "embed_chroma_12_std": 0.3459111452102661,
    "embed_contrast_1_mean": 19.486238479614258,
    "embed_contrast_1_std": 5.136941432952881,
    "embed_contrast_2_mean": 16.037824630737305,
    "embed_contrast_2_std": 4.584308624267578,
    "embed_contrast_3_mean": 19.59214210510254,
    "embed_contrast_3_std": 4.575499534606934,
    "embed_contrast_4_mean": 18.328737258911133,
    "embed_contrast_4_std": 4.1669111251831055,
    "embed_contrast_5_mean": 19.843015670776367,
    "embed_contrast_5_std": 3.8818576335906982,
    "embed_contrast_6_mean": 19.039535522460938,
    "embed_contrast_6_std": 4.143582820892334,
    "embed_contrast_7_mean": 50.838279724121094,
    "embed_contrast_7_std": 4.313725471496582,
    "embed_chroma_entropy": 2.4665873050689697,
    "embed_centroid_mean": 2685.2786116307125,
    "embed_centroid_std": 1346.1804748413435,
    "embed_rolloff_mean": 5620.874882782825,
    "embed_rolloff_std": 2515.3284723485845,
    "embed_flatness_mean": 0.02824910543859005,
    "embed_flatness_std": 0.04376410320401192,
    "embed_zcr_mean": 0.11719986468093188,
    "embed_zcr_std": 0.09327515529902007,
    "embed_rms_mean": 0.15282799303531647,
    "embed_rms_std": 0.09244531393051147,
    "embed_onset_mean": 1.9563169479370117,
    "embed_onset_std": 2.273465156555176,
    "fingerprint_version": 2.0,
    "fingerprint_duration_seconds": 91.68403628117913,
    "embed_mfcc_delta_mean": -0.003280107630416751,
    "embed_mfcc_delta_std": 4.290466785430908,
    "embed_chroma_delta_mean": 5.467071969178505e-05,
    "embed_chroma_delta_std": 0.03257795050740242,
    "embed_onset_peak": 21.139326095581055,
    "embed_onset_p95": 6.771216869354248,
    "embed_rms_p10": 0.048927683383226395,
    "embed_rms_p50": 0.13231022655963898,
    "embed_rms_p90": 0.3036706745624542,
    "embedding_nonzero_count": 100.0
  },
  "rhythm": {
    "onset_count": 523,
    "onset_density": 5.70437589982985,
    "drum_activity": "High",
    "estimated_bars": 53,
    "seconds_per_bar": 1.7142857142857142
  },
  "sections": [
    {
      "name": "Intro",
      "start": 0.0,
      "end": 16.0,
      "avg_energy": 0.17637374997138977,
      "energy_label": "Medium"
    },
    {
      "name": "Chorus / Hook",
      "start": 16.0,
      "end": 32.0,
      "avg_energy": 0.1985538899898529,
      "energy_label": "Medium"
    },
    {
      "name": "Verse",
      "start": 32.0,
      "end": 48.0,
      "avg_energy": 0.16761845350265503,
      "energy_label": "Medium"
    },
    {
      "name": "Chorus / Hook",
      "start": 48.0,
      "end": 64.0,
      "avg_energy": 0.19694162905216217,
      "energy_label": "Medium"
    },
    {
      "name": "Outro",
      "start": 64.0,
      "end": 91.684,
      "avg_energy": 0.18018656969070435,