{
  "basic": {
    "file_name": "Nino Paid - Real Life.wav",
    "file_path": "/Volumes/POLLY/tracks/Nino Paid/Nino Paid - Real Life.wav",
    "sample_rate": 48000,
    "duration_seconds": 104.7800625,
    "bpm": 140.0,
    "key": "C Minor",
    "key_note": "C",
    "key_mode": "Minor",
    "key_confidence": 42.734981389056934
  },
  "loudness": {
    "peak_db": 0.00013460599226731727,
    "rms_db": -10.945053031545982,
    "dynamic_range_db": 10.945187637538249,
    "clipping_detected": true,
    "clipping_samples": 3532,
    "clipping_percent": 0.07022646444148985,
    "headroom_db": -0.00013460599226731727
  },
  "frequency": {
    "band_percentages": {
      "Sub": 16.627920625845835,
      "Bass / 808": 15.112602423502471,
      "Mud": 14.189025860685064,
      "Low Mids": 13.838103181684575,
      "Mids / Melody": 14.257273691062414,
      "Harsh Zone": 13.725953336405217,
      "Highs": 13.930945191093217,
      "Air": 12.04412902427285,
      "Vocal Range": 14.918081611687455
    },
    "brightness_centroid_hz": 3017.579371664406,
    "brightness_label": "Medium",
    "spectral_rolloff_hz": 6520.782967732085,
    "dominant_band": "Sub",
    "low_end_total_percent": 31.740523049348305,
    "mid_total_percent": 42.28440273343205,
    "top_total_percent": 25.975074215366067
  },
  "fingerprint": {
    "mfcc_1": -198.16676330566406,
    "mfcc_2": -23.89698600769043,
    "mfcc_3": 9.16281795501709,
    "mfcc_4": -0.36715734004974365,
    "mfcc_5": 8.911206245422363,
    "mfcc_6": -1.3474565744400024,
    "mfcc_7": -4.127138137817383,
    "mfcc_8": 13.30673599243164,
    "mfcc_9": -13.898422241210938,
    "mfcc_10": 6.368000030517578,
    "mfcc_11": -7.189197540283203,
    "mfcc_12": 1.0870367288589478,
    "mfcc_13": -3.764899253845215,
    "chroma_1": 0.4109044075012207,
    "chroma_2": 0.47250640392303467,
    "chroma_3": 0.47285374999046326,
    "chroma_4": 0.5657432079315186,
    "chroma_5": 0.46437758207321167,
    "chroma_6": 0.3317409157752991,
    "chroma_7": 0.47413820028305054,
    "chroma_8": 0.33393776416778564,
    "chroma_9": 0.5623365044593811,
    "chroma_10": 0.4942348599433899,
    "chroma_11": 0.29700979590415955,
    "chroma_12": 0.3361106216907501,
    "spectral_contrast": 22.871686394748593,
    "spectral_flatness": 0.02302655018866062,
    "zero_crossing_rate": 0.09168002506647463,
    "embed_mfcc_1_mean": -198.16676330566406,
    "embed_mfcc_1_std": 115.47269439697266,
    "embed_mfcc_2_mean": -23.89698600769043,
    "embed_mfcc_2_std": 44.60153579711914,
    "embed_mfcc_3_mean": 9.16281795501709,
    "embed_mfcc_3_std": 35.08525085449219,
    "embed_mfcc_4_mean": -0.36715734004974365,
    "embed_mfcc_4_std": 21.344646453857422,
    "embed_mfcc_5_mean": 8.911206245422363,
    "embed_mfcc_5_std": 17.875041961669922,
    "embed_mfcc_6_mean": -1.3474565744400024,
    "embed_mfcc_6_std": 19.243797302246094,
    "embed_mfcc_7_mean": -4.127138137817383,
    "embed_mfcc_7_std": 13.533429145812988,
    "embed_mfcc_8_mean": 13.30673599243164,
    "embed_mfcc_8_std": 14.89978313446045,
    "embed_mfcc_9_mean": -13.898422241210938,
    "embed_mfcc_9_std": 14.352535247802734,
    "embed_mfcc_10_mean": 6.368000030517578,
    "embed_mfcc_10_std": 11.780855178833008,
    "embed_mfcc_11_mean": -7.189197540283203,
    "embed_mfcc_11_std": 11.67101764678955,
    "embed_mfcc_12_mean": 1.0870367288589478,
    "embed_mfcc_12_std": 10.185227394104004,
    "embed_mfcc_13_mean": -3.764899253845215,
    "embed_mfcc_13_std": 10.113986015319824,
    "embed_mfcc_14_mean": 0.3767482042312622,
    "embed_mfcc_14_std": 10.124844551086426,
    "embed_mfcc_15_mean": -1.7242499589920044,
    "embed_mfcc_15_std": 9.062817573547363,
    "embed_mfcc_16_mean": 7.189681529998779,
    "embed_mfcc_16_std": 8.878839492797852,
    "embed_mfcc_17_mean": -1.3530688285827637,
    "embed_mfcc_17_std": 9.456649780273438,
    "embed_mfcc_18_mean": 3.3321056365966797,
    "embed_mfcc_18_std": 7.6945977210998535,
    "embed_mfcc_19_mean": 4.118042469024658,
    "embed_mfcc_19_std": 8.178916931152344,
    "embed_mfcc_20_mean": 3.933300256729126,
    "embed_mfcc_20_std": 7.631072521209717,
    "embed_chroma_1_mean": 0.4109044075012207,
    "embed_chroma_1_std": 0.2564387917518616,
    "embed_chroma_2_mean": 0.47250640392303467,
    "embed_chroma_2_std": 0.28836119174957275,
    "embed_chroma_3_mean": 0.47285374999046326,
    "embed_chroma_3_std": 0.30440255999565125,
    "embed_chroma_4_mean": 0.5657432079315186,
    "embed_chroma_4_std": 0.29847243428230286,
    "embed_chroma_5_mean": 0.46437758207321167,
    "embed_chroma_5_std": 0.2886638641357422,
    "embed_chroma_6_mean": 0.3317409157752991,
    "embed_chroma_6_std": 0.22512134909629822,
    "embed_chroma_7_mean": 0.47413820028305054,
    "embed_chroma_7_std": 0.33648598194122314,
    "embed_chroma_8_mean": 0.33393776416778564,
    "embed_chroma_8_std": 0.20010650157928467,
    "embed_chroma_9_mean": 0.5623365044593811,
    "embed_chroma_9_std": 0.3241131901741028,
    "embed_chroma_10_mean": 0.4942348599433899,
    "embed_chroma_10_std": 0.3044233024120331,
    "embed_chroma_11_mean": 0.29700979590415955,
    "embed_chroma_11_std": 0.1707366406917572,
    "embed_chroma_12_mean": 0.3361106216907501,
    "embed_chroma_12_std": 0.19331112504005432,
    "embed_contrast_1_mean": 22.414247512817383,
    "embed_contrast_1_std": 4.732897758483887,
    "embed_contrast_2_mean": 14.641542434692383,
    "embed_contrast_2_std": 3.9316186904907227,
    "embed_contrast_3_mean": 18.42889976501465,
    "embed_contrast_3_std": 4.529674053192139,
    "embed_contrast_4_mean": 17.718997955322266,
    "embed_contrast_4_std": 3.775240659713745,
    "embed_contrast_5_mean": 18.08944320678711,
    "embed_contrast_5_std": 3.4554078578948975,
    "embed_contrast_6_mean": 18.626863479614258,
    "embed_contrast_6_std": 3.1920902729034424,
    "embed_contrast_7_mean": 50.18180847167969,
    "embed_contrast_7_std": 3.5445141792297363,
    "embed_chroma_entropy": 2.4641308784484863,
    "embed_centroid_mean": 2805.9984172994455,
    "embed_centroid_std": 1298.271129165056,
    "embed_rolloff_mean": 6233.678606854503,
    "embed_rolloff_std": 2439.3156190197706,
    "embed_flatness_mean": 0.02302655018866062,
    "embed_flatness_std": 0.03760872781276703,
    "embed_zcr_mean": 0.09168002506647463,
    "embed_zcr_std": 0.08866124744251819,
    "embed_rms_mean": 0.2113148272037506,
    "embed_rms_std": 0.12103880196809769,
    "embed_onset_mean": 1.9276707172393799,
    "embed_onset_std": 2.25758957862854,
    "fingerprint_version": 2.0,
    "fingerprint_duration_seconds": 104.78009070294785,
    "embed_mfcc_delta_mean": -0.006839319132268429,
    "embed_mfcc_delta_std": 3.961594581604004,
    "embed_chroma_delta_mean": 6.593849684577435e-05,
    "embed_chroma_delta_std": 0.030023224651813507,
    "embed_onset_peak": 21.64887237548828,
    "embed_onset_p95": 6.304940700531006,
    "embed_rms_p10": 0.07081162184476852,
    "embed_rms_p50": 0.19302891194820404,
    "embed_rms_p90": 0.38702109456062317,
    "embedding_nonzero_count": 100.0
  },
  "rhythm": {
    "onset_count": 471,
    "onset_density": 4.495129977613823,
    "drum_activity": "High",
    "estimated_bars": 61,
    "seconds_per_bar": 1.7142857142857142
  },
  "sections": [
    {
      "name": "Intro",
      "start": 0.0,
      "end": 16.0,
      "avg_energy": 0.3188214600086212,
      "energy_label": "Medium"
    },
    {
      "name": "Chorus / Hook",
      "start": 16.0,
      "end": 32.0,
      "avg_energy": 0.32434266805648804,
      "energy_label": "Medium"
    },
    {
      "name": "Verse",
      "start": 32.0,
      "end": 48.0,
      "avg_energy": 0.33212611079216003,
      "energy_label": "High"
    },
    {
      "name": "Chorus / Hook",
      "start": 48.0,
      "end": 64.0,
      "avg_energy": 0.3332950472831726,
      "energy_label": "High"
    },
    {
      "name": "Verse",
      "start": 64.0,
      "end": 80.0,
      "avg_energy": 0.22471345961093903,