{
  "basic": {
    "file_name": "Yeat - As We Speak (feat. Drake).wav",
    "file_path": "/Volumes/POLLY/tracks/Yeat/Yeat - As We Speak (feat. Drake).wav",
    "sample_rate": 48000,
    "duration_seconds": 240.97670833333333,
    "bpm": 140.0,
    "key": "D Minor",
    "key_note": "D",
    "key_mode": "Minor",
    "key_confidence": 43.96554260770829
  },
  "loudness": {
    "peak_db": 7.040954845750442e-05,
    "rms_db": -12.688329440609202,
    "dynamic_range_db": 12.68839985015766,
    "clipping_detected": true,
    "clipping_samples": 505,
    "clipping_percent": 0.004365912957355319,
    "headroom_db": -7.040954845750442e-05
  },
  "frequency": {
    "band_percentages": {
      "Sub": 16.262647617546317,
      "Bass / 808": 14.792597347861767,
      "Mud": 14.514318834695422,
      "Low Mids": 14.269801734353901,
      "Mids / Melody": 14.054007828754871,
      "Harsh Zone": 13.206696094857742,
      "Highs": 13.286082645635993,
      "Air": 12.820543989370265,
      "Vocal Range": 15.09678985206157
    },
    "brightness_centroid_hz": 2934.3928131853454,
    "brightness_label": "Medium",
    "spectral_rolloff_hz": 6563.301929333393,
    "dominant_band": "Sub",
    "low_end_total_percent": 31.055244965408086,
    "mid_total_percent": 42.83812839780419,
    "top_total_percent": 26.106626635006258
  },
  "fingerprint": {
    "mfcc_1": -165.21656799316406,
    "mfcc_2": -7.48290491104126,
    "mfcc_3": -6.948583126068115,
    "mfcc_4": -1.8955135345458984,
    "mfcc_5": -3.7057855129241943,
    "mfcc_6": 1.3406037092208862,
    "mfcc_7": -7.884998321533203,
    "mfcc_8": 3.0793797969818115,
    "mfcc_9": -6.596173286437988,
    "mfcc_10": 4.845330715179443,
    "mfcc_11": -2.702645778656006,
    "mfcc_12": 5.15386962890625,
    "mfcc_13": -0.9029561877250671,
    "chroma_1": 0.24059686064720154,
    "chroma_2": 0.23225951194763184,
    "chroma_3": 0.6191030144691467,
    "chroma_4": 0.23250551521778107,
    "chroma_5": 0.2938239574432373,
    "chroma_6": 0.27830302715301514,
    "chroma_7": 0.20083558559417725,
    "chroma_8": 0.2957717478275299,
    "chroma_9": 0.21290120482444763,
    "chroma_10": 0.4248160123825073,
    "chroma_11": 0.3663395941257477,
    "chroma_12": 0.17405559122562408,
    "spectral_contrast": 22.38004324756939,
    "spectral_flatness": 0.015795184299349785,
    "zero_crossing_rate": 0.08013793189459172,
    "embed_mfcc_1_mean": -165.21656799316406,
    "embed_mfcc_1_std": 54.47895812988281,
    "embed_mfcc_2_mean": -7.48290491104126,
    "embed_mfcc_2_std": 31.259429931640625,
    "embed_mfcc_3_mean": -6.948583126068115,
    "embed_mfcc_3_std": 23.006771087646484,
    "embed_mfcc_4_mean": -1.8955135345458984,
    "embed_mfcc_4_std": 12.87639045715332,
    "embed_mfcc_5_mean": -3.7057855129241943,
    "embed_mfcc_5_std": 12.223442077636719,
    "embed_mfcc_6_mean": 1.3406037092208862,
    "embed_mfcc_6_std": 11.436929702758789,
    "embed_mfcc_7_mean": -7.884998321533203,
    "embed_mfcc_7_std": 10.799081802368164,
    "embed_mfcc_8_mean": 3.0793797969818115,
    "embed_mfcc_8_std": 11.334819793701172,
    "embed_mfcc_9_mean": -6.596173286437988,
    "embed_mfcc_9_std": 11.257741928100586,
    "embed_mfcc_10_mean": 4.845330715179443,
    "embed_mfcc_10_std": 9.818475723266602,
    "embed_mfcc_11_mean": -2.702645778656006,
    "embed_mfcc_11_std": 8.540892601013184,
    "embed_mfcc_12_mean": 5.15386962890625,
    "embed_mfcc_12_std": 9.447914123535156,
    "embed_mfcc_13_mean": -0.9029561877250671,
    "embed_mfcc_13_std": 9.384997367858887,
    "embed_mfcc_14_mean": 0.15123917162418365,
    "embed_mfcc_14_std": 8.656292915344238,
    "embed_mfcc_15_mean": 0.791519284248352,
    "embed_mfcc_15_std": 7.466800212860107,
    "embed_mfcc_16_mean": 3.1101937294006348,
    "embed_mfcc_16_std": 7.4648356437683105,
    "embed_mfcc_17_mean": -1.5209298133850098,
    "embed_mfcc_17_std": 7.526597023010254,
    "embed_mfcc_18_mean": 3.53125,
    "embed_mfcc_18_std": 7.249086856842041,
    "embed_mfcc_19_mean": -1.3489140272140503,
    "embed_mfcc_19_std": 7.01446008682251,
    "embed_mfcc_20_mean": -1.2765250205993652,
    "embed_mfcc_20_std": 7.363476276397705,
    "embed_chroma_1_mean": 0.24059686064720154,
    "embed_chroma_1_std": 0.24356640875339508,
    "embed_chroma_2_mean": 0.23225951194763184,
    "embed_chroma_2_std": 0.2023857831954956,
    "embed_chroma_3_mean": 0.6191030144691467,
    "embed_chroma_3_std": 0.3806082606315613,
    "embed_chroma_4_mean": 0.23250551521778107,
    "embed_chroma_4_std": 0.19948968291282654,
    "embed_chroma_5_mean": 0.2938239574432373,
    "embed_chroma_5_std": 0.24354691803455353,
    "embed_chroma_6_mean": 0.27830302715301514,
    "embed_chroma_6_std": 0.2500375211238861,
    "embed_chroma_7_mean": 0.20083558559417725,
    "embed_chroma_7_std": 0.16296185553073883,
    "embed_chroma_8_mean": 0.2957717478275299,
    "embed_chroma_8_std": 0.2869398891925812,
    "embed_chroma_9_mean": 0.21290120482444763,
    "embed_chroma_9_std": 0.17373572289943695,
    "embed_chroma_10_mean": 0.4248160123825073,
    "embed_chroma_10_std": 0.3254556357860565,
    "embed_chroma_11_mean": 0.3663395941257477,
    "embed_chroma_11_std": 0.35663318634033203,
    "embed_chroma_12_mean": 0.17405559122562408,
    "embed_chroma_12_std": 0.15630076825618744,
    "embed_contrast_1_mean": 20.638235092163086,
    "embed_contrast_1_std": 4.70600700378418,
    "embed_contrast_2_mean": 14.601516723632812,
    "embed_contrast_2_std": 4.118197441101074,
    "embed_contrast_3_mean": 18.631643295288086,
    "embed_contrast_3_std": 4.528873443603516,
    "embed_contrast_4_mean": 18.13707160949707,
    "embed_contrast_4_std": 3.5225415229797363,
    "embed_contrast_5_mean": 18.520828247070312,
    "embed_contrast_5_std": 3.4474613666534424,
    "embed_contrast_6_mean": 18.325082778930664,
    "embed_contrast_6_std": 3.754560708999634,
    "embed_contrast_7_mean": 47.80592727661133,
    "embed_contrast_7_std": 3.6850264072418213,
    "embed_chroma_entropy": 2.4158236980438232,
    "embed_centroid_mean": 2323.0074195566785,
    "embed_centroid_std": 905.370259112957,
    "embed_rolloff_mean": 5235.68709051646,
    "embed_rolloff_std": 1908.6500190726167,
    "embed_flatness_mean": 0.015795184299349785,
    "embed_flatness_std": 0.026242505759000778,
    "embed_zcr_mean": 0.08013793189459172,
    "embed_zcr_std": 0.06385227092680489,
    "embed_rms_mean": 0.18819881975650787,
    "embed_rms_std": 0.09662508964538574,
    "embed_onset_mean": 1.268189787864685,
    "embed_onset_std": 0.9593828320503235,
    "fingerprint_version": 2.0,
    "fingerprint_duration_seconds": 240.97673469387755,
    "embed_mfcc_delta_mean": 0.005799958016723394,
    "embed_mfcc_delta_std": 2.1752071380615234,
    "embed_chroma_delta_mean": -6.304316048044711e-05,
    "embed_chroma_delta_std": 0.023420970886945724,
    "embed_onset_peak": 12.274456977844238,
    "embed_onset_p95": 3.1396045684814453,
    "embed_rms_p10": 0.07252735644578934,
    "embed_rms_p50": 0.17347681522369385,
    "embed_rms_p90": 0.3322544991970062,
    "embedding_nonzero_count": 100.0
  },
  "rhythm": {
    "onset_count": 745,
    "onset_density": 3.0915850961391325,
    "drum_activity": "High",
    "estimated_bars": 141,
    "seconds_per_bar": 1.7142857142857142
  },
  "sections": [
    {
      "name": "Intro",
      "start": 0.0,
      "end": 16.0,
      "avg_energy": 0.039699703454971313,
      "energy_label": "Low"
    },
    {
      "name": "Chorus / Hook",
      "start": 16.0,
      "end": 32.0,
      "avg_energy": 0.0530017614364624,
      "energy_label": "Low"
    },
    {
      "name": "Verse",
      "start": 32.0,
      "end": 48.0,
      "avg_energy": 0.12134864181280136,
      "energy_label": "Low"
    },
    {
      "name": "Chorus / Hook",
      "start": 48.0,
      "end": 64.0,
      "avg_energy": 0.17130093276500702,
      "energy_label": "Low"
    },
    {
      "name": "Verse",
      "start": 64.0,
      "end": 80.0,
      "avg_energy": 0.22751043736934662,