{
  "basic": {
    "file_name": "Yeat - Got Rich.wav",
    "file_path": "/Volumes/POLLY/tracks/Yeat/Yeat - Got Rich.wav",
    "sample_rate": 48000,
    "duration_seconds": 123.1354375,
    "bpm": 140.0,
    "key": "F Minor",
    "key_note": "F",
    "key_mode": "Minor",
    "key_confidence": 43.60591462485877
  },
  "loudness": {
    "peak_db": -0.32909638557431586,
    "rms_db": -12.425468185628938,
    "dynamic_range_db": 12.096371800054623,
    "clipping_detected": false,
    "clipping_samples": 0,
    "clipping_percent": 0.0,
    "headroom_db": 0.32909638557431586
  },
  "frequency": {
    "band_percentages": {
      "Sub": 17.28313600064065,
      "Bass / 808": 15.70068841397334,
      "Mud": 14.233108665518998,
      "Low Mids": 13.699499765789936,
      "Mids / Melody": 13.849277304695315,
      "Harsh Zone": 13.092478701179203,
      "Highs": 13.277785191818959,
      "Air": 11.956504655627393,
      "Vocal Range": 14.658593195535353
    },
    "brightness_centroid_hz": 2446.3190857139502,
    "brightness_label": "Medium",
    "spectral_rolloff_hz": 5675.356922427235,
    "dominant_band": "Sub",
    "low_end_total_percent": 32.98382441461399,
    "mid_total_percent": 41.78188573600425,
    "top_total_percent": 25.23428984744635
  },
  "fingerprint": {
    "mfcc_1": -201.9079132080078,
    "mfcc_2": -17.49327278137207,
    "mfcc_3": 10.080143928527832,
    "mfcc_4": 14.866549491882324,
    "mfcc_5": 15.801080703735352,
    "mfcc_6": 15.278656005859375,
    "mfcc_7": 1.8284447193145752,
    "mfcc_8": 13.716443061828613,
    "mfcc_9": -4.00150728225708,
    "mfcc_10": 14.770583152770996,
    "mfcc_11": 0.33685103058815,
    "mfcc_12": 7.978603839874268,
    "mfcc_13": 3.801576852798462,
    "chroma_1": 0.2876482903957367,
    "chroma_2": 0.27529430389404297,
    "chroma_3": 0.18052023649215698,
    "chroma_4": 0.18798686563968658,
    "chroma_5": 0.1806192249059677,
    "chroma_6": 0.5307390689849854,
    "chroma_7": 0.39198923110961914,
    "chroma_8": 0.2745349705219269,
    "chroma_9": 0.41784733533859253,
    "chroma_10": 0.22902695834636688,
    "chroma_11": 0.3266521692276001,
    "chroma_12": 0.17732325196266174,
    "spectral_contrast": 22.847820966067665,
    "spectral_flatness": 0.004100242163985968,
    "zero_crossing_rate": 0.02248181794819079,
    "embed_mfcc_1_mean": -201.9079132080078,
    "embed_mfcc_1_std": 41.80425262451172,
    "embed_mfcc_2_mean": -17.49327278137207,
    "embed_mfcc_2_std": 26.68202781677246,
    "embed_mfcc_3_mean": 10.080143928527832,
    "embed_mfcc_3_std": 23.68552589416504,
    "embed_mfcc_4_mean": 14.866549491882324,
    "embed_mfcc_4_std": 13.974923133850098,
    "embed_mfcc_5_mean": 15.801080703735352,
    "embed_mfcc_5_std": 12.794801712036133,
    "embed_mfcc_6_mean": 15.278656005859375,
    "embed_mfcc_6_std": 10.957426071166992,
    "embed_mfcc_7_mean": 1.8284447193145752,
    "embed_mfcc_7_std": 12.152512550354004,
    "embed_mfcc_8_mean": 13.716443061828613,
    "embed_mfcc_8_std": 10.174399375915527,
    "embed_mfcc_9_mean": -4.00150728225708,
    "embed_mfcc_9_std": 9.56989860534668,
    "embed_mfcc_10_mean": 14.770583152770996,
    "embed_mfcc_10_std": 9.339690208435059,
    "embed_mfcc_11_mean": 0.33685103058815,
    "embed_mfcc_11_std": 7.603307723999023,
    "embed_mfcc_12_mean": 7.978603839874268,
    "embed_mfcc_12_std": 7.245689868927002,
    "embed_mfcc_13_mean": 3.801576852798462,
    "embed_mfcc_13_std": 6.851019859313965,
    "embed_mfcc_14_mean": 1.7019957304000854,
    "embed_mfcc_14_std": 7.372823715209961,
    "embed_mfcc_15_mean": 5.9411187171936035,
    "embed_mfcc_15_std": 6.698108673095703,
    "embed_mfcc_16_mean": 5.841335773468018,
    "embed_mfcc_16_std": 7.127208709716797,
    "embed_mfcc_17_mean": 1.0749244689941406,
    "embed_mfcc_17_std": 6.506638526916504,
    "embed_mfcc_18_mean": 3.950939178466797,
    "embed_mfcc_18_std": 6.109467506408691,
    "embed_mfcc_19_mean": 3.8055672645568848,
    "embed_mfcc_19_std": 6.246599197387695,
    "embed_mfcc_20_mean": 0.9697216749191284,
    "embed_mfcc_20_std": 6.412610054016113,
    "embed_chroma_1_mean": 0.2876482903957367,
    "embed_chroma_1_std": 0.22031432390213013,
    "embed_chroma_2_mean": 0.27529430389404297,
    "embed_chroma_2_std": 0.23672249913215637,
    "embed_chroma_3_mean": 0.18052023649215698,
    "embed_chroma_3_std": 0.1310070902109146,
    "embed_chroma_4_mean": 0.18798686563968658,
    "embed_chroma_4_std": 0.1193867102265358,
    "embed_chroma_5_mean": 0.1806192249059677,
    "embed_chroma_5_std": 0.12488269805908203,
    "embed_chroma_6_mean": 0.5307390689849854,
    "embed_chroma_6_std": 0.37678706645965576,
    "embed_chroma_7_mean": 0.39198923110961914,
    "embed_chroma_7_std": 0.3525867760181427,
    "embed_chroma_8_mean": 0.2745349705219269,
    "embed_chroma_8_std": 0.22365108132362366,
    "embed_chroma_9_mean": 0.41784733533859253,
    "embed_chroma_9_std": 0.36803337931632996,
    "embed_chroma_10_mean": 0.22902695834636688,
    "embed_chroma_10_std": 0.1597307324409485,
    "embed_chroma_11_mean": 0.3266521692276001,
    "embed_chroma_11_std": 0.3200853765010834,
    "embed_chroma_12_mean": 0.17732325196266174,
    "embed_chroma_12_std": 0.13944660127162933,
    "embed_contrast_1_mean": 24.857452392578125,
    "embed_contrast_1_std": 5.159931659698486,
    "embed_contrast_2_mean": 14.727436065673828,
    "embed_contrast_2_std": 3.9414663314819336,
    "embed_contrast_3_mean": 18.150087356567383,
    "embed_contrast_3_std": 4.331736087799072,
    "embed_contrast_4_mean": 17.525678634643555,
    "embed_contrast_4_std": 3.313533067703247,
    "embed_contrast_5_mean": 18.31961441040039,
    "embed_contrast_5_std": 3.0719895362854004,
    "embed_contrast_6_mean": 17.855981826782227,
    "embed_contrast_6_std": 2.458144187927246,
    "embed_contrast_7_mean": 48.498497009277344,
    "embed_contrast_7_std": 3.2973520755767822,
    "embed_chroma_entropy": 2.4200077056884766,
    "embed_centroid_mean": 2055.576824838579,
    "embed_centroid_std": 825.5718341365045,
    "embed_rolloff_mean": 5122.964855465727,
    "embed_rolloff_std": 2055.936489181786,
    "embed_flatness_mean": 0.004100242163985968,
    "embed_flatness_std": 0.006378735415637493,
    "embed_zcr_mean": 0.02248181794819079,
    "embed_zcr_std": 0.013192104062605394,
    "embed_rms_mean": 0.2415354996919632,
    "embed_rms_std": 0.03321173042058945,
    "embed_onset_mean": 1.6522451639175415,
    "embed_onset_std": 1.376633882522583,
    "fingerprint_version": 2.0,
    "fingerprint_duration_seconds": 123.13546485260771,
    "embed_mfcc_delta_mean": 0.00021558454318437725,
    "embed_mfcc_delta_std": 2.847639322280884,
    "embed_chroma_delta_mean": 2.702729034353979e-05,
    "embed_chroma_delta_std": 0.025547737255692482,
    "embed_onset_peak": 10.538658142089844,
    "embed_onset_p95": 4.40720272064209,
    "embed_rms_p10": 0.19692043960094452,
    "embed_rms_p50": 0.2502693831920624,
    "embed_rms_p90": 0.2776066064834595,
    "embedding_nonzero_count": 100.0
  },
  "rhythm": {
    "onset_count": 692,
    "onset_density": 5.619828166850831,
    "drum_activity": "High",
    "estimated_bars": 72,
    "seconds_per_bar": 1.7142857142857142
  },
  "sections": [
    {
      "name": "Intro",
      "start": 0.0,
      "end": 16.0,
      "avg_energy": 0.23222041130065918,
      "energy_label": "Medium"
    },
    {
      "name": "Chorus / Hook",
      "start": 16.0,
      "end": 32.0,
      "avg_energy": 0.241294726729393,
      "energy_label": "Medium"
    },
    {
      "name": "Verse",
      "start": 32.0,
      "end": 48.0,
      "avg_energy": 0.2383928894996643,
      "energy_label": "Medium"
    },
    {
      "name": "Chorus / Hook",
      "start": 48.0,
      "end": 64.0,
      "avg_energy": 0.24709278345108032,
      "energy_label": "Medium"
    },
    {
      "name": "Verse",
      "start": 64.0,
      "end": 80.0,
      "avg_energy": 0.24211399257183075,
      "energy_label": "Medium"
    },
    {
      "name": "Verse",