{
  "basic": {
    "file_name": "Yeat - NEW HIGH (FEAT. DON TOLIVER).wav",
    "file_path": "/Volumes/POLLY/tracks/Yeat/Yeat - NEW HIGH (FEAT. DON TOLIVER).wav",
    "sample_rate": 48000,
    "duration_seconds": 161.16970833333335,
    "bpm": 140.0,
    "key": "A Minor",
    "key_note": "A",
    "key_mode": "Minor",
    "key_confidence": 42.38293966828751
  },
  "loudness": {
    "peak_db": 0.000374820733894663,
    "rms_db": -6.912934714742001,
    "dynamic_range_db": 6.9133095354758956,
    "clipping_detected": true,
    "clipping_samples": 110313,
    "clipping_percent": 1.425942581745484,
    "headroom_db": -0.000374820733894663
  },
  "frequency": {
    "band_percentages": {
      "Sub": 16.30548505518485,
      "Bass / 808": 14.953152064484431,
      "Mud": 14.198898353993716,
      "Low Mids": 13.8166258418326,
      "Mids / Melody": 14.153353920059066,
      "Harsh Zone": 13.813389057643654,
      "Highs": 13.488119097805509,
      "Air": 13.08436566493344,
      "Vocal Range": 14.728918917084227
    },
    "brightness_centroid_hz": 3495.4321041393446,
    "brightness_label": "Medium",
    "spectral_rolloff_hz": 7886.147935969557,
    "dominant_band": "Sub",
    "low_end_total_percent": 31.25863711966928,
    "mid_total_percent": 42.168878115885384,
    "top_total_percent": 26.57248476273895
  },
  "fingerprint": {
    "mfcc_1": -116.26632690429688,
    "mfcc_2": -21.797014236450195,
    "mfcc_3": 5.741812705993652,
    "mfcc_4": 11.845290184020996,
    "mfcc_5": 2.362746477127075,
    "mfcc_6": 0.5701391696929932,
    "mfcc_7": 4.256115436553955,
    "mfcc_8": 1.7925817966461182,
    "mfcc_9": -6.193919658660889,
    "mfcc_10": 14.457627296447754,
    "mfcc_11": -2.1967933177948,
    "mfcc_12": 4.42246675491333,
    "mfcc_13": 4.867933750152588,
    "chroma_1": 0.242728590965271,
    "chroma_2": 0.21341367065906525,
    "chroma_3": 0.23961769044399261,
    "chroma_4": 0.20653796195983887,
    "chroma_5": 0.2679958641529083,
    "chroma_6": 0.2723284363746643,
    "chroma_7": 0.26294293999671936,
    "chroma_8": 0.49938639998435974,
    "chroma_9": 0.38365840911865234,
    "chroma_10": 0.6114439368247986,
    "chroma_11": 0.4325459599494934,
    "chroma_12": 0.25111404061317444,
    "spectral_contrast": 22.561988469166103,
    "spectral_flatness": 0.014013921841979027,
    "zero_crossing_rate": 0.0673152581087945,
    "embed_mfcc_1_mean": -116.26632690429688,
    "embed_mfcc_1_std": 40.917171478271484,
    "embed_mfcc_2_mean": -21.797014236450195,
    "embed_mfcc_2_std": 31.468168258666992,
    "embed_mfcc_3_mean": 5.741812705993652,
    "embed_mfcc_3_std": 21.289932250976562,
    "embed_mfcc_4_mean": 11.845290184020996,
    "embed_mfcc_4_std": 18.769010543823242,
    "embed_mfcc_5_mean": 2.362746477127075,
    "embed_mfcc_5_std": 15.884085655212402,
    "embed_mfcc_6_mean": 0.5701391696929932,
    "embed_mfcc_6_std": 12.59642219543457,
    "embed_mfcc_7_mean": 4.256115436553955,
    "embed_mfcc_7_std": 12.153387069702148,
    "embed_mfcc_8_mean": 1.7925817966461182,
    "embed_mfcc_8_std": 11.197203636169434,
    "embed_mfcc_9_mean": -6.193919658660889,
    "embed_mfcc_9_std": 11.242148399353027,
    "embed_mfcc_10_mean": 14.457627296447754,
    "embed_mfcc_10_std": 11.093894958496094,
    "embed_mfcc_11_mean": -2.1967933177948,
    "embed_mfcc_11_std": 8.929387092590332,
    "embed_mfcc_12_mean": 4.42246675491333,
    "embed_mfcc_12_std": 9.213172912597656,
    "embed_mfcc_13_mean": 4.867933750152588,
    "embed_mfcc_13_std": 8.479055404663086,
    "embed_mfcc_14_mean": 0.2225973904132843,
    "embed_mfcc_14_std": 8.976120948791504,
    "embed_mfcc_15_mean": 4.322160720825195,
    "embed_mfcc_15_std": 7.697785377502441,
    "embed_mfcc_16_mean": 5.808801651000977,
    "embed_mfcc_16_std": 7.634932518005371,
    "embed_mfcc_17_mean": -1.1305642127990723,
    "embed_mfcc_17_std": 7.291687965393066,
    "embed_mfcc_18_mean": 5.561938285827637,
    "embed_mfcc_18_std": 7.427083492279053,
    "embed_mfcc_19_mean": 1.0820019245147705,
    "embed_mfcc_19_std": 7.297243118286133,
    "embed_mfcc_20_mean": 3.34812331199646,
    "embed_mfcc_20_std": 6.945925712585449,
    "embed_chroma_1_mean": 0.242728590965271,
    "embed_chroma_1_std": 0.20480073988437653,
    "embed_chroma_2_mean": 0.21341367065906525,
    "embed_chroma_2_std": 0.18825919926166534,
    "embed_chroma_3_mean": 0.23961769044399261,
    "embed_chroma_3_std": 0.20302994549274445,
    "embed_chroma_4_mean": 0.20653796195983887,
    "embed_chroma_4_std": 0.18250027298927307,
    "embed_chroma_5_mean": 0.2679958641529083,
    "embed_chroma_5_std": 0.20407025516033173,
    "embed_chroma_6_mean": 0.2723284363746643,
    "embed_chroma_6_std": 0.2375747561454773,
    "embed_chroma_7_mean": 0.26294293999671936,
    "embed_chroma_7_std": 0.19234499335289001,
    "embed_chroma_8_mean": 0.49938639998435974,
    "embed_chroma_8_std": 0.37378066778182983,
    "embed_chroma_9_mean": 0.38365840911865234,
    "embed_chroma_9_std": 0.2920249104499817,
    "embed_chroma_10_mean": 0.6114439368247986,
    "embed_chroma_10_std": 0.36088913679122925,
    "embed_chroma_11_mean": 0.4325459599494934,
    "embed_chroma_11_std": 0.33411315083503723,
    "embed_chroma_12_mean": 0.25111404061317444,
    "embed_chroma_12_std": 0.22432318329811096,
    "embed_contrast_1_mean": 22.247177124023438,
    "embed_contrast_1_std": 4.871500492095947,
    "embed_contrast_2_mean": 14.956843376159668,
    "embed_contrast_2_std": 3.902819871902466,
    "embed_contrast_3_mean": 18.278182983398438,
    "embed_contrast_3_std": 4.223001956939697,
    "embed_contrast_4_mean": 17.617599487304688,
    "embed_contrast_4_std": 3.4720852375030518,
    "embed_contrast_5_mean": 17.820022583007812,
    "embed_contrast_5_std": 3.0535826683044434,
    "embed_contrast_6_mean": 19.468658447265625,
    "embed_contrast_6_std": 3.538205146789551,
    "embed_contrast_7_mean": 47.54542922973633,
    "embed_contrast_7_std": 3.5317540168762207,
    "embed_chroma_entropy": 2.4187541007995605,
    "embed_centroid_mean": 2546.8095238775895,
    "embed_centroid_std": 933.235634619914,
    "embed_rolloff_mean": 5856.089589027429,
    "embed_rolloff_std": 1869.0451478735356,
    "embed_flatness_mean": 0.014013921841979027,
    "embed_flatness_std": 0.02643420547246933,
    "embed_zcr_mean": 0.0673152581087945,
    "embed_zcr_std": 0.06928627361628742,
    "embed_rms_mean": 0.3431842029094696,
    "embed_rms_std": 0.08476894348859787,
    "embed_onset_mean": 1.3974812030792236,
    "embed_onset_std": 1.156195044517517,
    "fingerprint_version": 2.0,
    "fingerprint_duration_seconds": 161.1697505668934,
    "embed_mfcc_delta_mean": -0.0002935160300694406,
    "embed_mfcc_delta_std": 2.609588146209717,
    "embed_chroma_delta_mean": -2.2969601559452713e-05,
    "embed_chroma_delta_std": 0.02517935261130333,
    "embed_onset_peak": 12.595046043395996,
    "embed_onset_p95": 3.733389377593994,
    "embed_rms_p10": 0.29290688037872314,
    "embed_rms_p50": 0.3297533690929413,
    "embed_rms_p90": 0.44790321588516235,
    "embedding_nonzero_count": 100.0
  },
  "rhythm": {
    "onset_count": 471,
    "onset_density": 2.9223853841434737,
    "drum_activity": "Medium",
    "estimated_bars": 94,
    "seconds_per_bar": 1.7142857142857142
  },
  "sections": [
    {
      "name": "Intro",
      "start": 0.0,
      "end": 16.0,
      "avg_energy": 0.4639167785644531,
      "energy_label": "Medium"
    },
    {
      "name": "Chorus / Hook",
      "start": 16.0,
      "end": 32.0,
      "avg_energy": 0.46341243386268616,
      "energy_label": "Medium"
    },
    {
      "name": "Verse",
      "start": 32.0,
      "end": 48.0,
      "avg_energy": 0.4696844518184662,
      "energy_label": "Medium"
    },
    {
      "name": "Chorus / Hook",
      "start": 48.0,
      "end": 64.0,
      "avg_energy": 0.4486956298351288,
      "energy_label": "Medium"
    },
    {
      "name": "Verse",
      "start": 64.0,
      "end": 80.0,
      "avg_energy": 0.41073524951934814,