{
  "basic": {
    "file_name": "Yeat - 1093.wav",
    "file_path": "/Users/jayden/SoundLens/tracks/Yeat/Yeat - 1093.wav",
    "sample_rate": 48000,
    "duration_seconds": 156.01489583333333,
    "bpm": 160.71,
    "key": "A# Major",
    "key_note": "A#",
    "key_mode": "Major",
    "key_confidence": 46.22887187779557
  },
  "loudness": {
    "peak_db": -9.888496186746351e-05,
    "rms_db": -11.213740352105933,
    "dynamic_range_db": 11.213641467144067,
    "clipping_detected": true,
    "clipping_samples": 2103,
    "clipping_percent": 0.028082254432168937,
    "headroom_db": 9.888496186746351e-05
  },
  "frequency": {
    "band_percentages": {
      "Sub": 16.04319042129069,
      "Bass / 808": 14.946193784911287,
      "Mud": 14.867728650696463,
      "Low Mids": 14.193955569643615,
      "Mids / Melody": 14.075774280248563,
      "Harsh Zone": 13.469671290185085,
      "Highs": 13.163649122106039,
      "Air": 12.709508169324124,
      "Vocal Range": 15.219188584417264
    },
    "brightness_centroid_hz": 2938.0469563184697,
    "brightness_label": "Medium",
    "spectral_rolloff_hz": 6701.886387331647,
    "dominant_band": "Sub",
    "low_end_total_percent": 30.989384206201976,
    "mid_total_percent": 43.137458500588636,
    "top_total_percent": 25.87315729143016
  },
  "fingerprint": {
    "mfcc_1": -108.81763458251953,
    "mfcc_2": 140.80511474609375,
    "mfcc_3": -4.830936908721924,
    "mfcc_4": 42.354591369628906,
    "mfcc_5": -2.148500442504883,
    "mfcc_6": 31.221435546875,
    "mfcc_7": -7.735507488250732,
    "mfcc_8": 18.686368942260742,
    "mfcc_9": -4.656281471252441,
    "mfcc_10": 9.675065994262695,
    "mfcc_11": -2.9046471118927,
    "mfcc_12": 8.852653503417969,
    "mfcc_13": 0.3573693037033081,
    "chroma_1": 0.2996499240398407,
    "chroma_2": 0.18277721107006073,
    "chroma_3": 0.2937900722026825,
    "chroma_4": 0.15463773906230927,
    "chroma_5": 0.1858324110507965,
    "chroma_6": 0.3522607684135437,
    "chroma_7": 0.15699321031570435,
    "chroma_8": 0.3767300844192505,
    "chroma_9": 0.14697609841823578,
    "chroma_10": 0.2606120705604553,
    "chroma_11": 0.3961397409439087,
    "chroma_12": 0.12769493460655212,
    "spectral_contrast": 19.41901032690927,
    "spectral_flatness": 0.0006002516020089388,
    "zero_crossing_rate": 0.03984197406764887
  },
  "rhythm": {
    "onset_count": 286,
    "onset_density": 1.8331582921769622,
    "drum_activity": "Medium",
    "estimated_bars": 104,
    "seconds_per_bar": 1.4933731566175097
  },
  "sections": [
    {
      "name": "Section 1",
      "start": 0.0,
      "end": 12.0,
      "avg_energy": 0.22681379318237305,
      "energy_label": "Low"
    },
    {
      "name": "Section 2",
      "start": 12.0,
      "end": 24.0,
      "avg_energy": 0.2819872498512268,
      "energy_label": "Medium"
    },
    {
      "name": "Section 3",
      "start": 24.0,
      "end": 36.0,
      "avg_energy": 0.26108163595199585,
      "energy_label": "Medium"
    },
    {
      "name": "Section 4",
      "start": 36.0,
      "end": 48.0,
      "avg_energy": 0.3150029480457306,
      "energy_label": "High"
    },
    {
      "name": "Section 5",
      "start": 48.0,
      "end": 60.0,
      "avg_energy": 0.24915874004364014,
      "energy_label": "Low"
    },
    {
      "name": "Section 6",
      "start": 60.0,
      "end": 72.0,
      "avg_energy": 0.27211615443229675,
      "energy_label": "Medium"
    },
    {
      "name": "Section 7",
      "start": 72.0,
      "end": 84.0,
      "avg_energy": 0.2660921812057495,
      "energy_label": "Medium"
    },
    {
      "name": "Section 8",
      "start": 84.0,
      "end": 96.0,
      "avg_energy": 0.26889169216156006,
      "energy_label": "Medium"
    },
    {
      "name": "Section 9",
      "start": 96.0,
      "end": 108.0,
      "avg_energy": 0.32705381512641907,
      "energy_label": "High"
    },
    {
      "name": "Section 10",
      "start": 108.0,
      "end": 120.0,
      "avg_energy": 0.3363192677497864,
      "energy_label": "High"
    },
    {
      "name": "Section 11",
      "start": 120.0,
      "end": 132.0,
      "avg_energy": 0.3287399113178253,
      "energy_label": "High"
    },
    {
      "name": "Section 12",
      "start": 132.0,
      "end": 144.0,
      "avg_energy": 0.16943953931331635,
      "energy_label": "Low"
    },
    {
      "name": "Section 13",
      "start": 144.0,
      "end": 156.01489583333333,
      "avg_energy": 0.22051744163036346,
      "energy_label": "Low"
    }
  ],
  "scores": {
    "mix": 86,
    "master": 86,
    "arrangement": 85,
    "release": 86,
    "energy": 6.893129823947033,
    "bass_strength": 6.1978768412403955,
    "darkness": 4.123906087363061,
    "brightness": 5.876093912636939,
    "drum_bounce": 4.582895730442406,
    "vocal_space": 2.0252006012008987
  },
  "stem_balance": null,
  "top_problems": [
    "Clipping detected: 2103 samples are near/over the limit.",
    "Mud range is elevated around 250-500 Hz.",
    "Hook/verse contrast looks low, but arrangement detection is still an estimate."
  ],
  "suggested_fixes": [
    "Lower the master/output, then use a soft clipper or limiter with safer ceiling.",
    "Gently cut 250-500 Hz on melodies, pads, or the master if the mix feels cloudy.",
    "Check the waveform/sections by ear. If the hook feels flat, add contrast with melody layers, drum changes, or vocal energy."
  ],
  "artist_notes": [
    "Autotune/key starting point: A# Major. Confidence: 46.2%.",
    "Beat energy: 6.9/10. Darkness: 4.1/10.",
    "Vocal space estimate: 2.0/10. Higher means easier space for vocals."
  ],
  "producer_notes": [
    "Low-end presence looks usable for the selected style.",
    "Selected style preset: rage_trap.",
    "Dominant frequency area: Sub.",
    "Drum activity is medium at 1.83 hits/sec.",
    "Estimated length: 104 bars at 161 BPM."
  ],
  "master_notes": [
    "Clipping is the first thing to fix before judging the rest of the mix.",
    "Loudness is in a usable range for the selected style.",
    "Peak: -0.00 dB. RMS: -11.21 dB. Dynamic range: 11.21 dB."
  ],
  "next_steps": [
    "Lower the master/output, then use a soft clipper or limiter with safer ceiling.",
    "Gently cut 250-500 Hz on melodies, pads, or the master if the mix feels cloudy.",
    "Check the waveform/sections by ear. If the hook feels flat, add contrast with melody layers, drum changes, or vocal energy.",
    "This is close. Only make small changes unless you hear a clear problem."
  ]
}