{
  "basic": {
    "file_name": "Yeat - TURNMEUP.wav",
    "file_path": "/Users/jayden/SoundLens/tracks/Yeat/Yeat - TURNMEUP.wav",
    "sample_rate": 48000,
    "duration_seconds": 152.636375,
    "bpm": 152.03,
    "key": "D Major",
    "key_note": "D",
    "key_mode": "Major",
    "key_confidence": 46.287778971619424
  },
  "loudness": {
    "peak_db": 0.00036032520507507724,
    "rms_db": -4.77884801012041,
    "dynamic_range_db": 4.779208335325485,
    "clipping_detected": true,
    "clipping_samples": 59056,
    "clipping_percent": 0.8060551315722306,
    "headroom_db": -0.00036032520507507724
  },
  "frequency": {
    "band_percentages": {
      "Sub": 17.0316400396599,
      "Bass / 808": 15.279620161038258,
      "Mud": 13.95202948467881,
      "Low Mids": 13.893108717043907,
      "Mids / Melody": 13.705665607327358,
      "Harsh Zone": 13.046442435945165,
      "Highs": 13.37476258940665,
      "Air": 12.763173399109014,
      "Vocal Range": 14.580023175657214
    },
    "brightness_centroid_hz": 3145.4940226110284,
    "brightness_label": "Medium",
    "spectral_rolloff_hz": 7706.490762578616,
    "dominant_band": "Sub",
    "low_end_total_percent": 32.31126020069816,
    "mid_total_percent": 41.55080380905008,
    "top_total_percent": 26.137935988515665
  },
  "fingerprint": {
    "mfcc_1": -95.25897979736328,
    "mfcc_2": 111.0829849243164,
    "mfcc_3": 13.432032585144043,
    "mfcc_4": 52.09135055541992,
    "mfcc_5": -5.089364051818848,
    "mfcc_6": 47.35770797729492,
    "mfcc_7": -4.139737129211426,
    "mfcc_8": 22.354278564453125,
    "mfcc_9": -0.456088125705719,
    "mfcc_10": 18.702442169189453,
    "mfcc_11": -2.463059902191162,
    "mfcc_12": 15.318836212158203,
    "mfcc_13": 3.1913440227508545,
    "chroma_1": 0.4050651490688324,
    "chroma_2": 0.48403334617614746,
    "chroma_3": 0.8138565421104431,
    "chroma_4": 0.540299117565155,
    "chroma_5": 0.413562148809433,
    "chroma_6": 0.3282938301563263,
    "chroma_7": 0.5398204922676086,
    "chroma_8": 0.23754063248634338,
    "chroma_9": 0.23008710145950317,
    "chroma_10": 0.294783353805542,
    "chroma_11": 0.20533449947834015,
    "chroma_12": 0.25508078932762146,
    "spectral_contrast": 17.673181569862667,
    "spectral_flatness": 0.0008872271282598376,
    "zero_crossing_rate": 0.01276280518431167
  },
  "rhythm": {
    "onset_count": 900,
    "onset_density": 5.896366446071587,
    "drum_activity": "High",
    "estimated_bars": 97,
    "seconds_per_bar": 1.5786357955666646
  },
  "sections": [
    {
      "name": "Section 1",
      "start": 0.0,
      "end": 12.629086364533316,
      "avg_energy": 0.5654990077018738,
      "energy_label": "Low"
    },
    {
      "name": "Section 2",
      "start": 12.629086364533316,
      "end": 25.258172729066633,
      "avg_energy": 0.5712741017341614,
      "energy_label": "Low"
    },
    {
      "name": "Section 3",
      "start": 25.258172729066633,
      "end": 37.88725909359995,
      "avg_energy": 0.5806459188461304,
      "energy_label": "High"
    },
    {
      "name": "Section 4",
      "start": 37.88725909359995,
      "end": 50.516345458133266,
      "avg_energy": 0.5829177498817444,
      "energy_label": "High"
    },
    {
      "name": "Section 5",
      "start": 50.516345458133266,
      "end": 63.14543182266658,
      "avg_energy": 0.5811523199081421,
      "energy_label": "High"
    },
    {
      "name": "Section 6",
      "start": 63.14543182266658,
      "end": 75.7745181871999,
      "avg_energy": 0.5788583755493164,
      "energy_label": "Medium"
    },
    {
      "name": "Section 7",
      "start": 75.7745181871999,
      "end": 88.40360455173322,
      "avg_energy": 0.5760325193405151,
      "energy_label": "Medium"
    },
    {
      "name": "Section 8",
      "start": 88.40360455173322,
      "end": 101.03269091626655,
      "avg_energy": 0.5833365321159363,
      "energy_label": "High"
    },
    {
      "name": "Section 9",
      "start": 101.03269091626655,
      "end": 113.66177728079987,
      "avg_energy": 0.5748467445373535,
      "energy_label": "Low"
    },
    {
      "name": "Section 10",
      "start": 113.66177728079987,
      "end": 126.29086364533319,
      "avg_energy": 0.5804077982902527,
      "energy_label": "Medium"
    },
    {
      "name": "Section 11",
      "start": 126.29086364533319,
      "end": 138.9199500098665,
      "avg_energy": 0.576177716255188,
      "energy_label": "Medium"
    },
    {
      "name": "Section 12",
      "start": 138.9199500098665,
      "end": 152.636375,
      "avg_energy": 0.5711705088615417,
      "energy_label": "Low"
    }
  ],
  "scores": {
    "mix": 65,
    "master": 65,
    "arrangement": 76,
    "release": 68,
    "energy": 10,
    "bass_strength": 6.4622520401396315,
    "darkness": 3.709011954777943,
    "brightness": 6.290988045222057,
    "drum_bounce": 10,
    "vocal_space": 2.4344583894079186
  },
  "stem_balance": null,
  "top_problems": [
    "Clipping detected: 59056 samples are near/over the limit.",
    "Mud range is elevated around 250-500 Hz.",
    "Track is extremely loud for the selected style and may be crushed.",
    "Dynamic range is tight, which can make the beat feel flattened.",
    "Drum movement is very active; the beat could become overcrowded."
  ],
  "suggested_fixes": [
    "Lower the master/output, then use a soft clipper or limiter with safer ceiling.",
    "Back off limiting/clipping only if the punch or clarity disappears.",
    "Reduce over-compression or clipping on the master and let transients breathe.",
    "Gently cut 250-500 Hz on melodies, pads, or the master if the mix feels cloudy.",
    "Mute extra percussion in some sections so the hook/drop feels bigger.",
    "Check the waveform/sections by ear. If the hook feels flat, add contrast with melody layers, drum changes, or vocal energy."
  ],
  "artist_notes": [
    "Autotune/key starting point: D Major. Confidence: 46.3%.",
    "Beat energy: 10.0/10. Darkness: 3.7/10.",
    "Vocal space estimate: 2.4/10. Higher means easier space for vocals."
  ],
  "producer_notes": [
    "Low-end presence looks usable for the selected style.",
    "Selected style preset: rage_trap.",
    "Dominant frequency area: Sub.",
    "Drum activity is high at 5.90 hits/sec.",
    "Estimated length: 97 bars at 152 BPM."
  ],
  "master_notes": [
    "Clipping is the first thing to fix before judging the rest of the mix.",
    "Peak: 0.00 dB. RMS: -4.78 dB. Dynamic range: 4.78 dB."
  ],
  "next_steps": [
    "Lower the master/output, then use a soft clipper or limiter with safer ceiling.",
    "Back off limiting/clipping only if the punch or clarity disappears.",
    "Reduce over-compression or clipping on the master and let transients breathe.",
    "Fix the technical problems first before worrying about tiny creative details."
  ]
}