{
  "basic": {
    "file_name": "Yeat - GONE 4 A MIN.wav",
    "file_path": "/Users/jayden/SoundLens/tracks/Yeat/Yeat - GONE 4 A MIN.wav",
    "sample_rate": 48000,
    "duration_seconds": 135.03566666666666,
    "bpm": 127.84,
    "key": "B Minor",
    "key_note": "B",
    "key_mode": "Minor",
    "key_confidence": 46.1617730553246
  },
  "loudness": {
    "peak_db": 0.0009898230275594269,
    "rms_db": -8.970487275005471,
    "dynamic_range_db": 8.97147709803303,
    "clipping_detected": true,
    "clipping_samples": 68029,
    "clipping_percent": 1.0495529576136675,
    "headroom_db": -0.0009898230275594269
  },
  "frequency": {
    "band_percentages": {
      "Sub": 15.45931344855595,
      "Bass / 808": 15.136630857931376,
      "Mud": 14.922008977543255,
      "Low Mids": 14.419669633293234,
      "Mids / Melody": 14.435366246079639,
      "Harsh Zone": 13.679875400657329,
      "Highs": 13.274992170599667,
      "Air": 12.352018664270892,
      "Vocal Range": 15.349425636789201
    },
    "brightness_centroid_hz": 2915.981060021632,
    "brightness_label": "Medium",
    "spectral_rolloff_hz": 6501.645808649289,
    "dominant_band": "Sub",
    "low_end_total_percent": 30.595944306487326,
    "mid_total_percent": 43.77704485691613,
    "top_total_percent": 25.62701083487056
  },
  "fingerprint": {
    "mfcc_1": -83.28931427001953,
    "mfcc_2": 141.94680786132812,
    "mfcc_3": -13.096845626831055,
    "mfcc_4": 39.55450439453125,
    "mfcc_5": -10.543992042541504,
    "mfcc_6": 27.956363677978516,
    "mfcc_7": -8.729565620422363,
    "mfcc_8": 16.289987564086914,
    "mfcc_9": 0.06722483783960342,
    "mfcc_10": -0.12999366223812103,
    "mfcc_11": -1.3266690969467163,
    "mfcc_12": 4.620364665985107,
    "mfcc_13": 2.9195640087127686,
    "chroma_1": 0.4995926022529602,
    "chroma_2": 0.3576497435569763,
    "chroma_3": 0.482884019613266,
    "chroma_4": 0.28304728865623474,
    "chroma_5": 0.35348114371299744,
    "chroma_6": 0.19462978839874268,
    "chroma_7": 0.21042202413082123,
    "chroma_8": 0.20747752487659454,
    "chroma_9": 0.20810706913471222,
    "chroma_10": 0.41388067603111267,
    "chroma_11": 0.2385062575340271,
    "chroma_12": 0.5083726644515991,
    "spectral_contrast": 18.86111429574208,
    "spectral_flatness": 0.0016936683095991611,
    "zero_crossing_rate": 0.04718320343355055
  },
  "rhythm": {
    "onset_count": 575,
    "onset_density": 4.258134270698853,
    "drum_activity": "High",
    "estimated_bars": 72,
    "seconds_per_bar": 1.8773466833541927
  },
  "sections": [
    {
      "name": "Section 1",
      "start": 0.0,
      "end": 15.018773466833542,
      "avg_energy": 0.1892663538455963,
      "energy_label": "Low"
    },
    {
      "name": "Section 2",
      "start": 15.018773466833542,
      "end": 30.037546933667084,
      "avg_energy": 0.28334757685661316,
      "energy_label": "Low"
    },
    {
      "name": "Section 3",
      "start": 30.037546933667084,
      "end": 45.056320400500624,
      "avg_energy": 0.31998157501220703,
      "energy_label": "Medium"
    },
    {
      "name": "Section 4",
      "start": 45.056320400500624,
      "end": 60.07509386733417,
      "avg_energy": 0.3863925635814667,
      "energy_label": "Medium"
    },
    {
      "name": "Section 5",
      "start": 60.07509386733417,
      "end": 75.09386733416771,
      "avg_energy": 0.40846437215805054,
      "energy_label": "High"
    },
    {
      "name": "Section 6",
      "start": 75.09386733416771,
      "end": 90.11264080100125,
      "avg_energy": 0.3928571939468384,
      "energy_label": "Medium"
    },
    {
      "name": "Section 7",
      "start": 90.11264080100125,
      "end": 105.13141426783478,
      "avg_energy": 0.42557987570762634,
      "energy_label": "High"
    },
    {
      "name": "Section 8",
      "start": 105.13141426783478,
      "end": 120.15018773466832,
      "avg_energy": 0.4169502556324005,
      "energy_label": "High"
    },
    {
      "name": "Section 9",
      "start": 120.15018773466832,
      "end": 135.03566666666666,
      "avg_energy": 0.31072473526000977,
      "energy_label": "Low"
    }
  ],
  "scores": {
    "mix": 69,
    "master": 69,
    "arrangement": 81,
    "release": 73,
    "energy": 8.014756362497264,
    "bass_strength": 6.119188861297465,
    "darkness": 4.168037879956736,
    "brightness": 5.831962120043264,
    "drum_bounce": 10,
    "vocal_space": 1.9712436042265225
  },
  "stem_balance": null,
  "top_problems": [
    "Clipping detected: 68029 samples are near/over the limit.",
    "Mud range is elevated around 250-500 Hz.",
    "Drum movement is very active; the beat could become overcrowded."
  ],
  "suggested_fixes": [
    "Lower the master/output, then use a soft clipper or limiter with safer ceiling.",
    "Gently cut 250-500 Hz on melodies, pads, or the master if the mix feels cloudy.",
    "Mute extra percussion in some sections so the hook/drop feels bigger."
  ],
  "artist_notes": [
    "Autotune/key starting point: B Minor. Confidence: 46.2%.",
    "Beat energy: 8.0/10. Darkness: 4.2/10.",
    "Vocal space estimate: 2.0/10. Higher means easier space for vocals."
  ],
  "producer_notes": [
    "Low-end presence looks usable for the selected style.",
    "Selected style preset: rage_trap.",
    "Dominant frequency area: Sub.",
    "Drum activity is high at 4.26 hits/sec.",
    "Estimated length: 72 bars at 128 BPM."
  ],
  "master_notes": [
    "Clipping is the first thing to fix before judging the rest of the mix.",
    "Loudness is in a usable range for the selected style.",
    "Peak: 0.00 dB. RMS: -8.97 dB. Dynamic range: 8.97 dB."
  ],
  "next_steps": [
    "Lower the master/output, then use a soft clipper or limiter with safer ceiling.",
    "Gently cut 250-500 Hz on melodies, pads, or the master if the mix feels cloudy.",
    "Mute extra percussion in some sections so the hook/drop feels bigger.",
    "Fix the top 1-2 issues, export again, then re-run SoundLens."
  ]
}