{
  "basic": {
    "file_name": "OhSxnta - favorite song.wav",
    "file_path": "/Volumes/POLLY/tracks/OhSxnta/OhSxnta - favorite song.wav",
    "sample_rate": 48000,
    "duration_seconds": 83.777875,
    "bpm": 140.0,
    "key": "C Minor",
    "key_note": "C",
    "key_mode": "Minor",
    "key_confidence": 43.71176413600429
  },
  "loudness": {
    "peak_db": -6.160882310027167e-05,
    "rms_db": -8.579170881087396,
    "dynamic_range_db": 8.579109272264295,
    "clipping_detected": true,
    "clipping_samples": 62149,
    "clipping_percent": 1.5454806335602727,
    "headroom_db": 6.160882310027167e-05
  },
  "frequency": {
    "band_percentages": {
      "Sub": 15.846877364668584,
      "Bass / 808": 15.207752613445075,
      "Mud": 14.059981230926619,
      "Low Mids": 14.162449926458615,
      "Mids / Melody": 14.153837993107784,
      "Harsh Zone": 13.654093954232934,
      "Highs": 13.697329701408758,
      "Air": 12.871771168217741,
      "Vocal Range": 14.920062479135925
    },
    "brightness_centroid_hz": 3964.0696647704053,
    "brightness_label": "High",
    "spectral_rolloff_hz": 8760.236314449396,
    "dominant_band": "Sub",
    "low_end_total_percent": 31.05462997811366,
    "mid_total_percent": 42.376269150493016,
    "top_total_percent": 26.5691008696265
  },
  "fingerprint": {
    "mfcc_1": -132.8002166748047,
    "mfcc_2": -25.189693450927734,
    "mfcc_3": -6.646511077880859,
    "mfcc_4": 7.209333896636963,
    "mfcc_5": 0.14708691835403442,
    "mfcc_6": -0.3070515990257263,
    "mfcc_7": -0.16894768178462982,
    "mfcc_8": 2.010087728500366,
    "mfcc_9": -1.381780743598938,
    "mfcc_10": 5.028205871582031,
    "mfcc_11": -0.24391379952430725,
    "mfcc_12": 5.655717372894287,
    "mfcc_13": 2.8023529052734375,
    "chroma_1": 0.5497463941574097,
    "chroma_2": 0.5349801778793335,
    "chroma_3": 0.5377424955368042,
    "chroma_4": 0.7080153226852417,
    "chroma_5": 0.4631938934326172,
    "chroma_6": 0.5472679138183594,
    "chroma_7": 0.4097479581832886,
    "chroma_8": 0.4742775559425354,
    "chroma_9": 0.3946579396724701,
    "chroma_10": 0.32083481550216675,
    "chroma_11": 0.4132925868034363,
    "chroma_12": 0.24872370064258575,
    "spectral_contrast": 21.923309394582336,
    "spectral_flatness": 0.029728366062045097,
    "zero_crossing_rate": 0.0989200447232613,
    "embed_mfcc_1_mean": -132.8002166748047,
    "embed_mfcc_1_std": 99.97158813476562,
    "embed_mfcc_2_mean": -25.189693450927734,
    "embed_mfcc_2_std": 28.171463012695312,
    "embed_mfcc_3_mean": -6.646511077880859,
    "embed_mfcc_3_std": 17.51888656616211,
    "embed_mfcc_4_mean": 7.209333896636963,
    "embed_mfcc_4_std": 18.723398208618164,
    "embed_mfcc_5_mean": 0.14708691835403442,
    "embed_mfcc_5_std": 15.1524658203125,
    "embed_mfcc_6_mean": -0.3070515990257263,
    "embed_mfcc_6_std": 12.773226737976074,
    "embed_mfcc_7_mean": -0.16894768178462982,
    "embed_mfcc_7_std": 10.82638931274414,
    "embed_mfcc_8_mean": 2.010087728500366,
    "embed_mfcc_8_std": 11.675553321838379,
    "embed_mfcc_9_mean": -1.381780743598938,
    "embed_mfcc_9_std": 10.137455940246582,
    "embed_mfcc_10_mean": 5.028205871582031,
    "embed_mfcc_10_std": 8.360749244689941,
    "embed_mfcc_11_mean": -0.24391379952430725,
    "embed_mfcc_11_std": 9.934393882751465,
    "embed_mfcc_12_mean": 5.655717372894287,
    "embed_mfcc_12_std": 7.816401481628418,
    "embed_mfcc_13_mean": 2.8023529052734375,
    "embed_mfcc_13_std": 8.018468856811523,
    "embed_mfcc_14_mean": 3.738570213317871,
    "embed_mfcc_14_std": 7.370419502258301,
    "embed_mfcc_15_mean": -0.6527494192123413,
    "embed_mfcc_15_std": 7.216086387634277,
    "embed_mfcc_16_mean": 3.655574083328247,
    "embed_mfcc_16_std": 6.952178001403809,
    "embed_mfcc_17_mean": 0.23013044893741608,
    "embed_mfcc_17_std": 6.305788040161133,
    "embed_mfcc_18_mean": 3.7061822414398193,
    "embed_mfcc_18_std": 6.597964763641357,
    "embed_mfcc_19_mean": -2.95337176322937,
    "embed_mfcc_19_std": 6.7941060066223145,
    "embed_mfcc_20_mean": 0.9280439019203186,
    "embed_mfcc_20_std": 5.763737678527832,
    "embed_chroma_1_mean": 0.5497463941574097,
    "embed_chroma_1_std": 0.315462201833725,
    "embed_chroma_2_mean": 0.5349801778793335,
    "embed_chroma_2_std": 0.2974291443824768,
    "embed_chroma_3_mean": 0.5377424955368042,
    "embed_chroma_3_std": 0.19815988838672638,
    "embed_chroma_4_mean": 0.7080153226852417,
    "embed_chroma_4_std": 0.28046637773513794,
    "embed_chroma_5_mean": 0.4631938934326172,
    "embed_chroma_5_std": 0.19665133953094482,
    "embed_chroma_6_mean": 0.5472679138183594,
    "embed_chroma_6_std": 0.23922251164913177,
    "embed_chroma_7_mean": 0.4097479581832886,
    "embed_chroma_7_std": 0.20828211307525635,
    "embed_chroma_8_mean": 0.4742775559425354,
    "embed_chroma_8_std": 0.20700320601463318,
    "embed_chroma_9_mean": 0.3946579396724701,
    "embed_chroma_9_std": 0.19443900883197784,
    "embed_chroma_10_mean": 0.32083481550216675,
    "embed_chroma_10_std": 0.15955796837806702,
    "embed_chroma_11_mean": 0.4132925868034363,
    "embed_chroma_11_std": 0.17313553392887115,
    "embed_chroma_12_mean": 0.24872370064258575,
    "embed_chroma_12_std": 0.11621327698230743,
    "embed_contrast_1_mean": 21.02048110961914,
    "embed_contrast_1_std": 4.813231945037842,
    "embed_contrast_2_mean": 15.551641464233398,
    "embed_contrast_2_std": 3.884032726287842,
    "embed_contrast_3_mean": 17.949174880981445,
    "embed_contrast_3_std": 4.040030479431152,
    "embed_contrast_4_mean": 16.779314041137695,
    "embed_contrast_4_std": 3.1817376613616943,
    "embed_contrast_5_mean": 16.891464233398438,
    "embed_contrast_5_std": 2.671182870864868,
    "embed_contrast_6_mean": 17.078432083129883,
    "embed_contrast_6_std": 2.410374164581299,
    "embed_contrast_7_mean": 48.19266128540039,
    "embed_contrast_7_std": 2.8044486045837402,
    "embed_chroma_entropy": 2.453298568725586,
    "embed_centroid_mean": 2716.20409445466,
    "embed_centroid_std": 954.2977523191918,
    "embed_rolloff_mean": 6067.56022541303,
    "embed_rolloff_std": 1713.7190891217444,
    "embed_flatness_mean": 0.029728366062045097,
    "embed_flatness_std": 0.03760727867484093,
    "embed_zcr_mean": 0.0989200447232613,
    "embed_zcr_std": 0.07503611479226183,
    "embed_rms_mean": 0.2394769787788391,
    "embed_rms_std": 0.1344708651304245,
    "embed_onset_mean": 1.363638997077942,
    "embed_onset_std": 1.1815017461776733,
    "fingerprint_version": 2.0,
    "fingerprint_duration_seconds": 83.77791383219954,
    "embed_mfcc_delta_mean": -0.0010950070573017001,
    "embed_mfcc_delta_std": 2.4659621715545654,
    "embed_chroma_delta_mean": -6.735392526024953e-05,
    "embed_chroma_delta_std": 0.02569551393389702,
    "embed_onset_peak": 18.8861083984375,
    "embed_onset_p95": 3.6225948333740234,
    "embed_rms_p10": 0.061935387551784515,
    "embed_rms_p50": 0.22427068650722504,
    "embed_rms_p90": 0.446990966796875,
    "embedding_nonzero_count": 100.0
  },
  "rhythm": {
    "onset_count": 511,
    "onset_density": 6.099462417732606,
    "drum_activity": "High",
    "estimated_bars": 49,
    "seconds_per_bar": 1.7142857142857142
  },
  "sections": [
    {
      "name": "Intro",
      "start": 0.0,
      "end": 16.0,
      "avg_energy": 0.36354735493659973,
      "energy_label": "Medium"
    },
    {
      "name": "Chorus / Hook",
      "start": 16.0,
      "end": 32.0,
      "avg_energy": 0.4145207703113556,
      "energy_label": "Medium"
    },
    {
      "name": "Verse",
      "start": 32.0,
      "end": 48.0,
      "avg_energy": 0.3862524926662445,
      "energy_label": "Medium"
    },
    {
      "name": "Chorus / Hook",
      "start": 48.0,
      "end": 64.0,
      "avg_energy": 0.3832928538322449,
      "energy_label": "Medium"
    },
    {
      "name": "Outro",
      "start": 64.0,
      "end": 83.777875,
      "avg_energy": 0.3194730281829834,