{
  "basic": {
    "file_name": "OhSxnta - Just Me.wav",
    "file_path": "/Volumes/POLLY/tracks/OhSxnta/OhSxnta - Just Me.wav",
    "sample_rate": 48000,
    "duration_seconds": 148.7588125,
    "bpm": 140.0,
    "key": "C Major",
    "key_note": "C",
    "key_mode": "Major",
    "key_confidence": 43.42041222974645
  },
  "loudness": {
    "peak_db": 0.00018016447100264142,
    "rms_db": -5.682107143673127,
    "dynamic_range_db": 5.682287308144129,
    "clipping_detected": true,
    "clipping_samples": 110677,
    "clipping_percent": 1.5500062111166244,
    "headroom_db": -0.00018016447100264142
  },
  "frequency": {
    "band_percentages": {
      "Sub": 16.625919055982237,
      "Bass / 808": 14.285746973340466,
      "Mud": 14.143567809618279,
      "Low Mids": 13.902370547048557,
      "Mids / Melody": 14.0884560591043,
      "Harsh Zone": 13.525285718728286,
      "Highs": 13.831741864168631,
      "Air": 13.122197689023752,
      "Vocal Range": 14.819724593318927
    },
    "brightness_centroid_hz": 4469.80856811933,
    "brightness_label": "High",
    "spectral_rolloff_hz": 10440.449222951172,
    "dominant_band": "Sub",
    "low_end_total_percent": 30.911666029322703,
    "mid_total_percent": 42.13439441577114,
    "top_total_percent": 26.953939553192384
  },
  "fingerprint": {
    "mfcc_1": -87.91180419921875,
    "mfcc_2": -37.12601852416992,
    "mfcc_3": -1.9778119325637817,
    "mfcc_4": -5.364126205444336,
    "mfcc_5": -1.1776789426803589,
    "mfcc_6": 3.524123430252075,
    "mfcc_7": -4.686295032501221,
    "mfcc_8": 3.951291561126709,
    "mfcc_9": -3.822848320007324,
    "mfcc_10": 5.183962821960449,
    "mfcc_11": 1.113455057144165,
    "mfcc_12": 3.5927093029022217,
    "mfcc_13": 3.6119844913482666,
    "chroma_1": 0.722926914691925,
    "chroma_2": 0.4282384216785431,
    "chroma_3": 0.32345646619796753,
    "chroma_4": 0.29126277565956116,
    "chroma_5": 0.42682555317878723,
    "chroma_6": 0.22833949327468872,
    "chroma_7": 0.5610207915306091,
    "chroma_8": 0.37888607382774353,
    "chroma_9": 0.24131812155246735,
    "chroma_10": 0.36852630972862244,
    "chroma_11": 0.2195654660463333,
    "chroma_12": 0.3824077844619751,
    "spectral_contrast": 21.72511358488576,
    "spectral_flatness": 0.022580569609999657,
    "zero_crossing_rate": 0.08005639421681501,
    "embed_mfcc_1_mean": -87.91180419921875,
    "embed_mfcc_1_std": 29.525869369506836,
    "embed_mfcc_2_mean": -37.12601852416992,
    "embed_mfcc_2_std": 19.381322860717773,
    "embed_mfcc_3_mean": -1.9778119325637817,
    "embed_mfcc_3_std": 15.607401847839355,
    "embed_mfcc_4_mean": -5.364126205444336,
    "embed_mfcc_4_std": 11.988479614257812,
    "embed_mfcc_5_mean": -1.1776789426803589,
    "embed_mfcc_5_std": 11.066604614257812,
    "embed_mfcc_6_mean": 3.524123430252075,
    "embed_mfcc_6_std": 8.355616569519043,
    "embed_mfcc_7_mean": -4.686295032501221,
    "embed_mfcc_7_std": 8.15317153930664,
    "embed_mfcc_8_mean": 3.951291561126709,
    "embed_mfcc_8_std": 9.326382637023926,
    "embed_mfcc_9_mean": -3.822848320007324,
    "embed_mfcc_9_std": 7.625792026519775,
    "embed_mfcc_10_mean": 5.183962821960449,
    "embed_mfcc_10_std": 7.841228008270264,
    "embed_mfcc_11_mean": 1.113455057144165,
    "embed_mfcc_11_std": 6.872311115264893,
    "embed_mfcc_12_mean": 3.5927093029022217,
    "embed_mfcc_12_std": 7.451583385467529,
    "embed_mfcc_13_mean": 3.6119844913482666,
    "embed_mfcc_13_std": 6.840681552886963,
    "embed_mfcc_14_mean": 5.372490406036377,
    "embed_mfcc_14_std": 6.679954528808594,
    "embed_mfcc_15_mean": 2.8095805644989014,
    "embed_mfcc_15_std": 6.374037265777588,
    "embed_mfcc_16_mean": 10.426850318908691,
    "embed_mfcc_16_std": 5.990755081176758,
    "embed_mfcc_17_mean": 3.4078917503356934,
    "embed_mfcc_17_std": 5.650868892669678,
    "embed_mfcc_18_mean": 8.848076820373535,
    "embed_mfcc_18_std": 5.763066291809082,
    "embed_mfcc_19_mean": 5.930727005004883,
    "embed_mfcc_19_std": 5.8643293380737305,
    "embed_mfcc_20_mean": 4.268571853637695,
    "embed_mfcc_20_std": 5.275478839874268,
    "embed_chroma_1_mean": 0.722926914691925,
    "embed_chroma_1_std": 0.30571049451828003,
    "embed_chroma_2_mean": 0.4282384216785431,
    "embed_chroma_2_std": 0.22856079041957855,
    "embed_chroma_3_mean": 0.32345646619796753,
    "embed_chroma_3_std": 0.20098567008972168,
    "embed_chroma_4_mean": 0.29126277565956116,
    "embed_chroma_4_std": 0.15709324181079865,
    "embed_chroma_5_mean": 0.42682555317878723,
    "embed_chroma_5_std": 0.30111220479011536,
    "embed_chroma_6_mean": 0.22833949327468872,
    "embed_chroma_6_std": 0.11462521553039551,
    "embed_chroma_7_mean": 0.5610207915306091,
    "embed_chroma_7_std": 0.35304003953933716,
    "embed_chroma_8_mean": 0.37888607382774353,
    "embed_chroma_8_std": 0.22239573299884796,
    "embed_chroma_9_mean": 0.24131812155246735,
    "embed_chroma_9_std": 0.1323247253894806,
    "embed_chroma_10_mean": 0.36852630972862244,
    "embed_chroma_10_std": 0.24479547142982483,
    "embed_chroma_11_mean": 0.2195654660463333,
    "embed_chroma_11_std": 0.12307526171207428,
    "embed_chroma_12_mean": 0.3824077844619751,
    "embed_chroma_12_std": 0.26926395297050476,
    "embed_contrast_1_mean": 21.81366539001465,
    "embed_contrast_1_std": 4.994630813598633,
    "embed_contrast_2_mean": 13.567266464233398,
    "embed_contrast_2_std": 3.6856541633605957,
    "embed_contrast_3_mean": 16.88714027404785,
    "embed_contrast_3_std": 3.8037564754486084,
    "embed_contrast_4_mean": 16.44864845275879,
    "embed_contrast_4_std": 2.9693102836608887,
    "embed_contrast_5_mean": 17.285072326660156,
    "embed_contrast_5_std": 2.5206146240234375,
    "embed_contrast_6_mean": 17.041250228881836,
    "embed_contrast_6_std": 2.1740734577178955,
    "embed_contrast_7_mean": 49.03274917602539,
    "embed_contrast_7_std": 2.6296615600585938,
    "embed_chroma_entropy": 2.4224464893341064,
    "embed_centroid_mean": 3017.955568004081,
    "embed_centroid_std": 674.9497990673567,
    "embed_rolloff_mean": 7031.70123026467,
    "embed_rolloff_std": 918.9750989157689,
    "embed_flatness_mean": 0.022580569609999657,
    "embed_flatness_std": 0.022760912775993347,
    "embed_zcr_mean": 0.08005639421681501,
    "embed_zcr_std": 0.06408934310012367,
    "embed_rms_mean": 0.3589399456977844,
    "embed_rms_std": 0.12584945559501648,
    "embed_onset_mean": 1.204167366027832,
    "embed_onset_std": 0.810895562171936,
    "fingerprint_version": 2.0,
    "fingerprint_duration_seconds": 148.758820861678,
    "embed_mfcc_delta_mean": 0.0018706697737798095,
    "embed_mfcc_delta_std": 1.8144733905792236,
    "embed_chroma_delta_mean": -5.013276313547976e-05,
    "embed_chroma_delta_std": 0.021917123347520828,
    "embed_onset_peak": 8.658829689025879,
    "embed_onset_p95": 2.8877086639404297,
    "embed_rms_p10": 0.1151919811964035,
    "embed_rms_p50": 0.4253561496734619,
    "embed_rms_p90": 0.44244444370269775,
    "embedding_nonzero_count": 100.0
  },
  "rhythm": {
    "onset_count": 851,
    "onset_density": 5.720669489748716,
    "drum_activity": "High",
    "estimated_bars": 87,
    "seconds_per_bar": 1.7142857142857142
  },
  "sections": [
    {
      "name": "Intro",
      "start": 0.0,
      "end": 16.0,
      "avg_energy": 0.0732203796505928,
      "energy_label": "Low"
    },
    {
      "name": "Chorus / Hook",
      "start": 16.0,
      "end": 32.0,
      "avg_energy": 0.348649799823761,
      "energy_label": "Low"
    },
    {
      "name": "Verse",
      "start": 32.0,
      "end": 48.0,
      "avg_energy": 0.5892878174781799,
      "energy_label": "High"
    },
    {
      "name": "Chorus / Hook",
      "start": 48.0,
      "end": 64.0,
      "avg_energy": 0.6034597754478455,
      "energy_label": "High"
    },
    {
      "name": "Verse",
      "start": 64.0,
      "end": 80.0,
      "avg_energy": 0.6062567234039307,