{
  "basic": {
    "file_name": "ohsxnta - Change (Intro loop Ultra Slowed) [p8PA9VLRfPE].wav",
    "file_path": "/Users/jayden/SoundLens/tracks/OhSxnta/ohsxnta - Change (Intro loop Ultra Slowed) [p8PA9VLRfPE].wav",
    "sample_rate": 48000,
    "duration_seconds": 157.98858333333334,
    "bpm": 140.62,
    "key": "F Major",
    "key_note": "F",
    "key_mode": "Major",
    "key_confidence": 49.83760436914831
  },
  "loudness": {
    "peak_db": -9.47350039824659,
    "rms_db": -22.89036975832497,
    "dynamic_range_db": 13.416869360078378,
    "clipping_detected": false,
    "clipping_samples": 0,
    "clipping_percent": 0.0,
    "headroom_db": 9.47350039824659
  },
  "frequency": {
    "band_percentages": {
      "Sub": 10.894428497873268,
      "Bass / 808": 19.931241196414586,
      "Mud": 19.97397293847241,
      "Low Mids": 18.630344380865957,
      "Mids / Melody": 16.584517779353185,
      "Harsh Zone": 13.985471435763975,
      "Highs": 9.506144479585377,
      "Air": 4.479350724845801,
      "Vocal Range": 20.187374823682116
    },
    "brightness_centroid_hz": 741.1146475743019,
    "brightness_label": "Low",
    "spectral_rolloff_hz": 1172.7911701660817,
    "dominant_band": "Mud",
    "low_end_total_percent": 30.825669694287853,
    "mid_total_percent": 55.18883509869155,
    "top_total_percent": 13.985495204431178
  },
  "fingerprint": {
    "mfcc_1": -362.4441223144531,
    "mfcc_2": 249.6587371826172,
    "mfcc_3": 19.148174285888672,
    "mfcc_4": -20.22954559326172,
    "mfcc_5": 20.6531925201416,
    "mfcc_6": 9.062280654907227,
    "mfcc_7": -24.882640838623047,
    "mfcc_8": -8.093196868896484,
    "mfcc_9": 2.983930826187134,
    "mfcc_10": -26.900726318359375,
    "mfcc_11": -16.4040584564209,
    "mfcc_12": 0.5798570513725281,
    "mfcc_13": -15.235036849975586,
    "chroma_1": 0.45871207118034363,
    "chroma_2": 0.3520059883594513,
    "chroma_3": 0.35967981815338135,
    "chroma_4": 0.3062474727630615,
    "chroma_5": 0.5788226127624512,
    "chroma_6": 0.9142990708351135,
    "chroma_7": 0.4755748510360718,
    "chroma_8": 0.4006357192993164,
    "chroma_9": 0.3359219431877136,
    "chroma_10": 0.5100466012954712,
    "chroma_11": 0.6244972348213196,
    "chroma_12": 0.33112040162086487,
    "spectral_contrast": 20.29964948748711,
    "spectral_flatness": 8.728606917429715e-05,
    "zero_crossing_rate": 0.01805130816652039
  },
  "rhythm": {
    "onset_count": 66,
    "onset_density": 0.417751704632666,
    "drum_activity": "Low",
    "estimated_bars": 93,
    "seconds_per_bar": 1.7067273503057887
  },
  "sections": [
    {
      "name": "Intro",
      "start": 0.0,
      "end": 16.0,
      "avg_energy": 0.07134665548801422,
      "energy_label": "Medium"
    },
    {
      "name": "Chorus / Hook",
      "start": 16.0,
      "end": 32.0,
      "avg_energy": 0.07406932860612869,
      "energy_label": "Medium"
    },
    {
      "name": "Verse",
      "start": 32.0,
      "end": 48.0,
      "avg_energy": 0.07189976423978806,
      "energy_label": "Medium"
    },
    {
      "name": "Chorus / Hook",
      "start": 48.0,
      "end": 64.0,
      "avg_energy": 0.073971688747406,
      "energy_label": "Medium"
    },
    {
      "name": "Verse",
      "start": 64.0,
      "end": 80.0,
      "avg_energy": 0.07421145588159561,
      "energy_label": "Medium"
    },
    {
      "name": "Verse",
      "start": 80.0,
      "end": 96.0,
      "avg_energy": 0.07379716634750366,
      "energy_label": "Medium"
    },
    {
      "name": "Verse",
      "start": 96.0,
      "end": 112.0,
      "avg_energy": 0.07222678512334824,
      "energy_label": "Medium"
    },
    {
      "name": "Verse",
      "start": 112.0,
      "end": 128.0,
      "avg_energy": 0.07382149994373322,
      "energy_label": "Medium"
    },
    {
      "name": "Outro",
      "start": 128.0,
      "end": 157.98858333333334,
      "avg_energy": 0.06498882919549942,
      "energy_label": "Medium"
    }
  ],
  "scores": {
    "mix": 86,
    "master": 84,
    "arrangement": 75,
    "release": 82,
    "energy": 1.0548151208375156,
    "bass_strength": 6.16513393885757,
    "darkness": 8.517770704851396,
    "brightness": 1.4822292951486038,
    "drum_bounce": 1.044379261581665,
    "vocal_space": 0
  },
  "stem_balance": null,
  "top_problems": [
    "Mud range is elevated around 250-500 Hz.",
    "Track is quiet for the selected style.",
    "Intro may be long for short-form listener retention.",
    "Drum movement is low; the beat may need more bounce or percussion variation.",
    "Hook/verse contrast looks low, but arrangement detection is still an estimate."
  ],
  "suggested_fixes": [
    "Add controlled loudness with gain staging, saturation, soft clipping, then limiting.",
    "Gently cut 250-500 Hz on melodies, pads, or the master if the mix feels cloudy.",
    "Add hat rolls, percussion fills, or small drum changes every 4-8 bars.",
    "Check the waveform/sections by ear. If the hook feels flat, add contrast with melody layers, drum changes, or vocal energy.",
    "Consider bringing drums, 808, or a strong tag/moment in earlier."
  ],
  "artist_notes": [
    "Autotune/key starting point: F Major. Confidence: 49.8%.",
    "Beat energy: 1.1/10. Darkness: 8.5/10.",
    "Vocal space estimate: 0.0/10. Higher means easier space for vocals.",
    "Beat leans dark, so brighter vocals/adlibs may cut through well."
  ],
  "producer_notes": [
    "Low-end presence looks usable for the selected style.",
    "Selected style preset: rage_trap.",
    "Dominant frequency area: Mud.",
    "Drum activity is low at 0.42 hits/sec.",
    "Estimated length: 93 bars at 141 BPM."
  ],
  "master_notes": [
    "No obvious clipping problem detected.",
    "Peak: -9.47 dB. RMS: -22.89 dB. Dynamic range: 13.42 dB."
  ],
  "next_steps": [
    "Add controlled loudness with gain staging, saturation, soft clipping, then limiting.",
    "Gently cut 250-500 Hz on melodies, pads, or the master if the mix feels cloudy.",
    "Add hat rolls, percussion fills, or small drum changes every 4-8 bars.",
    "Fix the top 1-2 issues, export again, then re-run SoundLens."
  ]
}