{
  "basic": {
    "file_name": "Rexv2 - drolandmiller.wav",
    "file_path": "/Volumes/POLLY/tracks/Rexv2/Rexv2 - drolandmiller.wav",
    "sample_rate": 48000,
    "duration_seconds": 109.696,
    "bpm": 140.0,
    "key": "D# Minor",
    "key_note": "D#",
    "key_mode": "Minor",
    "key_confidence": 43.035648753110635
  },
  "loudness": {
    "peak_db": -0.00013253716898831272,
    "rms_db": -7.581766235816732,
    "dynamic_range_db": 7.581633698647744,
    "clipping_detected": true,
    "clipping_samples": 20167,
    "clipping_percent": 0.3830092558829249,
    "headroom_db": 0.00013253716898831272
  },
  "frequency": {
    "band_percentages": {
      "Sub": 16.33504105446971,
      "Bass / 808": 14.80862738986658,
      "Mud": 13.740948783193874,
      "Low Mids": 13.881860553389028,
      "Mids / Melody": 13.972895116935035,
      "Harsh Zone": 13.697262711610591,
      "Highs": 14.046409836833226,
      "Air": 13.214217263561778,
      "Vocal Range": 14.609203716422192
    },
    "brightness_centroid_hz": 3761.018674146002,
    "brightness_label": "High",
    "spectral_rolloff_hz": 8199.392318911036,
    "dominant_band": "Sub",
    "low_end_total_percent": 31.14366844433629,
    "mid_total_percent": 41.59570445351794,
    "top_total_percent": 27.260627100395006
  },
  "fingerprint": {
    "mfcc_1": -155.4643096923828,
    "mfcc_2": -32.21702194213867,
    "mfcc_3": 3.472696304321289,
    "mfcc_4": 7.345183372497559,
    "mfcc_5": -0.7064182162284851,
    "mfcc_6": -0.3920098543167114,
    "mfcc_7": -2.1847591400146484,
    "mfcc_8": 2.9162073135375977,
    "mfcc_9": -1.7029691934585571,
    "mfcc_10": 12.271018981933594,
    "mfcc_11": -1.156258463859558,
    "mfcc_12": 9.730066299438477,
    "mfcc_13": 5.234952449798584,
    "chroma_1": 0.17916111648082733,
    "chroma_2": 0.4193940758705139,
    "chroma_3": 0.34971243143081665,
    "chroma_4": 0.7900969386100769,
    "chroma_5": 0.48055499792099,
    "chroma_6": 0.2669457793235779,
    "chroma_7": 0.18398037552833557,
    "chroma_8": 0.16751250624656677,
    "chroma_9": 0.2035471647977829,
    "chroma_10": 0.15343306958675385,
    "chroma_11": 0.2290896326303482,
    "chroma_12": 0.1741112321615219,
    "spectral_contrast": 22.138416356994824,
    "spectral_flatness": 0.024334438145160675,
    "zero_crossing_rate": 0.09918836805555556,
    "embed_mfcc_1_mean": -155.4643096923828,
    "embed_mfcc_1_std": 132.60293579101562,
    "embed_mfcc_2_mean": -32.21702194213867,
    "embed_mfcc_2_std": 54.857051849365234,
    "embed_mfcc_3_mean": 3.472696304321289,
    "embed_mfcc_3_std": 26.612764358520508,
    "embed_mfcc_4_mean": 7.345183372497559,
    "embed_mfcc_4_std": 19.502717971801758,
    "embed_mfcc_5_mean": -0.7064182162284851,
    "embed_mfcc_5_std": 14.055464744567871,
    "embed_mfcc_6_mean": -0.3920098543167114,
    "embed_mfcc_6_std": 14.616527557373047,
    "embed_mfcc_7_mean": -2.1847591400146484,
    "embed_mfcc_7_std": 11.476753234863281,
    "embed_mfcc_8_mean": 2.9162073135375977,
    "embed_mfcc_8_std": 13.014214515686035,
    "embed_mfcc_9_mean": -1.7029691934585571,
    "embed_mfcc_9_std": 9.981452941894531,
    "embed_mfcc_10_mean": 12.271018981933594,
    "embed_mfcc_10_std": 10.538469314575195,
    "embed_mfcc_11_mean": -1.156258463859558,
    "embed_mfcc_11_std": 10.773423194885254,
    "embed_mfcc_12_mean": 9.730066299438477,
    "embed_mfcc_12_std": 9.051074981689453,
    "embed_mfcc_13_mean": 5.234952449798584,
    "embed_mfcc_13_std": 8.198824882507324,
    "embed_mfcc_14_mean": 2.5151169300079346,
    "embed_mfcc_14_std": 7.863877296447754,
    "embed_mfcc_15_mean": 5.297876834869385,
    "embed_mfcc_15_std": 8.067483901977539,
    "embed_mfcc_16_mean": 3.5290699005126953,
    "embed_mfcc_16_std": 6.790828227996826,
    "embed_mfcc_17_mean": 3.5062623023986816,
    "embed_mfcc_17_std": 6.955019474029541,
    "embed_mfcc_18_mean": 2.9003283977508545,
    "embed_mfcc_18_std": 7.316412448883057,
    "embed_mfcc_19_mean": -1.6536202430725098,
    "embed_mfcc_19_std": 6.897966384887695,
    "embed_mfcc_20_mean": 1.5721327066421509,
    "embed_mfcc_20_std": 6.363125801086426,
    "embed_chroma_1_mean": 0.17916111648082733,
    "embed_chroma_1_std": 0.15938091278076172,
    "embed_chroma_2_mean": 0.4193940758705139,
    "embed_chroma_2_std": 0.360574871301651,
    "embed_chroma_3_mean": 0.34971243143081665,
    "embed_chroma_3_std": 0.28585222363471985,
    "embed_chroma_4_mean": 0.7900969386100769,
    "embed_chroma_4_std": 0.2819475829601288,
    "embed_chroma_5_mean": 0.48055499792099,
    "embed_chroma_5_std": 0.3172546625137329,
    "embed_chroma_6_mean": 0.2669457793235779,
    "embed_chroma_6_std": 0.19506937265396118,
    "embed_chroma_7_mean": 0.18398037552833557,
    "embed_chroma_7_std": 0.13803119957447052,
    "embed_chroma_8_mean": 0.16751250624656677,
    "embed_chroma_8_std": 0.14195667207241058,
    "embed_chroma_9_mean": 0.2035471647977829,
    "embed_chroma_9_std": 0.15718825161457062,
    "embed_chroma_10_mean": 0.15343306958675385,
    "embed_chroma_10_std": 0.14558619260787964,
    "embed_chroma_11_mean": 0.2290896326303482,
    "embed_chroma_11_std": 0.1394023597240448,
    "embed_chroma_12_mean": 0.1741112321615219,
    "embed_chroma_12_std": 0.1513165682554245,
    "embed_contrast_1_mean": 22.807479858398438,
    "embed_contrast_1_std": 6.547232151031494,
    "embed_contrast_2_mean": 14.385013580322266,
    "embed_contrast_2_std": 3.8064043521881104,
    "embed_contrast_3_mean": 17.600360870361328,
    "embed_contrast_3_std": 4.0390095710754395,
    "embed_contrast_4_mean": 17.690168380737305,
    "embed_contrast_4_std": 3.3027751445770264,
    "embed_contrast_5_mean": 18.27956771850586,
    "embed_contrast_5_std": 3.1944174766540527,
    "embed_contrast_6_mean": 18.08348846435547,
    "embed_contrast_6_std": 3.425647735595703,
    "embed_contrast_7_mean": 46.122840881347656,
    "embed_contrast_7_std": 6.913824081420898,
    "embed_chroma_entropy": 2.335170030593872,
    "embed_centroid_mean": 2937.9619307870057,
    "embed_centroid_std": 1237.3018005540025,
    "embed_rolloff_mean": 6341.175130208333,
    "embed_rolloff_std": 2266.2962058801186,
    "embed_flatness_mean": 0.024334438145160675,
    "embed_flatness_std": 0.03230820223689079,
    "embed_zcr_mean": 0.09918836805555556,
    "embed_zcr_std": 0.07555513729118597,
    "embed_rms_mean": 0.2773485779762268,
    "embed_rms_std": 0.1185002326965332,
    "embed_onset_mean": 1.4957114458084106,
    "embed_onset_std": 1.1000094413757324,
    "fingerprint_version": 2.0,
    "fingerprint_duration_seconds": 109.69600907029478,
    "embed_mfcc_delta_mean": -0.0014761289348825812,
    "embed_mfcc_delta_std": 2.713059902191162,
    "embed_chroma_delta_mean": 6.46484040771611e-05,
    "embed_chroma_delta_std": 0.02023153193295002,
    "embed_onset_peak": 11.799625396728516,
    "embed_onset_p95": 3.5381200313568115,
    "embed_rms_p10": 0.11277182400226593,
    "embed_rms_p50": 0.30214861035346985,
    "embed_rms_p90": 0.4194461405277252,
    "embedding_nonzero_count": 100.0
  },
  "rhythm": {
    "onset_count": 666,
    "onset_density": 6.0713243873979,
    "drum_activity": "High",
    "estimated_bars": 64,
    "seconds_per_bar": 1.7142857142857142
  },
  "sections": [
    {
      "name": "Intro",
      "start": 0.0,
      "end": 16.0,
      "avg_energy": 0.35093313455581665,
      "energy_label": "Low"
    },
    {
      "name": "Chorus / Hook",
      "start": 16.0,
      "end": 32.0,
      "avg_energy": 0.3899857997894287,
      "energy_label": "Medium"
    },
    {
      "name": "Verse",
      "start": 32.0,
      "end": 48.0,
      "avg_energy": 0.4434022307395935,
      "energy_label": "Medium"
    },
    {
      "name": "Chorus / Hook",
      "start": 48.0,
      "end": 64.0,
      "avg_energy": 0.5137988328933716,
      "energy_label": "High"
    },
    {
      "name": "Verse",
      "start": 64.0,
      "end": 80.0,
      "avg_energy": 0.37692737579345703,