{
  "basic": {
    "file_name": "Rexv2 - INSERT CHEESY BREAD.wav",
    "file_path": "/Volumes/POLLY/tracks/Rexv2/Rexv2 - INSERT CHEESY BREAD.wav",
    "sample_rate": 48000,
    "duration_seconds": 136.6964375,
    "bpm": 140.0,
    "key": "C# Minor",
    "key_note": "C#",
    "key_mode": "Minor",
    "key_confidence": 43.59756125479289
  },
  "loudness": {
    "peak_db": 4.763005111942495e-05,
    "rms_db": -7.6199665762751465,
    "dynamic_range_db": 7.620014206326266,
    "clipping_detected": true,
    "clipping_samples": 3544,
    "clipping_percent": 0.05401262438410902,
    "headroom_db": -4.763005111942495e-05
  },
  "frequency": {
    "band_percentages": {
      "Sub": 16.82099602994956,
      "Bass / 808": 15.686886219508335,
      "Mud": 13.672333293173,
      "Low Mids": 13.806418922258912,
      "Mids / Melody": 14.004352578757965,
      "Harsh Zone": 13.709662755486466,
      "Highs": 13.576781082718577,
      "Air": 12.432231871846763,
      "Vocal Range": 14.55308996598504
    },
    "brightness_centroid_hz": 2895.7439276787095,
    "brightness_label": "Medium",
    "spectral_rolloff_hz": 6616.827232560861,
    "dominant_band": "Sub",
    "low_end_total_percent": 32.50788224945789,
    "mid_total_percent": 41.48310479418988,
    "top_total_percent": 26.009012954565343
  },
  "fingerprint": {
    "mfcc_1": -139.66748046875,
    "mfcc_2": -36.47246170043945,
    "mfcc_3": 11.924358367919922,
    "mfcc_4": 13.192410469055176,
    "mfcc_5": -0.9670143723487854,
    "mfcc_6": 3.3981235027313232,
    "mfcc_7": 6.481028079986572,
    "mfcc_8": 11.216995239257812,
    "mfcc_9": 1.051426887512207,
    "mfcc_10": 14.717737197875977,
    "mfcc_11": -0.8300868272781372,
    "mfcc_12": 6.977663040161133,
    "mfcc_13": 4.7528910636901855,
    "chroma_1": 0.5423877835273743,
    "chroma_2": 0.584500789642334,
    "chroma_3": 0.48890119791030884,
    "chroma_4": 0.4064011573791504,
    "chroma_5": 0.6594913601875305,
    "chroma_6": 0.6215562224388123,
    "chroma_7": 0.39161837100982666,
    "chroma_8": 0.3491879403591156,
    "chroma_9": 0.36915770173072815,
    "chroma_10": 0.49867790937423706,
    "chroma_11": 0.38408181071281433,
    "chroma_12": 0.3026617169380188,
    "spectral_contrast": 21.23137796640336,
    "spectral_flatness": 0.013952305540442467,
    "zero_crossing_rate": 0.06682707134046052,
    "embed_mfcc_1_mean": -139.66748046875,
    "embed_mfcc_1_std": 72.99137115478516,
    "embed_mfcc_2_mean": -36.47246170043945,
    "embed_mfcc_2_std": 29.656064987182617,
    "embed_mfcc_3_mean": 11.924358367919922,
    "embed_mfcc_3_std": 24.24539566040039,
    "embed_mfcc_4_mean": 13.192410469055176,
    "embed_mfcc_4_std": 20.203832626342773,
    "embed_mfcc_5_mean": -0.9670143723487854,
    "embed_mfcc_5_std": 17.78746795654297,
    "embed_mfcc_6_mean": 3.3981235027313232,
    "embed_mfcc_6_std": 14.989360809326172,
    "embed_mfcc_7_mean": 6.481028079986572,
    "embed_mfcc_7_std": 12.44987678527832,
    "embed_mfcc_8_mean": 11.216995239257812,
    "embed_mfcc_8_std": 11.751070976257324,
    "embed_mfcc_9_mean": 1.051426887512207,
    "embed_mfcc_9_std": 11.5802001953125,
    "embed_mfcc_10_mean": 14.717737197875977,
    "embed_mfcc_10_std": 10.47791576385498,
    "embed_mfcc_11_mean": -0.8300868272781372,
    "embed_mfcc_11_std": 10.670222282409668,
    "embed_mfcc_12_mean": 6.977663040161133,
    "embed_mfcc_12_std": 8.700642585754395,
    "embed_mfcc_13_mean": 4.7528910636901855,
    "embed_mfcc_13_std": 8.281561851501465,
    "embed_mfcc_14_mean": 3.4564194679260254,
    "embed_mfcc_14_std": 8.178475379943848,
    "embed_mfcc_15_mean": 4.030272006988525,
    "embed_mfcc_15_std": 8.0784912109375,
    "embed_mfcc_16_mean": 0.8780026435852051,
    "embed_mfcc_16_std": 7.840665340423584,
    "embed_mfcc_17_mean": -1.168063998222351,
    "embed_mfcc_17_std": 7.1502885818481445,
    "embed_mfcc_18_mean": 4.706981658935547,
    "embed_mfcc_18_std": 6.893949031829834,
    "embed_mfcc_19_mean": -1.6767077445983887,
    "embed_mfcc_19_std": 6.633265495300293,
    "embed_mfcc_20_mean": 3.5057642459869385,
    "embed_mfcc_20_std": 5.718644142150879,
    "embed_chroma_1_mean": 0.5423877835273743,
    "embed_chroma_1_std": 0.2604288160800934,
    "embed_chroma_2_mean": 0.584500789642334,
    "embed_chroma_2_std": 0.2561218738555908,
    "embed_chroma_3_mean": 0.48890119791030884,
    "embed_chroma_3_std": 0.26609209179878235,
    "embed_chroma_4_mean": 0.4064011573791504,
    "embed_chroma_4_std": 0.21920855343341827,
    "embed_chroma_5_mean": 0.6594913601875305,
    "embed_chroma_5_std": 0.29432472586631775,
    "embed_chroma_6_mean": 0.6215562224388123,
    "embed_chroma_6_std": 0.34030574560165405,
    "embed_chroma_7_mean": 0.39161837100982666,
    "embed_chroma_7_std": 0.2611501216888428,
    "embed_chroma_8_mean": 0.3491879403591156,
    "embed_chroma_8_std": 0.224946990609169,
    "embed_chroma_9_mean": 0.36915770173072815,
    "embed_chroma_9_std": 0.21140332520008087,
    "embed_chroma_10_mean": 0.49867790937423706,
    "embed_chroma_10_std": 0.2932881712913513,
    "embed_chroma_11_mean": 0.38408181071281433,
    "embed_chroma_11_std": 0.2450692504644394,
    "embed_chroma_12_mean": 0.3026617169380188,
    "embed_chroma_12_std": 0.19727665185928345,
    "embed_contrast_1_mean": 19.83197593688965,
    "embed_contrast_1_std": 4.373950004577637,
    "embed_contrast_2_mean": 13.779230117797852,
    "embed_contrast_2_std": 3.4471848011016846,
    "embed_contrast_3_mean": 16.32590675354004,
    "embed_contrast_3_std": 3.7667951583862305,
    "embed_contrast_4_mean": 16.86009407043457,
    "embed_contrast_4_std": 3.350881338119507,
    "embed_contrast_5_mean": 17.133893966674805,
    "embed_contrast_5_std": 2.8262388706207275,
    "embed_contrast_6_mean": 17.426074981689453,
    "embed_contrast_6_std": 2.8510332107543945,
    "embed_contrast_7_mean": 47.26247024536133,
    "embed_contrast_7_std": 3.2278387546539307,
    "embed_chroma_entropy": 2.4566683769226074,
    "embed_centroid_mean": 2602.620832908798,
    "embed_centroid_std": 774.1656644661457,
    "embed_rolloff_mean": 6305.274372868494,
    "embed_rolloff_std": 1615.5724241140497,
    "embed_flatness_mean": 0.013952305540442467,
    "embed_flatness_std": 0.025557968765497208,
    "embed_zcr_mean": 0.06682707134046052,
    "embed_zcr_std": 0.0594944532544051,
    "embed_rms_mean": 0.3645904064178467,
    "embed_rms_std": 0.13515836000442505,
    "embed_onset_mean": 1.6748160123825073,
    "embed_onset_std": 1.5482301712036133,
    "fingerprint_version": 2.0,
    "fingerprint_duration_seconds": 136.69646258503403,
    "embed_mfcc_delta_mean": -0.0024972513783723116,
    "embed_mfcc_delta_std": 3.1921403408050537,
    "embed_chroma_delta_mean": 2.6268451620126143e-05,
    "embed_chroma_delta_std": 0.03000360168516636,
    "embed_onset_peak": 20.905813217163086,
    "embed_onset_p95": 4.6213765144348145,
    "embed_rms_p10": 0.09050870686769485,
    "embed_rms_p50": 0.42067408561706543,
    "embed_rms_p90": 0.4669130742549896,
    "embedding_nonzero_count": 100.0
  },
  "rhythm": {
    "onset_count": 843,
    "onset_density": 6.166949303269151,
    "drum_activity": "High",
    "estimated_bars": 80,
    "seconds_per_bar": 1.7142857142857142
  },
  "sections": [
    {
      "name": "Intro",
      "start": 0.0,
      "end": 16.0,
      "avg_energy": 0.4913022518157959,
      "energy_label": "High"
    },
    {
      "name": "Chorus / Hook",
      "start": 16.0,
      "end": 32.0,
      "avg_energy": 0.47757285833358765,
      "energy_label": "High"
    },
    {
      "name": "Verse",
      "start": 32.0,
      "end": 48.0,
      "avg_energy": 0.5007886290550232,
      "energy_label": "High"
    },
    {
      "name": "Chorus / Hook",
      "start": 48.0,
      "end": 64.0,
      "avg_energy": 0.49395138025283813,
      "energy_label": "High"
    },
    {
      "name": "Verse",
      "start": 64.0,
      "end": 80.0,
      "avg_energy": 0.49404388666152954,