{
  "basic": {
    "file_name": "Rexv2 - GLOVE GANG.wav",
    "file_path": "/Volumes/POLLY/tracks/Rexv2/Rexv2 - GLOVE GANG.wav",
    "sample_rate": 48000,
    "duration_seconds": 120.08533333333334,
    "bpm": 140.0,
    "key": "C Minor",
    "key_note": "C",
    "key_mode": "Minor",
    "key_confidence": 42.71464215642346
  },
  "loudness": {
    "peak_db": -3.0545496328980146e-05,
    "rms_db": -6.733754775922714,
    "dynamic_range_db": 6.733724230426385,
    "clipping_detected": true,
    "clipping_samples": 3806,
    "clipping_percent": 0.06602943462426719,
    "headroom_db": 3.0545496328980146e-05
  },
  "frequency": {
    "band_percentages": {
      "Sub": 16.92838807798804,
      "Bass / 808": 14.663726761608425,
      "Mud": 13.801060109205428,
      "Low Mids": 14.010148370632727,
      "Mids / Melody": 13.874464436522798,
      "Harsh Zone": 13.536955495279573,
      "Highs": 13.747670440702187,
      "Air": 12.974541801561774,
      "Vocal Range": 14.654463652850941
    },
    "brightness_centroid_hz": 3537.5095265649134,
    "brightness_label": "High",
    "spectral_rolloff_hz": 8080.229566346922,
    "dominant_band": "Sub",
    "low_end_total_percent": 31.592114839596462,
    "mid_total_percent": 41.68567291636096,
    "top_total_percent": 26.72221224226396
  },
  "fingerprint": {
    "mfcc_1": -134.1953582763672,
    "mfcc_2": -37.93161392211914,
    "mfcc_3": 10.797645568847656,
    "mfcc_4": 9.601598739624023,
    "mfcc_5": 1.326973557472229,
    "mfcc_6": -1.0804723501205444,
    "mfcc_7": 5.202610492706299,
    "mfcc_8": 7.228402137756348,
    "mfcc_9": -5.8175201416015625,
    "mfcc_10": 17.197341918945312,
    "mfcc_11": 1.3517820835113525,
    "mfcc_12": 10.38078498840332,
    "mfcc_13": 6.65325403213501,
    "chroma_1": 0.4741019010543823,
    "chroma_2": 0.6018143892288208,
    "chroma_3": 0.65479975938797,
    "chroma_4": 0.7723874449729919,
    "chroma_5": 0.5265454053878784,
    "chroma_6": 0.43225613236427307,
    "chroma_7": 0.2735966444015503,
    "chroma_8": 0.2901955246925354,
    "chroma_9": 0.21172575652599335,
    "chroma_10": 0.17993497848510742,
    "chroma_11": 0.18050925433635712,
    "chroma_12": 0.15622787177562714,
    "spectral_contrast": 21.98613129944512,
    "spectral_flatness": 0.009841801598668098,
    "zero_crossing_rate": 0.045242167847813465,
    "embed_mfcc_1_mean": -134.1953582763672,
    "embed_mfcc_1_std": 39.75261688232422,
    "embed_mfcc_2_mean": -37.93161392211914,
    "embed_mfcc_2_std": 31.455848693847656,
    "embed_mfcc_3_mean": 10.797645568847656,
    "embed_mfcc_3_std": 26.36978530883789,
    "embed_mfcc_4_mean": 9.601598739624023,
    "embed_mfcc_4_std": 16.18864631652832,
    "embed_mfcc_5_mean": 1.326973557472229,
    "embed_mfcc_5_std": 14.823073387145996,
    "embed_mfcc_6_mean": -1.0804723501205444,
    "embed_mfcc_6_std": 14.181642532348633,
    "embed_mfcc_7_mean": 5.202610492706299,
    "embed_mfcc_7_std": 10.499214172363281,
    "embed_mfcc_8_mean": 7.228402137756348,
    "embed_mfcc_8_std": 11.145870208740234,
    "embed_mfcc_9_mean": -5.8175201416015625,
    "embed_mfcc_9_std": 11.051168441772461,
    "embed_mfcc_10_mean": 17.197341918945312,
    "embed_mfcc_10_std": 9.743060111999512,
    "embed_mfcc_11_mean": 1.3517820835113525,
    "embed_mfcc_11_std": 9.437895774841309,
    "embed_mfcc_12_mean": 10.38078498840332,
    "embed_mfcc_12_std": 8.702888488769531,
    "embed_mfcc_13_mean": 6.65325403213501,
    "embed_mfcc_13_std": 8.589798927307129,
    "embed_mfcc_14_mean": 2.1234323978424072,
    "embed_mfcc_14_std": 7.8393025398254395,
    "embed_mfcc_15_mean": 2.9037132263183594,
    "embed_mfcc_15_std": 7.304653167724609,
    "embed_mfcc_16_mean": 3.8851447105407715,
    "embed_mfcc_16_std": 6.482426643371582,
    "embed_mfcc_17_mean": -0.19254182279109955,
    "embed_mfcc_17_std": 6.484886169433594,
    "embed_mfcc_18_mean": 6.108908653259277,
    "embed_mfcc_18_std": 6.725806713104248,
    "embed_mfcc_19_mean": 4.41735315322876,
    "embed_mfcc_19_std": 7.611579418182373,
    "embed_mfcc_20_mean": 6.453793048858643,
    "embed_mfcc_20_std": 7.316054821014404,
    "embed_chroma_1_mean": 0.4741019010543823,
    "embed_chroma_1_std": 0.3206957280635834,
    "embed_chroma_2_mean": 0.6018143892288208,
    "embed_chroma_2_std": 0.3200054466724396,
    "embed_chroma_3_mean": 0.65479975938797,
    "embed_chroma_3_std": 0.2825998365879059,
    "embed_chroma_4_mean": 0.7723874449729919,
    "embed_chroma_4_std": 0.2630588114261627,
    "embed_chroma_5_mean": 0.5265454053878784,
    "embed_chroma_5_std": 0.20763850212097168,
    "embed_chroma_6_mean": 0.43225613236427307,
    "embed_chroma_6_std": 0.2016400247812271,
    "embed_chroma_7_mean": 0.2735966444015503,
    "embed_chroma_7_std": 0.1064416915178299,
    "embed_chroma_8_mean": 0.2901955246925354,
    "embed_chroma_8_std": 0.11321119219064713,
    "embed_chroma_9_mean": 0.21172575652599335,
    "embed_chroma_9_std": 0.09096992760896683,
    "embed_chroma_10_mean": 0.17993497848510742,
    "embed_chroma_10_std": 0.07308898866176605,
    "embed_chroma_11_mean": 0.18050925433635712,
    "embed_chroma_11_std": 0.07927340269088745,
    "embed_chroma_12_mean": 0.15622787177562714,
    "embed_chroma_12_std": 0.06206672638654709,
    "embed_contrast_1_mean": 22.34113121032715,
    "embed_contrast_1_std": 5.4521260261535645,
    "embed_contrast_2_mean": 14.226099967956543,
    "embed_contrast_2_std": 4.083016872406006,
    "embed_contrast_3_mean": 17.51849365234375,
    "embed_contrast_3_std": 4.075433731079102,
    "embed_contrast_4_mean": 16.696470260620117,
    "embed_contrast_4_std": 3.205263376235962,
    "embed_contrast_5_mean": 17.19999122619629,
    "embed_contrast_5_std": 2.7698159217834473,
    "embed_contrast_6_mean": 18.45853614807129,
    "embed_contrast_6_std": 3.432025194168091,
    "embed_contrast_7_mean": 47.462196350097656,
    "embed_contrast_7_std": 3.6348719596862793,
    "embed_chroma_entropy": 2.3554725646972656,
    "embed_centroid_mean": 2713.388343504091,
    "embed_centroid_std": 974.6655184361725,
    "embed_rolloff_mean": 6418.198690030597,
    "embed_rolloff_std": 1799.8174010318032,
    "embed_flatness_mean": 0.009841801598668098,
    "embed_flatness_std": 0.019330933690071106,
    "embed_zcr_mean": 0.045242167847813465,
    "embed_zcr_std": 0.039836218668955065,
    "embed_rms_mean": 0.40889814496040344,
    "embed_rms_std": 0.0763002336025238,
    "embed_onset_mean": 1.7808895111083984,
    "embed_onset_std": 1.3795825242996216,
    "fingerprint_version": 2.0,
    "fingerprint_duration_seconds": 120.0853514739229,
    "embed_mfcc_delta_mean": -0.00010871315316762775,
    "embed_mfcc_delta_std": 2.977006435394287,
    "embed_chroma_delta_mean": 1.0039194421551656e-05,
    "embed_chroma_delta_std": 0.016055746003985405,
    "embed_onset_peak": 11.63441276550293,
    "embed_onset_p95": 4.38566255569458,
    "embed_rms_p10": 0.3638399839401245,
    "embed_rms_p50": 0.4201311469078064,
    "embed_rms_p90": 0.48058605194091797,
    "embedding_nonzero_count": 100.0
  },
  "rhythm": {
    "onset_count": 810,
    "onset_density": 6.7452034109077985,
    "drum_activity": "High",
    "estimated_bars": 70,
    "seconds_per_bar": 1.7142857142857142
  },
  "sections": [
    {
      "name": "Intro",
      "start": 0.0,
      "end": 16.0,
      "avg_energy": 0.45870909094810486,
      "energy_label": "Medium"
    },
    {
      "name": "Chorus / Hook",
      "start": 16.0,
      "end": 32.0,
      "avg_energy": 0.4631177484989166,
      "energy_label": "Medium"
    },
    {
      "name": "Verse",
      "start": 32.0,
      "end": 48.0,
      "avg_energy": 0.5043397545814514,
      "energy_label": "Medium"
    },
    {
      "name": "Chorus / Hook",
      "start": 48.0,
      "end": 64.0,
      "avg_energy": 0.5120436549186707,
      "energy_label": "Medium"
    },
    {
      "name": "Verse",
      "start": 64.0,
      "end": 80.0,
      "avg_energy": 0.5089742541313171,