{
  "basic": {
    "file_name": "Rexv2 - KOUNT NOW KRY LATER.wav",
    "file_path": "/Volumes/POLLY/tracks/Rexv2/Rexv2 - KOUNT NOW KRY LATER.wav",
    "sample_rate": 48000,
    "duration_seconds": 120.42666666666666,
    "bpm": 140.0,
    "key": "D Minor",
    "key_note": "D",
    "key_mode": "Minor",
    "key_confidence": 42.83117039789049
  },
  "loudness": {
    "peak_db": 0.0012507199366176825,
    "rms_db": -9.437935784947163,
    "dynamic_range_db": 9.43918650488378,
    "clipping_detected": true,
    "clipping_samples": 1790,
    "clipping_percent": 0.030966286536758196,
    "headroom_db": -0.0012507199366176825
  },
  "frequency": {
    "band_percentages": {
      "Sub": 15.595236945219545,
      "Bass / 808": 15.141586595314804,
      "Mud": 13.877203580569637,
      "Low Mids": 14.11464414090943,
      "Mids / Melody": 14.358161876856865,
      "Harsh Zone": 14.004357111857047,
      "Highs": 13.876434925947326,
      "Air": 13.036731933445346,
      "Vocal Range": 14.867683809620786
    },
    "brightness_centroid_hz": 3946.8806093582034,
    "brightness_label": "High",
    "spectral_rolloff_hz": 8887.354281064565,
    "dominant_band": "Sub",
    "low_end_total_percent": 30.73682354053435,
    "mid_total_percent": 42.35000959833593,
    "top_total_percent": 26.91316685939267
  },
  "fingerprint": {
    "mfcc_1": -67.84158325195312,
    "mfcc_2": -36.96796798706055,
    "mfcc_3": -0.24053402245044708,
    "mfcc_4": 8.60135269165039,
    "mfcc_5": -0.3226777911186218,
    "mfcc_6": 2.0062379837036133,
    "mfcc_7": 2.6517069339752197,
    "mfcc_8": 3.976008176803589,
    "mfcc_9": 0.7261764407157898,
    "mfcc_10": 9.796622276306152,
    "mfcc_11": -1.258257269859314,
    "mfcc_12": 8.048421859741211,
    "mfcc_13": 3.3380727767944336,
    "chroma_1": 0.35446542501449585,
    "chroma_2": 0.714961588382721,
    "chroma_3": 0.6114848256111145,
    "chroma_4": 0.3839554786682129,
    "chroma_5": 0.30908477306365967,
    "chroma_6": 0.2864707410335541,
    "chroma_7": 0.46728089451789856,
    "chroma_8": 0.22452189028263092,
    "chroma_9": 0.2957516610622406,
    "chroma_10": 0.27958017587661743,
    "chroma_11": 0.21382485330104828,
    "chroma_12": 0.253879576921463,
    "spectral_contrast": 21.17557780522492,
    "spectral_flatness": 0.03622139245271683,
    "zero_crossing_rate": 0.11528558406298374,
    "embed_mfcc_1_mean": -67.84158325195312,
    "embed_mfcc_1_std": 31.123231887817383,
    "embed_mfcc_2_mean": -36.96796798706055,
    "embed_mfcc_2_std": 21.15481185913086,
    "embed_mfcc_3_mean": -0.24053402245044708,
    "embed_mfcc_3_std": 17.125131607055664,
    "embed_mfcc_4_mean": 8.60135269165039,
    "embed_mfcc_4_std": 14.850333213806152,
    "embed_mfcc_5_mean": -0.3226777911186218,
    "embed_mfcc_5_std": 13.153650283813477,
    "embed_mfcc_6_mean": 2.0062379837036133,
    "embed_mfcc_6_std": 11.521409034729004,
    "embed_mfcc_7_mean": 2.6517069339752197,
    "embed_mfcc_7_std": 10.459911346435547,
    "embed_mfcc_8_mean": 3.976008176803589,
    "embed_mfcc_8_std": 10.288180351257324,
    "embed_mfcc_9_mean": 0.7261764407157898,
    "embed_mfcc_9_std": 10.538524627685547,
    "embed_mfcc_10_mean": 9.796622276306152,
    "embed_mfcc_10_std": 9.416725158691406,
    "embed_mfcc_11_mean": -1.258257269859314,
    "embed_mfcc_11_std": 9.055834770202637,
    "embed_mfcc_12_mean": 8.048421859741211,
    "embed_mfcc_12_std": 8.540048599243164,
    "embed_mfcc_13_mean": 3.3380727767944336,
    "embed_mfcc_13_std": 8.112933158874512,
    "embed_mfcc_14_mean": 3.858769655227661,
    "embed_mfcc_14_std": 7.569830417633057,
    "embed_mfcc_15_mean": 1.2871333360671997,
    "embed_mfcc_15_std": 7.124972343444824,
    "embed_mfcc_16_mean": 1.0547288656234741,
    "embed_mfcc_16_std": 6.692783832550049,
    "embed_mfcc_17_mean": -1.4153015613555908,
    "embed_mfcc_17_std": 6.149433612823486,
    "embed_mfcc_18_mean": 1.647545576095581,
    "embed_mfcc_18_std": 6.142411231994629,
    "embed_mfcc_19_mean": -2.522329330444336,
    "embed_mfcc_19_std": 6.420382499694824,
    "embed_mfcc_20_mean": 1.7425059080123901,
    "embed_mfcc_20_std": 6.420369625091553,
    "embed_chroma_1_mean": 0.35446542501449585,
    "embed_chroma_1_std": 0.2157762199640274,
    "embed_chroma_2_mean": 0.714961588382721,
    "embed_chroma_2_std": 0.2827081084251404,
    "embed_chroma_3_mean": 0.6114848256111145,
    "embed_chroma_3_std": 0.3242291808128357,
    "embed_chroma_4_mean": 0.3839554786682129,
    "embed_chroma_4_std": 0.20998720824718475,
    "embed_chroma_5_mean": 0.30908477306365967,
    "embed_chroma_5_std": 0.18611307442188263,
    "embed_chroma_6_mean": 0.2864707410335541,
    "embed_chroma_6_std": 0.1507747322320938,
    "embed_chroma_7_mean": 0.46728089451789856,
    "embed_chroma_7_std": 0.36050546169281006,
    "embed_chroma_8_mean": 0.22452189028263092,
    "embed_chroma_8_std": 0.16917869448661804,
    "embed_chroma_9_mean": 0.2957516610622406,
    "embed_chroma_9_std": 0.1563756912946701,
    "embed_chroma_10_mean": 0.27958017587661743,
    "embed_chroma_10_std": 0.13765837252140045,
    "embed_chroma_11_mean": 0.21382485330104828,
    "embed_chroma_11_std": 0.13342389464378357,
    "embed_chroma_12_mean": 0.253879576921463,
    "embed_chroma_12_std": 0.19821734726428986,
    "embed_contrast_1_mean": 18.340869903564453,
    "embed_contrast_1_std": 4.433960914611816,
    "embed_contrast_2_mean": 13.92857837677002,
    "embed_contrast_2_std": 3.5378363132476807,
    "embed_contrast_3_mean": 17.20676612854004,
    "embed_contrast_3_std": 3.635012626647949,
    "embed_contrast_4_mean": 16.985185623168945,
    "embed_contrast_4_std": 2.9945015907287598,
    "embed_contrast_5_mean": 17.221757888793945,
    "embed_contrast_5_std": 2.585376739501953,
    "embed_contrast_6_mean": 17.353225708007812,
    "embed_contrast_6_std": 2.683457136154175,
    "embed_contrast_7_mean": 47.19266128540039,
    "embed_contrast_7_std": 3.1426477432250977,
    "embed_chroma_entropy": 2.409313201904297,
    "embed_centroid_mean": 3047.6820441865207,
    "embed_centroid_std": 666.3964633947572,
    "embed_rolloff_mean": 6897.708290501645,
    "embed_rolloff_std": 1181.665236141434,
    "embed_flatness_mean": 0.03622139245271683,
    "embed_flatness_std": 0.033356621861457825,
    "embed_zcr_mean": 0.11528558406298374,
    "embed_zcr_std": 0.048980197904380865,
    "embed_rms_mean": 0.3042055070400238,
    "embed_rms_std": 0.03583608567714691,
    "embed_onset_mean": 1.3086175918579102,
    "embed_onset_std": 0.7820780873298645,
    "fingerprint_version": 2.0,
    "fingerprint_duration_seconds": 120.42666666666666,
    "embed_mfcc_delta_mean": 3.090757309109904e-05,
    "embed_mfcc_delta_std": 2.073216676712036,
    "embed_chroma_delta_mean": -2.375094481976703e-06,
    "embed_chroma_delta_std": 0.0209337305277586,
    "embed_onset_peak": 9.63868236541748,
    "embed_onset_p95": 2.846039056777954,
    "embed_rms_p10": 0.27856603264808655,
    "embed_rms_p50": 0.30933094024658203,
    "embed_rms_p90": 0.3355638086795807,
    "embedding_nonzero_count": 100.0
  },
  "rhythm": {
    "onset_count": 151,
    "onset_density": 1.253875110717449,
    "drum_activity": "Low",
    "estimated_bars": 70,
    "seconds_per_bar": 1.7142857142857142
  },
  "sections": [
    {
      "name": "Intro",
      "start": 0.0,
      "end": 16.0,
      "avg_energy": 0.30749860405921936,
      "energy_label": "Medium"
    },
    {
      "name": "Chorus / Hook",
      "start": 16.0,
      "end": 32.0,
      "avg_energy": 0.3597942888736725,
      "energy_label": "Medium"
    },
    {
      "name": "Verse",
      "start": 32.0,
      "end": 48.0,
      "avg_energy": 0.37492597103118896,
      "energy_label": "Medium"
    },
    {
      "name": "Chorus / Hook",
      "start": 48.0,
      "end": 64.0,
      "avg_energy": 0.35743439197540283,
      "energy_label": "Medium"
    },
    {
      "name": "Verse",
      "start": 64.0,
      "end": 80.0,
      "avg_energy": 0.3648560345172882,