{
  "basic": {
    "file_name": "Jane Remover - homeswitcher.wav",
    "file_path": "/Volumes/POLLY/tracks/Jane Remover/Jane Remover - homeswitcher.wav",
    "sample_rate": 48000,
    "duration_seconds": 145.18333333333334,
    "bpm": 140.0,
    "key": "F# Minor",
    "key_note": "F#",
    "key_mode": "Minor",
    "key_confidence": 42.7393577424231
  },
  "loudness": {
    "peak_db": 0.004083845599645952,
    "rms_db": -6.054418378018998,
    "dynamic_range_db": 6.058502223618644,
    "clipping_detected": true,
    "clipping_samples": 125436,
    "clipping_percent": 1.799965560785214,
    "headroom_db": -0.004083845599645952
  },
  "frequency": {
    "band_percentages": {
      "Sub": 14.739555726358708,
      "Bass / 808": 14.836860273663566,
      "Mud": 14.189399442076326,
      "Low Mids": 14.359480600498753,
      "Mids / Melody": 14.706740045642341,
      "Harsh Zone": 14.344370485262559,
      "Highs": 14.006367421581208,
      "Air": 13.161596488551396,
      "Vocal Range": 15.174514069219983
    },
    "brightness_centroid_hz": 5365.082664357195,
    "brightness_label": "High",
    "spectral_rolloff_hz": 11594.37334692528,
    "dominant_band": "Bass / 808",
    "low_end_total_percent": 29.576416000022274,
    "mid_total_percent": 43.25562008821742,
    "top_total_percent": 27.167963910132606
  },
  "fingerprint": {
    "mfcc_1": -32.79726028442383,
    "mfcc_2": -46.1909294128418,
    "mfcc_3": -20.669095993041992,
    "mfcc_4": -3.0627758502960205,
    "mfcc_5": -7.737813949584961,
    "mfcc_6": -5.2911577224731445,
    "mfcc_7": -6.405756950378418,
    "mfcc_8": 1.1938410997390747,
    "mfcc_9": -2.680739641189575,
    "mfcc_10": 4.679704189300537,
    "mfcc_11": -3.016737461090088,
    "mfcc_12": 5.572150707244873,
    "mfcc_13": -0.6585014462471008,
    "chroma_1": 0.40134668350219727,
    "chroma_2": 0.47151046991348267,
    "chroma_3": 0.5712651610374451,
    "chroma_4": 0.5339762568473816,
    "chroma_5": 0.5876063108444214,
    "chroma_6": 0.5257497429847717,
    "chroma_7": 0.707153856754303,
    "chroma_8": 0.5701673030853271,
    "chroma_9": 0.4453512728214264,
    "chroma_10": 0.5138790607452393,
    "chroma_11": 0.41524040699005127,
    "chroma_12": 0.40272337198257446,
    "spectral_contrast": 20.701300233218966,
    "spectral_flatness": 0.07014596462249756,
    "zero_crossing_rate": 0.17673220796850814,
    "embed_mfcc_1_mean": -32.79726028442383,
    "embed_mfcc_1_std": 71.44866180419922,
    "embed_mfcc_2_mean": -46.1909294128418,
    "embed_mfcc_2_std": 30.063081741333008,
    "embed_mfcc_3_mean": -20.669095993041992,
    "embed_mfcc_3_std": 23.15000343322754,
    "embed_mfcc_4_mean": -3.0627758502960205,
    "embed_mfcc_4_std": 17.050382614135742,
    "embed_mfcc_5_mean": -7.737813949584961,
    "embed_mfcc_5_std": 14.90748119354248,
    "embed_mfcc_6_mean": -5.2911577224731445,
    "embed_mfcc_6_std": 12.086485862731934,
    "embed_mfcc_7_mean": -6.405756950378418,
    "embed_mfcc_7_std": 11.782392501831055,
    "embed_mfcc_8_mean": 1.1938410997390747,
    "embed_mfcc_8_std": 9.922781944274902,
    "embed_mfcc_9_mean": -2.680739641189575,
    "embed_mfcc_9_std": 9.954360961914062,
    "embed_mfcc_10_mean": 4.679704189300537,
    "embed_mfcc_10_std": 8.775986671447754,
    "embed_mfcc_11_mean": -3.016737461090088,
    "embed_mfcc_11_std": 8.03374195098877,
    "embed_mfcc_12_mean": 5.572150707244873,
    "embed_mfcc_12_std": 8.131118774414062,
    "embed_mfcc_13_mean": -0.6585014462471008,
    "embed_mfcc_13_std": 8.086700439453125,
    "embed_mfcc_14_mean": 5.542696475982666,
    "embed_mfcc_14_std": 7.584702968597412,
    "embed_mfcc_15_mean": -1.1333463191986084,
    "embed_mfcc_15_std": 7.195228099822998,
    "embed_mfcc_16_mean": 4.148178577423096,
    "embed_mfcc_16_std": 6.961359024047852,
    "embed_mfcc_17_mean": -0.37056511640548706,
    "embed_mfcc_17_std": 7.258978843688965,
    "embed_mfcc_18_mean": 1.8683969974517822,
    "embed_mfcc_18_std": 6.619163513183594,
    "embed_mfcc_19_mean": -4.089749813079834,
    "embed_mfcc_19_std": 6.832363128662109,
    "embed_mfcc_20_mean": 0.888473629951477,
    "embed_mfcc_20_std": 6.8613176345825195,
    "embed_chroma_1_mean": 0.40134668350219727,
    "embed_chroma_1_std": 0.2198272943496704,
    "embed_chroma_2_mean": 0.47151046991348267,
    "embed_chroma_2_std": 0.22272835671901703,
    "embed_chroma_3_mean": 0.5712651610374451,
    "embed_chroma_3_std": 0.28676435351371765,
    "embed_chroma_4_mean": 0.5339762568473816,
    "embed_chroma_4_std": 0.2746344208717346,
    "embed_chroma_5_mean": 0.5876063108444214,
    "embed_chroma_5_std": 0.2829851806163788,
    "embed_chroma_6_mean": 0.5257497429847717,
    "embed_chroma_6_std": 0.24366861581802368,
    "embed_chroma_7_mean": 0.707153856754303,
    "embed_chroma_7_std": 0.3063998520374298,
    "embed_chroma_8_mean": 0.5701673030853271,
    "embed_chroma_8_std": 0.26543617248535156,
    "embed_chroma_9_mean": 0.4453512728214264,
    "embed_chroma_9_std": 0.24997062981128693,
    "embed_chroma_10_mean": 0.5138790607452393,
    "embed_chroma_10_std": 0.29281947016716003,
    "embed_chroma_11_mean": 0.41524040699005127,
    "embed_chroma_11_std": 0.24381045997142792,
    "embed_chroma_12_mean": 0.40272337198257446,
    "embed_chroma_12_std": 0.23474794626235962,
    "embed_contrast_1_mean": 17.359281539916992,
    "embed_contrast_1_std": 5.5597076416015625,
    "embed_contrast_2_mean": 13.067804336547852,
    "embed_contrast_2_std": 4.418652534484863,
    "embed_contrast_3_mean": 16.702312469482422,
    "embed_contrast_3_std": 4.377145290374756,
    "embed_contrast_4_mean": 15.762861251831055,
    "embed_contrast_4_std": 3.976834535598755,
    "embed_contrast_5_mean": 17.345123291015625,
    "embed_contrast_5_std": 3.720033645629883,
    "embed_contrast_6_mean": 17.084510803222656,
    "embed_contrast_6_std": 3.4508867263793945,
    "embed_contrast_7_mean": 47.58721160888672,
    "embed_contrast_7_std": 3.3285040855407715,
    "embed_chroma_entropy": 2.470726251602173,
    "embed_centroid_mean": 3346.8607314293727,
    "embed_centroid_std": 862.4716459826649,
    "embed_rolloff_mean": 6856.766871402138,
    "embed_rolloff_std": 1390.0147496290779,
    "embed_flatness_mean": 0.07014596462249756,
    "embed_flatness_std": 0.054166048765182495,
    "embed_zcr_mean": 0.17673220796850814,
    "embed_zcr_std": 0.09311664402614951,
    "embed_rms_mean": 0.34542372822761536,
    "embed_rms_std": 0.08899567276239395,
    "embed_onset_mean": 1.3169113397598267,
    "embed_onset_std": 1.4996602535247803,
    "fingerprint_version": 2.0,
    "fingerprint_duration_seconds": 145.1833560090703,
    "embed_mfcc_delta_mean": 0.00029248077771626413,
    "embed_mfcc_delta_std": 2.957923412322998,
    "embed_chroma_delta_mean": 8.12707730801776e-05,
    "embed_chroma_delta_std": 0.02820403315126896,
    "embed_onset_peak": 35.46113204956055,
    "embed_onset_p95": 3.3270263671875,
    "embed_rms_p10": 0.24900811910629272,
    "embed_rms_p50": 0.3489469587802887,
    "embed_rms_p90": 0.45084133744239807,
    "embedding_nonzero_count": 100.0
  },
  "rhythm": {
    "onset_count": 294,
    "onset_density": 2.0250258294110894,
    "drum_activity": "Medium",
    "estimated_bars": 85,
    "seconds_per_bar": 1.7142857142857142
  },
  "sections": [
    {
      "name": "Intro",
      "start": 0.0,
      "end": 16.0,
      "avg_energy": 0.3328464925289154,
      "energy_label": "Low"
    },
    {
      "name": "Chorus / Hook",
      "start": 16.0,
      "end": 32.0,
      "avg_energy": 0.5386189222335815,
      "energy_label": "Medium"
    },
    {
      "name": "Verse",
      "start": 32.0,
      "end": 48.0,
      "avg_energy": 0.5306062698364258,
      "energy_label": "Medium"
    },
    {
      "name": "Chorus / Hook",
      "start": 48.0,
      "end": 64.0,
      "avg_energy": 0.519625186920166,
      "energy_label": "Medium"
    },
    {
      "name": "Verse",
      "start": 64.0,
      "end": 80.0,
      "avg_energy": 0.5146024227142334,