{
  "basic": {
    "file_name": "Jane Remover - pretender.wav",
    "file_path": "/Volumes/POLLY/tracks/Jane Remover/Jane Remover - pretender.wav",
    "sample_rate": 48000,
    "duration_seconds": 221.45833333333334,
    "bpm": 140.0,
    "key": "D Minor",
    "key_note": "D",
    "key_mode": "Minor",
    "key_confidence": 42.31490974538561
  },
  "loudness": {
    "peak_db": -5.6949317002475966e-05,
    "rms_db": -10.311839042309765,
    "dynamic_range_db": 10.311782092992763,
    "clipping_detected": true,
    "clipping_samples": 7643,
    "clipping_percent": 0.0719002822201317,
    "headroom_db": 5.6949317002475966e-05
  },
  "frequency": {
    "band_percentages": {
      "Sub": 14.92515216462624,
      "Bass / 808": 15.30508806571457,
      "Mud": 15.058883693462768,
      "Low Mids": 14.539562754999904,
      "Mids / Melody": 14.48802217027201,
      "Harsh Zone": 13.768661498181913,
      "Highs": 13.228661346749146,
      "Air": 12.454629802473349,
      "Vocal Range": 15.462193273261196
    },
    "brightness_centroid_hz": 3336.018714437472,
    "brightness_label": "Medium",
    "spectral_rolloff_hz": 7728.112055678644,
    "dominant_band": "Bass / 808",
    "low_end_total_percent": 30.23024023034081,
    "mid_total_percent": 44.086468618734685,
    "top_total_percent": 25.683291149222494
  },
  "fingerprint": {
    "mfcc_1": -82.37125396728516,
    "mfcc_2": 7.51684045791626,
    "mfcc_3": -19.451452255249023,
    "mfcc_4": -5.181684494018555,
    "mfcc_5": -5.893178939819336,
    "mfcc_6": -2.7434775829315186,
    "mfcc_7": -3.5380756855010986,
    "mfcc_8": -0.20224244892597198,
    "mfcc_9": -10.09634017944336,
    "mfcc_10": -3.247009038925171,
    "mfcc_11": -4.757789611816406,
    "mfcc_12": -0.24906755983829498,
    "mfcc_13": -4.216911792755127,
    "chroma_1": 0.3985691964626312,
    "chroma_2": 0.5337198376655579,
    "chroma_3": 0.7292412519454956,
    "chroma_4": 0.5333626866340637,
    "chroma_5": 0.5860189199447632,
    "chroma_6": 0.4619835913181305,
    "chroma_7": 0.6094028949737549,
    "chroma_8": 0.4644321799278259,
    "chroma_9": 0.4130677580833435,
    "chroma_10": 0.6102923154830933,
    "chroma_11": 0.4358557462692261,
    "chroma_12": 0.42968836426734924,
    "spectral_contrast": 21.13540040201601,
    "spectral_flatness": 0.019482480362057686,
    "zero_crossing_rate": 0.08686861681864358,
    "embed_mfcc_1_mean": -82.37125396728516,
    "embed_mfcc_1_std": 67.66000366210938,
    "embed_mfcc_2_mean": 7.51684045791626,
    "embed_mfcc_2_std": 33.41246032714844,
    "embed_mfcc_3_mean": -19.451452255249023,
    "embed_mfcc_3_std": 19.74001121520996,
    "embed_mfcc_4_mean": -5.181684494018555,
    "embed_mfcc_4_std": 17.536062240600586,
    "embed_mfcc_5_mean": -5.893178939819336,
    "embed_mfcc_5_std": 13.71796989440918,
    "embed_mfcc_6_mean": -2.7434775829315186,
    "embed_mfcc_6_std": 10.096317291259766,
    "embed_mfcc_7_mean": -3.5380756855010986,
    "embed_mfcc_7_std": 9.062594413757324,
    "embed_mfcc_8_mean": -0.20224244892597198,
    "embed_mfcc_8_std": 8.22521686553955,
    "embed_mfcc_9_mean": -10.09634017944336,
    "embed_mfcc_9_std": 8.639737129211426,
    "embed_mfcc_10_mean": -3.247009038925171,
    "embed_mfcc_10_std": 10.901985168457031,
    "embed_mfcc_11_mean": -4.757789611816406,
    "embed_mfcc_11_std": 8.171941757202148,
    "embed_mfcc_12_mean": -0.24906755983829498,
    "embed_mfcc_12_std": 7.085535526275635,
    "embed_mfcc_13_mean": -4.216911792755127,
    "embed_mfcc_13_std": 6.611171722412109,
    "embed_mfcc_14_mean": 0.09262023866176605,
    "embed_mfcc_14_std": 6.608798980712891,
    "embed_mfcc_15_mean": -3.8360202312469482,
    "embed_mfcc_15_std": 6.857671737670898,
    "embed_mfcc_16_mean": 2.838702917098999,
    "embed_mfcc_16_std": 6.490309238433838,
    "embed_mfcc_17_mean": -0.5393683314323425,
    "embed_mfcc_17_std": 6.2767133712768555,
    "embed_mfcc_18_mean": 1.7169289588928223,
    "embed_mfcc_18_std": 7.818894386291504,
    "embed_mfcc_19_mean": -4.945380687713623,
    "embed_mfcc_19_std": 5.675791263580322,
    "embed_mfcc_20_mean": -0.9457818865776062,
    "embed_mfcc_20_std": 7.149604320526123,
    "embed_chroma_1_mean": 0.3985691964626312,
    "embed_chroma_1_std": 0.18109995126724243,
    "embed_chroma_2_mean": 0.5337198376655579,
    "embed_chroma_2_std": 0.19377179443836212,
    "embed_chroma_3_mean": 0.7292412519454956,
    "embed_chroma_3_std": 0.2616938650608063,
    "embed_chroma_4_mean": 0.5333626866340637,
    "embed_chroma_4_std": 0.20313216745853424,
    "embed_chroma_5_mean": 0.5860189199447632,
    "embed_chroma_5_std": 0.25229400396347046,
    "embed_chroma_6_mean": 0.4619835913181305,
    "embed_chroma_6_std": 0.1997043490409851,
    "embed_chroma_7_mean": 0.6094028949737549,
    "embed_chroma_7_std": 0.31083944439888,
    "embed_chroma_8_mean": 0.4644321799278259,
    "embed_chroma_8_std": 0.22086235880851746,
    "embed_chroma_9_mean": 0.4130677580833435,
    "embed_chroma_9_std": 0.21019944548606873,
    "embed_chroma_10_mean": 0.6102923154830933,
    "embed_chroma_10_std": 0.25350549817085266,
    "embed_chroma_11_mean": 0.4358557462692261,
    "embed_chroma_11_std": 0.2006559818983078,
    "embed_chroma_12_mean": 0.42968836426734924,
    "embed_chroma_12_std": 0.21410547196865082,
    "embed_contrast_1_mean": 17.030765533447266,
    "embed_contrast_1_std": 4.675024509429932,
    "embed_contrast_2_mean": 14.841058731079102,
    "embed_contrast_2_std": 3.9696059226989746,
    "embed_contrast_3_mean": 16.514142990112305,
    "embed_contrast_3_std": 3.7055318355560303,
    "embed_contrast_4_mean": 17.11341094970703,
    "embed_contrast_4_std": 3.046332359313965,
    "embed_contrast_5_mean": 17.522897720336914,
    "embed_contrast_5_std": 3.1740224361419678,
    "embed_contrast_6_mean": 17.362869262695312,
    "embed_contrast_6_std": 2.611950397491455,
    "embed_contrast_7_mean": 47.562652587890625,
    "embed_contrast_7_std": 2.7667925357818604,
    "embed_chroma_entropy": 2.4678878784179688,
    "embed_centroid_mean": 2170.358836022716,
    "embed_centroid_std": 615.3297167713185,
    "embed_rolloff_mean": 4802.4751267566035,
    "embed_rolloff_std": 1640.369056725394,
    "embed_flatness_mean": 0.019482480362057686,
    "embed_flatness_std": 0.018065117299556732,
    "embed_zcr_mean": 0.08686861681864358,
    "embed_zcr_std": 0.033738909521875395,
    "embed_rms_mean": 0.28572073578834534,
    "embed_rms_std": 0.08120547235012054,
    "embed_onset_mean": 1.1319081783294678,
    "embed_onset_std": 1.0297560691833496,
    "fingerprint_version": 2.0,
    "fingerprint_duration_seconds": 221.4583673469388,
    "embed_mfcc_delta_mean": 0.0010058823972940445,
    "embed_mfcc_delta_std": 1.8428858518600464,
    "embed_chroma_delta_mean": 6.026356277288869e-05,
    "embed_chroma_delta_std": 0.027857210487127304,
    "embed_onset_peak": 23.267696380615234,
    "embed_onset_p95": 2.70113205909729,
    "embed_rms_p10": 0.1651943176984787,
    "embed_rms_p50": 0.3057979941368103,
    "embed_rms_p90": 0.375939279794693,
    "embedding_nonzero_count": 100.0
  },
  "rhythm": {
    "onset_count": 609,
    "onset_density": 2.7499529633113826,
    "drum_activity": "Medium",
    "estimated_bars": 129,
    "seconds_per_bar": 1.7142857142857142
  },
  "sections": [
    {
      "name": "Intro",
      "start": 0.0,
      "end": 16.0,
      "avg_energy": 0.14331375062465668,
      "energy_label": "Low"
    },
    {
      "name": "Chorus / Hook",
      "start": 16.0,
      "end": 32.0,
      "avg_energy": 0.2135312557220459,
      "energy_label": "Low"
    },
    {
      "name": "Verse",
      "start": 32.0,
      "end": 48.0,
      "avg_energy": 0.2847786545753479,
      "energy_label": "Medium"
    },
    {
      "name": "Chorus / Hook",
      "start": 48.0,
      "end": 64.0,
      "avg_energy": 0.3681495785713196,
      "energy_label": "High"
    },
    {
      "name": "Verse",
      "start": 64.0,
      "end": 80.0,
      "avg_energy": 0.3001020848751068,