{
  "basic": {
    "file_name": "Jane Remover - champ.wav",
    "file_path": "/Volumes/POLLY/tracks/Jane Remover/Jane Remover - champ.wav",
    "sample_rate": 48000,
    "duration_seconds": 376.83689583333336,
    "bpm": 140.0,
    "key": "G# Major",
    "key_note": "G#",
    "key_mode": "Major",
    "key_confidence": 44.308102587291785
  },
  "loudness": {
    "peak_db": 0.00015117273945564348,
    "rms_db": -10.010079426087229,
    "dynamic_range_db": 10.010230598826684,
    "clipping_detected": true,
    "clipping_samples": 25330,
    "clipping_percent": 0.14003627011266093,
    "headroom_db": -0.00015117273945564348
  },
  "frequency": {
    "band_percentages": {
      "Sub": 15.383444386901207,
      "Bass / 808": 14.583738469691982,
      "Mud": 15.304100725645542,
      "Low Mids": 14.836432124072829,
      "Mids / Melody": 14.272074415728778,
      "Harsh Zone": 13.418356879920918,
      "Highs": 13.233618151216936,
      "Air": 12.38659172508309,
      "Vocal Range": 15.668755519262442
    },
    "brightness_centroid_hz": 2945.029601175293,
    "brightness_label": "Medium",
    "spectral_rolloff_hz": 6261.487773854341,
    "dominant_band": "Sub",
    "low_end_total_percent": 29.96718285659319,
    "mid_total_percent": 44.41260726544715,
    "top_total_percent": 25.620209876300024
  },
  "fingerprint": {
    "mfcc_1": -92.89678955078125,
    "mfcc_2": 11.823822975158691,
    "mfcc_3": -11.57112979888916,
    "mfcc_4": -5.208125591278076,
    "mfcc_5": -2.9078283309936523,
    "mfcc_6": -5.606030464172363,
    "mfcc_7": -18.72165870666504,
    "mfcc_8": -1.5932592153549194,
    "mfcc_9": -10.617417335510254,
    "mfcc_10": 1.6068143844604492,
    "mfcc_11": -8.304944038391113,
    "mfcc_12": -1.1520493030548096,
    "mfcc_13": -5.674113750457764,
    "chroma_1": 0.4277750551700592,
    "chroma_2": 0.49121567606925964,
    "chroma_3": 0.30583807826042175,
    "chroma_4": 0.5688169002532959,
    "chroma_5": 0.3574522137641907,
    "chroma_6": 0.37584930658340454,
    "chroma_7": 0.26484817266464233,
    "chroma_8": 0.24493162333965302,
    "chroma_9": 0.652794361114502,
    "chroma_10": 0.37312713265419006,
    "chroma_11": 0.39700356125831604,
    "chroma_12": 0.265237957239151,
    "spectral_contrast": 22.898268779799235,
    "spectral_flatness": 0.013931486755609512,
    "zero_crossing_rate": 0.08168714777234908,
    "embed_mfcc_1_mean": -92.89678955078125,
    "embed_mfcc_1_std": 45.51545333862305,
    "embed_mfcc_2_mean": 11.823822975158691,
    "embed_mfcc_2_std": 29.203927993774414,
    "embed_mfcc_3_mean": -11.57112979888916,
    "embed_mfcc_3_std": 17.146034240722656,
    "embed_mfcc_4_mean": -5.208125591278076,
    "embed_mfcc_4_std": 11.639693260192871,
    "embed_mfcc_5_mean": -2.9078283309936523,
    "embed_mfcc_5_std": 9.787137031555176,
    "embed_mfcc_6_mean": -5.606030464172363,
    "embed_mfcc_6_std": 9.517465591430664,
    "embed_mfcc_7_mean": -18.72165870666504,
    "embed_mfcc_7_std": 9.719852447509766,
    "embed_mfcc_8_mean": -1.5932592153549194,
    "embed_mfcc_8_std": 8.464818954467773,
    "embed_mfcc_9_mean": -10.617417335510254,
    "embed_mfcc_9_std": 10.30241584777832,
    "embed_mfcc_10_mean": 1.6068143844604492,
    "embed_mfcc_10_std": 6.930720329284668,
    "embed_mfcc_11_mean": -8.304944038391113,
    "embed_mfcc_11_std": 8.143417358398438,
    "embed_mfcc_12_mean": -1.1520493030548096,
    "embed_mfcc_12_std": 7.057478904724121,
    "embed_mfcc_13_mean": -5.674113750457764,
    "embed_mfcc_13_std": 6.597265243530273,
    "embed_mfcc_14_mean": -1.104827642440796,
    "embed_mfcc_14_std": 6.645526885986328,
    "embed_mfcc_15_mean": 0.5460320115089417,
    "embed_mfcc_15_std": 6.645058631896973,
    "embed_mfcc_16_mean": 6.310445785522461,
    "embed_mfcc_16_std": 7.859284400939941,
    "embed_mfcc_17_mean": -1.62196946144104,
    "embed_mfcc_17_std": 8.237133979797363,
    "embed_mfcc_18_mean": 7.448053359985352,
    "embed_mfcc_18_std": 8.322347640991211,
    "embed_mfcc_19_mean": -3.6930973529815674,
    "embed_mfcc_19_std": 7.281335830688477,
    "embed_mfcc_20_mean": 1.2760984897613525,
    "embed_mfcc_20_std": 6.446043968200684,
    "embed_chroma_1_mean": 0.4277750551700592,
    "embed_chroma_1_std": 0.2682916820049286,
    "embed_chroma_2_mean": 0.49121567606925964,
    "embed_chroma_2_std": 0.3301222026348114,
    "embed_chroma_3_mean": 0.30583807826042175,
    "embed_chroma_3_std": 0.19780337810516357,
    "embed_chroma_4_mean": 0.5688169002532959,
    "embed_chroma_4_std": 0.2773618996143341,
    "embed_chroma_5_mean": 0.3574522137641907,
    "embed_chroma_5_std": 0.17605306208133698,
    "embed_chroma_6_mean": 0.37584930658340454,
    "embed_chroma_6_std": 0.29418811202049255,
    "embed_chroma_7_mean": 0.26484817266464233,
    "embed_chroma_7_std": 0.19109557569026947,
    "embed_chroma_8_mean": 0.24493162333965302,
    "embed_chroma_8_std": 0.13552606105804443,
    "embed_chroma_9_mean": 0.652794361114502,
    "embed_chroma_9_std": 0.27714210748672485,
    "embed_chroma_10_mean": 0.37312713265419006,
    "embed_chroma_10_std": 0.17620088160037994,
    "embed_chroma_11_mean": 0.39700356125831604,
    "embed_chroma_11_std": 0.2506982982158661,
    "embed_chroma_12_mean": 0.265237957239151,
    "embed_chroma_12_std": 0.16699163615703583,
    "embed_contrast_1_mean": 18.108379364013672,
    "embed_contrast_1_std": 4.767327785491943,
    "embed_contrast_2_mean": 15.626901626586914,
    "embed_contrast_2_std": 3.8375465869903564,
    "embed_contrast_3_mean": 20.283798217773438,
    "embed_contrast_3_std": 4.079577922821045,
    "embed_contrast_4_mean": 19.62067222595215,
    "embed_contrast_4_std": 2.979208469390869,
    "embed_contrast_5_mean": 19.389753341674805,
    "embed_contrast_5_std": 2.4918065071105957,
    "embed_contrast_6_mean": 17.382591247558594,
    "embed_contrast_6_std": 1.981200098991394,
    "embed_contrast_7_mean": 49.87578201293945,
    "embed_contrast_7_std": 3.305638313293457,
    "embed_chroma_entropy": 2.440202474594116,
    "embed_centroid_mean": 2113.774756534137,
    "embed_centroid_std": 748.5901580806461,
    "embed_rolloff_mean": 4660.498901934077,
    "embed_rolloff_std": 1867.97146494018,
    "embed_flatness_mean": 0.013931486755609512,
    "embed_flatness_std": 0.016589520499110222,
    "embed_zcr_mean": 0.08168714777234908,
    "embed_zcr_std": 0.039541557950243326,
    "embed_rms_mean": 0.2839861810207367,
    "embed_rms_std": 0.1004805862903595,
    "embed_onset_mean": 1.0741064548492432,
    "embed_onset_std": 0.7702433466911316,
    "fingerprint_version": 2.0,
    "fingerprint_duration_seconds": 376.83691609977325,
    "embed_mfcc_delta_mean": -0.0005639998707920313,
    "embed_mfcc_delta_std": 1.8660049438476562,
    "embed_chroma_delta_mean": -4.049583822052227e-06,
    "embed_chroma_delta_std": 0.0236357394605875,
    "embed_onset_peak": 7.7557196617126465,
    "embed_onset_p95": 2.665264129638672,
    "embed_rms_p10": 0.1745687574148178,
    "embed_rms_p50": 0.2686784267425537,
    "embed_rms_p90": 0.4687172472476959,
    "embedding_nonzero_count": 100.0
  },
  "rhythm": {
    "onset_count": 906,
    "onset_density": 2.4042231798892213,
    "drum_activity": "Medium",
    "estimated_bars": 220,
    "seconds_per_bar": 1.7142857142857142
  },
  "sections": [
    {
      "name": "Intro",
      "start": 0.0,
      "end": 16.0,
      "avg_energy": 0.18593178689479828,
      "energy_label": "Low"
    },
    {
      "name": "Chorus / Hook",
      "start": 16.0,
      "end": 32.0,
      "avg_energy": 0.26023897528648376,
      "energy_label": "Medium"
    },
    {
      "name": "Verse",
      "start": 32.0,
      "end": 48.0,
      "avg_energy": 0.29623064398765564,
      "energy_label": "Medium"
    },
    {
      "name": "Chorus / Hook",
      "start": 48.0,
      "end": 64.0,
      "avg_energy": 0.3033655881881714,
      "energy_label": "Medium"
    },
    {
      "name": "Verse",
      "start": 64.0,
      "end": 80.0,
      "avg_energy": 0.30518999695777893,