{
  "basic": {
    "file_name": "Glokk40Spaz - Thug Life.wav",
    "file_path": "/Volumes/POLLY/tracks/Glokk40Spaz/Glokk40Spaz - Thug Life.wav",
    "sample_rate": 48000,
    "duration_seconds": 198.17070833333332,
    "bpm": 140.0,
    "key": "C Minor",
    "key_note": "C",
    "key_mode": "Minor",
    "key_confidence": 42.96686348479409
  },
  "loudness": {
    "peak_db": -3.7793595972418845e-05,
    "rms_db": -14.515112704594834,
    "dynamic_range_db": 14.515074910998862,
    "clipping_detected": true,
    "clipping_samples": 679,
    "clipping_percent": 0.00713820597014737,
    "headroom_db": 3.7793595972418845e-05
  },
  "frequency": {
    "band_percentages": {
      "Sub": 16.384538125083708,
      "Bass / 808": 15.207341808089495,
      "Mud": 14.435956608835296,
      "Low Mids": 14.54592110301263,
      "Mids / Melody": 13.779809312403843,
      "Harsh Zone": 12.83762313683756,
      "Highs": 13.245518864399184,
      "Air": 12.400914176321846,
      "Vocal Range": 15.159105811021467
    },
    "brightness_centroid_hz": 2276.5674297174673,
    "brightness_label": "Medium",
    "spectral_rolloff_hz": 4828.6182484256415,
    "dominant_band": "Sub",
    "low_end_total_percent": 31.591879933173203,
    "mid_total_percent": 42.76168702425177,
    "top_total_percent": 25.64643304072103
  },
  "fingerprint": {
    "mfcc_1": -221.11367797851562,
    "mfcc_2": 3.6808886528015137,
    "mfcc_3": 0.6443026065826416,
    "mfcc_4": -1.9479217529296875,
    "mfcc_5": 0.3122268617153168,
    "mfcc_6": -0.1364712119102478,
    "mfcc_7": -5.565561294555664,
    "mfcc_8": 6.168785572052002,
    "mfcc_9": -10.135414123535156,
    "mfcc_10": 5.764984130859375,
    "mfcc_11": -1.723544716835022,
    "mfcc_12": 7.833937644958496,
    "mfcc_13": 1.8344868421554565,
    "chroma_1": 0.7895817160606384,
    "chroma_2": 0.7973834872245789,
    "chroma_3": 0.7907242178916931,
    "chroma_4": 0.5227328538894653,
    "chroma_5": 0.41848498582839966,
    "chroma_6": 0.39904025197029114,
    "chroma_7": 0.4186760485172272,
    "chroma_8": 0.43310150504112244,
    "chroma_9": 0.5239903330802917,
    "chroma_10": 0.5552404522895813,
    "chroma_11": 0.4477856457233429,
    "chroma_12": 0.423587441444397,
    "spectral_contrast": 21.420312660199265,
    "spectral_flatness": 0.00984224397689104,
    "zero_crossing_rate": 0.0581765189628483,
    "embed_mfcc_1_mean": -221.11367797851562,
    "embed_mfcc_1_std": 102.10035705566406,
    "embed_mfcc_2_mean": 3.6808886528015137,
    "embed_mfcc_2_std": 37.98942565917969,
    "embed_mfcc_3_mean": 0.6443026065826416,
    "embed_mfcc_3_std": 26.625497817993164,
    "embed_mfcc_4_mean": -1.9479217529296875,
    "embed_mfcc_4_std": 17.900861740112305,
    "embed_mfcc_5_mean": 0.3122268617153168,
    "embed_mfcc_5_std": 15.524044036865234,
    "embed_mfcc_6_mean": -0.1364712119102478,
    "embed_mfcc_6_std": 12.008160591125488,
    "embed_mfcc_7_mean": -5.565561294555664,
    "embed_mfcc_7_std": 12.203218460083008,
    "embed_mfcc_8_mean": 6.168785572052002,
    "embed_mfcc_8_std": 11.52196979522705,
    "embed_mfcc_9_mean": -10.135414123535156,
    "embed_mfcc_9_std": 9.638041496276855,
    "embed_mfcc_10_mean": 5.764984130859375,
    "embed_mfcc_10_std": 8.368650436401367,
    "embed_mfcc_11_mean": -1.723544716835022,
    "embed_mfcc_11_std": 8.827370643615723,
    "embed_mfcc_12_mean": 7.833937644958496,
    "embed_mfcc_12_std": 8.135438919067383,
    "embed_mfcc_13_mean": 1.8344868421554565,
    "embed_mfcc_13_std": 7.348076820373535,
    "embed_mfcc_14_mean": 6.67558479309082,
    "embed_mfcc_14_std": 7.1481170654296875,
    "embed_mfcc_15_mean": 4.273071765899658,
    "embed_mfcc_15_std": 8.236135482788086,
    "embed_mfcc_16_mean": 2.8395280838012695,
    "embed_mfcc_16_std": 6.962183475494385,
    "embed_mfcc_17_mean": 1.585315465927124,
    "embed_mfcc_17_std": 7.682125091552734,
    "embed_mfcc_18_mean": 4.983996391296387,
    "embed_mfcc_18_std": 6.984714031219482,
    "embed_mfcc_19_mean": -2.5313215255737305,
    "embed_mfcc_19_std": 6.664743423461914,
    "embed_mfcc_20_mean": 2.154965877532959,
    "embed_mfcc_20_std": 6.859857082366943,
    "embed_chroma_1_mean": 0.7895817160606384,
    "embed_chroma_1_std": 0.24497884511947632,
    "embed_chroma_2_mean": 0.7973834872245789,
    "embed_chroma_2_std": 0.2501872777938843,
    "embed_chroma_3_mean": 0.7907242178916931,
    "embed_chroma_3_std": 0.15775716304779053,
    "embed_chroma_4_mean": 0.5227328538894653,
    "embed_chroma_4_std": 0.1626834273338318,
    "embed_chroma_5_mean": 0.41848498582839966,
    "embed_chroma_5_std": 0.1594340205192566,
    "embed_chroma_6_mean": 0.39904025197029114,
    "embed_chroma_6_std": 0.1646665632724762,
    "embed_chroma_7_mean": 0.4186760485172272,
    "embed_chroma_7_std": 0.1643155962228775,
    "embed_chroma_8_mean": 0.43310150504112244,
    "embed_chroma_8_std": 0.17391106486320496,
    "embed_chroma_9_mean": 0.5239903330802917,
    "embed_chroma_9_std": 0.187527135014534,
    "embed_chroma_10_mean": 0.5552404522895813,
    "embed_chroma_10_std": 0.1997726559638977,
    "embed_chroma_11_mean": 0.4477856457233429,
    "embed_chroma_11_std": 0.17890575528144836,
    "embed_chroma_12_mean": 0.423587441444397,
    "embed_chroma_12_std": 0.17118285596370697,
    "embed_contrast_1_mean": 19.44754409790039,
    "embed_contrast_1_std": 6.722381114959717,
    "embed_contrast_2_mean": 14.047135353088379,
    "embed_contrast_2_std": 4.160863876342773,
    "embed_contrast_3_mean": 17.952472686767578,
    "embed_contrast_3_std": 4.5455322265625,
    "embed_contrast_4_mean": 16.078197479248047,
    "embed_contrast_4_std": 3.4617042541503906,
    "embed_contrast_5_mean": 16.912025451660156,
    "embed_contrast_5_std": 2.8802151679992676,
    "embed_contrast_6_mean": 17.237573623657227,
    "embed_contrast_6_std": 2.5779340267181396,
    "embed_contrast_7_mean": 48.267242431640625,
    "embed_contrast_7_std": 5.081488609313965,
    "embed_chroma_entropy": 2.4483425617218018,
    "embed_centroid_mean": 2049.753776888618,
    "embed_centroid_std": 1050.2622953959308,
    "embed_rolloff_mean": 4608.824214403843,
    "embed_rolloff_std": 2440.8980056026894,
    "embed_flatness_mean": 0.00984224397689104,
    "embed_flatness_std": 0.01862463168799877,
    "embed_zcr_mean": 0.0581765189628483,
    "embed_zcr_std": 0.04483957106712116,
    "embed_rms_mean": 0.15927821397781372,
    "embed_rms_std": 0.08344493061304092,
    "embed_onset_mean": 1.7174242734909058,
    "embed_onset_std": 1.6634680032730103,
    "fingerprint_version": 2.0,
    "fingerprint_duration_seconds": 198.17074829931974,
    "embed_mfcc_delta_mean": 0.0024983242619782686,
    "embed_mfcc_delta_std": 2.844503402709961,
    "embed_chroma_delta_mean": -3.0584644264308736e-05,
    "embed_chroma_delta_std": 0.025992386043071747,
    "embed_onset_peak": 19.48171043395996,
    "embed_onset_p95": 5.091156959533691,
    "embed_rms_p10": 0.03821951895952225,
    "embed_rms_p50": 0.1722540408372879,
    "embed_rms_p90": 0.2680377662181854,
    "embedding_nonzero_count": 100.0
  },
  "rhythm": {
    "onset_count": 1082,
    "onset_density": 5.459939105531279,
    "drum_activity": "High",
    "estimated_bars": 116,
    "seconds_per_bar": 1.7142857142857142
  },
  "sections": [
    {
      "name": "Intro",
      "start": 0.0,
      "end": 16.0,
      "avg_energy": 0.03969681262969971,
      "energy_label": "Low"
    },
    {
      "name": "Chorus / Hook",
      "start": 16.0,
      "end": 32.0,
      "avg_energy": 0.04582839831709862,
      "energy_label": "Low"
    },
    {
      "name": "Verse",
      "start": 32.0,
      "end": 48.0,
      "avg_energy": 0.11660998314619064,
      "energy_label": "Low"
    },
    {
      "name": "Chorus / Hook",
      "start": 48.0,
      "end": 64.0,
      "avg_energy": 0.10259824991226196,
      "energy_label": "Low"
    },
    {
      "name": "Verse",
      "start": 64.0,
      "end": 80.0,
      "avg_energy": 0.20813044905662537,