{
  "basic": {
    "file_name": "Glokk40Spaz - Yung Nigga Shit.wav",
    "file_path": "/Users/jayden/SoundLens/tracks/Glokk40Spaz/Glokk40Spaz - Yung Nigga Shit.wav",
    "sample_rate": 48000,
    "duration_seconds": 136.89325,
    "bpm": 148.03,
    "key": "D Minor",
    "key_note": "D",
    "key_mode": "Minor",
    "key_confidence": 45.357298175218055
  },
  "loudness": {
    "peak_db": 0.0006233117517854938,
    "rms_db": -6.594106282656062,
    "dynamic_range_db": 6.5947295944078475,
    "clipping_detected": true,
    "clipping_samples": 205267,
    "clipping_percent": 3.123890939351161,
    "headroom_db": -0.0006233117517854938
  },
  "frequency": {
    "band_percentages": {
      "Sub": 17.78077430899945,
      "Bass / 808": 14.212241517470995,
      "Mud": 14.315732737092112,
      "Low Mids": 14.125526943574732,
      "Mids / Melody": 13.744651100485724,
      "Harsh Zone": 12.869929266520272,
      "Highs": 13.651393775707374,
      "Air": 12.169679614822154,
      "Vocal Range": 14.93457812892618
    },
    "brightness_centroid_hz": 2364.0869649542865,
    "brightness_label": "Medium",
    "spectral_rolloff_hz": 4927.156381486676,
    "dominant_band": "Sub",
    "low_end_total_percent": 31.993015826470447,
    "mid_total_percent": 42.18591078115257,
    "top_total_percent": 25.821073390529527
  },
  "fingerprint": {
    "mfcc_1": -196.70379638671875,
    "mfcc_2": 121.71124267578125,
    "mfcc_3": 12.049954414367676,
    "mfcc_4": 41.86168670654297,
    "mfcc_5": -19.198535919189453,
    "mfcc_6": 17.211450576782227,
    "mfcc_7": -0.16211530566215515,
    "mfcc_8": 7.1724162101745605,
    "mfcc_9": 6.579428195953369,
    "mfcc_10": 2.5918068885803223,
    "mfcc_11": -1.2313227653503418,
    "mfcc_12": 0.6987671256065369,
    "mfcc_13": 0.33450940251350403,
    "chroma_1": 0.23939158022403717,
    "chroma_2": 0.5313228368759155,
    "chroma_3": 0.5922760367393494,
    "chroma_4": 0.25609859824180603,
    "chroma_5": 0.3686242401599884,
    "chroma_6": 0.18465867638587952,
    "chroma_7": 0.11086679995059967,
    "chroma_8": 0.09709153324365616,
    "chroma_9": 0.1322716921567917,
    "chroma_10": 0.20473076403141022,
    "chroma_11": 0.09235261380672455,
    "chroma_12": 0.11733938008546829,
    "spectral_contrast": 18.58365892171917,
    "spectral_flatness": 0.00039173944969661534,
    "zero_crossing_rate": 0.03433974665682952
  },
  "rhythm": {
    "onset_count": 1003,
    "onset_density": 7.326876964349959,
    "drum_activity": "High",
    "estimated_bars": 84,
    "seconds_per_bar": 1.621292981152469
  },
  "sections": [
    {
      "name": "Section 1",
      "start": 0.0,
      "end": 12.970343849219752,
      "avg_energy": 0.47153612971305847,
      "energy_label": "Low"
    },
    {
      "name": "Section 2",
      "start": 12.970343849219752,
      "end": 25.940687698439504,
      "avg_energy": 0.4743468165397644,
      "energy_label": "Medium"
    },
    {
      "name": "Section 3",
      "start": 25.940687698439504,
      "end": 38.911031547659256,
      "avg_energy": 0.5378500819206238,
      "energy_label": "Medium"
    },
    {
      "name": "Section 4",
      "start": 38.911031547659256,
      "end": 51.88137539687901,
      "avg_energy": 0.5431841015815735,
      "energy_label": "High"
    },
    {
      "name": "Section 5",
      "start": 51.88137539687901,
      "end": 64.85171924609875,
      "avg_energy": 0.4733791947364807,
      "energy_label": "Medium"
    },
    {
      "name": "Section 6",
      "start": 64.85171924609875,
      "end": 77.8220630953185,
      "avg_energy": 0.5443488955497742,
      "energy_label": "High"
    },
    {
      "name": "Section 7",
      "start": 77.8220630953185,
      "end": 90.79240694453824,
      "avg_energy": 0.5405092239379883,
      "energy_label": "High"
    },
    {
      "name": "Section 8",
      "start": 90.79240694453824,
      "end": 103.76275079375799,
      "avg_energy": 0.38687947392463684,
      "energy_label": "Low"
    },
    {
      "name": "Section 9",
      "start": 103.76275079375799,
      "end": 116.73309464297773,
      "avg_energy": 0.5426700711250305,
      "energy_label": "High"
    },
    {
      "name": "Section 10",
      "start": 116.73309464297773,
      "end": 129.70343849219748,
      "avg_energy": 0.15413786470890045,
      "energy_label": "Low"
    },
    {
      "name": "Section 11",
      "start": 129.70343849219748,
      "end": 136.89325,
      "avg_energy": 0.004103163722902536,
      "energy_label": "Low"
    }
  ],
  "scores": {
    "mix": 69,
    "master": 69,
    "arrangement": 81,
    "release": 73,
    "energy": 9.202946858671968,
    "bass_strength": 6.398603165294089,
    "darkness": 5.271826070091427,
    "brightness": 4.728173929908573,
    "drum_bounce": 10,
    "vocal_space": 2.2557744846524788
  },
  "stem_balance": null,
  "top_problems": [
    "Clipping detected: 205267 samples are near/over the limit.",
    "Mud range is elevated around 250-500 Hz.",
    "Drum movement is very active; the beat could become overcrowded."
  ],
  "suggested_fixes": [
    "Lower the master/output, then use a soft clipper or limiter with safer ceiling.",
    "Gently cut 250-500 Hz on melodies, pads, or the master if the mix feels cloudy.",
    "Mute extra percussion in some sections so the hook/drop feels bigger."
  ],
  "artist_notes": [
    "Autotune/key starting point: D Minor. Confidence: 45.4%.",
    "Beat energy: 9.2/10. Darkness: 5.3/10.",
    "Vocal space estimate: 2.3/10. Higher means easier space for vocals."
  ],
  "producer_notes": [
    "Low-end presence looks usable for the selected style.",
    "Selected style preset: rage_trap.",
    "Dominant frequency area: Sub.",
    "Drum activity is high at 7.33 hits/sec.",
    "Estimated length: 84 bars at 148 BPM."
  ],
  "master_notes": [
    "Clipping is the first thing to fix before judging the rest of the mix.",
    "Loudness is in a usable range for the selected style.",
    "Peak: 0.00 dB. RMS: -6.59 dB. Dynamic range: 6.59 dB."
  ],
  "next_steps": [
    "Lower the master/output, then use a soft clipper or limiter with safer ceiling.",
    "Gently cut 250-500 Hz on melodies, pads, or the master if the mix feels cloudy.",
    "Mute extra percussion in some sections so the hook/drop feels bigger.",
    "Fix the top 1-2 issues, export again, then re-run SoundLens."
  ]
}