{
  "basic": {
    "file_name": "Glokk40Spaz - Perfect My Rob.wav",
    "file_path": "/Volumes/POLLY/tracks/Glokk40Spaz/Glokk40Spaz - Perfect My Rob.wav",
    "sample_rate": 48000,
    "duration_seconds": 195.95320833333332,
    "bpm": 140.0,
    "key": "A# Minor",
    "key_note": "A#",
    "key_mode": "Minor",
    "key_confidence": 42.43389875952
  },
  "loudness": {
    "peak_db": -0.00010043813778774492,
    "rms_db": -13.194118875792197,
    "dynamic_range_db": 13.19401843765441,
    "clipping_detected": true,
    "clipping_samples": 110,
    "clipping_percent": 0.0011694968845666176,
    "headroom_db": 0.00010043813778774492
  },
  "frequency": {
    "band_percentages": {
      "Sub": 15.616585516536546,
      "Bass / 808": 14.749703211181298,
      "Mud": 14.646191098073743,
      "Low Mids": 14.433992785015443,
      "Mids / Melody": 13.991580515032398,
      "Harsh Zone": 13.554055445146512,
      "Highs": 13.888783931220836,
      "Air": 12.6731629411702,
      "Vocal Range": 15.139351102076706
    },
    "brightness_centroid_hz": 3134.560671578563,
    "brightness_label": "Medium",
    "spectral_rolloff_hz": 6773.385192695008,
    "dominant_band": "Sub",
    "low_end_total_percent": 30.366288727717844,
    "mid_total_percent": 43.07176439812158,
    "top_total_percent": 26.561946872391033
  },
  "fingerprint": {
    "mfcc_1": -143.9938507080078,
    "mfcc_2": -19.278841018676758,
    "mfcc_3": 6.097889423370361,
    "mfcc_4": -6.661348819732666,
    "mfcc_5": -11.974773406982422,
    "mfcc_6": -10.330918312072754,
    "mfcc_7": -11.14834213256836,
    "mfcc_8": -4.03993034362793,
    "mfcc_9": -15.649967193603516,
    "mfcc_10": -0.8931481242179871,
    "mfcc_11": -7.7873029708862305,
    "mfcc_12": 4.893143653869629,
    "mfcc_13": -6.932981491088867,
    "chroma_1": 0.33107221126556396,
    "chroma_2": 0.6012892723083496,
    "chroma_3": 0.2449246048927307,
    "chroma_4": 0.20562425255775452,
    "chroma_5": 0.2523657977581024,
    "chroma_6": 0.2201196700334549,
    "chroma_7": 0.2682252824306488,
    "chroma_8": 0.1867130994796753,
    "chroma_9": 0.31084322929382324,
    "chroma_10": 0.40237540006637573,
    "chroma_11": 0.2805948555469513,
    "chroma_12": 0.6038572192192078,
    "spectral_contrast": 22.687682687057993,
    "spectral_flatness": 0.025085726752877235,
    "zero_crossing_rate": 0.09718620371154219,
    "embed_mfcc_1_mean": -143.9938507080078,
    "embed_mfcc_1_std": 43.9849739074707,
    "embed_mfcc_2_mean": -19.278841018676758,
    "embed_mfcc_2_std": 34.777320861816406,
    "embed_mfcc_3_mean": 6.097889423370361,
    "embed_mfcc_3_std": 22.813249588012695,
    "embed_mfcc_4_mean": -6.661348819732666,
    "embed_mfcc_4_std": 18.344207763671875,
    "embed_mfcc_5_mean": -11.974773406982422,
    "embed_mfcc_5_std": 14.897746086120605,
    "embed_mfcc_6_mean": -10.330918312072754,
    "embed_mfcc_6_std": 14.665336608886719,
    "embed_mfcc_7_mean": -11.14834213256836,
    "embed_mfcc_7_std": 14.527336120605469,
    "embed_mfcc_8_mean": -4.03993034362793,
    "embed_mfcc_8_std": 13.374211311340332,
    "embed_mfcc_9_mean": -15.649967193603516,
    "embed_mfcc_9_std": 13.022297859191895,
    "embed_mfcc_10_mean": -0.8931481242179871,
    "embed_mfcc_10_std": 11.172874450683594,
    "embed_mfcc_11_mean": -7.7873029708862305,
    "embed_mfcc_11_std": 10.328719139099121,
    "embed_mfcc_12_mean": 4.893143653869629,
    "embed_mfcc_12_std": 9.279623031616211,
    "embed_mfcc_13_mean": -6.932981491088867,
    "embed_mfcc_13_std": 9.610079765319824,
    "embed_mfcc_14_mean": -0.5878300666809082,
    "embed_mfcc_14_std": 9.595926284790039,
    "embed_mfcc_15_mean": -1.024057388305664,
    "embed_mfcc_15_std": 8.605997085571289,
    "embed_mfcc_16_mean": 0.7861977219581604,
    "embed_mfcc_16_std": 8.300053596496582,
    "embed_mfcc_17_mean": -5.517679691314697,
    "embed_mfcc_17_std": 7.545001983642578,
    "embed_mfcc_18_mean": 7.03041410446167,
    "embed_mfcc_18_std": 7.438851833343506,
    "embed_mfcc_19_mean": -5.124862194061279,
    "embed_mfcc_19_std": 6.857876300811768,
    "embed_mfcc_20_mean": 2.2797255516052246,
    "embed_mfcc_20_std": 6.640121936798096,
    "embed_chroma_1_mean": 0.33107221126556396,
    "embed_chroma_1_std": 0.1922377645969391,
    "embed_chroma_2_mean": 0.6012892723083496,
    "embed_chroma_2_std": 0.36764270067214966,
    "embed_chroma_3_mean": 0.2449246048927307,
    "embed_chroma_3_std": 0.17290930449962616,
    "embed_chroma_4_mean": 0.20562425255775452,
    "embed_chroma_4_std": 0.13117992877960205,
    "embed_chroma_5_mean": 0.2523657977581024,
    "embed_chroma_5_std": 0.1864928901195526,
    "embed_chroma_6_mean": 0.2201196700334549,
    "embed_chroma_6_std": 0.16927744448184967,
    "embed_chroma_7_mean": 0.2682252824306488,
    "embed_chroma_7_std": 0.18707598745822906,
    "embed_chroma_8_mean": 0.1867130994796753,
    "embed_chroma_8_std": 0.1347702294588089,
    "embed_chroma_9_mean": 0.31084322929382324,
    "embed_chroma_9_std": 0.20954228937625885,
    "embed_chroma_10_mean": 0.40237540006637573,
    "embed_chroma_10_std": 0.33660128712654114,
    "embed_chroma_11_mean": 0.2805948555469513,
    "embed_chroma_11_std": 0.17005732655525208,
    "embed_chroma_12_mean": 0.6038572192192078,
    "embed_chroma_12_std": 0.35865455865859985,
    "embed_contrast_1_mean": 20.9146671295166,
    "embed_contrast_1_std": 5.2533040046691895,
    "embed_contrast_2_mean": 14.875919342041016,
    "embed_contrast_2_std": 3.9191718101501465,
    "embed_contrast_3_mean": 18.327198028564453,
    "embed_contrast_3_std": 4.264805793762207,
    "embed_contrast_4_mean": 17.779966354370117,
    "embed_contrast_4_std": 3.7324812412261963,
    "embed_contrast_5_mean": 17.956878662109375,
    "embed_contrast_5_std": 3.109125852584839,
    "embed_contrast_6_mean": 18.02596092224121,
    "embed_contrast_6_std": 3.16762113571167,
    "embed_contrast_7_mean": 50.933189392089844,
    "embed_contrast_7_std": 3.8577187061309814,
    "embed_chroma_entropy": 2.4068572521209717,
    "embed_centroid_mean": 2812.8442209642294,
    "embed_centroid_std": 1160.474608280179,
    "embed_rolloff_mean": 6169.858525042932,
    "embed_rolloff_std": 1968.907921521885,
    "embed_flatness_mean": 0.025085726752877235,
    "embed_flatness_std": 0.033968742936849594,
    "embed_zcr_mean": 0.09718620371154219,
    "embed_zcr_std": 0.08249265265063842,
    "embed_rms_mean": 0.19414718449115753,
    "embed_rms_std": 0.05851930379867554,
    "embed_onset_mean": 1.756810188293457,
    "embed_onset_std": 1.505592942237854,
    "fingerprint_version": 2.0,
    "fingerprint_duration_seconds": 195.9532426303855,
    "embed_mfcc_delta_mean": -0.0014272332191467285,
    "embed_mfcc_delta_std": 3.193732261657715,
    "embed_chroma_delta_mean": 2.266261617478449e-05,
    "embed_chroma_delta_std": 0.029363319277763367,
    "embed_onset_peak": 13.621225357055664,
    "embed_onset_p95": 4.8298492431640625,
    "embed_rms_p10": 0.12430266290903091,
    "embed_rms_p50": 0.18478381633758545,
    "embed_rms_p90": 0.2757371664047241,
    "embedding_nonzero_count": 100.0
  },
  "rhythm": {
    "onset_count": 1240,
    "onset_density": 6.3280413244913705,
    "drum_activity": "High",
    "estimated_bars": 114,
    "seconds_per_bar": 1.7142857142857142
  },
  "sections": [
    {
      "name": "Intro",
      "start": 0.0,
      "end": 16.0,
      "avg_energy": 0.22945618629455566,
      "energy_label": "Medium"
    },
    {
      "name": "Chorus / Hook",
      "start": 16.0,
      "end": 32.0,
      "avg_energy": 0.2462191879749298,
      "energy_label": "Medium"
    },
    {
      "name": "Verse",
      "start": 32.0,
      "end": 48.0,
      "avg_energy": 0.23099428415298462,
      "energy_label": "Medium"
    },
    {
      "name": "Chorus / Hook",
      "start": 48.0,
      "end": 64.0,
      "avg_energy": 0.2336493581533432,
      "energy_label": "Medium"
    },
    {
      "name": "Verse",
      "start": 64.0,
      "end": 80.0,