{
  "basic": {
    "file_name": "Glokk40Spaz - 8 Mile.wav",
    "file_path": "/Users/jayden/SoundLens/tracks/Glokk40Spaz/Glokk40Spaz - 8 Mile.wav",
    "sample_rate": 48000,
    "duration_seconds": 158.84802083333332,
    "bpm": 143.01,
    "key": "C# Major",
    "key_note": "C#",
    "key_mode": "Major",
    "key_confidence": 45.70070770782377
  },
  "loudness": {
    "peak_db": -0.00012270035649823496,
    "rms_db": -10.735152289877073,
    "dynamic_range_db": 10.735029589520575,
    "clipping_detected": true,
    "clipping_samples": 2102,
    "clipping_percent": 0.027568279690820822,
    "headroom_db": 0.00012270035649823496
  },
  "frequency": {
    "band_percentages": {
      "Sub": 16.198717875383185,
      "Bass / 808": 15.405098869972733,
      "Mud": 14.620210362781878,
      "Low Mids": 14.670107940628952,
      "Mids / Melody": 14.227627083081545,
      "Harsh Zone": 13.699881430104647,
      "Highs": 13.109930550852699,
      "Air": 11.768307315510313,
      "Vocal Range": 15.341767788124233
    },
    "brightness_centroid_hz": 2336.251601497522,
    "brightness_label": "Medium",
    "spectral_rolloff_hz": 4867.546834083127,
    "dominant_band": "Sub",
    "low_end_total_percent": 31.603816745355918,
    "mid_total_percent": 43.51794538649237,
    "top_total_percent": 24.878237866363012
  },
  "fingerprint": {
    "mfcc_1": -143.33277893066406,
    "mfcc_2": 150.93899536132812,
    "mfcc_3": -7.583857536315918,
    "mfcc_4": 34.34362030029297,
    "mfcc_5": -2.5521202087402344,
    "mfcc_6": 21.732980728149414,
    "mfcc_7": -10.7389554977417,
    "mfcc_8": 4.565994739532471,
    "mfcc_9": 1.3323488235473633,
    "mfcc_10": 4.51709508895874,
    "mfcc_11": 0.6570309996604919,
    "mfcc_12": 2.5439064502716064,
    "mfcc_13": 1.9511791467666626,
    "chroma_1": 0.6644116044044495,
    "chroma_2": 0.7118242979049683,
    "chroma_3": 0.6951054930686951,
    "chroma_4": 0.73572838306427,
    "chroma_5": 0.5071445107460022,
    "chroma_6": 0.6485466361045837,
    "chroma_7": 0.5257587432861328,
    "chroma_8": 0.49056971073150635,
    "chroma_9": 0.5746142864227295,
    "chroma_10": 0.47939762473106384,
    "chroma_11": 0.5797314047813416,
    "chroma_12": 0.4539627134799957,
    "spectral_contrast": 19.100480355406212,
    "spectral_flatness": 0.0007738603744655848,
    "zero_crossing_rate": 0.031984241495585174
  },
  "rhythm": {
    "onset_count": 1205,
    "onset_density": 7.585867256503695,
    "drum_activity": "High",
    "estimated_bars": 95,
    "seconds_per_bar": 1.6782043213761277
  },
  "sections": [
    {
      "name": "Section 1",
      "start": 0.0,
      "end": 13.425634571009022,
      "avg_energy": 0.04968731477856636,
      "energy_label": "Low"
    },
    {
      "name": "Section 2",
      "start": 13.425634571009022,
      "end": 26.851269142018044,
      "avg_energy": 0.30363667011260986,
      "energy_label": "Medium"
    },
    {
      "name": "Section 3",
      "start": 26.851269142018044,
      "end": 40.27690371302707,
      "avg_energy": 0.3206197917461395,
      "energy_label": "High"
    },
    {
      "name": "Section 4",
      "start": 40.27690371302707,
      "end": 53.70253828403609,
      "avg_energy": 0.3047139644622803,
      "energy_label": "Medium"
    },
    {
      "name": "Section 5",
      "start": 53.70253828403609,
      "end": 67.12817285504511,
      "avg_energy": 0.31985145807266235,
      "energy_label": "High"
    },
    {
      "name": "Section 6",
      "start": 67.12817285504511,
      "end": 80.55380742605414,
      "avg_energy": 0.2989974915981293,
      "energy_label": "Medium"
    },
    {
      "name": "Section 7",
      "start": 80.55380742605414,
      "end": 93.97944199706316,
      "avg_energy": 0.3107776343822479,
      "energy_label": "High"
    },
    {
      "name": "Section 8",
      "start": 93.97944199706316,
      "end": 107.40507656807219,
      "avg_energy": 0.29177892208099365,
      "energy_label": "Low"
    },
    {
      "name": "Section 9",
      "start": 107.40507656807219,
      "end": 120.83071113908122,
      "avg_energy": 0.3049994111061096,
      "energy_label": "Medium"
    },
    {
      "name": "Section 10",
      "start": 120.83071113908122,
      "end": 134.25634571009024,
      "avg_energy": 0.2908005714416504,
      "energy_label": "Low"
    },
    {
      "name": "Section 11",
      "start": 134.25634571009024,
      "end": 147.68198028109927,
      "avg_energy": 0.3172746002674103,
      "energy_label": "High"
    },
    {
      "name": "Section 12",
      "start": 147.68198028109927,
      "end": 158.84802083333332,
      "avg_energy": 0.26164406538009644,
      "energy_label": "Low"
    }
  ],
  "scores": {
    "mix": 86,
    "master": 86,
    "arrangement": 81,
    "release": 84,
    "energy": 7.132423855061464,
    "bass_strength": 6.320763349071184,
    "darkness": 5.327496797004955,
    "brightness": 4.672503202995045,
    "drum_bounce": 10,
    "vocal_space": 2.0561861490831124
  },
  "stem_balance": null,
  "top_problems": [
    "Clipping detected: 2102 samples are near/over the limit.",
    "Mud range is elevated around 250-500 Hz.",
    "Drum movement is very active; the beat could become overcrowded."
  ],
  "suggested_fixes": [
    "Lower the master/output, then use a soft clipper or limiter with safer ceiling.",
    "Gently cut 250-500 Hz on melodies, pads, or the master if the mix feels cloudy.",
    "Mute extra percussion in some sections so the hook/drop feels bigger."
  ],
  "artist_notes": [
    "Autotune/key starting point: C# Major. Confidence: 45.7%.",
    "Beat energy: 7.1/10. Darkness: 5.3/10.",
    "Vocal space estimate: 2.1/10. Higher means easier space for vocals."
  ],
  "producer_notes": [
    "Low-end presence looks usable for the selected style.",
    "Selected style preset: rage_trap.",
    "Dominant frequency area: Sub.",
    "Drum activity is high at 7.59 hits/sec.",
    "Estimated length: 95 bars at 143 BPM."
  ],
  "master_notes": [
    "Clipping is the first thing to fix before judging the rest of the mix.",
    "Loudness is in a usable range for the selected style.",
    "Peak: -0.00 dB. RMS: -10.74 dB. Dynamic range: 10.74 dB."
  ],
  "next_steps": [
    "Lower the master/output, then use a soft clipper or limiter with safer ceiling.",
    "Gently cut 250-500 Hz on melodies, pads, or the master if the mix feels cloudy.",
    "Mute extra percussion in some sections so the hook/drop feels bigger.",
    "Fix the top 1-2 issues, export again, then re-run SoundLens."
  ]
}