{
  "basic": {
    "file_name": "Glokk40Spaz - Face Card.wav",
    "file_path": "/Users/jayden/SoundLens/tracks/Glokk40Spaz/Glokk40Spaz - Face Card.wav",
    "sample_rate": 48000,
    "duration_seconds": 127.85066666666667,
    "bpm": 152.03,
    "key": "D Minor",
    "key_note": "D",
    "key_mode": "Minor",
    "key_confidence": 48.70633886106542
  },
  "loudness": {
    "peak_db": 0.00017291654718793362,
    "rms_db": -9.862175440146963,
    "dynamic_range_db": 9.86234835669415,
    "clipping_detected": true,
    "clipping_samples": 693,
    "clipping_percent": 0.011292471424995829,
    "headroom_db": -0.00017291654718793362
  },
  "frequency": {
    "band_percentages": {
      "Sub": 16.897990819925983,
      "Bass / 808": 14.490882074374891,
      "Mud": 14.213791718370409,
      "Low Mids": 14.560028694127942,
      "Mids / Melody": 14.365301231486512,
      "Harsh Zone": 13.723900811772245,
      "Highs": 13.483867284361445,
      "Air": 11.988138175518264,
      "Vocal Range": 15.24511332454268
    },
    "brightness_centroid_hz": 2509.528889775376,
    "brightness_label": "Medium",
    "spectral_rolloff_hz": 5144.774677775924,
    "dominant_band": "Sub",
    "low_end_total_percent": 31.388872894300874,
    "mid_total_percent": 43.139121643984865,
    "top_total_percent": 25.47200545987971
  },
  "fingerprint": {
    "mfcc_1": -170.9380340576172,
    "mfcc_2": 130.67251586914062,
    "mfcc_3": -9.434691429138184,
    "mfcc_4": 32.98707962036133,
    "mfcc_5": -3.1955978870391846,
    "mfcc_6": 23.432374954223633,
    "mfcc_7": -6.7629008293151855,
    "mfcc_8": 0.9756409525871277,
    "mfcc_9": 2.3315491676330566,
    "mfcc_10": 13.419585227966309,
    "mfcc_11": 0.6606861352920532,
    "mfcc_12": 8.775962829589844,
    "mfcc_13": 5.774509429931641,
    "chroma_1": 0.48308804631233215,
    "chroma_2": 0.47537413239479065,
    "chroma_3": 0.6980991959571838,
    "chroma_4": 0.4396890103816986,
    "chroma_5": 0.2571032643318176,
    "chroma_6": 0.23635651171207428,
    "chroma_7": 0.19037099182605743,
    "chroma_8": 0.20819905400276184,
    "chroma_9": 0.1831098198890686,
    "chroma_10": 0.21447384357452393,
    "chroma_11": 0.17496730387210846,
    "chroma_12": 0.12973488867282867,
    "spectral_contrast": 21.022479043099615,
    "spectral_flatness": 0.0004438172618392855,
    "zero_crossing_rate": 0.024457851800387922
  },
  "rhythm": {
    "onset_count": 892,
    "onset_density": 6.976889704655431,
    "drum_activity": "High",
    "estimated_bars": 81,
    "seconds_per_bar": 1.5786357955666646
  },
  "sections": [
    {
      "name": "Section 1",
      "start": 0.0,
      "end": 12.629086364533316,
      "avg_energy": 0.054365936666727066,
      "energy_label": "Low"
    },
    {
      "name": "Section 2",
      "start": 12.629086364533316,
      "end": 25.258172729066633,
      "avg_energy": 0.3500935137271881,
      "energy_label": "Low"
    },
    {
      "name": "Section 3",
      "start": 25.258172729066633,
      "end": 37.88725909359995,
      "avg_energy": 0.3591320514678955,
      "energy_label": "High"
    },
    {
      "name": "Section 4",
      "start": 37.88725909359995,
      "end": 50.516345458133266,
      "avg_energy": 0.35501864552497864,
      "energy_label": "Medium"
    },
    {
      "name": "Section 5",
      "start": 50.516345458133266,
      "end": 63.14543182266658,
      "avg_energy": 0.3506617248058319,
      "energy_label": "Medium"
    },
    {
      "name": "Section 6",
      "start": 63.14543182266658,
      "end": 75.7745181871999,
      "avg_energy": 0.350699782371521,
      "energy_label": "Medium"
    },
    {
      "name": "Section 7",
      "start": 75.7745181871999,
      "end": 88.40360455173322,
      "avg_energy": 0.3586181700229645,
      "energy_label": "High"
    },
    {
      "name": "Section 8",
      "start": 88.40360455173322,
      "end": 101.03269091626655,
      "avg_energy": 0.3570655286312103,
      "energy_label": "High"
    },
    {
      "name": "Section 9",
      "start": 101.03269091626655,
      "end": 113.66177728079987,
      "avg_energy": 0.35329192876815796,
      "energy_label": "Medium"
    },
    {
      "name": "Section 10",
      "start": 113.66177728079987,
      "end": 127.85066666666667,
      "avg_energy": 0.18290501832962036,
      "energy_label": "Low"
    }
  ],
  "scores": {
    "mix": 86,
    "master": 86,
    "arrangement": 81,
    "release": 84,
    "energy": 7.5689122799265185,
    "bass_strength": 6.277774578860175,
    "darkness": 4.980942220449249,
    "brightness": 5.019057779550751,
    "drum_bounce": 10,
    "vocal_space": 2.234479213490701
  },
  "stem_balance": null,
  "top_problems": [
    "Clipping detected: 693 samples are near/over the limit.",
    "Mud range is elevated around 250-500 Hz.",
    "Drum movement is very active; the beat could become overcrowded.",
    "Hook/verse contrast looks low, but arrangement detection is still an estimate."
  ],
  "suggested_fixes": [
    "Lower the master/output, then use a soft clipper or limiter with safer ceiling.",
    "Gently cut 250-500 Hz on melodies, pads, or the master if the mix feels cloudy.",
    "Mute extra percussion in some sections so the hook/drop feels bigger.",
    "Check the waveform/sections by ear. If the hook feels flat, add contrast with melody layers, drum changes, or vocal energy."
  ],
  "artist_notes": [
    "Autotune/key starting point: D Minor. Confidence: 48.7%.",
    "Beat energy: 7.6/10. Darkness: 5.0/10.",
    "Vocal space estimate: 2.2/10. Higher means easier space for vocals."
  ],
  "producer_notes": [
    "Low-end presence looks usable for the selected style.",
    "Selected style preset: rage_trap.",
    "Dominant frequency area: Sub.",
    "Drum activity is high at 6.98 hits/sec.",
    "Estimated length: 81 bars at 152 BPM."
  ],
  "master_notes": [
    "Clipping is the first thing to fix before judging the rest of the mix.",
    "Loudness is in a usable range for the selected style.",
    "Peak: 0.00 dB. RMS: -9.86 dB. Dynamic range: 9.86 dB."
  ],
  "next_steps": [
    "Lower the master/output, then use a soft clipper or limiter with safer ceiling.",
    "Gently cut 250-500 Hz on melodies, pads, or the master if the mix feels cloudy.",
    "Mute extra percussion in some sections so the hook/drop feels bigger.",
    "Fix the top 1-2 issues, export again, then re-run SoundLens."
  ]
}