{
  "basic": {
    "file_name": "Nine Vicious - suk me dead.wav",
    "file_path": "/Users/jayden/SoundLens/tracks/Nine Vicious/Nine Vicious - suk me dead.wav",
    "sample_rate": 48000,
    "duration_seconds": 197.43929166666666,
    "bpm": 144.23,
    "key": "F# Minor",
    "key_note": "F#",
    "key_mode": "Minor",
    "key_confidence": 46.16706512291894
  },
  "loudness": {
    "peak_db": -7.196329004446295e-05,
    "rms_db": -11.89017732598746,
    "dynamic_range_db": 11.890105362697415,
    "clipping_detected": true,
    "clipping_samples": 887,
    "clipping_percent": 0.00935941701911326,
    "headroom_db": 7.196329004446295e-05
  },
  "frequency": {
    "band_percentages": {
      "Sub": 15.770098863285353,
      "Bass / 808": 14.322100134562637,
      "Mud": 13.673893032693474,
      "Low Mids": 14.426749737401575,
      "Mids / Melody": 14.675786810730756,
      "Harsh Zone": 13.879948483771177,
      "Highs": 14.133372745607087,
      "Air": 12.997998673972619,
      "Vocal Range": 15.171076075390921
    },
    "brightness_centroid_hz": 3793.83644973893,
    "brightness_label": "High",
    "spectral_rolloff_hz": 7812.1074756888165,
    "dominant_band": "Sub",
    "low_end_total_percent": 30.09219899784799,
    "mid_total_percent": 42.776429580825805,
    "top_total_percent": 27.131371419579708
  },
  "fingerprint": {
    "mfcc_1": -144.92019653320312,
    "mfcc_2": 121.83118438720703,
    "mfcc_3": -27.571565628051758,
    "mfcc_4": 42.56135177612305,
    "mfcc_5": -27.749479293823242,
    "mfcc_6": 35.36060333251953,
    "mfcc_7": -14.456618309020996,
    "mfcc_8": 9.390172958374023,
    "mfcc_9": 6.197914123535156,
    "mfcc_10": 10.559496879577637,
    "mfcc_11": -3.116472005844116,
    "mfcc_12": 0.13089372217655182,
    "mfcc_13": 1.747859239578247,
    "chroma_1": 0.3167629539966583,
    "chroma_2": 0.511341392993927,
    "chroma_3": 0.45570996403694153,
    "chroma_4": 0.26941633224487305,
    "chroma_5": 0.25211843848228455,
    "chroma_6": 0.3114653527736664,
    "chroma_7": 0.6153579354286194,
    "chroma_8": 0.5573383569717407,
    "chroma_9": 0.37522467970848083,
    "chroma_10": 0.2917277216911316,
    "chroma_11": 0.27152812480926514,
    "chroma_12": 0.3176649212837219,
    "spectral_contrast": 20.29740804507217,
    "spectral_flatness": 0.0006063856999389827,
    "zero_crossing_rate": 0.07836354820873852
  },
  "rhythm": {
    "onset_count": 1467,
    "onset_density": 7.430132004711153,
    "drum_activity": "High",
    "estimated_bars": 119,
    "seconds_per_bar": 1.6640088747139985
  },
  "sections": [
    {
      "name": "Intro",
      "start": 0.0,
      "end": 16.0,
      "avg_energy": 0.02777489461004734,
      "energy_label": "Low"
    },
    {
      "name": "Chorus / Hook",
      "start": 16.0,
      "end": 32.0,
      "avg_energy": 0.05350668355822563,
      "energy_label": "Low"
    },
    {
      "name": "Verse",
      "start": 32.0,
      "end": 48.0,
      "avg_energy": 0.21608319878578186,
      "energy_label": "Medium"
    },
    {
      "name": "Chorus / Hook",
      "start": 48.0,
      "end": 64.0,
      "avg_energy": 0.29848945140838623,
      "energy_label": "High"
    },
    {
      "name": "Verse",
      "start": 64.0,
      "end": 80.0,
      "avg_energy": 0.30111241340637207,
      "energy_label": "High"
    },
    {
      "name": "Verse",
      "start": 80.0,
      "end": 96.0,
      "avg_energy": 0.2620520293712616,
      "energy_label": "Medium"
    },
    {
      "name": "Hook / Drop",
      "start": 96.0,
      "end": 112.0,
      "avg_energy": 0.31734469532966614,
      "energy_label": "High"
    },
    {
      "name": "Hook / Drop",
      "start": 112.0,
      "end": 128.0,
      "avg_energy": 0.3167802095413208,
      "energy_label": "High"
    },
    {
      "name": "Verse",
      "start": 128.0,
      "end": 144.0,
      "avg_energy": 0.24863746762275696,
      "energy_label": "Medium"
    },
    {
      "name": "Hook / Drop",
      "start": 144.0,
      "end": 160.0,
      "avg_energy": 0.31758132576942444,
      "energy_label": "High"
    },
    {
      "name": "Hook / Drop",
      "start": 160.0,
      "end": 176.0,
      "avg_energy": 0.29735299944877625,
      "energy_label": "High"
    },
    {
      "name": "Outro",
      "start": 176.0,
      "end": 197.43929166666666,
      "avg_energy": 0.1885198950767517,
      "energy_label": "Low"
    }
  ],
  "scores": {
    "mix": 86,
    "master": 86,
    "arrangement": 81,
    "release": 84,
    "energy": 6.55491133700627,
    "bass_strength": 6.018439799569598,
    "darkness": 2.4123271005221403,
    "brightness": 7.58767289947786,
    "drum_bounce": 10,
    "vocal_space": 2.4694785387223854
  },
  "stem_balance": null,
  "top_problems": [
    "Clipping detected: 887 samples are near/over the limit.",
    "Mud range is elevated around 250-500 Hz.",
    "Intro may be long for short-form listener retention.",
    "Drum movement is very active; the beat could become overcrowded."
  ],
  "suggested_fixes": [
    "Lower the master/output, then use a soft clipper or limiter with safer ceiling.",
    "Gently cut 250-500 Hz on melodies, pads, or the master if the mix feels cloudy.",
    "Mute extra percussion in some sections so the hook/drop feels bigger.",
    "Consider bringing drums, 808, or a strong tag/moment in earlier."
  ],
  "artist_notes": [
    "Autotune/key starting point: F# Minor. Confidence: 46.2%.",
    "Beat energy: 6.6/10. Darkness: 2.4/10.",
    "Vocal space estimate: 2.5/10. Higher means easier space for vocals."
  ],
  "producer_notes": [
    "Low-end presence looks usable for the selected style.",
    "Selected style preset: rage_trap.",
    "Dominant frequency area: Sub.",
    "Drum activity is high at 7.43 hits/sec.",
    "Estimated length: 119 bars at 144 BPM."
  ],
  "master_notes": [
    "Clipping is the first thing to fix before judging the rest of the mix.",
    "Loudness is in a usable range for the selected style.",
    "Peak: -0.00 dB. RMS: -11.89 dB. Dynamic range: 11.89 dB."
  ],
  "next_steps": [
    "Lower the master/output, then use a soft clipper or limiter with safer ceiling.",
    "Gently cut 250-500 Hz on melodies, pads, or the master if the mix feels cloudy.",
    "Mute extra percussion in some sections so the hook/drop feels bigger.",
    "Fix the top 1-2 issues, export again, then re-run SoundLens."
  ]
}