{
  "basic": {
    "file_name": "Nine Vicious - Can't Tell Me Nothing.wav",
    "file_path": "/Volumes/POLLY/tracks/Nine Vicious/Nine Vicious - Can't Tell Me Nothing.wav",
    "sample_rate": 48000,
    "duration_seconds": 136.29933333333332,
    "bpm": 140.0,
    "key": "E Minor",
    "key_note": "E",
    "key_mode": "Minor",
    "key_confidence": 42.53712813262623
  },
  "loudness": {
    "peak_db": -1.708475589482253e-05,
    "rms_db": -10.334737360382686,
    "dynamic_range_db": 10.334720275626792,
    "clipping_detected": true,
    "clipping_samples": 9715,
    "clipping_percent": 0.14849363410923996,
    "headroom_db": 1.708475589482253e-05
  },
  "frequency": {
    "band_percentages": {
      "Sub": 14.874610574393627,
      "Bass / 808": 15.807045654496687,
      "Mud": 14.4168701438816,
      "Low Mids": 14.801360363201068,
      "Mids / Melody": 14.303937632646194,
      "Harsh Zone": 13.664362489585777,
      "Highs": 13.251281421351429,
      "Air": 12.54489420827044,
      "Vocal Range": 15.305266526697508
    },
    "brightness_centroid_hz": 3068.3527288155365,
    "brightness_label": "Medium",
    "spectral_rolloff_hz": 6781.072707175836,
    "dominant_band": "Bass / 808",
    "low_end_total_percent": 30.68165622889031,
    "mid_total_percent": 43.52216813972886,
    "top_total_percent": 25.79617562962187
  },
  "fingerprint": {
    "mfcc_1": -130.37423706054688,
    "mfcc_2": -23.811006546020508,
    "mfcc_3": -2.4081509113311768,
    "mfcc_4": 2.7808215618133545,
    "mfcc_5": -4.943068504333496,
    "mfcc_6": -2.593745470046997,
    "mfcc_7": -1.4265483617782593,
    "mfcc_8": 9.030353546142578,
    "mfcc_9": -5.721935272216797,
    "mfcc_10": 5.87945556640625,
    "mfcc_11": -5.3772292137146,
    "mfcc_12": 0.31136202812194824,
    "mfcc_13": -1.008030891418457,
    "chroma_1": 0.45924118161201477,
    "chroma_2": 0.3638112545013428,
    "chroma_3": 0.5093870162963867,
    "chroma_4": 0.5649963021278381,
    "chroma_5": 0.8982135653495789,
    "chroma_6": 0.6227734684944153,
    "chroma_7": 0.3144887685775757,
    "chroma_8": 0.24955995380878448,
    "chroma_9": 0.26518893241882324,
    "chroma_10": 0.28677716851234436,
    "chroma_11": 0.24035584926605225,
    "chroma_12": 0.33221060037612915,
    "spectral_contrast": 22.74440905408838,
    "spectral_flatness": 0.02281874231994152,
    "zero_crossing_rate": 0.10629697628434598,
    "embed_mfcc_1_mean": -130.37423706054688,
    "embed_mfcc_1_std": 62.57238006591797,
    "embed_mfcc_2_mean": -23.811006546020508,
    "embed_mfcc_2_std": 28.321514129638672,
    "embed_mfcc_3_mean": -2.4081509113311768,
    "embed_mfcc_3_std": 23.007884979248047,
    "embed_mfcc_4_mean": 2.7808215618133545,
    "embed_mfcc_4_std": 22.546401977539062,
    "embed_mfcc_5_mean": -4.943068504333496,
    "embed_mfcc_5_std": 13.19543170928955,
    "embed_mfcc_6_mean": -2.593745470046997,
    "embed_mfcc_6_std": 16.434629440307617,
    "embed_mfcc_7_mean": -1.4265483617782593,
    "embed_mfcc_7_std": 11.782158851623535,
    "embed_mfcc_8_mean": 9.030353546142578,
    "embed_mfcc_8_std": 11.132346153259277,
    "embed_mfcc_9_mean": -5.721935272216797,
    "embed_mfcc_9_std": 12.970527648925781,
    "embed_mfcc_10_mean": 5.87945556640625,
    "embed_mfcc_10_std": 10.986968040466309,
    "embed_mfcc_11_mean": -5.3772292137146,
    "embed_mfcc_11_std": 9.87884521484375,
    "embed_mfcc_12_mean": 0.31136202812194824,
    "embed_mfcc_12_std": 8.38932991027832,
    "embed_mfcc_13_mean": -1.008030891418457,
    "embed_mfcc_13_std": 8.403179168701172,
    "embed_mfcc_14_mean": -0.7295445203781128,
    "embed_mfcc_14_std": 8.489121437072754,
    "embed_mfcc_15_mean": -3.9976084232330322,
    "embed_mfcc_15_std": 7.985075950622559,
    "embed_mfcc_16_mean": 1.1642876863479614,
    "embed_mfcc_16_std": 8.445283889770508,
    "embed_mfcc_17_mean": -7.0621018409729,
    "embed_mfcc_17_std": 9.17673397064209,
    "embed_mfcc_18_mean": -0.7119571566581726,
    "embed_mfcc_18_std": 8.97217082977295,
    "embed_mfcc_19_mean": -7.941193103790283,
    "embed_mfcc_19_std": 8.256171226501465,
    "embed_mfcc_20_mean": -4.109203815460205,
    "embed_mfcc_20_std": 8.660821914672852,
    "embed_chroma_1_mean": 0.45924118161201477,
    "embed_chroma_1_std": 0.20884110033512115,
    "embed_chroma_2_mean": 0.3638112545013428,
    "embed_chroma_2_std": 0.17458312213420868,
    "embed_chroma_3_mean": 0.5093870162963867,
    "embed_chroma_3_std": 0.23942844569683075,
    "embed_chroma_4_mean": 0.5649963021278381,
    "embed_chroma_4_std": 0.2136044204235077,
    "embed_chroma_5_mean": 0.8982135653495789,
    "embed_chroma_5_std": 0.18132224678993225,
    "embed_chroma_6_mean": 0.6227734684944153,
    "embed_chroma_6_std": 0.23955626785755157,
    "embed_chroma_7_mean": 0.3144887685775757,
    "embed_chroma_7_std": 0.1643807291984558,
    "embed_chroma_8_mean": 0.24955995380878448,
    "embed_chroma_8_std": 0.13879936933517456,
    "embed_chroma_9_mean": 0.26518893241882324,
    "embed_chroma_9_std": 0.14119760692119598,
    "embed_chroma_10_mean": 0.28677716851234436,
    "embed_chroma_10_std": 0.17122672498226166,
    "embed_chroma_11_mean": 0.24035584926605225,
    "embed_chroma_11_std": 0.13856472074985504,
    "embed_chroma_12_mean": 0.33221060037612915,
    "embed_chroma_12_std": 0.15202930569648743,
    "embed_contrast_1_mean": 18.08043670654297,
    "embed_contrast_1_std": 4.628292560577393,
    "embed_contrast_2_mean": 15.831976890563965,
    "embed_contrast_2_std": 4.2911505699157715,
    "embed_contrast_3_mean": 19.399797439575195,
    "embed_contrast_3_std": 4.985108852386475,
    "embed_contrast_4_mean": 19.598636627197266,
    "embed_contrast_4_std": 4.187971115112305,
    "embed_contrast_5_mean": 18.770328521728516,
    "embed_contrast_5_std": 3.410691976547241,
    "embed_contrast_6_mean": 19.076095581054688,
    "embed_contrast_6_std": 3.474637746810913,
    "embed_contrast_7_mean": 48.453590393066406,
    "embed_contrast_7_std": 3.7163314819335938,
    "embed_chroma_entropy": 2.3966012001037598,
    "embed_centroid_mean": 2592.13219497715,
    "embed_centroid_std": 943.508180686985,
    "embed_rolloff_mean": 5822.748123972039,
    "embed_rolloff_std": 1761.6481540255784,
    "embed_flatness_mean": 0.02281874231994152,
    "embed_flatness_std": 0.03159273415803909,
    "embed_zcr_mean": 0.10629697628434598,
    "embed_zcr_std": 0.06790548215777975,
    "embed_rms_mean": 0.25472304224967957,
    "embed_rms_std": 0.12898239493370056,
    "embed_onset_mean": 1.742415189743042,
    "embed_onset_std": 1.788791298866272,
    "fingerprint_version": 2.0,
    "fingerprint_duration_seconds": 136.2993650793651,
    "embed_mfcc_delta_mean": -0.0024373948108404875,
    "embed_mfcc_delta_std": 3.5817060470581055,
    "embed_chroma_delta_mean": -4.6359942643903196e-05,
    "embed_chroma_delta_std": 0.027201129123568535,
    "embed_onset_peak": 19.13738250732422,
    "embed_onset_p95": 5.239359378814697,
    "embed_rms_p10": 0.10056272149085999,
    "embed_rms_p50": 0.23339638113975525,
    "embed_rms_p90": 0.45602676272392273,
    "embedding_nonzero_count": 100.0
  },
  "rhythm": {
    "onset_count": 602,
    "onset_density": 4.416749409388161,
    "drum_activity": "High",
    "estimated_bars": 80,
    "seconds_per_bar": 1.7142857142857142
  },
  "sections": [
    {
      "name": "Intro",
      "start": 0.0,
      "end": 16.0,
      "avg_energy": 0.28020763397216797,
      "energy_label": "Medium"
    },
    {
      "name": "Chorus / Hook",
      "start": 16.0,
      "end": 32.0,
      "avg_energy": 0.35671040415763855,
      "energy_label": "High"
    },
    {
      "name": "Verse",
      "start": 32.0,
      "end": 48.0,
      "avg_energy": 0.34017056226730347,
      "energy_label": "Medium"
    },
    {
      "name": "Chorus / Hook",
      "start": 48.0,
      "end": 64.0,
      "avg_energy": 0.347123920917511,
      "energy_label": "Medium"
    },
    {
      "name": "Verse",
      "start": 64.0,
      "end": 80.0,