{
  "basic": {
    "file_name": "Nine Vicious - Take Me Down.wav",
    "file_path": "/Volumes/POLLY/tracks/Nine Vicious/Nine Vicious - Take Me Down.wav",
    "sample_rate": 48000,
    "duration_seconds": 126.4865,
    "bpm": 140.0,
    "key": "C# Major",
    "key_note": "C#",
    "key_mode": "Major",
    "key_confidence": 43.943919360014505
  },
  "loudness": {
    "peak_db": -0.00011234582907014157,
    "rms_db": -12.110875194368205,
    "dynamic_range_db": 12.110762848539135,
    "clipping_detected": true,
    "clipping_samples": 2606,
    "clipping_percent": 0.04292289427461956,
    "headroom_db": 0.00011234582907014157
  },
  "frequency": {
    "band_percentages": {
      "Sub": 16.264181560881735,
      "Bass / 808": 14.38275391526085,
      "Mud": 14.464664517171395,
      "Low Mids": 14.939133520658315,
      "Mids / Melody": 14.588050877175284,
      "Harsh Zone": 14.034671656924786,
      "Highs": 12.953756032739157,
      "Air": 12.407459574280393,
      "Vocal Range": 15.523318035192283
    },
    "brightness_centroid_hz": 2116.2113082601863,
    "brightness_label": "Medium",
    "spectral_rolloff_hz": 4540.801685428788,
    "dominant_band": "Sub",
    "low_end_total_percent": 30.646935476142584,
    "mid_total_percent": 43.991848915004994,
    "top_total_percent": 25.361215607019552
  },
  "fingerprint": {
    "mfcc_1": -209.3150177001953,
    "mfcc_2": 28.776851654052734,
    "mfcc_3": -20.852754592895508,
    "mfcc_4": -0.3394129276275635,
    "mfcc_5": -6.823472023010254,
    "mfcc_6": -7.6772942543029785,
    "mfcc_7": -7.60811710357666,
    "mfcc_8": 6.497714996337891,
    "mfcc_9": -4.29511833190918,
    "mfcc_10": 4.643043518066406,
    "mfcc_11": 0.5764437913894653,
    "mfcc_12": 5.248030662536621,
    "mfcc_13": 0.40697211027145386,
    "chroma_1": 0.21114011108875275,
    "chroma_2": 0.5753853917121887,
    "chroma_3": 0.15143746137619019,
    "chroma_4": 0.30193617939949036,
    "chroma_5": 0.16729579865932465,
    "chroma_6": 0.37369251251220703,
    "chroma_7": 0.4718729853630066,
    "chroma_8": 0.132444828748703,
    "chroma_9": 0.27761492133140564,
    "chroma_10": 0.10477825254201889,
    "chroma_11": 0.2121868133544922,
    "chroma_12": 0.10841892659664154,
    "spectral_contrast": 24.16323798404959,
    "spectral_flatness": 0.009123838506639004,
    "zero_crossing_rate": 0.07489703388036958,
    "embed_mfcc_1_mean": -209.3150177001953,
    "embed_mfcc_1_std": 95.65885925292969,
    "embed_mfcc_2_mean": 28.776851654052734,
    "embed_mfcc_2_std": 61.14025115966797,
    "embed_mfcc_3_mean": -20.852754592895508,
    "embed_mfcc_3_std": 28.37168312072754,
    "embed_mfcc_4_mean": -0.3394129276275635,
    "embed_mfcc_4_std": 20.901390075683594,
    "embed_mfcc_5_mean": -6.823472023010254,
    "embed_mfcc_5_std": 13.414956092834473,
    "embed_mfcc_6_mean": -7.6772942543029785,
    "embed_mfcc_6_std": 17.64435577392578,
    "embed_mfcc_7_mean": -7.60811710357666,
    "embed_mfcc_7_std": 11.888195991516113,
    "embed_mfcc_8_mean": 6.497714996337891,
    "embed_mfcc_8_std": 9.245365142822266,
    "embed_mfcc_9_mean": -4.29511833190918,
    "embed_mfcc_9_std": 12.891510963439941,
    "embed_mfcc_10_mean": 4.643043518066406,
    "embed_mfcc_10_std": 9.470083236694336,
    "embed_mfcc_11_mean": 0.5764437913894653,
    "embed_mfcc_11_std": 8.235912322998047,
    "embed_mfcc_12_mean": 5.248030662536621,
    "embed_mfcc_12_std": 8.871587753295898,
    "embed_mfcc_13_mean": 0.40697211027145386,
    "embed_mfcc_13_std": 7.6108784675598145,
    "embed_mfcc_14_mean": 1.9430052042007446,
    "embed_mfcc_14_std": 8.458551406860352,
    "embed_mfcc_15_mean": 0.32172146439552307,
    "embed_mfcc_15_std": 7.248951435089111,
    "embed_mfcc_16_mean": 3.956181764602661,
    "embed_mfcc_16_std": 7.438169956207275,
    "embed_mfcc_17_mean": -2.3336212635040283,
    "embed_mfcc_17_std": 8.21134090423584,
    "embed_mfcc_18_mean": 7.517763137817383,
    "embed_mfcc_18_std": 8.526366233825684,
    "embed_mfcc_19_mean": 5.153080940246582,
    "embed_mfcc_19_std": 8.44982624053955,
    "embed_mfcc_20_mean": 8.696086883544922,
    "embed_mfcc_20_std": 8.510139465332031,
    "embed_chroma_1_mean": 0.21114011108875275,
    "embed_chroma_1_std": 0.2005922496318817,
    "embed_chroma_2_mean": 0.5753853917121887,
    "embed_chroma_2_std": 0.3737103343009949,
    "embed_chroma_3_mean": 0.15143746137619019,
    "embed_chroma_3_std": 0.12390061467885971,
    "embed_chroma_4_mean": 0.30193617939949036,
    "embed_chroma_4_std": 0.3174900710582733,
    "embed_chroma_5_mean": 0.16729579865932465,
    "embed_chroma_5_std": 0.1687004417181015,
    "embed_chroma_6_mean": 0.37369251251220703,
    "embed_chroma_6_std": 0.3104929029941559,
    "embed_chroma_7_mean": 0.4718729853630066,
    "embed_chroma_7_std": 0.39630648493766785,
    "embed_chroma_8_mean": 0.132444828748703,
    "embed_chroma_8_std": 0.11244512349367142,
    "embed_chroma_9_mean": 0.27761492133140564,
    "embed_chroma_9_std": 0.22547253966331482,
    "embed_chroma_10_mean": 0.10477825254201889,
    "embed_chroma_10_std": 0.080507293343544,
    "embed_chroma_11_mean": 0.2121868133544922,
    "embed_chroma_11_std": 0.17451506853103638,
    "embed_chroma_12_mean": 0.10841892659664154,
    "embed_chroma_12_std": 0.09643483906984329,
    "embed_contrast_1_mean": 21.156612396240234,
    "embed_contrast_1_std": 5.190112590789795,
    "embed_contrast_2_mean": 15.653544425964355,
    "embed_contrast_2_std": 3.9901320934295654,
    "embed_contrast_3_mean": 20.029176712036133,
    "embed_contrast_3_std": 4.2061686515808105,
    "embed_contrast_4_mean": 20.530704498291016,
    "embed_contrast_4_std": 4.081055164337158,
    "embed_contrast_5_mean": 21.283382415771484,
    "embed_contrast_5_std": 4.222294807434082,
    "embed_contrast_6_mean": 21.360591888427734,
    "embed_contrast_6_std": 4.5064697265625,
    "embed_contrast_7_mean": 49.12865447998047,
    "embed_contrast_7_std": 3.7359633445739746,
    "embed_chroma_entropy": 2.3402369022369385,
    "embed_centroid_mean": 1761.8153555190238,
    "embed_centroid_std": 1046.4085575610761,
    "embed_rolloff_mean": 3873.155746223757,
    "embed_rolloff_std": 2467.790807902779,
    "embed_flatness_mean": 0.009123838506639004,
    "embed_flatness_std": 0.02543376199901104,
    "embed_zcr_mean": 0.07489703388036958,
    "embed_zcr_std": 0.0652266643838098,
    "embed_rms_mean": 0.22891032695770264,
    "embed_rms_std": 0.1894155591726303,
    "embed_onset_mean": 1.2567145824432373,
    "embed_onset_std": 1.523003101348877,
    "fingerprint_version": 2.0,
    "fingerprint_duration_seconds": 126.48653061224489,
    "embed_mfcc_delta_mean": -0.0005494887591339648,
    "embed_mfcc_delta_std": 2.8443474769592285,
    "embed_chroma_delta_mean": 1.4764109437237494e-05,
    "embed_chroma_delta_std": 0.020983966067433357,
    "embed_onset_peak": 14.401172637939453,
    "embed_onset_p95": 3.94203782081604,
    "embed_rms_p10": 0.06024560704827309,
    "embed_rms_p50": 0.16248217225074768,
    "embed_rms_p90": 0.6128448843955994,
    "embedding_nonzero_count": 100.0
  },
  "rhythm": {
    "onset_count": 309,
    "onset_density": 2.442948456949951,
    "drum_activity": "Medium",
    "estimated_bars": 74,
    "seconds_per_bar": 1.7142857142857142
  },
  "sections": [
    {
      "name": "Intro",
      "start": 0.0,
      "end": 16.0,
      "avg_energy": 0.17279089987277985,
      "energy_label": "Low"
    },
    {
      "name": "Chorus / Hook",
      "start": 16.0,
      "end": 32.0,
      "avg_energy": 0.18938246369361877,
      "energy_label": "Medium"
    },
    {
      "name": "Verse",
      "start": 32.0,
      "end": 48.0,
      "avg_energy": 0.18905244767665863,
      "energy_label": "Medium"
    },
    {
      "name": "Chorus / Hook",
      "start": 48.0,
      "end": 64.0,
      "avg_energy": 0.20136399567127228,
      "energy_label": "Medium"
    },
    {
      "name": "Verse",
      "start": 64.0,
      "end": 80.0,
      "avg_energy": 0.5660783648490906,