{
  "basic": {
    "file_name": "Nine Vicious - you said.wav",
    "file_path": "/Volumes/POLLY/tracks/Nine Vicious/Nine Vicious - you said.wav",
    "sample_rate": 48000,
    "duration_seconds": 134.35066666666665,
    "bpm": 140.0,
    "key": "C Minor",
    "key_note": "C",
    "key_mode": "Minor",
    "key_confidence": 44.216433640661485
  },
  "loudness": {
    "peak_db": 0.00029405962240453947,
    "rms_db": -8.453573194084878,
    "dynamic_range_db": 8.453867253707283,
    "clipping_detected": true,
    "clipping_samples": 317,
    "clipping_percent": 0.0049156188283397675,
    "headroom_db": -0.00029405962240453947
  },
  "frequency": {
    "band_percentages": {
      "Sub": 16.434099776718046,
      "Bass / 808": 14.626238728958107,
      "Mud": 14.558061058430164,
      "Low Mids": 14.147297352326028,
      "Mids / Melody": 14.000030494236308,
      "Harsh Zone": 13.428913833975253,
      "Highs": 13.581487840354512,
      "Air": 12.652784747216062,
      "Vocal Range": 15.05219258327524
    },
    "brightness_centroid_hz": 2975.876289556031,
    "brightness_label": "Medium",
    "spectral_rolloff_hz": 6924.266632264211,
    "dominant_band": "Sub",
    "low_end_total_percent": 31.060338505676153,
    "mid_total_percent": 42.705388904992496,
    "top_total_percent": 26.234272587570572
  },
  "fingerprint": {
    "mfcc_1": -140.6584930419922,
    "mfcc_2": -8.344440460205078,
    "mfcc_3": 6.367306232452393,
    "mfcc_4": -1.4598374366760254,
    "mfcc_5": 4.704643249511719,
    "mfcc_6": -3.712455987930298,
    "mfcc_7": -7.846938133239746,
    "mfcc_8": 13.29524040222168,
    "mfcc_9": -10.51447582244873,
    "mfcc_10": 4.253417015075684,
    "mfcc_11": -1.6087130308151245,
    "mfcc_12": 3.857138156890869,
    "mfcc_13": -0.224356546998024,
    "chroma_1": 0.5058362483978271,
    "chroma_2": 0.6832459568977356,
    "chroma_3": 0.44257721304893494,
    "chroma_4": 0.6177510023117065,
    "chroma_5": 0.3519882559776306,
    "chroma_6": 0.3923988342285156,
    "chroma_7": 0.313137412071228,
    "chroma_8": 0.24627165496349335,
    "chroma_9": 0.29507747292518616,
    "chroma_10": 0.2247942090034485,
    "chroma_11": 0.3718235194683075,
    "chroma_12": 0.3628724217414856,
    "spectral_contrast": 22.806491896577967,
    "spectral_flatness": 0.010175792500376701,
    "zero_crossing_rate": 0.05738759705156734,
    "embed_mfcc_1_mean": -140.6584930419922,
    "embed_mfcc_1_std": 80.28192901611328,
    "embed_mfcc_2_mean": -8.344440460205078,
    "embed_mfcc_2_std": 44.640357971191406,
    "embed_mfcc_3_mean": 6.367306232452393,
    "embed_mfcc_3_std": 24.807960510253906,
    "embed_mfcc_4_mean": -1.4598374366760254,
    "embed_mfcc_4_std": 17.391170501708984,
    "embed_mfcc_5_mean": 4.704643249511719,
    "embed_mfcc_5_std": 16.184616088867188,
    "embed_mfcc_6_mean": -3.712455987930298,
    "embed_mfcc_6_std": 12.620927810668945,
    "embed_mfcc_7_mean": -7.846938133239746,
    "embed_mfcc_7_std": 11.639296531677246,
    "embed_mfcc_8_mean": 13.29524040222168,
    "embed_mfcc_8_std": 10.35820484161377,
    "embed_mfcc_9_mean": -10.51447582244873,
    "embed_mfcc_9_std": 8.732335090637207,
    "embed_mfcc_10_mean": 4.253417015075684,
    "embed_mfcc_10_std": 9.03467845916748,
    "embed_mfcc_11_mean": -1.6087130308151245,
    "embed_mfcc_11_std": 9.521565437316895,
    "embed_mfcc_12_mean": 3.857138156890869,
    "embed_mfcc_12_std": 8.214044570922852,
    "embed_mfcc_13_mean": -0.224356546998024,
    "embed_mfcc_13_std": 9.306070327758789,
    "embed_mfcc_14_mean": 4.554985523223877,
    "embed_mfcc_14_std": 7.775328159332275,
    "embed_mfcc_15_mean": 4.210917949676514,
    "embed_mfcc_15_std": 7.778576850891113,
    "embed_mfcc_16_mean": 7.38755464553833,
    "embed_mfcc_16_std": 8.108304977416992,
    "embed_mfcc_17_mean": 1.5253456830978394,
    "embed_mfcc_17_std": 7.363139629364014,
    "embed_mfcc_18_mean": 5.647043704986572,
    "embed_mfcc_18_std": 7.645038604736328,
    "embed_mfcc_19_mean": -1.513623833656311,
    "embed_mfcc_19_std": 7.52034854888916,
    "embed_mfcc_20_mean": 1.8729158639907837,
    "embed_mfcc_20_std": 7.211650848388672,
    "embed_chroma_1_mean": 0.5058362483978271,
    "embed_chroma_1_std": 0.34507548809051514,
    "embed_chroma_2_mean": 0.6832459568977356,
    "embed_chroma_2_std": 0.35012441873550415,
    "embed_chroma_3_mean": 0.44257721304893494,
    "embed_chroma_3_std": 0.20741979777812958,
    "embed_chroma_4_mean": 0.6177510023117065,
    "embed_chroma_4_std": 0.30680885910987854,
    "embed_chroma_5_mean": 0.3519882559776306,
    "embed_chroma_5_std": 0.192019984126091,
    "embed_chroma_6_mean": 0.3923988342285156,
    "embed_chroma_6_std": 0.24270428717136383,
    "embed_chroma_7_mean": 0.313137412071228,
    "embed_chroma_7_std": 0.1897844672203064,
    "embed_chroma_8_mean": 0.24627165496349335,
    "embed_chroma_8_std": 0.1337909698486328,
    "embed_chroma_9_mean": 0.29507747292518616,
    "embed_chroma_9_std": 0.17459405958652496,
    "embed_chroma_10_mean": 0.2247942090034485,
    "embed_chroma_10_std": 0.14139273762702942,
    "embed_chroma_11_mean": 0.3718235194683075,
    "embed_chroma_11_std": 0.271280974149704,
    "embed_chroma_12_mean": 0.3628724217414856,
    "embed_chroma_12_std": 0.28887447714805603,
    "embed_contrast_1_mean": 21.40642547607422,
    "embed_contrast_1_std": 4.321363925933838,
    "embed_contrast_2_mean": 15.132628440856934,
    "embed_contrast_2_std": 3.9285500049591064,
    "embed_contrast_3_mean": 19.218914031982422,
    "embed_contrast_3_std": 4.027685165405273,
    "embed_contrast_4_mean": 18.187788009643555,
    "embed_contrast_4_std": 3.4516069889068604,
    "embed_contrast_5_mean": 18.427040100097656,
    "embed_contrast_5_std": 3.335646390914917,
    "embed_contrast_6_mean": 18.159473419189453,
    "embed_contrast_6_std": 2.838096857070923,
    "embed_contrast_7_mean": 49.11317825317383,
    "embed_contrast_7_std": 3.94710373878479,
    "embed_chroma_entropy": 2.4309213161468506,
    "embed_centroid_mean": 2434.603229451183,
    "embed_centroid_std": 1023.7039779046979,
    "embed_rolloff_mean": 5718.615420314919,
    "embed_rolloff_std": 2255.8334581519325,
    "embed_flatness_mean": 0.010175792500376701,
    "embed_flatness_std": 0.01430992130190134,
    "embed_zcr_mean": 0.05738759705156734,
    "embed_zcr_std": 0.03666841952974483,
    "embed_rms_mean": 0.32601210474967957,
    "embed_rms_std": 0.11808200180530548,
    "embed_onset_mean": 1.5657869577407837,
    "embed_onset_std": 1.467303991317749,
    "fingerprint_version": 2.0,
    "fingerprint_duration_seconds": 134.3507029478458,
    "embed_mfcc_delta_mean": -0.0002785898686852306,
    "embed_mfcc_delta_std": 3.062394142150879,
    "embed_chroma_delta_mean": 2.47603929892648e-05,
    "embed_chroma_delta_std": 0.02232147753238678,
    "embed_onset_peak": 17.560733795166016,
    "embed_onset_p95": 4.674591064453125,
    "embed_rms_p10": 0.10565934330224991,
    "embed_rms_p50": 0.3758659064769745,
    "embed_rms_p90": 0.42480936646461487,
    "embedding_nonzero_count": 100.0
  },
  "rhythm": {
    "onset_count": 602,
    "onset_density": 4.480811408949714,
    "drum_activity": "High",
    "estimated_bars": 78,
    "seconds_per_bar": 1.7142857142857142
  },
  "sections": [
    {
      "name": "Intro",
      "start": 0.0,
      "end": 16.0,
      "avg_energy": 0.42037296295166016,
      "energy_label": "Medium"
    },
    {
      "name": "Chorus / Hook",
      "start": 16.0,
      "end": 32.0,
      "avg_energy": 0.3754730820655823,
      "energy_label": "Medium"
    },
    {
      "name": "Verse",
      "start": 32.0,
      "end": 48.0,
      "avg_energy": 0.438959538936615,
      "energy_label": "High"
    },
    {
      "name": "Chorus / Hook",
      "start": 48.0,
      "end": 64.0,
      "avg_energy": 0.27894383668899536,
      "energy_label": "Low"
    },
    {
      "name": "Verse",
      "start": 64.0,
      "end": 80.0,
      "avg_energy": 0.4022408127784729,