{
  "basic": {
    "file_name": "Nine Vicious - Almost.wav",
    "file_path": "/Volumes/POLLY/tracks/Nine Vicious/Nine Vicious - Almost.wav",
    "sample_rate": 48000,
    "duration_seconds": 150.00091666666665,
    "bpm": 140.0,
    "key": "D Minor",
    "key_note": "D",
    "key_mode": "Minor",
    "key_confidence": 42.559382927593596
  },
  "loudness": {
    "peak_db": 0.00038621006099649193,
    "rms_db": -8.268320802602611,
    "dynamic_range_db": 8.268707012663608,
    "clipping_detected": true,
    "clipping_samples": 7636,
    "clipping_percent": 0.1060549074422323,
    "headroom_db": -0.00038621006099649193
  },
  "frequency": {
    "band_percentages": {
      "Sub": 16.37213348001389,
      "Bass / 808": 14.106147475094946,
      "Mud": 13.764991855484393,
      "Low Mids": 15.018374254767043,
      "Mids / Melody": 14.414997325409178,
      "Harsh Zone": 13.524510377185386,
      "Highs": 13.692404437111632,
      "Air": 12.630951170372379,
      "Vocal Range": 15.368366886004084
    },
    "brightness_centroid_hz": 3141.4133905452645,
    "brightness_label": "Medium",
    "spectral_rolloff_hz": 6931.203557206855,
    "dominant_band": "Sub",
    "low_end_total_percent": 30.478280955108836,
    "mid_total_percent": 43.19836343566061,
    "top_total_percent": 26.32335560748401
  },
  "fingerprint": {
    "mfcc_1": -126.13556671142578,
    "mfcc_2": -24.382579803466797,
    "mfcc_3": -5.020596027374268,
    "mfcc_4": -16.982440948486328,
    "mfcc_5": -2.855659246444702,
    "mfcc_6": -8.593819618225098,
    "mfcc_7": -4.866706848144531,
    "mfcc_8": 18.065631866455078,
    "mfcc_9": -10.691170692443848,
    "mfcc_10": 11.241190910339355,
    "mfcc_11": 5.25875186920166,
    "mfcc_12": 11.633234977722168,
    "mfcc_13": 6.775110721588135,
    "chroma_1": 0.42232856154441833,
    "chroma_2": 0.631391704082489,
    "chroma_3": 0.8280342817306519,
    "chroma_4": 0.5356866717338562,
    "chroma_5": 0.3647709786891937,
    "chroma_6": 0.2755603492259979,
    "chroma_7": 0.3057543933391571,
    "chroma_8": 0.20650531351566315,
    "chroma_9": 0.2257050722837448,
    "chroma_10": 0.22725343704223633,
    "chroma_11": 0.1831820160150528,
    "chroma_12": 0.22084520757198334,
    "spectral_contrast": 22.857119950372255,
    "spectral_flatness": 0.014999289065599442,
    "zero_crossing_rate": 0.07167615388569079,
    "embed_mfcc_1_mean": -126.13556671142578,
    "embed_mfcc_1_std": 60.36575698852539,
    "embed_mfcc_2_mean": -24.382579803466797,
    "embed_mfcc_2_std": 30.825992584228516,
    "embed_mfcc_3_mean": -5.020596027374268,
    "embed_mfcc_3_std": 27.283498764038086,
    "embed_mfcc_4_mean": -16.982440948486328,
    "embed_mfcc_4_std": 19.18711280822754,
    "embed_mfcc_5_mean": -2.855659246444702,
    "embed_mfcc_5_std": 14.523961067199707,
    "embed_mfcc_6_mean": -8.593819618225098,
    "embed_mfcc_6_std": 15.014413833618164,
    "embed_mfcc_7_mean": -4.866706848144531,
    "embed_mfcc_7_std": 13.171199798583984,
    "embed_mfcc_8_mean": 18.065631866455078,
    "embed_mfcc_8_std": 13.278099060058594,
    "embed_mfcc_9_mean": -10.691170692443848,
    "embed_mfcc_9_std": 12.573334693908691,
    "embed_mfcc_10_mean": 11.241190910339355,
    "embed_mfcc_10_std": 10.620230674743652,
    "embed_mfcc_11_mean": 5.25875186920166,
    "embed_mfcc_11_std": 9.32397747039795,
    "embed_mfcc_12_mean": 11.633234977722168,
    "embed_mfcc_12_std": 9.388407707214355,
    "embed_mfcc_13_mean": 6.775110721588135,
    "embed_mfcc_13_std": 8.623624801635742,
    "embed_mfcc_14_mean": 10.632925033569336,
    "embed_mfcc_14_std": 8.191896438598633,
    "embed_mfcc_15_mean": 5.617016792297363,
    "embed_mfcc_15_std": 7.989786624908447,
    "embed_mfcc_16_mean": 8.904706954956055,
    "embed_mfcc_16_std": 7.710957050323486,
    "embed_mfcc_17_mean": 2.135406255722046,
    "embed_mfcc_17_std": 7.5630035400390625,
    "embed_mfcc_18_mean": 4.918716907501221,
    "embed_mfcc_18_std": 7.294625282287598,
    "embed_mfcc_19_mean": -2.5223309993743896,
    "embed_mfcc_19_std": 6.784879684448242,
    "embed_mfcc_20_mean": 1.829979658126831,
    "embed_mfcc_20_std": 7.447846412658691,
    "embed_chroma_1_mean": 0.42232856154441833,
    "embed_chroma_1_std": 0.33014562726020813,
    "embed_chroma_2_mean": 0.631391704082489,
    "embed_chroma_2_std": 0.32421618700027466,
    "embed_chroma_3_mean": 0.8280342817306519,
    "embed_chroma_3_std": 0.2135641723871231,
    "embed_chroma_4_mean": 0.5356866717338562,
    "embed_chroma_4_std": 0.19024208188056946,
    "embed_chroma_5_mean": 0.3647709786891937,
    "embed_chroma_5_std": 0.18190394341945648,
    "embed_chroma_6_mean": 0.2755603492259979,
    "embed_chroma_6_std": 0.15065200626850128,
    "embed_chroma_7_mean": 0.3057543933391571,
    "embed_chroma_7_std": 0.19338418543338776,
    "embed_chroma_8_mean": 0.20650531351566315,
    "embed_chroma_8_std": 0.12363225221633911,
    "embed_chroma_9_mean": 0.2257050722837448,
    "embed_chroma_9_std": 0.1328078955411911,
    "embed_chroma_10_mean": 0.22725343704223633,
    "embed_chroma_10_std": 0.10721877217292786,
    "embed_chroma_11_mean": 0.1831820160150528,
    "embed_chroma_11_std": 0.10987947881221771,
    "embed_chroma_12_mean": 0.22084520757198334,
    "embed_chroma_12_std": 0.15623041987419128,
    "embed_contrast_1_mean": 21.912572860717773,
    "embed_contrast_1_std": 4.911642551422119,
    "embed_contrast_2_mean": 14.390748977661133,
    "embed_contrast_2_std": 3.8033580780029297,
    "embed_contrast_3_mean": 19.580554962158203,
    "embed_contrast_3_std": 4.194494247436523,
    "embed_contrast_4_mean": 19.244491577148438,
    "embed_contrast_4_std": 3.634586811065674,
    "embed_contrast_5_mean": 17.72102928161621,
    "embed_contrast_5_std": 3.0565757751464844,
    "embed_contrast_6_mean": 17.929489135742188,
    "embed_contrast_6_std": 2.6651954650878906,
    "embed_contrast_7_mean": 49.220951080322266,
    "embed_contrast_7_std": 3.2183871269226074,
    "embed_chroma_entropy": 2.3626363277435303,
    "embed_centroid_mean": 2685.458914345552,
    "embed_centroid_std": 1065.0481131251472,
    "embed_rolloff_mean": 6141.381613905585,
    "embed_rolloff_std": 2119.855032425234,
    "embed_flatness_mean": 0.014999289065599442,
    "embed_flatness_std": 0.0261693112552166,
    "embed_zcr_mean": 0.07167615388569079,
    "embed_zcr_std": 0.06645102097137583,
    "embed_rms_mean": 0.3348797559738159,
    "embed_rms_std": 0.08504162728786469,
    "embed_onset_mean": 1.7175313234329224,
    "embed_onset_std": 1.608879566192627,
    "fingerprint_version": 2.0,
    "fingerprint_duration_seconds": 150.00095238095238,
    "embed_mfcc_delta_mean": 8.334408448718023e-06,
    "embed_mfcc_delta_std": 3.4274773597717285,
    "embed_chroma_delta_mean": -1.230777252203552e-05,
    "embed_chroma_delta_std": 0.018701158463954926,
    "embed_onset_peak": 14.776407241821289,
    "embed_onset_p95": 4.799600124359131,
    "embed_rms_p10": 0.22454795241355896,
    "embed_rms_p50": 0.3516801595687866,
    "embed_rms_p90": 0.4227674603462219,
    "embedding_nonzero_count": 100.0
  },
  "rhythm": {
    "onset_count": 804,
    "onset_density": 5.359967244644617,
    "drum_activity": "High",
    "estimated_bars": 88,
    "seconds_per_bar": 1.7142857142857142
  },
  "sections": [
    {
      "name": "Intro",
      "start": 0.0,
      "end": 16.0,
      "avg_energy": 0.24224290251731873,
      "energy_label": "Low"
    },
    {
      "name": "Chorus / Hook",
      "start": 16.0,
      "end": 32.0,
      "avg_energy": 0.4244643449783325,
      "energy_label": "Medium"
    },
    {
      "name": "Verse",
      "start": 32.0,
      "end": 48.0,
      "avg_energy": 0.41289809346199036,
      "energy_label": "Medium"
    },
    {
      "name": "Chorus / Hook",
      "start": 48.0,
      "end": 64.0,
      "avg_energy": 0.4031607210636139,
      "energy_label": "Medium"
    },
    {
      "name": "Verse",
      "start": 64.0,
      "end": 80.0,
      "avg_energy": 0.414003849029541,