{
  "basic": {
    "file_name": "Nine Vicious - Outro.wav",
    "file_path": "/Volumes/POLLY/tracks/Nine Vicious/Nine Vicious - Outro.wav",
    "sample_rate": 48000,
    "duration_seconds": 123.31697916666667,
    "bpm": 140.0,
    "key": "D# Minor",
    "key_note": "D#",
    "key_mode": "Minor",
    "key_confidence": 42.89827172677321
  },
  "loudness": {
    "peak_db": -9.215453608893106e-05,
    "rms_db": -8.65823347133075,
    "dynamic_range_db": 8.65814131679466,
    "clipping_detected": true,
    "clipping_samples": 3612,
    "clipping_percent": 0.0610216050608062,
    "headroom_db": 9.215453608893106e-05
  },
  "frequency": {
    "band_percentages": {
      "Sub": 16.587698220512433,
      "Bass / 808": 15.094702953907987,
      "Mud": 14.254158468614186,
      "Low Mids": 13.837062563252308,
      "Mids / Melody": 14.035515685712724,
      "Harsh Zone": 13.391622907179668,
      "Highs": 13.565429697434947,
      "Air": 12.625432408778364,
      "Vocal Range": 14.855499831365215
    },
    "brightness_centroid_hz": 3427.2271425717104,
    "brightness_label": "Medium",
    "spectral_rolloff_hz": 7498.722807283107,
    "dominant_band": "Sub",
    "low_end_total_percent": 31.68240117442042,
    "mid_total_percent": 42.12673671757922,
    "top_total_percent": 26.19086210621331
  },
  "fingerprint": {
    "mfcc_1": -160.88487243652344,
    "mfcc_2": -33.48259735107422,
    "mfcc_3": 11.760968208312988,
    "mfcc_4": 0.4491885304450989,
    "mfcc_5": -4.52863073348999,
    "mfcc_6": 4.043575763702393,
    "mfcc_7": -7.158999919891357,
    "mfcc_8": 7.58154296875,
    "mfcc_9": -8.17142105102539,
    "mfcc_10": -2.7126643657684326,
    "mfcc_11": -6.069443225860596,
    "mfcc_12": 3.114616870880127,
    "mfcc_13": 2.7511837482452393,
    "chroma_1": 0.3431636393070221,
    "chroma_2": 0.40667346119880676,
    "chroma_3": 0.3025694191455841,
    "chroma_4": 0.5410009026527405,
    "chroma_5": 0.3631581962108612,
    "chroma_6": 0.42888620495796204,
    "chroma_7": 0.41124534606933594,
    "chroma_8": 0.3253471255302429,
    "chroma_9": 0.3412579596042633,
    "chroma_10": 0.25352638959884644,
    "chroma_11": 0.44048166275024414,
    "chroma_12": 0.3334729075431824,
    "spectral_contrast": 23.669815831956228,
    "spectral_flatness": 0.021215997636318207,
    "zero_crossing_rate": 0.08919730644107972,
    "embed_mfcc_1_mean": -160.88487243652344,
    "embed_mfcc_1_std": 49.83880615234375,
    "embed_mfcc_2_mean": -33.48259735107422,
    "embed_mfcc_2_std": 27.78153419494629,
    "embed_mfcc_3_mean": 11.760968208312988,
    "embed_mfcc_3_std": 32.1129035949707,
    "embed_mfcc_4_mean": 0.4491885304450989,
    "embed_mfcc_4_std": 22.37017822265625,
    "embed_mfcc_5_mean": -4.52863073348999,
    "embed_mfcc_5_std": 13.141656875610352,
    "embed_mfcc_6_mean": 4.043575763702393,
    "embed_mfcc_6_std": 19.88450050354004,
    "embed_mfcc_7_mean": -7.158999919891357,
    "embed_mfcc_7_std": 15.942848205566406,
    "embed_mfcc_8_mean": 7.58154296875,
    "embed_mfcc_8_std": 13.210310935974121,
    "embed_mfcc_9_mean": -8.17142105102539,
    "embed_mfcc_9_std": 12.658607482910156,
    "embed_mfcc_10_mean": -2.7126643657684326,
    "embed_mfcc_10_std": 13.814656257629395,
    "embed_mfcc_11_mean": -6.069443225860596,
    "embed_mfcc_11_std": 9.463001251220703,
    "embed_mfcc_12_mean": 3.114616870880127,
    "embed_mfcc_12_std": 11.83576774597168,
    "embed_mfcc_13_mean": 2.7511837482452393,
    "embed_mfcc_13_std": 11.406539916992188,
    "embed_mfcc_14_mean": 5.243727684020996,
    "embed_mfcc_14_std": 10.259214401245117,
    "embed_mfcc_15_mean": -4.723015308380127,
    "embed_mfcc_15_std": 8.245157241821289,
    "embed_mfcc_16_mean": 2.765241861343384,
    "embed_mfcc_16_std": 6.929928779602051,
    "embed_mfcc_17_mean": -2.3479223251342773,
    "embed_mfcc_17_std": 7.020628452301025,
    "embed_mfcc_18_mean": -1.3266406059265137,
    "embed_mfcc_18_std": 6.854318618774414,
    "embed_mfcc_19_mean": -2.543085813522339,
    "embed_mfcc_19_std": 7.171901226043701,
    "embed_mfcc_20_mean": 2.7192113399505615,
    "embed_mfcc_20_std": 7.567768096923828,
    "embed_chroma_1_mean": 0.3431636393070221,
    "embed_chroma_1_std": 0.28102609515190125,
    "embed_chroma_2_mean": 0.40667346119880676,
    "embed_chroma_2_std": 0.29736921191215515,
    "embed_chroma_3_mean": 0.3025694191455841,
    "embed_chroma_3_std": 0.20402617752552032,
    "embed_chroma_4_mean": 0.5410009026527405,
    "embed_chroma_4_std": 0.3522258996963501,
    "embed_chroma_5_mean": 0.3631581962108612,
    "embed_chroma_5_std": 0.2438981682062149,
    "embed_chroma_6_mean": 0.42888620495796204,
    "embed_chroma_6_std": 0.27157312631607056,
    "embed_chroma_7_mean": 0.41124534606933594,
    "embed_chroma_7_std": 0.27882829308509827,
    "embed_chroma_8_mean": 0.3253471255302429,
    "embed_chroma_8_std": 0.24728591740131378,
    "embed_chroma_9_mean": 0.3412579596042633,
    "embed_chroma_9_std": 0.28785258531570435,
    "embed_chroma_10_mean": 0.25352638959884644,
    "embed_chroma_10_std": 0.19162337481975555,
    "embed_chroma_11_mean": 0.44048166275024414,
    "embed_chroma_11_std": 0.3053412139415741,
    "embed_chroma_12_mean": 0.3334729075431824,
    "embed_chroma_12_std": 0.27204978466033936,
    "embed_contrast_1_mean": 22.246112823486328,
    "embed_contrast_1_std": 5.135813236236572,
    "embed_contrast_2_mean": 15.40636157989502,
    "embed_contrast_2_std": 3.9473724365234375,
    "embed_contrast_3_mean": 18.665302276611328,
    "embed_contrast_3_std": 4.398309230804443,
    "embed_contrast_4_mean": 19.366697311401367,
    "embed_contrast_4_std": 3.7207460403442383,
    "embed_contrast_5_mean": 19.890111923217773,
    "embed_contrast_5_std": 3.563927412033081,
    "embed_contrast_6_mean": 20.13764762878418,
    "embed_contrast_6_std": 2.9791409969329834,
    "embed_contrast_7_mean": 49.97648239135742,
    "embed_contrast_7_std": 3.6088740825653076,
    "embed_chroma_entropy": 2.4664082527160645,
    "embed_centroid_mean": 2673.271096431812,
    "embed_centroid_std": 1125.0852394536594,
    "embed_rolloff_mean": 6174.843911563649,
    "embed_rolloff_std": 2025.559383073418,
    "embed_flatness_mean": 0.021215997636318207,
    "embed_flatness_std": 0.03804416209459305,
    "embed_zcr_mean": 0.08919730644107972,
    "embed_zcr_std": 0.10011462550798801,
    "embed_rms_mean": 0.2982577383518219,
    "embed_rms_std": 0.1496811956167221,
    "embed_onset_mean": 1.6357980966567993,
    "embed_onset_std": 1.6594043970108032,
    "fingerprint_version": 2.0,
    "fingerprint_duration_seconds": 123.31700680272108,
    "embed_mfcc_delta_mean": 0.0029091208707541227,
    "embed_mfcc_delta_std": 3.0404763221740723,
    "embed_chroma_delta_mean": -7.127142453100532e-05,
    "embed_chroma_delta_std": 0.031713880598545074,
    "embed_onset_peak": 12.914365768432617,
    "embed_onset_p95": 5.152604103088379,
    "embed_rms_p10": 0.08460922539234161,
    "embed_rms_p50": 0.3191285729408264,
    "embed_rms_p90": 0.47506293654441833,
    "embedding_nonzero_count": 100.0
  },
  "rhythm": {
    "onset_count": 596,
    "onset_density": 4.833073304483787,
    "drum_activity": "High",
    "estimated_bars": 72,
    "seconds_per_bar": 1.7142857142857142
  },
  "sections": [
    {
      "name": "Intro",
      "start": 0.0,
      "end": 16.0,
      "avg_energy": 0.14339452981948853,
      "energy_label": "Low"
    },
    {
      "name": "Chorus / Hook",
      "start": 16.0,
      "end": 32.0,
      "avg_energy": 0.44557854533195496,
      "energy_label": "High"
    },
    {
      "name": "Verse",
      "start": 32.0,
      "end": 48.0,
      "avg_energy": 0.2929323613643646,
      "energy_label": "Medium"
    },
    {
      "name": "Chorus / Hook",
      "start": 48.0,
      "end": 64.0,
      "avg_energy": 0.37646400928497314,
      "energy_label": "Medium"
    },
    {
      "name": "Verse",
      "start": 64.0,
      "end": 80.0,
      "avg_energy": 0.39492082595825195,