{
  "basic": {
    "file_name": "Nine Vicious - Beastmode.wav",
    "file_path": "/Volumes/POLLY/tracks/Nine Vicious/Nine Vicious - Beastmode.wav",
    "sample_rate": 48000,
    "duration_seconds": 186.18920833333334,
    "bpm": 140.0,
    "key": "D# Minor",
    "key_note": "D#",
    "key_mode": "Minor",
    "key_confidence": 43.09164288562704
  },
  "loudness": {
    "peak_db": 0.0006336653899245401,
    "rms_db": -6.383896383967544,
    "dynamic_range_db": 6.384530049357468,
    "clipping_detected": true,
    "clipping_samples": 5770,
    "clipping_percent": 0.06456246009603582,
    "headroom_db": -0.0006336653899245401
  },
  "frequency": {
    "band_percentages": {
      "Sub": 16.499049535594672,
      "Bass / 808": 15.261968136923217,
      "Mud": 13.805893047389675,
      "Low Mids": 14.497256703894726,
      "Mids / Melody": 14.348100602434116,
      "Harsh Zone": 13.477008693162599,
      "Highs": 13.220628336125287,
      "Air": 12.367103635931922,
      "Vocal Range": 15.02884582084422
    },
    "brightness_centroid_hz": 2332.811103377254,
    "brightness_label": "Medium",
    "spectral_rolloff_hz": 5387.634892730293,
    "dominant_band": "Sub",
    "low_end_total_percent": 31.761017672517887,
    "mid_total_percent": 42.65125035371852,
    "top_total_percent": 25.58773197205721
  },
  "fingerprint": {
    "mfcc_1": -118.0080337524414,
    "mfcc_2": -1.3973040580749512,
    "mfcc_3": 6.1197733879089355,
    "mfcc_4": -1.1908565759658813,
    "mfcc_5": 3.254483699798584,
    "mfcc_6": 4.214069366455078,
    "mfcc_7": 0.12197686731815338,
    "mfcc_8": 22.923791885375977,
    "mfcc_9": -2.0192720890045166,
    "mfcc_10": 10.171052932739258,
    "mfcc_11": 5.171195030212402,
    "mfcc_12": 8.677152633666992,
    "mfcc_13": 0.2877821922302246,
    "chroma_1": 0.20184293389320374,
    "chroma_2": 0.17216278612613678,
    "chroma_3": 0.1687203049659729,
    "chroma_4": 0.41884687542915344,
    "chroma_5": 0.2608426809310913,
    "chroma_6": 0.5483121871948242,
    "chroma_7": 0.37790796160697937,
    "chroma_8": 0.24438783526420593,
    "chroma_9": 0.22139570116996765,
    "chroma_10": 0.17995405197143555,
    "chroma_11": 0.39476796984672546,
    "chroma_12": 0.1869644820690155,
    "spectral_contrast": 23.336470414875873,
    "spectral_flatness": 0.006624164059758186,
    "zero_crossing_rate": 0.04125551395002902,
    "embed_mfcc_1_mean": -118.0080337524414,
    "embed_mfcc_1_std": 58.67220687866211,
    "embed_mfcc_2_mean": -1.3973040580749512,
    "embed_mfcc_2_std": 35.50992965698242,
    "embed_mfcc_3_mean": 6.1197733879089355,
    "embed_mfcc_3_std": 24.96306800842285,
    "embed_mfcc_4_mean": -1.1908565759658813,
    "embed_mfcc_4_std": 19.395923614501953,
    "embed_mfcc_5_mean": 3.254483699798584,
    "embed_mfcc_5_std": 11.132312774658203,
    "embed_mfcc_6_mean": 4.214069366455078,
    "embed_mfcc_6_std": 11.023394584655762,
    "embed_mfcc_7_mean": 0.12197686731815338,
    "embed_mfcc_7_std": 11.201555252075195,
    "embed_mfcc_8_mean": 22.923791885375977,
    "embed_mfcc_8_std": 11.069018363952637,
    "embed_mfcc_9_mean": -2.0192720890045166,
    "embed_mfcc_9_std": 10.088334083557129,
    "embed_mfcc_10_mean": 10.171052932739258,
    "embed_mfcc_10_std": 9.22398567199707,
    "embed_mfcc_11_mean": 5.171195030212402,
    "embed_mfcc_11_std": 8.96028995513916,
    "embed_mfcc_12_mean": 8.677152633666992,
    "embed_mfcc_12_std": 8.043739318847656,
    "embed_mfcc_13_mean": 0.2877821922302246,
    "embed_mfcc_13_std": 8.06863021850586,
    "embed_mfcc_14_mean": 0.9451353549957275,
    "embed_mfcc_14_std": 7.822234153747559,
    "embed_mfcc_15_mean": -0.49449995160102844,
    "embed_mfcc_15_std": 7.766489028930664,
    "embed_mfcc_16_mean": 0.7602920532226562,
    "embed_mfcc_16_std": 6.754182815551758,
    "embed_mfcc_17_mean": -1.7429131269454956,
    "embed_mfcc_17_std": 6.792715549468994,
    "embed_mfcc_18_mean": 1.2676949501037598,
    "embed_mfcc_18_std": 6.477524757385254,
    "embed_mfcc_19_mean": -2.9872028827667236,
    "embed_mfcc_19_std": 7.369996070861816,
    "embed_mfcc_20_mean": 6.072182655334473,
    "embed_mfcc_20_std": 7.830038070678711,
    "embed_chroma_1_mean": 0.20184293389320374,
    "embed_chroma_1_std": 0.12557467818260193,
    "embed_chroma_2_mean": 0.17216278612613678,
    "embed_chroma_2_std": 0.10992035269737244,
    "embed_chroma_3_mean": 0.1687203049659729,
    "embed_chroma_3_std": 0.110164575278759,
    "embed_chroma_4_mean": 0.41884687542915344,
    "embed_chroma_4_std": 0.38129398226737976,
    "embed_chroma_5_mean": 0.2608426809310913,
    "embed_chroma_5_std": 0.22748573124408722,
    "embed_chroma_6_mean": 0.5483121871948242,
    "embed_chroma_6_std": 0.3599052131175995,
    "embed_chroma_7_mean": 0.37790796160697937,
    "embed_chroma_7_std": 0.3169301748275757,
    "embed_chroma_8_mean": 0.24438783526420593,
    "embed_chroma_8_std": 0.19248300790786743,
    "embed_chroma_9_mean": 0.22139570116996765,
    "embed_chroma_9_std": 0.2363048940896988,
    "embed_chroma_10_mean": 0.17995405197143555,
    "embed_chroma_10_std": 0.13699819147586823,
    "embed_chroma_11_mean": 0.39476796984672546,
    "embed_chroma_11_std": 0.33563777804374695,
    "embed_chroma_12_mean": 0.1869644820690155,
    "embed_chroma_12_std": 0.2065221220254898,
    "embed_contrast_1_mean": 23.978010177612305,
    "embed_contrast_1_std": 4.279205799102783,
    "embed_contrast_2_mean": 16.98954200744629,
    "embed_contrast_2_std": 3.3513238430023193,
    "embed_contrast_3_mean": 18.92045021057129,
    "embed_contrast_3_std": 3.7347710132598877,
    "embed_contrast_4_mean": 19.033430099487305,
    "embed_contrast_4_std": 3.591137170791626,
    "embed_contrast_5_mean": 18.079002380371094,
    "embed_contrast_5_std": 3.138061761856079,
    "embed_contrast_6_mean": 17.49893569946289,
    "embed_contrast_6_std": 2.6555562019348145,
    "embed_contrast_7_mean": 48.85592269897461,
    "embed_contrast_7_std": 3.566080093383789,
    "embed_chroma_entropy": 2.4031834602355957,
    "embed_centroid_mean": 2107.4714606577304,
    "embed_centroid_std": 806.9672396356833,
    "embed_rolloff_mean": 5239.4058180298225,
    "embed_rolloff_std": 2214.6782810931018,
    "embed_flatness_mean": 0.006624164059758186,
    "embed_flatness_std": 0.0092066815122962,
    "embed_zcr_mean": 0.04125551395002902,
    "embed_zcr_std": 0.02265725825186485,
    "embed_rms_mean": 0.4149734079837799,
    "embed_rms_std": 0.0317247174680233,
    "embed_onset_mean": 1.5816869735717773,
    "embed_onset_std": 1.3772014379501343,
    "fingerprint_version": 2.0,
    "fingerprint_duration_seconds": 186.18925170068027,
    "embed_mfcc_delta_mean": 0.0004580291861202568,
    "embed_mfcc_delta_std": 2.9462742805480957,
    "embed_chroma_delta_mean": 4.668812471209094e-05,
    "embed_chroma_delta_std": 0.0218237042427063,
    "embed_onset_peak": 11.41729736328125,
    "embed_onset_p95": 4.373437881469727,
    "embed_rms_p10": 0.37061405181884766,
    "embed_rms_p50": 0.4164348244667053,
    "embed_rms_p90": 0.4558665454387665,
    "embedding_nonzero_count": 100.0
  },
  "rhythm": {
    "onset_count": 1102,
    "onset_density": 5.918710379965183,
    "drum_activity": "High",
    "estimated_bars": 109,
    "seconds_per_bar": 1.7142857142857142
  },
  "sections": [
    {
      "name": "Intro",
      "start": 0.0,
      "end": 16.0,
      "avg_energy": 0.3642325699329376,
      "energy_label": "Low"
    },
    {
      "name": "Chorus / Hook",
      "start": 16.0,
      "end": 32.0,
      "avg_energy": 0.4952375888824463,
      "energy_label": "Medium"
    },
    {
      "name": "Verse",
      "start": 32.0,
      "end": 48.0,
      "avg_energy": 0.4902268052101135,
      "energy_label": "Medium"
    },
    {
      "name": "Chorus / Hook",
      "start": 48.0,
      "end": 64.0,
      "avg_energy": 0.4892948269844055,
      "energy_label": "Medium"
    },
    {
      "name": "Verse",
      "start": 64.0,
      "end": 80.0,
      "avg_energy": 0.4935082793235779,