{
  "basic": {
    "file_name": "Nine Vicious - los angeles.wav",
    "file_path": "/Volumes/POLLY/tracks/Nine Vicious/Nine Vicious - los angeles.wav",
    "sample_rate": 48000,
    "duration_seconds": 197.34639583333333,
    "bpm": 140.0,
    "key": "G Minor",
    "key_note": "G",
    "key_mode": "Minor",
    "key_confidence": 42.75293327270887
  },
  "loudness": {
    "peak_db": -0.00012373580991994953,
    "rms_db": -9.241960084194693,
    "dynamic_range_db": 9.241836348384773,
    "clipping_detected": true,
    "clipping_samples": 748,
    "clipping_percent": 0.007896436754028211,
    "headroom_db": 0.00012373580991994953
  },
  "frequency": {
    "band_percentages": {
      "Sub": 16.424486267751128,
      "Bass / 808": 14.54086316459163,
      "Mud": 14.510332600619522,
      "Low Mids": 14.606275576229386,
      "Mids / Melody": 14.212244698501774,
      "Harsh Zone": 13.116074104496109,
      "Highs": 13.305112744790895,
      "Air": 12.400684945770205,
      "Vocal Range": 15.23274723479629
    },
    "brightness_centroid_hz": 2563.6164788113438,
    "brightness_label": "Medium",
    "spectral_rolloff_hz": 5973.518487866177,
    "dominant_band": "Sub",
    "low_end_total_percent": 30.96534943234276,
    "mid_total_percent": 43.32885287535068,
    "top_total_percent": 25.7057976905611
  },
  "fingerprint": {
    "mfcc_1": -141.47471618652344,
    "mfcc_2": -5.314080715179443,
    "mfcc_3": 9.16484546661377,
    "mfcc_4": -9.638915061950684,
    "mfcc_5": 6.210379600524902,
    "mfcc_6": -1.2918298244476318,
    "mfcc_7": 0.17912174761295319,
    "mfcc_8": 5.792967796325684,
    "mfcc_9": -10.625802993774414,
    "mfcc_10": 5.704367637634277,
    "mfcc_11": -1.5729711055755615,
    "mfcc_12": 7.992292404174805,
    "mfcc_13": 1.686840534210205,
    "chroma_1": 0.3371654450893402,
    "chroma_2": 0.48400452733039856,
    "chroma_3": 0.41492941975593567,
    "chroma_4": 0.3169962763786316,
    "chroma_5": 0.4913395345211029,
    "chroma_6": 0.3532925844192505,
    "chroma_7": 0.46459025144577026,
    "chroma_8": 0.7596845626831055,
    "chroma_9": 0.36982470750808716,
    "chroma_10": 0.4379449188709259,
    "chroma_11": 0.2360389679670334,
    "chroma_12": 0.25487613677978516,
    "spectral_contrast": 22.173039476655028,
    "spectral_flatness": 0.009636255912482738,
    "zero_crossing_rate": 0.04938169308122098,
    "embed_mfcc_1_mean": -141.47471618652344,
    "embed_mfcc_1_std": 48.98661422729492,
    "embed_mfcc_2_mean": -5.314080715179443,
    "embed_mfcc_2_std": 31.174592971801758,
    "embed_mfcc_3_mean": 9.16484546661377,
    "embed_mfcc_3_std": 24.566287994384766,
    "embed_mfcc_4_mean": -9.638915061950684,
    "embed_mfcc_4_std": 18.048534393310547,
    "embed_mfcc_5_mean": 6.210379600524902,
    "embed_mfcc_5_std": 13.474359512329102,
    "embed_mfcc_6_mean": -1.2918298244476318,
    "embed_mfcc_6_std": 12.496740341186523,
    "embed_mfcc_7_mean": 0.17912174761295319,
    "embed_mfcc_7_std": 11.42156982421875,
    "embed_mfcc_8_mean": 5.792967796325684,
    "embed_mfcc_8_std": 11.232722282409668,
    "embed_mfcc_9_mean": -10.625802993774414,
    "embed_mfcc_9_std": 8.972339630126953,
    "embed_mfcc_10_mean": 5.704367637634277,
    "embed_mfcc_10_std": 8.44876480102539,
    "embed_mfcc_11_mean": -1.5729711055755615,
    "embed_mfcc_11_std": 8.18986701965332,
    "embed_mfcc_12_mean": 7.992292404174805,
    "embed_mfcc_12_std": 7.580892086029053,
    "embed_mfcc_13_mean": 1.686840534210205,
    "embed_mfcc_13_std": 6.979408264160156,
    "embed_mfcc_14_mean": 3.4790401458740234,
    "embed_mfcc_14_std": 7.155526161193848,
    "embed_mfcc_15_mean": 2.3965487480163574,
    "embed_mfcc_15_std": 6.9407243728637695,
    "embed_mfcc_16_mean": 7.177760601043701,
    "embed_mfcc_16_std": 7.186952114105225,
    "embed_mfcc_17_mean": -0.817528486251831,
    "embed_mfcc_17_std": 6.781362056732178,
    "embed_mfcc_18_mean": 6.224828720092773,
    "embed_mfcc_18_std": 6.3403520584106445,
    "embed_mfcc_19_mean": 0.5771356821060181,
    "embed_mfcc_19_std": 6.406888961791992,
    "embed_mfcc_20_mean": 2.9508237838745117,
    "embed_mfcc_20_std": 6.843162536621094,
    "embed_chroma_1_mean": 0.3371654450893402,
    "embed_chroma_1_std": 0.25222355127334595,
    "embed_chroma_2_mean": 0.48400452733039856,
    "embed_chroma_2_std": 0.3380749821662903,
    "embed_chroma_3_mean": 0.41492941975593567,
    "embed_chroma_3_std": 0.2521475553512573,
    "embed_chroma_4_mean": 0.3169962763786316,
    "embed_chroma_4_std": 0.23311971127986908,
    "embed_chroma_5_mean": 0.4913395345211029,
    "embed_chroma_5_std": 0.34882497787475586,
    "embed_chroma_6_mean": 0.3532925844192505,
    "embed_chroma_6_std": 0.24906575679779053,
    "embed_chroma_7_mean": 0.46459025144577026,
    "embed_chroma_7_std": 0.22996889054775238,
    "embed_chroma_8_mean": 0.7596845626831055,
    "embed_chroma_8_std": 0.3042021095752716,
    "embed_chroma_9_mean": 0.36982470750808716,
    "embed_chroma_9_std": 0.1994580179452896,
    "embed_chroma_10_mean": 0.4379449188709259,
    "embed_chroma_10_std": 0.2703186571598053,
    "embed_chroma_11_mean": 0.2360389679670334,
    "embed_chroma_11_std": 0.13368859887123108,
    "embed_chroma_12_mean": 0.25487613677978516,
    "embed_chroma_12_std": 0.14280112087726593,
    "embed_contrast_1_mean": 21.201915740966797,
    "embed_contrast_1_std": 4.304625988006592,
    "embed_contrast_2_mean": 13.88768482208252,
    "embed_contrast_2_std": 3.636427640914917,
    "embed_contrast_3_mean": 18.55418586730957,
    "embed_contrast_3_std": 4.118340969085693,
    "embed_contrast_4_mean": 17.68239402770996,
    "embed_contrast_4_std": 3.631889820098877,
    "embed_contrast_5_mean": 17.752626419067383,
    "embed_contrast_5_std": 3.076838731765747,
    "embed_contrast_6_mean": 17.935670852661133,
    "embed_contrast_6_std": 2.7307422161102295,
    "embed_contrast_7_mean": 48.196800231933594,
    "embed_contrast_7_std": 3.3024468421936035,
    "embed_chroma_entropy": 2.436281681060791,
    "embed_centroid_mean": 2324.7784841951325,
    "embed_centroid_std": 956.9006446751636,
    "embed_rolloff_mean": 5529.022816755454,
    "embed_rolloff_std": 2333.0084696234635,
    "embed_flatness_mean": 0.009636255912482738,
    "embed_flatness_std": 0.018180707469582558,
    "embed_zcr_mean": 0.04938169308122098,
    "embed_zcr_std": 0.03857040856362488,
    "embed_rms_mean": 0.3119867146015167,
    "embed_rms_std": 0.07667236030101776,
    "embed_onset_mean": 1.529903531074524,
    "embed_onset_std": 1.3313812017440796,
    "fingerprint_version": 2.0,
    "fingerprint_duration_seconds": 197.34643990929706,
    "embed_mfcc_delta_mean": -0.00030671569402329624,
    "embed_mfcc_delta_std": 3.070502281188965,
    "embed_chroma_delta_mean": 5.788485850644065e-06,
    "embed_chroma_delta_std": 0.023478643968701363,
    "embed_onset_peak": 13.527156829833984,
    "embed_onset_p95": 4.093005657196045,
    "embed_rms_p10": 0.18219120800495148,
    "embed_rms_p50": 0.33780962228775024,
    "embed_rms_p90": 0.37925875186920166,
    "embedding_nonzero_count": 100.0
  },
  "rhythm": {
    "onset_count": 973,
    "onset_density": 4.930416873798578,
    "drum_activity": "High",
    "estimated_bars": 115,
    "seconds_per_bar": 1.7142857142857142
  },
  "sections": [
    {
      "name": "Intro",
      "start": 0.0,
      "end": 16.0,
      "avg_energy": 0.2696191370487213,
      "energy_label": "Low"
    },
    {
      "name": "Chorus / Hook",
      "start": 16.0,
      "end": 32.0,
      "avg_energy": 0.3305484652519226,
      "energy_label": "Medium"
    },
    {
      "name": "Verse",
      "start": 32.0,
      "end": 48.0,
      "avg_energy": 0.41765251755714417,
      "energy_label": "High"
    },
    {
      "name": "Chorus / Hook",
      "start": 48.0,
      "end": 64.0,
      "avg_energy": 0.4211080074310303,
      "energy_label": "High"
    },
    {
      "name": "Verse",
      "start": 64.0,
      "end": 80.0,
      "avg_energy": 0.3022257685661316,